"rank_mu","rank_nu","mu_mean","nu_mean","mu_sim","nu_sim","ess_mean","rhat_max","time_sec","ess_per_sec"
0,0,3.7928712,0.000252881375,0.108351919094008,4.98358149516736e-05,1.41532401141144,2.02673344792789,5098.03975963593,0.000277621218770666
0,0,4.01956808768727,0.00151131481,4.6365081318454e-26,0.000127561173636647,17.196041798556,1.00316771920167,1130.10052371025,0.0152163824702066
68,74,6.51454572522028,0.000372789505,0.0901984080854227,0.000265141339181559,4.19630223143781,1.25692478584842,3716.13444042206,0.0011292116307184
99,110,2.85933638204655,0.000345230497,0.0729535060487745,0.000331969388899119,25.4066875317587,1.0013315110844,3488.26201820374,0.0072834802543995
181,196,4.03484718507125,0.000914961305,11.5917407967076,0.00153891220701461,23.6781285009506,1.08949208469869,1731.36451387405,0.013675992727822
0,0,0.284362999485373,0.0102381416,2.15841993888108e-12,0.00185660755180735,18.0945990333682,1.00548302616782,144.7621986866,0.124995331637245
87,77,25.804057972,0.003252394545,16.2524838346078,0.00247524603935623,24.717452464017,1.00978108064117,954.132556676865,0.0259056797622597
0,2,4.538671905,0.0128144871,0.00511690607402401,0.00367188849778426,34.189086397106,1.14281399161496,222.525468826294,0.153641228473467
90,105,7.91414459273824,0.004688861625,3.29438998383831,0.00437678673722639,3.85139028643424,1.21893903111486,507.05888915062,0.0075955483058107
36,22,0.0970878405792553,0.0107531069,2.28324135149834e-07,0.00449835271985968,14.9077563153357,1.07196536288093,101.930554628372,0.146254048844213
84,98,1.82568398460129,0.005432163535,0.360397045960029,0.00530064306899288,12.1582788909865,1.10824657081042,338.567451953888,0.0359109501543061
59,48,0.338468599590411,0.00915705405,0.0147373773929231,0.00575032076267225,10.8351696637971,1.11154455720809,177.601167440414,0.0610084371626234
59,72,0.99869036556919,0.00925658565,0.0232338271321458,0.00600435486130754,31.969876054609,1.10066406174386,202.931692123413,0.15754008513942
81,85,2.3786606565575,0.00808466235,0.768295157709696,0.00664860607460042,49.3921456767672,1.00883119992497,278.843895435333,0.177131888075426
0,0,2.80912592545,0.0494862585,9.16229587551902e-05,0.00666535615319052,50.4144565263871,1.01460985405217,63.9169106483459,0.788749894433324
42,42,1.12764574246691,0.01372959225,0.0191364353369082,0.00687578094066613,15.3575490103372,1.19766086510936,162.732381105423,0.094373036921202
14,15,0.0412904148535059,0.0248641849,2.07113164948574e-11,0.00703726569371183,25.26872327621,1.03571103213566,65.6566228866577,0.384861757508167
153,156,2.65694755423977,0.006209823995,4.25180362945037,0.00873018712079185,3.53962297773724,1.27069376093236,319.161777973175,0.0110903724130611
11,13,0.481099146520951,0.03390683945,3.67787057477779e-06,0.00873046780004703,16.7966502772654,1.0595856769777,75.6313288211823,0.22208588079919
181,180,13.962548695,0.00604620975,31.7186045283911,0.0103294880289322,26.5554322182102,1.03371944685508,508.312700510025,0.0522423149993406
175,184,0.103539457164771,0.0064655858,0.283031254090904,0.010390860706615,9.06149955431556,1.14265291832075,181.46656537056,0.0499348160131412
87,108,9.99954036044297,0.00970872224,7.97391671512665,0.0107138695819473,16.5397917293535,1.08162739493609,265.251524686813,0.0623551240615196
28,24,0.169792086349179,0.0410393489,3.12005448736191e-07,0.0114337087763402,6.76497842807085,1.11882758855578,57.826486825943,0.116987539783168
109,94,1.34478588847424,0.01416901335,0.828790041482121,0.0130531394393401,35.6860441796369,1.01723658155618,174.694410562515,0.204276966073087
36,48,0.1396974343541,0.02130448795,0.00205401904368304,0.0145806246643543,5.03283334185297,1.19230353351755,85.3190462589264,0.0589883919538823
10,16,0.168639786846114,0.05058841125,7.22131836024978e-07,0.0145978925850226,30.3691967859604,1.04965856417498,53.226277589798,0.570567737612771
118,112,0.483950322702036,0.0150275873,0.244413779701633,0.0147743527253495,19.6425438436537,1.09441188418513,132.155310153961,0.148632270778753
123,115,6.86197655868853,0.01447968594,7.97731235068075,0.0156294172278557,26.8459231391496,1.01227917311779,189.086520671844,0.141976926984341
59,73,0.0568629307948244,0.02034270585,0.000160472053409223,0.0156561258889741,20.6093888374177,1.04895503939885,75.9811959266663,0.271243280473091
74,56,1.9421389962588,0.0237203007,0.644674426566321,0.015971819431499,44.7271293685555,1.00042299735077,116.064035177231,0.385365968883098
179,172,23.3069142274414,0.010141735675,44.4686980617086,0.016246760752023,7.91213409069085,1.10516600802359,232.390729904175,0.0340466854850595
107,73,0.025279306395593,0.0266229247,0.000475428503157483,0.0170112441673749,34.8424567542235,1.09306004050743,58.2172701358795,0.598490047247165
37,49,0.122037271487183,0.0379825247,6.14078040931125e-06,0.0178300677117853,35.426902903575,1.01248420665191,58.6107225418091,0.604444056773123
0,0,0.1592458850288,0.22981047,2.79866882465782e-14,0.0182650031146458,11.5526882474834,1.18723165037371,34.1966619491577,0.337830875559127
14,17,6.82880293,0.0369898,1.83297035436323,0.018717318210162,32.8839182861202,0.996427770442622,88.0628042221069,0.373414389612012
32,30,3.3664654835295,0.0401257918,0.725169777053367,0.0199896765870537,14.3786501259061,1.10938322119905,84.4470331668854,0.170268268602058
84,92,3.87878417764,0.02324056535,2.46876518084869,0.0200496262700556,37.4956848748594,1.0182053485256,119.207669734955,0.314540876088149
141,122,0.255255877899611,0.02040088865,0.153046173135801,0.020978913154998,7.1195134746271,1.14834027006424,93.3479471206665,0.0762685596655279
102,102,0.143944323538916,0.0314678911,0.00165073577814338,0.0219459146428559,18.9609725963448,1.00522730217648,57.8414986133575,0.327809151749158
8,1,58.9801255,0.033972084,50.3252676404941,0.0221092849263631,97.4778534599762,1.00447931160514,108.874902248383,0.895319779370221
50,39,21.4248799,0.031785317,16.9741634636355,0.0225568874964138,50.8362636137606,1.08212698569596,118.536062002182,0.428867491926843
172,168,0.328406829861098,0.0133714192,0.924966428269153,0.0226182616846796,16.9235192603661,1.01664493594173,113.480810642242,0.149131110049248
115,112,0.526738651248804,0.02298019245,0.278558091005944,0.0226392911558876,2.04713914156151,1.4879286238816,97.6161782741547,0.0209713100610446
33,40,1.6469366568465,0.04555430445,0.109940898848019,0.0227822179596858,26.5859449574021,0.996338060396905,73.8183257579803,0.360153724490669
16,10,3.742209865,0.063158887,0.479704841341554,0.0228842088626453,30.8985664718633,1.039063608683,58.3676099777222,0.529378648254687
69,82,0.673662244646446,0.0272484917,0.174339034682512,0.0231338483870388,10.2739094952195,1.06419395643933,93.0830993652344,0.110373521780869
24,28,0.0456410384397303,0.0609376369,3.67728380331875e-07,0.0234463700406249,19.2461239944919,1.02652580234751,45.1478009223938,0.426291504819354
141,122,4.68125886517,0.02095758715,6.71317553883877,0.0238711696596251,23.2096823948177,1.01444304612614,161.937090396881,0.143325302053622
14,6,0.244722400614975,0.12786723,6.93971012295341e-06,0.0240120251119529,12.0787402455114,1.01009397693849,41.6663920879364,0.289891676246394
96,93,14.09141086,0.02656970815,14.1512640024953,0.0252897690864305,34.9344614422502,0.999084365850506,111.213360071182,0.314121085990841
169,171,0.706219347493488,0.01233426225,2.01478095923163,0.0254936594926968,2.30048290540404,1.4604803281972,141.090789794922,0.0163049828323156
0,0,0.0817381557069816,0.338857092,1.00748224149833e-17,0.028181884066898,22.8671979800607,1.00662131528927,31.468154668808,0.726677436943171
87,83,0.238352852078945,0.03282779405,0.0519050723557925,0.0284643685561563,21.9346099183816,1.03097578416167,70.0334138870239,0.313202065999038
15,14,0.00467785816090601,0.0965683735,1.25140092664275e-12,0.0292823054117339,16.9065748591577,1.05078148989292,33.8853073120117,0.498935267237922
35,30,7.774404895,0.0432561505,4.66839603770559,0.0299643366212422,37.3201448768815,1.01819109296147,70.7232978343964,0.527692373229954
183,171,0.590481553828439,0.0209199967,1.7308514222389,0.0321138910884769,41.9514653627002,1.03010297957811,108.556419372559,0.38644849936258
14,37,107.679558,0.0378475785,99.743906776907,0.0321248442349364,94.9484102095465,1.00700159597475,122.443323612213,0.775447835034722
200,200,0.769667195855797,0.0088515332,9.48174106447769,0.03299460388026,14.704096886661,1.06048091888247,178.121815443039,0.0825507917157019
164,145,0.183211630441997,0.02591288805,0.322928456285467,0.0330149727308395,23.4490151099977,1.00473023129701,78.5172894001007,0.29864779195966
144,149,0.0203739882758899,0.0240140843,0.0223140376461472,0.0330452933755464,33.961281085492,1.04549062508895,63.0131466388702,0.538955486227737
150,150,0.0250065253619575,0.0271295983,0.0364109239756076,0.0335532367670491,5.0392533843046,1.19579774939554,62.9805335998535,0.080012872172876
87,92,0.0523502535054779,0.0468381471,0.000450784025909053,0.0341464201196848,18.7398378161491,1.08903826067053,51.1929278373718,0.366063020964171
31,22,0.145887703106119,0.0961639985,0.000298715109062621,0.0344160045124811,3.05315799334247,1.31868383470664,42.552237033844,0.0717508221932994
20,10,0.0481563358211187,0.1346568045,5.56014958947274e-08,0.0345078205886709,17.5213527380152,1.03600728595001,35.6448736190796,0.491553229371995
35,37,0.00599611160008228,0.0709048295,4.37021690961687e-08,0.0345295784593965,11.7790997166163,1.07879048098977,36.7099668979645,0.320869254645649
160,162,0.222085378862772,0.0231565523,0.376847933285491,0.0348645913534007,24.47402084903,1.07937929911396,78.6351022720337,0.311235315296768
101,107,16.1614812,0.03371389285,17.8516181424874,0.0350597031590978,24.2922308466754,1.15815726979934,88.5566658973694,0.274312843652315
122,141,0.0299725208743649,0.02910474605,0.00311761173341129,0.035095052480772,21.1895461365086,1.07663973427008,57.6869111061096,0.367319825766585
76,96,0.0295782879394125,0.0386480156,0.000541788857696796,0.0351420914850601,20.2669095947698,1.10136495477166,53.8762423992157,0.376175261901057
4,3,0.0128332596452845,0.104966348,2.02779927672546e-08,0.0357953650822731,41.6026999593993,1.07582644007996,36.1102857589722,1.15210110042019
0,0,0.00531390251754886,0.270736001,4.67068731625958e-22,0.0359812593445486,2.57250476188925,1.49518862035755,24.6378297805786,0.104412798724549
178,179,0.0743466159699776,0.0201439803,0.237648714420465,0.0361004505266014,16.8293029377836,1.06693260175735,76.5721929073334,0.219783478816523
5,5,0.0455864692300869,0.1949630155,2.77964673089187e-11,0.0365686025539276,3.50971204925811,1.26354416485594,34.6844046115875,0.101189917732812
7,10,0.167763862769145,0.1574975335,1.65036661139596e-06,0.0378327693798108,5.16101444648675,1.1486108419768,37.7152440547943,0.136841602800942
67,70,0.0854755168469531,0.0549280385,0.00212638537372168,0.0379470099741944,14.0750769729289,1.366948762265,51.2819089889526,0.274464762533724
68,62,0.2446600915139,0.069999006,0.00936350966912972,0.0385903290133028,18.6131943757034,1.00982303898156,50.8139564990997,0.366300828710969
59,52,0.80030367228825,0.0621626871,0.231236347452778,0.0395167214595086,15.5829472204622,1.04060236042088,56.2366287708282,0.277096041513527
170,173,0.109573765834974,0.023832072,0.265468060742805,0.040149159366395,31.0350819799813,0.996544475762536,72.2548093795776,0.429522716155046
63,51,1.77771890725,0.062380425,0.74997672414807,0.0409453676787293,15.1712586206022,1.16295777128905,52.9742791652679,0.286389146953209
0,0,0.0270946386034505,0.252534132,4.21636441160661e-13,0.0426921514817012,42.6720633271405,0.995921270664407,28.4674127101898,1.49897933337181
141,85,21.39828255,0.0440956285,24.1996357878458,0.0427804435235994,23.7023411179311,1.05366339916422,75.6535539627075,0.313301092630953
183,171,16.13825275,0.0329677565,21.8176857613905,0.042806477523881,29.6006159472984,1.00375065966509,93.4865279197693,0.316629749825577
0,0,0.023644836915389,0.52689878,7.11575815393909e-26,0.0434968085524166,14.0910292226504,1.05149908530911,24.1092891693115,0.584464731568556
0,0,0.093412286258494,0.4066680715,1.85665108497029e-14,0.0436136718925082,14.3029964841337,1.05226239233727,30.1676955223083,0.474116310062761
0,0,0.0477247109945163,0.265278193,1.24986011407294e-11,0.0437750612801552,15.0174782483941,1.20272737587641,31.9042103290558,0.47070521707028
11,16,0.00365992162279861,0.110698806,3.2574106518747e-10,0.0443287477930326,26.7520812619481,1.01544554824777,32.1023850440979,0.833336252904564
47,52,0.0436548175262833,0.0834361605,3.12121572427514e-05,0.0445959330193074,10.4275644251481,1.17556214309124,38.6882407665253,0.269528006922726
1,0,0.0841740749054465,0.2192069175,3.92231842148169e-08,0.0449251044587143,17.1539227961579,1.07903732339814,33.5511033535004,0.511277456822245
16,10,0.0585561834381539,0.162563736,3.98898823802754e-06,0.045045196042891,15.3752330278277,1.0232078284585,34.8052952289581,0.441749823602571
122,192,75.4242345,0.034904429,76.4204808075564,0.0454179417296667,103.908734153813,1.01262904847354,115.445329427719,0.900068756951064
26,37,0.0400559849620905,0.0929758275,1.16154246637589e-05,0.0456491942551275,1.65140659387775,1.82903230068077,39.6340484619141,0.0416663615745601
4,5,0.119973986744609,0.27218002,1.48942200502159e-09,0.0457412037164108,2.40484175186458,1.37995127442971,32.491269826889,0.0740150127919711
46,45,0.367298234870178,0.1527568235,0.00132023784306696,0.0481599169803182,1.64614055023159,1.76940861847718,40.943202495575,0.0402054663508429
0,7,15.3696504,0.0874571905,7.18797755190989,0.048350439670613,71.0825863895684,1.00292128969064,44.3616147041321,1.60234443366525
200,199,0.889708505889379,0.0228826385,4.19819813986992,0.0501240129750429,22.6407449502568,1.06278790805706,106.580605983734,0.212428375137144
68,67,0.0148693584317251,0.105912848,9.15069921027628e-08,0.0509085209617262,26.6480202450727,1.00647394242153,33.1808488368988,0.803114482575827
44,34,10.6820259,0.070563959,8.92685387320726,0.0517335164137579,51.572544652283,0.999075833874143,49.3356997966766,1.04533927490286
153,135,0.608135669934345,0.0458832503,1.02341122400744,0.0517640317281882,24.0364511581595,1.02173101712832,71.3816199302673,0.336731656995746
8,7,0.0248454895373448,0.23789507,3.86873371416607e-11,0.051916693480022,15.8117428860436,1.10055236447739,30.4690299034119,0.518944742782016
46,76,3.63240141263,0.0629718204,2.30441747223767,0.0520920138637967,16.5639997795753,1.02039775411274,62.2495057582855,0.266090462531433
34,29,1.23996388435,0.0928016355,0.353171103320962,0.0524976884062154,45.203679442353,1.01622966408308,49.7452540397644,0.908703359042432
0,0,0.0316694663484915,0.562825065,4.48842253339597e-16,0.0528518716124539,8.29865496401631,1.16480085575775,25.9827415943146,0.319391044008696
2,2,0.106668397351062,0.3125225615,3.35436470557599e-09,0.0538192352678777,10.5044651770006,1.09449683896015,31.527973651886,0.333179204378465
6,3,0.14355324127034,0.3247708705,8.71730559390885e-07,0.054988731594962,1.6913444437728,1.67371736196608,30.9274787902832,0.0546874336327793
72,78,0.0959408140344227,0.078831252,0.00307375548171899,0.0552024570156505,2.9375405301582,1.30766770342786,42.7783689498901,0.0686688296507794
69,86,0.54502529445795,0.073550179,0.108576138395384,0.057169570558619,3.60876676021142,1.22662862751234,51.2056941986084,0.0704758878224425
1,1,0.4769312614,0.232468465,0.00169396515455861,0.0575383822178005,3.6326913090659,1.26267451113753,35.7596130371094,0.101586426712618
6,5,0.240802539439068,0.243872849,0.000290752089836047,0.0577128604869669,7.72453501700041,1.12229316893166,36.2346403598785,0.213180948956059
2,13,0.0518679017678268,0.164857353,4.62362137506741e-07,0.0578399315692314,30.659120979531,1.02894908054328,34.5584919452667,0.887166055396413
95,100,0.62759298795,0.0671156995,0.350450771482064,0.0589873504099589,4.17449558299863,1.20921880100274,50.6912748813629,0.0823513630850389
0,0,0.0166219890844193,0.4831047,6.90084732962201e-21,0.0593017800960505,8.31031511372287,1.14207531094531,21.7931272983551,0.381327333151957
80,90,0.19008688727632,0.077515492,0.0200512796960102,0.0596161369750845,21.2876673515846,1.00381952367042,44.9917397499084,0.473146125709174
150,36,159.390475,0.069607505,162.816952566928,0.0596618139136032,162.244528512102,0.999121953736968,103.495808362961,1.56764347347391
132,161,0.115682127293725,0.03829094215,0.0672204589057342,0.0597261589871731,27.2933216130748,1.00065845044447,56.2310764789581,0.485377896389518
22,24,8.4466565,0.083817552,6.26996843657528,0.0598225314183717,36.6429689726623,1.00633135544682,40.9448053836823,0.894935722109103
35,42,0.73312821245,0.1419706015,0.0459432693003648,0.0599601947372285,2.67335236365533,1.3701931741645,45.5216228961945,0.0587270882180877
27,31,0.051702127562138,0.137540204,1.69447660792706e-05,0.0606521497584216,3.76141637180381,1.22529331318207,33.3754663467407,0.112700039386
148,133,0.0137706796736788,0.05528712505,0.00371470545244437,0.0616820407519259,22.8979087508443,1.04882014791995,39.1195652484894,0.5853313707705
0,0,0.0182952634629985,0.301083305,2.45300855408408e-13,0.0626620986178663,24.40704549605,0.996876504500974,27.9269464015961,0.873960408885059
137,125,0.00189820110558327,0.0549992765,0.000210574575515229,0.0627894913874183,24.5369807785628,1.03238958058816,36.9830965995789,0.663464745643885
56,48,0.0338173091231781,0.121596044,0.000363527185224072,0.0630433950319346,24.9397321500205,1.00619694361793,33.8016052246094,0.737826857165442
23,21,0.4742047985,0.1117883155,0.0603038656493701,0.0632824926115786,26.1759417548557,1.09995652046928,41.8919425010681,0.624844306376776
89,85,0.0185737588145928,0.077972216,0.000681374859266105,0.0639612408654446,11.31396955368,1.10793219878812,36.6432385444641,0.308760087893194
74,114,58.574316,0.0625644975,57.3248804701382,0.0647602276988143,69.8657532633246,1.01174969635632,65.5714132785797,1.06549103900659
94,93,3.36260019026005,0.0658714212,3.51871538837257,0.0654561585155824,5.95404388249117,1.20620812844532,51.3260452747345,0.116004337575996
197,147,43.884461,0.0591993745,51.5893463402034,0.066149428959404,105.031457837446,0.999036567765467,62.6486012935638,1.67651720339743
122,140,0.178823680060695,0.0483599275,0.115804368958372,0.0665308216941282,5.28466695686121,1.14279150260147,46.9242007732391,0.112621352516995
17,21,0.186581009078666,0.277782502,9.77909359099388e-06,0.0668725490906696,11.2969183667354,1.08224225380993,29.7464027404785,0.37977426935603
20,21,0.174070057926276,0.220305954,0.000169778328211483,0.0669144257565673,26.977002029635,1.00596924574218,34.1205658912659,0.790637591287444
76,87,0.0515012290780869,0.1050083815,0.000145938471463906,0.0673667094343227,4.08281730666769,1.21037550853125,35.0720338821411,0.116412333552936
36,45,0.417310063504,0.114412615,0.061419458506699,0.0675865486229874,39.1322922991658,1.0397714255249,40.0723166465759,0.976541801770514
0,0,0.0530130638699187,0.7605749045,2.99828173247515e-16,0.0680543120816033,16.7402483853721,1.06135239522182,26.1452007293701,0.640279971787211
2,0,0.013854079641371,0.311420651,2.75675616529967e-12,0.0682738333493681,35.1362117647217,1.00004164030142,27.8035273551941,1.26373216304002
113,68,15.03377535,0.0766659035,15.453466332146,0.0687549231461504,83.8377143723514,1.05334921655684,48.0898435115814,1.74335594068134
42,26,0.00765066766443652,0.1353447805,4.62020585138514e-06,0.0688962197704474,23.7401494786864,1.05046604233035,31.6664559841156,0.74969391871938
198,164,20.5996225,0.0577847605,26.8311914880384,0.0691252410643838,86.6958005886836,0.999194130229031,56.0254240036011,1.54743675983802
74,55,3.003422625,0.0940730335,2.52942958039244,0.0693137564678685,43.0614445406301,1.00322256476511,44.9491641521454,0.958003232159653
24,27,0.258820754814484,0.168975122,0.00374217720422251,0.0702633646128534,40.8443996938521,0.998605014683665,33.3437204360962,1.22495028028234
4,6,0.0937649448742204,0.3402064655,2.08903012712627e-07,0.071388708111467,28.842733174898,1.09357933219199,31.9289808273315,0.903340239103665
90,97,0.358896844614649,0.0913489787,0.0728030700460187,0.0717267507870055,17.4447427001447,0.998565851438259,44.7884912490845,0.38949163532052
3,3,0.284134094338,0.2320990855,0.00154057375391383,0.071817044695146,29.8466924542829,0.998289390863617,30.2812948226929,0.985647827447448
14,14,0.343533070762896,0.6115617555,2.00994167230482e-06,0.0727044562483565,5.38648282234154,1.17559649158168,28.0266110897064,0.192191728250722
47,90,112.250535,0.074893683,109.541879217171,0.0732847681972142,139.13100284146,0.996858128601924,84.2456426620483,1.65149197566911
111,99,0.0489796758248281,0.084583046,0.0116272347554541,0.0747774695854664,9.68729714659661,1.12678592474216,38.5519523620605,0.251279028766647
62,66,0.0106646179874228,0.1124123985,1.8908630090082e-05,0.0760141055977105,9.77834495597581,1.12792771743305,33.1784460544586,0.294719799110717
69,78,0.0321148154243263,0.1188337035,5.28000446495739e-05,0.0762626446842559,8.97348537548758,1.18879401753768,34.6955070495605,0.258635372086347
0,0,0.6770079725,0.41488291,0.00632847054450189,0.0768275601078648,47.2030657914516,0.997542541718926,26.5896377563477,1.77524290567603
173,15,79.8852935,0.098923743,83.8764900145068,0.0777278841639391,156.806264513997,1.00908320795856,64.1425888538361,2.44465132006625
90,89,0.200664216375767,0.0981311115,0.0456362729997292,0.0777393607771875,23.1324335932072,1.00187243808544,39.6666855812073,0.583170316709458
95,78,0.117713278608279,0.1171308645,0.0165305430078319,0.0780114484095802,20.8947133469622,1.00636057328367,36.2586796283722,0.57626790498494
4,2,0.4495847916,0.2559914605,0.0115333718092649,0.0780426997199708,38.8177882456873,1.01523949254492,30.3274290561676,1.27995644384478
85,65,0.0319559644054232,0.112904772,0.00443005145929874,0.0796052708104957,4.68162828219247,1.27043983945168,35.9494414329529,0.130228123041185
50,58,0.0176070677628542,0.1283295665,2.53547858553297e-05,0.0813163718434096,10.3229717299859,1.07826984682263,33.8261156082153,0.305177568998751
194,193,0.046418111317166,0.04163443225,0.235910146552506,0.0822781048329522,29.8214263672401,0.998274966775855,48.1062710285187,0.619907253870523
2,3,0.00959154174582679,0.313359461,6.82722175336619e-13,0.0828287538723458,16.5061299558457,1.14357365701058,26.4913105964661,0.623077136774334
110,131,54.985464,0.079799605,55.2890549310885,0.0836730057088059,95.4383993472505,0.995540327719661,58.8077983856201,1.62288679337105
113,64,34.7026495,0.0922204925,35.124522495659,0.0839919853179729,101.976154028155,1.00237967333651,48.1208148002625,2.1191693127274
0,0,0.0160368693208132,0.749945735,2.37456650734359e-20,0.0842630845652869,19.507386708301,1.01931685419912,21.9374897480011,0.889226020496648
27,18,0.056875265382223,0.2324623055,0.000128850187285382,0.0863719142350979,19.9408321777235,1.06845708168074,33.9497807025909,0.587362621055212
5,6,0.204905503863868,0.570313158,3.1871860833915e-06,0.0866854685939797,7.29684449819731,1.18953651100568,32.1731328964233,0.226799314872084
40,36,1.919430416,0.1423286025,0.991090090524858,0.0870207449284433,36.1275644997542,1.056237027429,38.4907894134521,0.938602846298808
188,131,30.6257425,0.0833984765,33.6884366438233,0.0876175892024686,83.2053218933284,1.02281177728559,47.1303560733795,1.76542951985727
6,6,0.00850138959981851,0.345880408,6.03247212967842e-12,0.0876742835029035,29.485056023267,1.00908495026992,28.9123470783234,1.01980845565364
0,0,0.05947760671953,0.77395279,3.25618952322242e-13,0.0878799320036086,25.4752659813709,1.00590873994161,27.3925364017487,0.930007561466439
130,124,0.332739621974995,0.079904006,0.403351612637892,0.0891388406107123,3.87359221640794,1.2679916207946,46.225301027298,0.0837980960712495
156,190,0.104473228976819,0.0512027555,0.175001923981376,0.089201633927811,37.2533437410773,1.0283691508376,49.9021236896515,0.746528223383061
103,112,3.3555947441545,0.08501901635,3.44229194823757,0.0893633189703411,28.1171815663201,1.01333737502849,43.0829012393951,0.652629715210768
83,94,1.18343937495,0.0981184765,0.922696654404093,0.0894115070662233,13.0787247621303,1.20126131577473,46.9945456981659,0.278303036401961
14,22,0.52555513165,0.214903617,0.0235991568430653,0.0896274244384828,16.6379427456007,1.00963357073184,33.6800484657288,0.493999964475427
131,115,18.4116125,0.0852944775,19.3792438186894,0.0899020102421744,77.120052042196,0.997077730875123,42.8064329624176,1.80159958924642
8,11,0.0440203803016691,0.408127888,9.11416707866107e-09,0.0904954618677935,13.6749493295721,1.05155844694485,30.7193264961243,0.445157849775691
10,40,35.774482,0.107516717,30.9070179755408,0.092025320857273,71.1791863322347,1.01967682284089,43.5361125469208,1.63494584537197
18,19,0.015507289333786,0.217837404,3.64450804867299e-06,0.0937682881311253,11.4742596034691,1.07752477331507,32.7731227874756,0.350111879111321
13,12,0.0483496790344851,0.495787562,1.747740578319e-09,0.0942417516133687,15.0438182494162,1.03046422573041,27.4661257266998,0.547722616546247
7,20,47.7443285,0.115178971,43.7852057083853,0.0944751836479009,118.634554361897,1.00309446859682,46.6807746887207,2.54140071909652
24,14,0.263869282784925,0.9417919485,1.627098760749e-05,0.0945647038871851,2.2590211675869,1.40781512328242,30.3398652076721,0.0744571919527069
136,130,0.0162568455026237,0.091489238,0.00573720007754241,0.0948818278738539,14.4221956325907,1.05605549510427,34.9602646827698,0.412531076736921
1,1,0.047278263830115,0.370379181,1.38758232051814e-07,0.0949626996586768,31.835231634552,1.06908304229704,31.3536667823792,1.01535912387905
49,81,28.771142,0.104116672,27.3960334278025,0.0974411773224985,61.4172924416993,1.00156044039248,41.5100290775299,1.47957719632014
0,0,0.0131040729771178,0.63370797,9.84573454608508e-22,0.0978924988820991,25.6540001847625,1.02971891847429,21.3884363174438,1.19943317987392
15,16,0.0329463301041493,0.262359898,1.00113342569004e-05,0.0986392980987574,14.1418524600241,1.06618743226573,30.5152697563171,0.46343527594399
85,74,0.0619187037572025,0.162268442,0.00667141096252446,0.0991838720406889,5.92145478791389,1.1864730484736,32.1598014831543,0.184125974503158
66,56,1.3115708595,0.1485789535,0.886524040203851,0.100149047002481,43.3588245582372,0.998118661420738,29.635000705719,1.46309510800416
179,150,1.18718169508735,0.0781788905,2.20810610759465,0.100198416265849,27.5241725612754,1.05313991873899,52.7346792221069,0.521936853836725
50,33,10.7609332,0.1255916615,10.0837510678423,0.100525982604482,87.6299170483163,1.01046640066507,31.8472819328308,2.75156659312832
0,0,0.502299887765,0.89015378,3.38153674764999e-05,0.101170327069426,1.36602384207727,2.09226402071097,29.731297492981,0.0459456517967223
155,169,2.1493534495,0.0739946875,3.06058981917729,0.104346030026344,57.0595468004978,1.00834589785718,53.3895165920258,1.06874065252391
37,124,110.41487,0.101831069,107.896567017387,0.105185731426472,171.748874616002,1.0024935440985,74.5396316051483,2.3041282995037
0,0,0.0329323100803736,0.75733147,4.24884819416152e-16,0.105279579288798,9.82577039616165,1.11421165954064,22.7767426967621,0.431394889382426
84,72,0.24825919657696,0.1307759225,0.126012342803558,0.106394519098949,7.01479076763263,1.12916879263198,39.0431168079376,0.179667796557843
6,6,0.0209782834667895,0.5187589705,5.17837818840245e-10,0.106452615897152,19.7999757789229,1.01757622938656,25.2956123352051,0.782743485966787
90,78,14.1317983,0.114120277,14.0070280481485,0.106695026067516,72.4980768765291,1.01827681859744,34.7029843330383,2.08910208357812
95,92,0.0256007251681368,0.1546328795,0.000382301590002096,0.106782924374865,4.96893059681936,1.16057835488585,31.3398151397705,0.158550092738542
69,71,2.16195890275,0.121984167,1.95764395143597,0.107858100634723,19.6030608894365,1.05564761542324,45.8064160346985,0.427954478573202
26,38,0.0478554128911296,0.335067034,5.86303550470303e-07,0.108008018356623,9.63174438065248,1.1059329375362,30.2433881759644,0.318474382718376
90,91,0.0774420887589928,0.1479902025,0.00535146138018811,0.108333195559315,11.3858236647759,1.21186890115006,34.2277450561523,0.332648956163981
74,85,0.035006061505765,0.14628074,0.000655180665701375,0.108932035664463,38.9403182182773,1.1295970154796,31.5691115856171,1.23349426899991
18,20,0.2702659164779,0.2760187385,0.00544160836147656,0.108954399527452,7.15910981274894,1.16416173306403,34.1701858043671,0.209513341652183
30,23,0.117380113806047,0.3522279565,0.000419727167720656,0.109045012860071,31.0151296023908,1.00266459368288,30.9632019996643,1.00167707470071
61,62,0.418156726009227,0.1617044615,0.116400807121536,0.109133974107968,10.8279368676543,1.05306343253297,33.9332554340363,0.319095139241886
7,6,0.0401490626919781,0.7114684975,7.80330220600014e-13,0.109564428772159,13.589630833911,1.05327257400343,23.5727443695068,0.576497611855929
12,20,0.35824314695,0.268254376,0.00948362661607315,0.111160336317841,16.7081802161827,1.02346490607065,30.4780719280243,0.548203319935724
164,152,0.9763411964745,0.0864453025,1.65144062476104,0.112354509885608,35.1362666365984,1.02251907299261,49.8426594734192,0.704943656855557
184,166,20.269683,0.101634278,23.0787862580145,0.112559453881397,88.9596569724745,1.06718013013426,39.4778108596802,2.25340906791089
74,89,0.119451006355735,0.1710182295,0.00540866172296607,0.112780451662254,14.82082687839,1.08884053775125,35.6199157238007,0.416082592483142
21,20,0.0307238065187161,0.285173403,6.34031686420336e-06,0.113347806168112,46.6744059462844,1.08877266897076,30.2414634227753,1.54339111483386
9,9,0.0766878335249295,0.6745488025,1.03805134868792e-09,0.113494261604604,2.15645719224318,1.43961631447599,26.740688085556,0.0806432947927017
37,18,0.0258811666252651,0.4513013215,3.12306158947408e-08,0.115456172080988,10.5878150627633,1.04192398167891,22.2585875988007,0.475673266139034
151,179,0.614274757961091,0.06899344325,1.01243114634124,0.115460065120641,41.6764441657343,0.996251716706223,52.4583077430725,0.794467949096927
49,41,0.553342893709,0.211228467,0.113002259791879,0.115596895364084,9.07850965012184,1.10024605475005,39.9873607158661,0.227034480085596
144,153,0.0366918557546595,0.080717873,0.0339008256347665,0.118417386032174,15.238033886023,1.03959480263017,39.5233950614929,0.385544659367311
8,4,0.10186413910635,0.3039640955,0.00801699943418772,0.118490183906171,10.2735837507744,1.11389500610246,33.1128792762756,0.310259451165732
112,110,6.57181607,0.116509684,6.93310201000824,0.118894596487548,49.4862025039482,1.03665885751747,33.340747833252,1.48425592465547
121,118,0.193401312670253,0.1270010295,0.0936225007167702,0.11890327855506,3.5109893071373,1.25131628058236,40.1793203353882,0.0873829939837228
127,120,0.2925774409575,0.116960319,0.266805953321008,0.119552451608202,23.0483654811486,1.00208518998714,37.111043214798,0.621064876773878
55,30,87.742652,0.1427667335,86.1886581857539,0.119983092643206,122.563646491862,1.00171966437311,59.5343742370605,2.058703867514
164,192,6.05760985,0.0807079935,7.6293473607203,0.120840056641501,66.4054950474283,1.01421684604138,43.0239868164062,1.54345284947201
97,111,0.0257974008664959,0.1236670845,0.00144875302611481,0.122247652110993,40.3597819663967,1.00715326996459,34.9726903438568,1.15403709493245
164,91,12.06623295,0.125196927,13.345750693407,0.122579577578783,9.94533194370518,1.12338392384293,31.8538858890533,0.312217227698518
79,17,6.12392765,0.1730210845,5.96287385849013,0.122840411851085,78.873129714439,1.061559719475,25.9523856639862,3.03914756568565
57,58,0.510208796813544,0.1935799505,0.149057339732262,0.123354810920254,3.99987270338587,1.20600215815172,32.1669950485229,0.12434710476848
66,108,49.2562155,0.120294772,48.1712119512569,0.123673581339847,107.485056709547,1.00333061559643,46.6557786464691,2.30378872302203
71,62,0.0596118914819203,0.233010221,0.000962053145716138,0.124462755233716,11.7186520678709,1.13647758921921,31.9338731765747,0.366966199279177
59,74,0.0384815600453264,0.1750368075,0.000633725445834311,0.125200599486164,25.5009405174797,1.05240995997108,32.5163912773132,0.784248790094729
18,21,0.7312289210185,0.243883204,0.141208010869699,0.125299812741327,32.1197695142897,1.05638770927782,28.8369405269623,1.11384109851245
193,24,71.188819,0.14739845,76.1196179928399,0.125393000410178,133.382460630272,0.999725308480099,53.5850794315338,2.48917165086404
91,83,0.0830318089301972,0.2214652195,0.00220922597091397,0.125421119073037,13.9521876778832,1.01425274787106,31.2944197654724,0.445836279517054
64,88,10.4662644,0.130466216,10.0774779958682,0.12654238320125,34.7036917829534,1.0261809614814,30.3020355701447,1.14525942333543
68,64,115.369305,0.135692026,114.119972460749,0.126721156289442,149.825768345693,1.00357000013117,71.6618745326996,2.09073191739251
48,52,0.0495639159331277,0.303237884,1.04653470158132e-05,0.126984245937134,9.0692199530642,1.11707164979833,28.7392070293427,0.315569596050599
114,110,0.499734366159185,0.129131151,0.512482440564019,0.127055354498334,17.1303847744584,1.03813681489807,35.1037445068359,0.487993090626627
83,70,0.00148837081225814,0.1622075555,2.11489061668484e-05,0.127194549114167,28.3670331238388,1.03687524558907,29.3009417057037,0.968127011368951
19,29,0.110414540302465,0.2909921445,0.000448812960378545,0.12853724007838,3.4778397986684,1.25573189002184,32.0142688751221,0.108634053528894
25,30,0.113274910126044,0.554400655,6.45177454189804e-06,0.129194491469518,12.0502410766088,1.04662918634933,28.2094452381134,0.42717043794707
53,49,0.509388006737174,0.3369142345,0.0344702984128733,0.129869991151195,5.45727660639745,1.16573250145848,25.4960145950317,0.214044300377082
200,200,0.0161508926442705,0.0466856259,0.329970958403805,0.130664306042619,17.5198466501491,1.02465835413817,42.9225749969482,0.408173243366568
19,17,0.0425482059307127,0.517964945,3.508982788646e-08,0.131009312523456,24.2672844487924,1.02757721840343,28.1601197719574,0.861760697231068
140,147,1.3875541363335,0.1057538485,1.89136008271269,0.131196984910345,51.5058970373262,1.01636812176504,41.2575116157532,1.2484004735191
41,40,0.0487770454727074,0.2925891335,0.000255931151177614,0.131295521493157,10.6072327321936,1.10813959978576,29.1430809497833,0.363970877014375
131,81,2.879248775,0.1441751475,3.52983221136989,0.131311851146526,19.4107201763335,1.15836665518013,29.7360212802887,0.652767900364679
71,58,0.0270282770913154,0.22966828,0.000162236705835856,0.131899821631167,31.0547789320455,1.05676945767006,29.8721468448639,1.03958979223433
47,5,26.5085125,0.189417115,25.4355965271882,0.131988612887819,116.104965059869,1.00324826070741,30.4976801872253,3.80700972490696
87,184,7.9913407,0.1016366335,7.90645900445105,0.133234586390901,78.4709576018312,1.01467361688607,35.7417714595795,2.19549715633358
81,83,0.286580838942756,0.169958267,0.0723148279770279,0.13332857203567,1.53211886408931,1.85811087621264,35.2696249485016,0.0434401802209808
115,83,0.450804726069605,0.158841105,0.455552792990331,0.133984410603306,43.5883015192461,1.03024357745506,36.910489320755,1.18091909160186
120,119,0.065068849360835,0.1531539415,0.0134936938136384,0.134408738404037,23.4325282448475,1.08116738662592,34.227799654007,0.684605159598809
79,90,0.041787064775341,0.1931219635,0.000326701844012046,0.135224694344777,9.37681235106746,1.09712270222211,32.1050715446472,0.292066390134889
172,160,0.916872535466983,0.0847598912,2.07494367404118,0.135499057392816,27.2562640447522,1.05085492001342,43.4084670543671,0.62790201760903
14,14,0.238512385037765,0.5578557965,0.00111247033368693,0.135501938826233,3.83502061403292,1.27934572300674,30.9261255264282,0.124005854233362
189,146,2.465404845,0.1075965595,4.32479119979928,0.135872959573193,36.2076841073678,1.0653984621917,37.9475815296173,0.954149978678046
25,22,0.0687224302211501,0.380531082,0.000106639747872328,0.136038116784143,27.6472665728211,1.01404570912388,29.4819495677948,0.937769278427305
138,142,3.295082975,0.119602972,3.90220825762327,0.13752346176681,49.1295388886971,1.0297626670794,36.748279094696,1.33692080551843
41,46,0.0391189085472401,0.331072633,1.42358486596646e-05,0.137898636884649,23.3184226360195,1.02637315523458,30.7571699619293,0.758145910852092
25,0,0.00528831368892019,1.408826165,9.64621010645627e-15,0.138079098140221,30.2084722621926,1.13411629790019,21.6226086616516,1.39707806467257
94,113,0.9693706032314,0.1225969985,0.885111688011285,0.138700671358979,22.9935754992512,0.999505662500194,35.5006687641144,0.647694150553413
196,200,0.0106855391736596,0.061230963,0.0847231181032224,0.138789084699252,8.13442608360733,1.0824842908514,36.0848262310028,0.225425114465939
63,69,0.3379804127801,0.204134754,0.101289610004545,0.139100421501314,17.0166126626595,1.03755711925653,33.3260197639465,0.510610411419992
64,83,0.0841511116746733,0.1758263715,0.0100256839217928,0.139345113230626,9.94827924709219,1.13709065618163,33.7665402889252,0.294619441671229
150,169,0.928425151449653,0.08894405655,1.4616604427059,0.139394846619539,27.2387921760541,1.01411240854274,50.7105669975281,0.537142331249853
74,66,0.21072732029775,0.2066421445,0.0764071754751892,0.13964633582817,35.2991609183251,0.99970725680443,34.1207339763641,1.03453697516523
130,142,0.0251410937938779,0.127116313,0.00200789671951873,0.140041070361468,26.874518601758,1.03989474722927,32.4909994602203,0.827137331822042
155,135,2.689950155,0.125192208,3.51447943460756,0.143534822078635,40.7638306332216,0.998457742414262,37.2234301567078,1.0951121501057
24,6,0.34316261865,0.435836468,0.0213803832908263,0.144528422211435,24.9739506578115,1.06071118933664,28.6577298641205,0.871456000744807
8,15,2.97492698,0.243290385,1.64571235481498,0.144747504347033,48.6671397345138,1.02395064098521,21.8907723426819,2.22318056999863
55,56,0.0206285134829287,0.341712604,4.2037621765644e-07,0.145103325788284,4.43746771638108,1.20307503679465,25.3834400177002,0.174817428736482
131,74,9.6177358,0.153801061,10.0614523045117,0.145212403286357,32.6629657392438,1.08139829924875,28.2054584026337,1.15803704633972
6,1,34.335328,0.22561883,32.3609908394309,0.145647036094988,200.529992196529,1.01697956626697,32.0359020233154,6.25953943955083
114,115,2.55146889,0.150915689,2.62932566365927,0.146216454804273,49.8836057152401,1.02908934864769,28.7114489078522,1.73741164632056
28,24,0.144413962482081,0.4910832205,0.000719910778283324,0.146300336392261,23.3033829140029,1.00898629247286,33.3287954330444,0.699196673963749
107,154,40.6376965,0.1264952845,40.7835901578322,0.146730143087975,83.2495417231352,1.01851202526751,41.5023918151855,2.00589744547384
105,164,127.85783,0.130708298,127.967552915292,0.147287401083535,165.34288948899,1.00059165181459,94.9575197696686,1.74123007730246
8,8,0.25235826736225,0.537752839,0.00215877232375902,0.149440524162411,35.5906710048239,1.00839926310994,30.2813527584076,1.17533292811505
194,178,1.922600185,0.106575585,3.58481655763038,0.149539366402778,37.6869728831385,0.999685444843448,39.0309906005859,0.965565370061931
94,115,14.5704565,0.1465028945,14.6858937472808,0.150461197954592,93.7175563215692,0.997766012446883,29.7810664176941,3.14688382904542
4,7,0.25042564856145,0.5341007575,0.000800705881270239,0.150784912760174,26.2102513513899,1.04233449124598,29.7762415409088,0.880240419711141
133,50,6.458213,0.1775339375,6.86305393028023,0.152253260742818,24.383815278042,1.06750028965277,24.8069863319397,0.982941456562466
167,184,0.00933530059619355,0.081541029,0.0185582718330322,0.153937998027566,3.80861243624978,1.19774921045581,36.2658340930939,0.105019297956118
123,106,0.0146417050306493,0.160158311,0.00577166571338766,0.154202726237779,29.0230588489083,1.03400156907752,31.7173278331757,0.915053720841856
110,138,55.0849555,0.143140541,55.2698409548749,0.15429419650692,151.118473767685,0.999313678392261,46.1842503547668,3.27207809170573
95,66,12.56688655,0.171565269,12.6035658020057,0.1546846091534,67.027187187447,1.00119119836649,27.3656587600708,2.44931751050138
93,56,39.183124,0.170385875,38.959261070656,0.15478433350761,70.8687059580732,1.02784018311919,36.7831711769104,1.92666112492658
56,48,0.117361954732725,0.224538399,0.0331231531818589,0.154976969888206,5.04328172284999,1.1984357386888,33.2802109718323,0.151539956496025
189,178,0.126665527216549,0.0884297455,0.470789228434643,0.15502276126181,40.5398785379241,1.00976992439705,39.00181889534,1.03943558752251
73,53,0.417741270417916,0.292590063,0.161735773021192,0.155919988865105,20.2404979446445,1.02017693595279,30.3711137771606,0.666439107013111
51,62,2.3184764,0.1965629605,1.77228969149224,0.156900555920724,41.1357642172515,1.02050680571987,28.173748254776,1.46007424518952
197,200,0.22131475521299,0.0760407325,0.905433248848079,0.157210640654649,34.5597437698139,1.01301917256979,48.8442733287811,0.70754955319296
86,18,38.9805705,0.204256015,38.6857647443914,0.158415588900431,80.8674415499652,1.03520117209202,35.0325088500977,2.30835427448239
52,67,0.33514834345882,0.2158588275,0.061145724045776,0.15859796091233,21.6536711834854,1.01247779508001,30.7065544128418,0.705180753670937
22,20,0.185274155264623,1.0979576645,3.52389127378293e-06,0.159350472182959,12.7508940445318,1.00919069675939,26.8476085662842,0.474935933792802
31,37,0.0583840875664365,0.3884599295,5.11826574155616e-05,0.159535723812436,17.2247115891407,1.09954998131594,30.1078369617462,0.572100599954281
8,10,0.5032113975,0.6175654,0.0129073640856734,0.159978196410559,23.7159182786176,1.01192309416026,23.1995406150818,1.02225809864528
73,62,0.0814222262297864,0.455803089,0.000320547891642605,0.160136685908402,15.1974815119592,1.1258024526213,28.6979289054871,0.529567188001969
198,183,0.2034229839451,0.0896839065,1.11298515961405,0.160184824830566,43.1117404376373,1.00091537982567,43.1135983467102,0.999956906657199
18,18,0.0357330360882382,0.622659216,1.78028368615211e-08,0.161350918484008,14.9592396890266,1.05382021938221,25.8031525611877,0.57974465149378
31,41,0.0209753146445937,0.3818081785,9.88227217420565e-07,0.161690355657792,21.2958812200233,1.04303826524521,28.7343528270721,0.741129662748462
118,163,13.1157359,0.1406983955,13.4739598633761,0.162471833745808,64.3829598243191,1.00435332448466,29.838445186615,2.15771832016234
10,0,0.00814920247375053,1.634706895,1.00528068287276e-17,0.163301132245403,35.0197143782962,1.0188722072588,21.1643218994141,1.65465799210254
59,52,90.4052575,0.18095781,89.0558165797347,0.163555666073577,89.0922659281888,1.01168907407518,58.3121604919434,1.52785054054888
59,56,0.00761160569223106,0.3332105115,2.09688416788476e-06,0.163737579248538,17.9096895799506,1.00379883909361,27.6346590518951,0.648087951666707
60,60,0.017829758023365,0.312452469,3.47678835916848e-05,0.163832118481748,34.3919390387292,1.00472687769995,27.1503248214722,1.26672293112051
33,39,0.0468744231134692,0.3534242675,5.36802520897109e-05,0.163852321695987,32.9036557788218,1.05963741485934,29.5764985084534,1.11249327804701
172,178,0.0288254943660681,0.0947052705,0.061285071391708,0.164098767556827,21.4507135416957,1.08208840319374,37.1728301048279,0.577053549089602
190,79,14.223028,0.176529515,15.9918052948481,0.164890141402462,112.208479700248,0.99781480257692,25.5614931583405,4.38974667892731
107,119,1.33270870806,0.140612809,1.53936672897696,0.165558537839277,14.0779497917088,1.01141930973417,33.8378908634186,0.416040995242056
31,16,0.0167173500407856,0.3909140705,5.57334043639269e-05,0.165569732764788,3.40929166095756,1.30888412642706,26.5282552242279,0.128515487812553
32,25,4.52771705,0.2372921085,3.68777601434185,0.166017729904654,50.0561039638854,1.02016350033756,21.2742803096771,2.35289294092436
67,79,0.37864263358,0.2374906705,0.122682291651438,0.167813768462015,4.43062460221921,1.21562685523209,32.0936408042908,0.138053037648096
129,105,7.6469712,0.166724417,7.97857781257552,0.168345878714737,96.9565711011584,1.00285629498063,26.0094950199127,3.72773754457474
161,162,0.326464147093947,0.112538696,0.569206178873337,0.168444794832151,19.3863722125872,1.04995052658872,43.2673003673553,0.448060591901731
130,124,0.0282552462159395,0.1546525205,0.0168757679179686,0.168501772179102,18.3174302119154,0.996327475124863,32.9291591644287,0.556267778367769
30,62,22.393618,0.18612853,21.2349767491345,0.168525250746419,149.31204782189,1.01465611264062,28.5379557609558,5.23205127489095
3,3,0.188724720550299,1.55705039,3.13503683942339e-07,0.169069806600322,1.9607000275748,1.63780115722646,24.1679818630219,0.0811279997927655
62,36,0.516967950022341,0.278750409,0.342490368133479,0.169223725220997,3.5360728068738,1.25194658300002,33.2447793483734,0.106364754893367
131,143,0.0833866385427365,0.139699787,0.0568500264780898,0.170759600381473,2.37585205534553,1.38620155140408,34.7152831554413,0.068438216237713
80,69,1.0225486285,0.22683113,0.823050586898472,0.1708514085229,3.06290923266457,1.36274531331634,33.8034656047821,0.0906093259334707
5,5,0.00971659053681631,0.626892075,7.13429044509358e-11,0.173679341857848,15.79373103924,1.05307451317294,21.1370115280151,0.747207381625679
18,12,0.0336721224841055,0.6813608095,2.01535996415689e-07,0.174207502617891,10.6729689908715,1.08797578428815,22.0388956069946,0.484278757937585
4,51,49.3224865,0.19761817,44.9558149119395,0.174927565133825,123.00578783915,1.03385522648971,39.455864906311,3.11755395886594
174,174,1.13038741613595,0.1138907665,2.06234891974151,0.175366908713788,28.0955693036282,1.03654957461819,42.970112323761,0.653839791991708
195,189,0.0108272941669133,0.1003013135,0.0716869834568938,0.175961850254195,8.96880957694682,1.11194460072248,34.1240839958191,0.262829313690755
99,74,0.003001639272651,0.2673451975,4.32048865846344e-05,0.176124308103963,19.1387868173829,1.10505308610067,25.6151165962219,0.747167663496239
138,157,5.84356745,0.1437986305,6.51459496469491,0.176513403573919,38.7949926676086,1.02801073904952,29.2459058761597,1.32651020733924
31,31,0.0296463492236043,0.5694311655,3.35131186590082e-07,0.176712614483212,11.3435730033376,1.05116375217419,23.1613833904266,0.489762326028689
70,67,0.81525921353,0.221106995,0.593975465768141,0.177090682643213,40.9093717825232,1.0073936862706,29.969714641571,1.36502373385223
24,29,0.0673355547501103,0.569280719,5.30944238147625e-06,0.177434642575347,8.80722529757641,1.00927488770198,26.2231962680817,0.335856285692236
197,191,19.7471915,0.131023318,22.7331698344593,0.178097616351016,71.4369827675886,1.02700535832526,33.2319300174713,2.14964892890757
163,165,0.558348820880555,0.1164485065,1.0801300665915,0.178496868630685,18.6304964704976,1.07544283403519,36.4112801551819,0.51166826299696
6,4,4.71244025,0.29600118,3.3775137484533,0.178654698993017,79.5189284718547,0.99786825137093,19.1796140670776,4.14601295905903
4,2,0.00369093253377532,0.59392188,2.94058424316038e-09,0.179462663427825,38.1912095675139,1.04034759131546,18.8310885429382,2.02809356880412
94,65,1.00056953223203,0.240244509,0.87755744945789,0.179480550453754,10.5936792868943,1.15613058497819,32.9143877029419,0.321855578250585
8,1,0.0128762023980534,1.94734283,5.04519338963353e-16,0.180456618929731,34.7437866125515,1.02036044141457,20.4628622531891,1.69789476089235
0,0,0.00837063800333379,1.813142215,6.90176110884719e-27,0.180622404936443,37.9785684615034,1.00580468609024,22.6654734611511,1.67561328584638
188,34,40.334995,0.21238054,42.4670306735486,0.181159173285943,121.661077724569,0.999929113200583,35.3847332000732,3.43823640089837
114,174,102.9555025,0.158444805,103.47839762017,0.181874398114629,126.388858333412,1.01703719916057,62.5391218662262,2.02095671576207
13,15,0.01968348035882,0.4813889495,4.14357357004433e-07,0.182568579526113,17.557970865122,1.09422078711525,24.9619090557098,0.703390547010495
89,85,0.228839538003894,0.2539783015,0.0887205196533961,0.183432025676129,5.95650799022317,1.24865028401086,31.1829161643982,0.191018311399104
148,161,0.00901623137119185,0.129337503,0.00905422330977206,0.183522648524077,9.19216609628553,1.06050435624619,32.5402164459229,0.282486323087666
70,56,0.00436396746908786,0.267021295,8.4668585361765e-05,0.183529380924938,14.9622418344828,1.14798743043672,25.3052930831909,0.591269256803094
110,70,64.5938075,0.198320395,64.9836455933854,0.183847075776346,100.555827182978,0.998941296990813,45.8554801940918,2.19288570869516
166,154,0.4788698051442,0.1329292785,1.06142730627341,0.185074321924186,12.7135818323819,1.06699181539378,32.9559400081635,0.385775123672172
151,158,0.0393392858401449,0.1263706755,0.0361714551091798,0.18713999595725,25.637844085689,1.06473842338536,33.8900537490845,0.756500543655279
0,5,0.0124734508699341,0.652329895,7.32611709540423e-11,0.188831283102483,32.9291306319172,1.04848944060221,20.1644144058228,1.63303183366478
24,25,0.0466034867752175,0.72227101,3.95379309685992e-08,0.190560430587547,5.55167044297651,1.13767490822963,23.8961360454559,0.232325026624219
22,22,0.0922109760531105,0.560871831,0.000199706613798079,0.19069494876682,8.22046950560271,1.13740274681416,27.1053376197815,0.303278624340153
57,75,0.0891403215320691,0.3380543385,0.00198278610948187,0.191603128566456,21.0820492195524,1.00734118930234,28.701345205307,0.734531746465119
76,66,0.585083427724923,0.2643374995,0.41673562390267,0.192047158865058,4.09153438878134,1.29605128084664,25.5898234844208,0.159889121207588
56,66,0.022162501862437,0.311943673,0.00011813504127169,0.192269865061491,20.3189766327846,1.05249690134953,25.7619454860687,0.788720581827661
95,68,0.112026862679735,0.237898824,0.0934347296819595,0.192343743981192,5.09146243541407,1.11756123266488,31.0281493663788,0.164091721207551
52,69,0.376643860635,0.2512391925,0.131367684919135,0.193541824034518,29.4899409139259,1.03586151226354,30.6432075500488,0.962364689328317
194,197,0.000971016125241957,0.099168096,0.00682990739283684,0.193968457604481,14.1519218520305,1.0210686771946,28.0587975978851,0.504366653726357
105,149,4.68602315,0.162091043,4.84070632950879,0.194150881623884,60.360218798929,1.04846340171118,27.4417791366577,2.19957381401331
188,193,0.54645939263175,0.103720833,1.366752546711,0.194162343557024,7.54559450041006,1.163212559622,41.9489705562592,0.179875558335583
37,33,18.931289,0.229119725,18.0528596404759,0.19492287823944,159.218237239235,1.00240749587608,26.0074625015259,6.12202121717541
1,7,16.451988,0.274543495,14.3986373799626,0.195208977327383,71.8482601624088,1.02101661370426,22.7975783348083,3.15157422017529
46,43,0.0576203198482518,0.360223533,0.00144507061491902,0.195285103151109,25.1572588993754,1.04298571183884,27.1629829406738,0.926159654641793
8,16,0.0441074824578694,0.600956375,1.01257285820704e-06,0.195728233541999,23.1401812944067,1.01141282982536,26.176242351532,0.884014633714315
18,1,0.00725196793977385,1.61047394,3.41341024540786e-13,0.196192695228884,42.5821070110751,1.0253697748511,19.7537784576416,2.1556436457149
119,141,4.68982275,0.181355007,4.86896515374799,0.200289398001148,41.2950412491824,1.02697155275834,24.2096378803253,1.7057273410414
43,0,0.00199928444902725,1.403155635,3.93150657475206e-10,0.200400156865026,29.4017896468483,1.06813649331318,19.5268051624298,1.50571429387836
156,178,0.0993035688354648,0.115065857,0.18840799328382,0.201094231380609,29.5323590630215,0.999519012417575,37.0211162567139,0.797716602012662
88,86,54.787315,0.208416955,54.6056770386772,0.201781078923844,203.605996169367,1.02289041521416,41.0514380931854,4.9597774311143
11,14,0.05658147123277,0.600217225,3.41893684656391e-05,0.202224027810282,20.3325643164568,1.02581347979918,25.3282153606415,0.802763401485145
200,200,0.0041525918355622,0.098308285,0.0397759118007019,0.20326633641407,24.414946149478,1.00069895419898,30.939633846283,0.789115549032627
145,148,35.7946655,0.18580348,36.9513544531069,0.203723766841543,124.872443555092,1.01805633998008,34.067281961441,3.66546540743781
116,130,0.4814690964965,0.1796802795,0.503775038292521,0.205192127840447,15.4708952844921,1.0307742248344,36.0176856517792,0.429536073862867
106,97,0.00991296302841933,0.2271658705,0.00137828825118266,0.205593873896958,30.8889873042613,1.01851067792557,27.2227051258087,1.13467736440993
145,146,0.101040992022968,0.164673604,0.148981560261038,0.207314797757372,49.7645946338983,1.00868542220408,32.6291875839233,1.52515579819149
63,61,0.0327864531010941,0.345761561,0.000675555327074264,0.207470575562736,18.5252252381064,1.09881720144947,27.5928072929382,0.671378777861703
109,115,7.67308005,0.20285675,7.79075203426299,0.208026997808222,42.0239660422129,1.02707486629662,22.1987595558167,1.89307722066846
49,58,0.0207481095431807,0.4044717195,1.45627920284327e-05,0.209210191757612,11.4020690440097,1.14945645223388,26.3656439781189,0.43245934191755
15,14,0.0188181420575922,0.83125717,2.79065443138185e-10,0.209511035813508,15.5601273000306,1.1398908146687,20.019134759903,0.777262728217233
45,51,0.151044391941105,0.5301982715,0.00203786418410078,0.209517868330191,27.079086176044,1.00944055073696,29.034473657608,0.932652904108987
18,17,0.136586990302656,0.9540549255,3.71777872079408e-05,0.210094374277238,29.8266347724876,0.999962398120162,28.4751574993134,1.0474616259175
1,4,0.0034848628897529,0.64901386,1.01833792635183e-10,0.21020121507737,40.2540553542293,1.04307692798535,19.3809726238251,2.07698840174537
68,70,0.0321559779773648,0.544112684,3.50812912720232e-06,0.210785291222505,22.0422928866391,0.997517763135034,24.3674359321594,0.904579905247574
38,16,0.0262923356043769,0.7401761515,4.06972979695655e-05,0.211500995160957,11.057836403006,1.0242801010141,21.8507914543152,0.506061138614833
19,19,0.5990380347,0.63488861,0.0797431830132407,0.211616360272792,22.1232395915567,1.02778277285057,23.3335392475128,0.948130472487789
0,0,1.863436,0.87005134,0.480721678834733,0.211707335223031,60.7264489441518,1.00409133420509,12.0115158557892,5.05568569972653
74,71,0.010826301637599,0.3183124965,8.98876964521477e-05,0.211878883622815,17.3882570519672,1.03314867349508,26.9042279720306,0.646302026211043
200,200,0.0972687539139384,0.0602590596,1.4163048544454,0.214214235723877,1.9127610965871,1.51883968663847,44.7095685005188,0.0427819180711821
148,151,0.111399147278432,0.1534148325,0.165164854506429,0.21497248944376,27.1424382955375,0.99690335592736,33.0933182239532,0.820178808055929
10,29,21.613169,0.26484042,19.9257004576704,0.215179362841555,101.100543815361,1.00254965037767,25.1450135707855,4.02069951287772
104,104,0.0280927115693224,0.218961795,0.0141334210195947,0.215313952403224,6.9143525491593,1.12122015250869,28.461464881897,0.242937339235733
70,61,0.061370043383017,0.3328795235,0.00498865232408494,0.215443623731453,23.3392897868697,1.04412397725011,28.283833026886,0.82518128871302
73,77,0.072811809969401,0.299463036,0.0083356247844633,0.215509021350489,3.45410600466183,1.2326391909969,30.9962017536163,0.111436427989402
179,156,0.0029568681662111,0.141307001,0.0104900014183639,0.215994160130921,19.8376771391702,1.07780946855726,27.7772760391235,0.714169276758073
144,74,12.0127832,0.233324205,12.5175701232587,0.216146664729895,116.346398330172,1.00320007085912,22.2449326515198,5.23024277721169
51,38,0.133972925410276,0.600865091,0.00514474351550837,0.216258287735328,11.7987226065528,1.03755043386994,26.7386319637299,0.441261266565822
173,170,30.3178235,0.18512351,31.7698728454939,0.216691281293378,115.019222156948,1.07594541052257,32.146550655365,3.57796465910262
133,13,29.9900955,0.26115303,30.4433143135265,0.217803936287288,143.54857729457,1.01703990350295,28.742769241333,4.9942500699669
82,87,0.0839505341218715,0.2815459665,0.013651699289959,0.218384589394103,27.7853467791338,1.01730387789852,30.2399876117706,0.918827981540528
160,190,0.00535928079521935,0.119841033,0.0098461572800971,0.218837860236451,26.1960216714394,1.02447805189955,30.1434473991394,0.869045312719849
7,6,0.5390430985,0.489903545,0.116238271545413,0.219445103604844,9.21302675221738,1.23326019138634,31.0970933437347,0.296266491867272
135,63,22.134063,0.242451355,22.5843732306967,0.220921783428901,107.796799249338,1.00858751125035,25.7436215877533,4.18732068764634
12,10,1.216981264,0.43643237,0.550485093532461,0.221139802892935,29.5873222932616,1.05528218089222,17.998583316803,1.64386950753172
158,161,0.67941596535,0.1532357245,1.18932637279462,0.221652105410844,16.2631624407425,1.03842763502715,38.009842634201,0.42786713423825
7,3,4.6972087,0.365153135,3.7451218954061,0.221925224189875,63.3131023592335,1.02749803718264,16.2284762859344,3.90135840504683
149,200,44.4080905,0.1609555285,45.7801232913852,0.222116213337066,100.959999400282,1.02747789457072,39.3795795440674,2.56376529585094
74,58,0.107681385921801,0.4202586175,0.0138306354350055,0.223755280751359,8.26905260194337,1.10529042219118,29.4507653713226,0.280775473835233
73,102,73.227368,0.224773965,72.6194969084744,0.224014355186577,141.36218054964,1.00201514977397,47.3276987075806,2.98688050359393
24,2,13.9735175,0.321225845,13.1631847202737,0.224815951633241,89.9215677540014,1.01070155551012,21.0906586647034,4.26357323322913
33,175,12.4558264,0.191834745,11.5303801612449,0.225182369521987,79.3410787233154,1.00846093256104,24.6830697059631,3.21439268569369
115,144,18.807381,0.205767325,19.009501501157,0.225461685612038,111.228403480417,1.00266378049372,26.2472724914551,4.23771283346216
43,4,0.00968080856357904,1.610503465,4.49381000094806e-10,0.225482367449012,39.5009667490993,1.00685107265285,20.727725982666,1.90570672258659
117,110,0.0293151376694223,0.2436337785,0.0110859563270052,0.22636720376512,31.8602040288427,1.04030308283287,27.4801485538483,1.15938980338522
47,38,0.0245748376167601,0.53226882,1.00828727415586e-05,0.226806052002073,11.8595519209841,1.05417623484563,21.752153635025,0.545212769272097
53,45,0.0228821326178881,0.621521075,1.11573710272181e-07,0.227127350340112,25.2375895610489,1.10348977975734,20.3485498428345,1.24026477345933
7,9,0.10192454590251,0.92994858,1.18797043491199e-05,0.22900707806793,2.74974988128054,1.32088815327528,25.5037906169891,0.107817301458271
19,28,0.00653338928972315,0.53089259,3.16301574324418e-08,0.229016367173617,29.6318710021449,1.02125480102902,19.9994719028473,1.48163267240703
29,27,0.0267769061132244,0.81474951,7.02761482964717e-09,0.229220596722883,16.6385283582846,1.04998743516975,19.2918865680695,0.862462481291148
32,33,0.0993560897625,0.4577855445,0.00449938557391479,0.229502568601581,6.95860827790539,1.18697744031882,25.6104171276093,0.271710071852117
170,104,27.725477,0.23127364,28.9990373649471,0.229546356183014,113.985753664781,1.00753628420222,28.444815158844,4.00725942595346
185,147,0.0473225754290234,0.1836275155,0.151749472302326,0.229558714808794,21.948416479346,1.05247503913069,31.0787899494171,0.706218501912993
179,159,0.26970054627491,0.1636065805,0.605865278515812,0.229690172802235,28.0953005586903,1.05527171167284,37.3410964012146,0.752396240774988
50,51,0.050383491295692,0.426409285,0.00102695637264924,0.229764925711535,14.011955565496,1.01062428488871,27.0701055526733,0.517617322852007
35,42,0.271958925375706,0.4911146085,0.0260358063858391,0.230551415817282,12.3740419934337,1.0661593003126,26.6711254119873,0.46394900111235
39,6,0.00266288494418281,1.392796855,2.36895064493617e-12,0.230758300147553,32.4338800791657,1.02459508640754,21.929842710495,1.47898370760515
56,81,4.50509625,0.24287832,4.1974721197306,0.231775881761169,70.2857365625059,0.997966182238709,20.6390132904053,3.40547949524217
18,20,0.0546072193587848,0.866713095,1.24983489351723e-06,0.231906919655945,9.97192541453667,1.28514460358659,21.1015055179596,0.472569381651443
76,4,12.804107,0.327539455,12.5984262005182,0.232333423939807,78.4956098273197,1.00653958463627,20.4535245895386,3.83775468544273
172,191,1.2185808505,0.138466426,1.94402997486423,0.232447191151069,7.63156809797113,1.16917252014111,39.370954990387,0.193837515494214
94,96,0.0989314954735288,0.3194551065,0.0140749894598641,0.234750173602084,7.37768314097206,1.14272345115596,29.4685964584351,0.250357466171765
20,19,0.0323438825504963,0.839812407,3.02503567311175e-08,0.234988840924219,15.1828385935586,1.01650962411918,21.084588766098,0.720091758107756
72,0,0.00555571822127531,1.70463863,2.04575356293199e-09,0.236961037150715,38.6100710538278,1.02070900561427,19.2076306343079,2.01014231213214
83,84,0.00670236914434206,0.3332144725,4.09872876525869e-05,0.237278867799118,16.1081239588868,1.0774433597575,23.847629070282,0.675460185640013
197,190,30.9779815,0.19286243,34.2336263484935,0.237653930199341,126.205475696031,1.01149461913997,32.4171137809753,3.89317434453704
1,2,0.0487227130950171,1.15493221,7.21357883435109e-10,0.238043130215924,2.28315423618314,1.42813136591072,19.6847741603851,0.115985797834445
16,20,0.187100920045523,0.7295972795,0.00164501896876082,0.238892897370184,19.1457648690858,1.09443584390092,27.1031107902527,0.706404700820223
68,70,0.270946747248917,0.4252098925,0.0264264132775125,0.238989805985831,1.42898510857249,2.0147058604723,29.432071685791,0.0485519715984644
29,24,0.0141318824731611,0.684464715,2.16204703657914e-07,0.239011707834025,25.1660028709706,1.01263872946283,20.0951585769653,1.2523415913631
197,196,0.428995196448155,0.1430936855,1.16826339613945,0.23992089050634,30.7808150217431,1.06562606183181,34.469001531601,0.892999902927953
34,39,0.726291765,0.35444687,0.360050472450513,0.240708523345832,55.806357145269,1.08644329594156,23.6698679924011,2.35769617148625
0,1,15.6824755,0.37337011,13.5870693662598,0.243873086668732,156.936084104718,1.03124132083597,19.6903903484344,7.97018653910004
63,76,0.00460839951972088,0.3327034335,1.74361068376141e-05,0.246161032607961,18.1584547447173,1.10334095193118,22.1883950233459,0.818376215386987
51,62,0.4622516840865,0.3662448105,0.21557242260522,0.24691750936019,31.4901669822969,1.00670123514959,26.164413690567,1.20354949874722
146,88,2.497260475,0.263804958,2.92701090388663,0.247933328843876,33.4484362241985,1.01671035443499,20.7399089336395,1.61275714041088
25,42,2.074922445,0.328109272,1.61485409785786,0.248135539624736,48.8261933701313,1.00245027052192,19.8175415992737,2.46378659661402
45,22,0.00780999347006799,0.581892985,4.66567366106162e-06,0.248598974403302,14.2278042849232,1.12627693539743,19.6387419700623,0.724476359362142
0,3,0.08156198211904,1.294941295,4.99001241008071e-08,0.249165999422035,4.37920312181305,1.17625401820535,20.7703008651733,0.21083965755912
103,125,2.286114025,0.226550806,2.5151386250118,0.249382913483176,40.8325854012192,1.03905910882633,23.0755095481873,1.76952042233134
150,100,1.797459465,0.252940797,2.20577613525292,0.250424307819928,54.6956117444581,1.02615180814293,23.664835691452,2.31126099743911
4,11,0.0195736224512784,0.78973467,2.16436607475159e-09,0.251073145201875,23.2010384971863,1.10027068630448,19.9205603599548,1.16467800493333
78,44,0.283878870942251,0.4574176155,0.146327887038575,0.251551760531262,29.7288305213003,1.01992030171224,26.2628939151764,1.13197085657499
114,138,0.449666394676,0.211135237,0.43897493812971,0.251700852388523,33.9596300933002,1.0010993346428,34.6605584621429,0.979777349242415
90,179,58.256825,0.218278545,58.0694313958948,0.252371899113651,143.161231464313,1.02054612151462,42.1539540290833,3.39615190939245
16,4,6.5356663,0.3722233,5.8325539024405,0.252944018938213,65.7079496798697,1.00951217840602,17.2448387145996,3.81029656277625
10,3,0.00674381745174698,1.954657495,1.29268672156202e-14,0.252975320001269,30.5940140983414,1.0491113255044,19.9117770195007,1.53647833984777
3,2,0.00163180811198893,1.438324065,1.11718350490827e-20,0.25348648313077,51.4959363643537,1.02174013326809,19.5126922130585,2.63909950518725
51,11,7.9156169,0.340086745,7.55842337973709,0.254259870317694,134.249513803145,1.04212943339442,17.8343322277069,7.52758847873087
74,81,0.00170576321208305,0.310428845,2.89598490289625e-05,0.254469319144019,41.4501978589598,1.04690699894711,23.3283188343048,1.77681890209793
144,119,0.848091005517,0.2388714965,1.21878012108493,0.254572792588513,25.301185912572,0.999567530091265,28.664470911026,0.882667117460719
168,77,7.7348533,0.26917682,8.34555127561966,0.255751911604769,89.9248818739346,1.02070071799195,20.4570558071136,4.39578807047417
79,73,0.055144502226499,0.537152817,0.000606084219483652,0.256902832899437,17.1333080815323,1.07398070824742,28.0513801574707,0.610783069686832
31,65,23.0031645,0.280113675,22.0980640440733,0.257918891897645,152.486957785058,1.00327340362024,25.7194168567657,5.92886528626504
30,35,0.0173420657997253,0.678432014,2.5041445314184e-08,0.25854786996646,6.45994262798459,1.18754074680713,19.5081486701965,0.33114073186523
91,76,0.103086529445701,0.3734338505,0.0354098945616506,0.258554357339418,23.3317274134107,1.02927097395644,26.0825130939484,0.894535251621289
19,27,0.02096231108539,0.55547124,2.69982769744947e-05,0.260174003795791,28.2893240751958,1.05624926935977,23.4671051502228,1.20548844410523
2,3,0.00458987296670561,1.46787186,1.95419483241689e-20,0.260325999989762,36.8096947299899,1.00261348214087,20.8907153606415,1.76201217117438
24,7,0.00495693503172078,1.319954355,1.2723399602119e-11,0.26195797566978,31.3697664068609,1.01314006239753,21.4885742664337,1.45983470182394
34,35,0.32442876493325,0.684188348,0.027281108809091,0.262894843438782,18.2894308582527,1.02177266445302,27.0170316696167,0.676959300411263
68,3,0.00287558323088686,1.37213311,2.85548590240257e-09,0.263449662421315,34.5043327632659,1.02899243331858,21.5420017242432,1.60172360976256
49,47,0.0101466506807662,0.51355327,8.52350975558161e-06,0.263746761204166,3.29678230185481,1.33128369896633,22.8249037265778,0.144437949940441
8,20,0.0327076986131922,0.75945536,1.83423334224166e-07,0.264468071059654,32.6391555695102,1.04782645612065,21.800931930542,1.49714496946731
32,22,0.0745783230188452,0.75520279,0.000566673634158358,0.264659049460526,24.32732458526,1.09110962082641,26.2251715660095,0.927632619067043
15,5,0.0070264958634767,1.693108625,1.13465054911117e-13,0.264802373841542,33.2209579368163,1.17938234792964,20.3720796108246,1.63071019608447
28,25,0.0583457207072451,0.9023386145,0.000126432899451376,0.26587730781194,2.25628345856917,1.49867064306187,22.9686362743378,0.0982332356009337
44,43,0.370826738232174,1.053884724,0.0153842711018902,0.266307910308056,14.6470116297882,1.05986072437224,23.1658370494843,0.632267748344292
65,137,3.12764955,0.2396092575,2.86996226254568,0.267076180824953,64.5491293787695,1.03176871904178,22.0208446979523,2.9312739935345
88,98,0.342045721535,0.3281588605,0.201795242396085,0.267464508375467,46.2823128879557,1.04684528963281,31.7395207881927,1.45819192409398
43,45,0.0367619699976514,0.648454322,1.39205214234401e-05,0.267560012389613,2.23496061825488,1.50928613800523,23.2543129920959,0.0961095096214854
55,72,0.00784138626345226,0.444494329,9.34365167049081e-07,0.267800891999806,12.6183189424304,1.00825888815328,21.9069035053253,0.575997376323088
31,95,75.476998,0.270857645,73.7307571460045,0.267986474824307,156.164920131075,1.0478258512733,46.5318191051483,3.35608886852646
89,152,50.2955735,0.24935295,50.0163998466838,0.268600176977414,166.374976115486,0.999115558220893,36.7959015369415,4.52156270579355
42,49,0.0104688721442075,0.485193097,1.15721104169329e-05,0.269550949816386,7.25995159053338,1.12508211173221,23.3492546081543,0.310928623305944
53,59,0.0207068443171443,0.381073878,0.000405039273041416,0.269593041237151,16.2862542958905,1.09528087862365,25.3834583759308,0.641608958664732
54,46,0.0132675489592705,0.4431538195,0.000401348259200009,0.270461877614661,16.0268068053309,1.04565212565225,25.0605969429016,0.639522148728004
60,66,0.102819586058146,0.454054351,0.00485984943372782,0.27050652536964,17.4262007704465,1.13743493569295,26.8862106800079,0.648146404037677
110,50,2.75433875,0.3216442,2.81511982251027,0.271378180345345,80.8098775045857,1.01571954944027,17.8380835056305,4.53018831754423
18,160,140.900565,0.240212095,137.607081334597,0.271909177386192,132.159889577151,1.02632856911852,74.6364634037018,1.77071478939604
143,65,39.004063,0.293358045,39.5382396677414,0.272123392050523,103.019251937343,1.02429537456191,31.389627456665,3.28195204226511
74,86,0.00773797212690414,0.378769671,2.82837960999124e-05,0.272694801740148,10.7214204140198,1.08556321749186,23.0211884975433,0.465719674514801
134,102,1.91756038,0.275728678,2.17603795409784,0.273223844953468,25.4987036762328,1.02859521021538,22.0661866664886,1.1555555140371
101,91,0.0121934381104658,0.3781878355,0.000490574902874101,0.273491644376712,2.47991924155126,1.3908473492708,23.2350866794586,0.10673165440539
47,4,0.00223935312560551,1.38183279,1.47207221054912e-08,0.273838920400929,46.3068923917397,1.05692241555445,19.1760945320129,2.41482395252245
87,79,0.0323766293656186,0.367029683,0.00506598525199928,0.275155559050052,21.0289203157336,1.02891006115096,27.2960200309753,0.770402435661686
68,53,0.0086304424914618,0.4219590545,0.000275949286306327,0.275455028462148,20.6455314975673,1.08776597637807,22.5733087062836,0.914599262615869
85,77,0.00647709918888823,0.383192827,0.000195099469051995,0.277526986406089,12.7923735208725,0.997768367332793,23.4217443466187,0.546175098300027
115,103,0.0501468151888434,0.3238595755,0.0113892307766953,0.278059403652418,5.1138992422741,1.1965383049998,28.6633813381195,0.178412280880243
23,103,14.1528015,0.277215815,13.2047339789876,0.279852095001387,108.036470555725,0.997815800045895,22.0298507213593,4.90409453619115
21,4,0.0127996686131336,1.595618985,5.23491509982738e-11,0.28046112138452,15.7556316621709,1.17084218253189,21.9594073295593,0.717488929719994
18,13,0.0620386349976221,0.88514718,0.000100109552067274,0.280490975315365,2.88625023871818,1.36384768764786,21.8564608097076,0.13205478525765
96,148,6.6422765,0.25637215,6.61784827840749,0.282809679825628,58.6080753742429,1.02205281143833,20.8267123699188,2.81408195077845
174,180,0.0654906901147392,0.1324640835,0.217405881224994,0.28341082899256,13.2254994552405,1.07906049912433,32.4040100574493,0.408143912799461
79,73,51.479652,0.29914142,51.0648902763953,0.283813145916235,153.538265078421,1.00070015657755,36.305340051651,4.22908213667701
60,45,0.0337628750122447,0.4676631755,0.0038744573543558,0.28498481056915,9.69370727060343,1.18783557301527,26.1701784133911,0.370410438839164
83,88,0.47099271001,0.306342891,0.377547726203033,0.285393587177922,10.2907385328283,1.0781381356385,24.6580457687378,0.417337960572495
58,52,0.0137380837888685,0.543926546,9.62382021954447e-05,0.285491913134495,12.6616905174263,1.07578741898955,20.7042367458344,0.61155070205492
60,5,0.00472736805986575,1.453580075,1.40273801738471e-08,0.285869009427202,51.7221783970847,1.02578468553487,20.6205167770386,2.5082872052304
147,135,0.00713668170834003,0.2377884195,0.00450918582014039,0.286207255658383,9.65362534766789,1.03835896341264,26.8951842784882,0.358935088442181
121,162,0.8533748083,0.190654407,0.96040729723383,0.286645493510888,18.1409565148543,1.00595867133049,31.3734316825867,0.578226720570169
92,96,0.684029738,0.342226725,0.556016009821379,0.286951983253331,9.62796152250118,1.1343053674591,24.8317172527313,0.387728380784546
190,120,21.7181095,0.276870275,23.3167079746703,0.288837069615341,74.8822972393335,1.025998035055,24.3401641845703,3.07649104876633
28,51,15.9205855,0.3278234,15.0040248898606,0.288943134800811,126.854453926234,0.99785294235193,21.2295262813568,5.97537845381102
12,9,0.2201576415265,0.96844278,0.0104692562752463,0.289240268034343,40.435967637771,0.996054133994951,27.5584666728973,1.46727929814536
42,39,0.0314296593339325,0.6858358695,2.01431198524029e-05,0.289471796107563,22.105869531707,1.19882902768616,21.9923329353333,1.00516255354571
13,9,0.6078771405,0.737283355,0.14442072562683,0.289750792851018,19.062986568452,1.04376250832898,23.1739718914032,0.82260333523248
38,37,0.0881893679558017,0.970666321,9.39838946002197e-05,0.290032190456138,14.9870299268419,1.1523398300894,23.4213421344757,0.639887750274621
23,21,6.72691335,0.369354155,6.19498066309135,0.290307279534093,75.4418036013373,1.0007916387197,17.1569378376007,4.39716016432728
57,85,0.00812990921452558,0.3597057115,7.48178185881913e-05,0.292791751916946,26.8021351020737,1.02390571674688,24.1756360530853,1.10864239696615
170,176,0.43820929614105,0.1578300025,1.0830196030881,0.294468415121377,27.6722848802406,1.00850909038213,36.5276708602905,0.75757047269946
5,4,0.00574111808441837,1.426268305,1.19180040251994e-15,0.295530489195117,47.3949534801239,1.00884043680974,21.3686141967773,2.21797038608482
128,78,1.259152255,0.33838295,1.4213893506713,0.295586020853732,6.90904660820684,1.11564847679604,30.0515537261963,0.229906469101601
14,11,0.00566215246711582,1.466125575,3.42775588562188e-18,0.297686804354681,34.0868608003357,1.00016544130765,19.7945613861084,1.7220316295696
200,200,0.256238675613319,0.1222375825,1.37868229281139,0.299092809781733,3.56005449011341,1.30346169665508,30.8366243839264,0.115448904062569
18,10,0.00824685047395243,1.60052362,1.17833611828216e-14,0.299165798741528,16.7472806652726,1.17892394198903,21.2912490367889,0.786580469578613
43,42,0.0157892568227844,0.592296455,1.14490658216605e-05,0.300086299268664,23.3099136796642,1.00352496701811,21.7096717357635,1.07371101522758
67,8,0.0103549174940279,1.39892446,1.07739461295878e-07,0.300710453069344,31.0669668603505,1.02544499283444,21.1321558952332,1.47012765826502
50,143,44.994303,0.27850826,44.1223628328106,0.301550160106138,133.564722774355,1.00782970545504,34.2270524501801,3.90231449140321
132,143,2.02934764,0.254965443,2.50237889119769,0.301782850553691,17.7615086013343,1.03186696982781,20.0986368656158,0.883717075943603
29,36,10.60016865,0.36104775,9.86102880370798,0.301844702594917,36.942282955214,1.04080265221915,18.3627016544342,2.0118108789451
34,36,0.193268135624935,0.7380096795,0.00625609398266812,0.302115224467947,1.63974457959588,1.68997523528563,26.9007062911987,0.0609554471115268
94,57,12.299202,0.33355643,12.2326193761603,0.302891692695303,110.043110716184,1.01878628186321,19.6648163795471,5.59593888863549
114,144,0.0280578056429655,0.2606137805,0.00457732049996997,0.303281590010516,3.79715489337691,1.22877319360194,27.4402694702148,0.138378921442391
77,71,12.9651795,0.322908435,12.825857361517,0.303639437892792,81.5021955023116,1.02419911478811,19.8738715648651,4.10097223564626
69,101,2.45003883,0.308550385,2.31324762079944,0.303723255659346,41.5026674558709,1.02227706699609,18.6256635189056,2.22825175670893
24,14,0.0481583990301295,1.0007998,5.49782054365947e-05,0.305090913789314,16.6760000031064,1.16917849182149,20.6770434379578,0.806498281688257
200,200,0.0615914299296806,0.1170669315,0.511838361999875,0.306886791239045,14.6444255518952,1.01950027596789,30.6951117515564,0.477093084736941
16,16,0.100480961087101,0.8391857595,0.00156567364706551,0.307813509097478,1.90196689533386,1.78514087441117,25.0329523086548,0.0759785290956783
5,18,0.0102004188672144,0.77954472,1.6788717210112e-09,0.310493692893107,38.6281068673138,1.02852171769303,18.8982627391815,2.04400305998639
145,88,15.0692165,0.323922595,15.4869261713812,0.311915066365385,141.172684267044,1.01345849606498,20.6739270687103,6.82853740355439
71,9,0.00297627779470277,1.402460105,1.06025776622459e-07,0.313154178054753,49.9291325763425,1.06924704879023,20.7133939266205,2.4104756928402
48,41,0.0164396077018315,0.79814344,9.22040252217422e-07,0.31399100997614,12.4958508237228,1.00983598592365,19.2484188079834,0.64918843196305
150,67,2.4955519,0.35067487,2.77453825131123,0.31430513550579,87.4013891785198,1.00985580711092,18.231368303299,4.79401149296647
75,72,0.125978905234147,0.953381209,0.00261099128301064,0.31499570112814,3.89458843734549,1.25342767175838,27.4325561523438,0.141969578617366
180,139,6.44951175,0.288635985,7.31654912732276,0.315650447407903,33.0184983475948,1.05653318750912,19.3050811290741,1.71035273702465
125,127,0.0244530677465626,0.2739572255,0.0125909954542582,0.316170271147925,11.6158198036978,1.05184267964287,27.4220168590546,0.423594656199123
92,82,0.063016166861042,0.487711717,0.00919954467945779,0.317562726512724,2.8439103746675,1.33756027017333,26.6981608867645,0.106520834402393
99,102,12.6511305,0.315737065,12.6936923387307,0.318317991898073,108.418003677655,1.0069381908378,19.8652997016907,5.45765758914919
124,154,0.265064342709875,0.2247983445,0.29654788051216,0.318519579278928,34.8079506778116,1.00552136746418,29.1772375106812,1.1929830802203
87,8,35.6339635,0.399530975,35.471677278867,0.318730206283103,153.675837236369,1.01853484263162,27.9605314731598,5.49617010620443
22,18,0.136639694955067,1.595373505,5.1057393639962e-06,0.318746004551265,8.15178023512516,1.0612515665765,21.495790719986,0.37922681427792
109,115,0.0186851876564633,0.3220779445,0.00418828618907548,0.3189852225707,28.1103342689999,1.0037084036551,25.4295771121979,1.10541886500803
197,179,0.287688883928715,0.1995442985,0.790504005916261,0.319318740021332,31.5993747197048,1.09708399206822,31.5639889240265,1.0011210812348
49,49,0.0627412424073355,0.7952892435,0.000210829352453265,0.319564686172322,16.553295353076,1.00380920470697,24.9991860389709,0.66215337280467
35,7,0.00649111843577172,1.289429895,4.33715317478428e-09,0.319908824858974,53.5629032070195,1.00032587941154,18.6266777515411,2.87560153890501
99,43,13.778705,0.36643062,13.8003537394673,0.320823175784172,106.607755132786,1.01138047656631,19.4857401847839,5.47106520572588
16,10,0.00538356943739312,1.382910455,2.55215385630025e-13,0.321295448500123,32.5904794027529,1.02459712812121,19.7548000812531,1.64974989717464
73,13,0.00778679966189169,1.738321875,2.105417800101e-08,0.321795983846264,26.7021527688579,1.01592810493915,20.7003014087677,1.28994028838382
111,96,0.00560781866641299,0.412905925,0.000390299384942206,0.322019472209916,25.591815925073,1.03060790994705,21.5392668247223,1.18814703087755
184,73,15.4222065,0.3427653,16.5966399243635,0.322309667902117,72.8482421069952,1.01189302921144,20.6300239562988,3.53117583679552
49,36,0.12338156421835,0.63295148,0.0200038686578756,0.322522086614275,15.087644514596,1.00312808272328,28.2018647193909,0.534987479186869
134,98,40.8845245,0.326553925,41.4486786503984,0.32293058074554,106.955408845771,1.05283352561749,31.7311267852783,3.37067793304437
139,128,0.0152927344621228,0.2860600125,0.00973881432939069,0.323549177706564,30.1801324567762,1.0194373464445,27.5410168170929,1.09582491660385
59,187,82.333824,0.268175275,81.135077324037,0.32376320125718,188.53888960002,1.01885511507743,48.1277885437012,3.91746421984094
144,160,0.001340744366024,0.225369888,0.00041582782221712,0.323797638741442,22.6765979690121,1.00465683380556,24.1239652633667,0.940002927439441
141,190,31.7979305,0.261044625,32.4129414653183,0.323854233609444,120.586177594997,1.01433190838793,29.3895382881165,4.10303069115434
4,1,3.3980474,0.530895205,2.58581715438826,0.324477372550982,55.5013158350796,1.02777377769245,14.7277467250824,3.76848657646705
61,44,0.1069962828681,0.628791295,0.0203056512178119,0.324521199863464,2.06285578086121,1.52171094225714,27.9558343887329,0.073789812608584
21,34,1.019892975,0.464694975,0.544405419339092,0.325625492227021,23.3230092800989,1.07805133309547,20.0565152168274,1.16286448707355
57,58,0.0165766105385588,0.50801286,0.000435479773145498,0.325688855747054,17.9227442136191,1.01309046731582,23.7079870700836,0.755979162660976
119,139,2.9989897,0.287919495,3.17072330789934,0.325845967458521,39.6370784324096,1.07258174710638,19.5718502998352,2.02520854314645
174,174,0.0107835749396231,0.168739227,0.0272897781585871,0.326009070929998,15.0977392541976,1.08143209259826,27.8872232437134,0.541385534237478
22,22,0.0353448264407675,0.960506675,3.57401326455434e-06,0.327693386075046,24.3229836470107,1.07991634186353,20.7137463092804,1.17424358123539
128,108,31.5149295,0.324179025,31.8896377027282,0.328067880332833,153.393637210177,1.0131766963104,27.8890869617462,5.50013119542343
147,198,6.0960613,0.22684858,6.6086896920406,0.328475647933483,78.303168373711,1.01400943437557,21.5560190677643,3.63254310211706
143,54,89.6907155,0.357696635,90.613919872698,0.330217929982424,112.354496429385,1.03151558097504,50.9413006305695,2.20556787986607
75,190,7.3615228,0.24553877,7.14240437160613,0.33082321377078,88.2766927811456,0.999618664992943,20.9552702903748,4.21262486992082
1,50,0.0128226031945659,0.72929187,5.60533113305598e-12,0.331329733582827,23.1277600294674,1.04663577817839,20.9284460544586,1.10508730410686
55,60,0.0235225483555505,0.579494425,0.000382211574422601,0.331484833552946,16.4102150329454,1.10917974227042,23.3927850723267,0.701507536713036
117,117,0.17823451930155,0.3138019695,0.153578721650843,0.331599638652141,22.3609287404776,1.04461427604483,28.1486265659332,0.794387914028454
0,0,0.414449425,1.113823,0.0241272010915836,0.33183422224716,7.58619888044814,1.18078860970794,26.4411637783051,0.286908660452858
72,9,0.00864127175288107,1.51461275,3.39847068867334e-07,0.333617976407323,40.9289828577875,1.0583846509846,21.6582970619202,1.88975997239179
63,70,0.0490966962400359,0.559527126,0.00131018007109399,0.335494844486898,5.63940474231983,1.16729181951615,25.3781621456146,0.222214859766523
194,190,0.295159734330247,0.1481651195,1.16164692578244,0.33724540547584,14.4776638775451,1.09366423462194,35.9579045772552,0.402628129969029
176,151,118.083085,0.310629805,120.204767606616,0.337438348788914,156.650511142186,1.00615891161197,64.0532021522522,2.44563122339821
61,88,95.5073055,0.346926655,94.5929503884834,0.337544950268777,192.12432179697,1.03434652903852,53.950202703476,3.56114179687025
106,111,0.0195524013499645,0.3437492715,0.00405644004399774,0.338315562902451,36.3153966900459,1.05946550763793,26.0748879909515,1.3927345230648
36,97,26.296169,0.346365445,25.5260538800882,0.340097827732175,164.597837025577,1.02178747959104,24.964736700058,6.59321341951885
184,181,0.0149238015852321,0.1748056775,0.0613616139946404,0.3406136090844,21.5530046636638,1.00936892861674,27.8076274394989,0.775075281433368
10,4,3.660297,0.510417795,3.13433899257912,0.340838974345255,52.767969028162,1.02053258137787,15.4674301147461,3.41155373819048
97,38,81.695906,0.390461565,81.6749743958094,0.341606562098213,153.181649842985,1.0046615693538,47.6747097969055,3.21305888374652
103,25,2.2622737,0.45858001,2.2702093456686,0.343007982838056,41.0806698636368,0.99648778828223,17.0563187599182,2.40853084665462
22,38,16.5424415,0.394389955,15.7896824436915,0.343355343432912,140.479127162616,1.0183875793357,20.5313518047333,6.8421762238875
194,186,45.193049,0.28377642,47.2083479251737,0.343523953889276,125.390818365753,1.0136451807245,34.4582161903381,3.63892366549467
176,183,3.398511,0.24511229,4.17092477712261,0.344036285590591,39.1862404979121,1.03495988840935,21.3242943286896,1.83763363485333
47,35,0.0333525129018918,0.62583098,0.00126467622285672,0.344628706547137,9.74760429004209,1.11861476891451,24.1615779399872,0.403434093346606
8,9,5.33350255,0.456904965,4.59119717339574,0.344694469305355,74.3632480909671,1.01614922318108,15.2132594585419,4.8880549427042
58,7,0.00765982171335369,1.72588243,6.21070718293811e-09,0.344698592146005,42.9287295721175,1.1191178086641,20.3084199428558,2.11383897383012
65,51,0.0164323335665652,0.81639688,1.81855956495184e-05,0.345141703663777,15.7048022808557,1.09880832513923,20.4232842922211,0.768965561863009
12,5,0.00477110813429796,1.865971815,4.71477415058383e-11,0.346073404858139,40.2605480068185,0.997754720064417,20.9034180641174,1.92602702023787
17,29,0.0411180134220861,0.7934042165,1.59159766514857e-05,0.34679078155383,43.247064622379,1.00471815664559,22.0258498191833,1.96346860518013
155,144,0.15289853577257,0.247792465,0.299343544180089,0.347048614278574,12.9733963522278,1.0812638891073,29.0190391540527,0.447064986657768
4,6,0.00875122531768913,1.722168265,2.08136944524274e-15,0.347677908716441,32.1158589243369,1.10739820097531,20.050635099411,1.60173773873528
48,5,0.0126438143248001,1.70627424,2.37658138836882e-09,0.348152161892812,26.9498753069556,1.08975978549739,22.2203767299652,1.21284511214486
133,140,0.0222724794984291,0.2820410575,0.0109624994266035,0.348674016172226,2.69741225989609,1.3212588228171,25.710232257843,0.104915904020013
118,133,0.00278267224875422,0.341691378,0.000103188429620129,0.351361778754815,19.4709769465971,1.25408347781692,21.0977456569672,0.922893718749859
200,200,0.000475753808494903,0.10947625,0.057348792642006,0.351503597593647,33.096353833532,0.999222797872766,25.319149017334,1.307166911924
161,153,0.0556233526079006,0.218287067,0.121256023695104,0.352387054781497,25.5895770225458,1.03083574928744,31.8997375965118,0.802187696532774
52,31,0.0114869178725459,0.762373335,1.31644431393523e-05,0.352447925542503,27.3894791259328,1.02754431809336,19.0959765911102,1.43430627887779
45,1,0.00874880212635816,1.675789285,4.87258102915793e-10,0.353032015526416,33.3975332338361,1.00060864715132,20.5631852149963,1.6241420229722
15,17,0.113021455190867,1.12279198,0.000278828863646805,0.353846261172815,1.67559327552364,1.84559469960046,21.8603701591492,0.0766498125752166
200,160,3.6090858,0.29211268,4.89404417766825,0.3545419940913,37.3947833076716,1.02503872793491,18.7353203296661,1.99595110463414
139,131,16.189212,0.327424975,16.6066951667936,0.355804278118044,141.218857104334,0.999501383077807,21.2895464897156,6.63324872479332
119,92,0.00876198830424762,0.4330335335,0.000817467272327883,0.356397580786809,27.0513217605101,0.997094698128718,22.469491481781,1.20391339441056
125,115,0.209114314398849,0.392221274,0.194345226053927,0.357252356892439,8.61879413039344,1.11008151143456,30.0882453918457,0.286450539675844
108,116,0.0112177400021564,0.365509736,0.000753722828542843,0.358458862521957,6.85777491518768,1.16945512278622,23.8171615600586,0.287934181321093
39,18,0.0039374839608267,1.23688682,1.30892920631388e-10,0.360021940869344,50.8717177308356,1.01481096408179,20.4539020061493,2.48713999487929
107,47,37.759066,0.40189838,37.8486592817397,0.360362929178252,102.745838434826,1.00461989236284,29.4787650108337,3.48541868687735
69,15,0.00803721448144978,1.52151077,6.95220486048099e-08,0.360550020820982,29.4654779398436,1.00439246380299,19.1505937576294,1.53861954949073
67,65,0.0164712720963996,0.6896355765,2.35866294986974e-05,0.363441445139659,9.34482673266906,1.10620973910649,20.5146951675415,0.455518673631306
26,15,1.08475147,0.60784256,0.736925865899886,0.363837739992936,72.5586515554307,0.997784524302984,16.1201541423798,4.5011140039086
29,24,4.0750373,0.474620545,3.61527291679588,0.363899382728328,93.3795696013142,1.0103851381587,14.3032784461975,6.5285430855986
34,53,103.3556705,0.407855695,101.994700980201,0.365443388465515,169.200846252819,0.99749134426689,53.7124378681183,3.15012412335971
97,12,0.00977672713806979,1.9795747,2.65769998305809e-05,0.365859276857821,17.037932651225,1.18347455421879,20.7576744556427,0.820801611839202
92,69,0.0984937986610642,0.6203601405,0.0185752173215312,0.365900684752788,2.94350196099782,1.33408374989217,27.389032125473,0.107470097793643
144,49,48.8243135,0.41517783,49.4209541625349,0.36832593770458,151.641147756153,1.01391535345943,33.8754539489746,4.47643145932642
85,84,0.0103280376920506,0.568010455,6.7746222604712e-05,0.369286457496468,3.17033783065963,1.30800891247496,21.2990338802338,0.148848903123339
108,88,0.222021841114,0.4065683075,0.217216840605702,0.369837003695855,24.8604641656305,1.0442360714735,27.6150271892548,0.900251301411134
64,50,0.0259209455243723,0.87656952,0.000130237945791093,0.370280942964478,17.7870834173063,1.18893789093452,20.6533331871033,0.861220959162814
14,23,0.465547311035,0.921500955,0.0741948730013307,0.370829684624166,9.8344095293964,1.08024664113947,17.7362821102142,0.554479764602572
41,124,40.6241625,0.35562374,39.6289002703221,0.371361834239956,144.003859410181,1.01318068512275,31.0657274723053,4.63545750018435
95,103,0.84502226428602,0.417038782,0.790381060247192,0.371611161262348,19.5112881672185,1.13637994339949,18.9221241474152,1.03113625168154
124,77,5.4468575,0.403881445,5.60093876201532,0.371645859330718,76.2572394987662,1.01857147186461,16.27756524086,4.68480625759343
42,11,0.00431067328554594,1.345523745,2.26443761310252e-11,0.371717026448368,36.6028184162366,1.04304115406836,20.9619569778442,1.74615463884999
0,7,0.00660222870085082,1.520550405,5.27069130220165e-21,0.371916545837434,19.1534314847576,1.12067836659334,21.4074313640594,0.894709466027482
32,23,0.2412089998595,1.261305825,0.0122364698906002,0.372203189736592,16.5568425408602,1.05972303207966,27.8019061088562,0.595529043081908
152,159,0.0057067747501918,0.25299697,0.00262241273478887,0.372770357442921,21.3956856690928,1.03845829865875,24.1341500282288,0.886531559804968
35,16,0.00322533809250301,1.385681275,1.50825544060077e-11,0.373268424785815,38.3792738979908,1.03960369608079,18.7091038227081,2.05136890904459
123,45,5.29510145,0.441113285,5.4466397058784,0.373759202225203,46.2764466191252,1.01145580840351,15.5076277256012,2.98410868754145
200,200,0.0168535972090708,0.1396775335,0.215315073138559,0.37588930627873,27.0912518150319,1.04940434353298,28.9274101257324,0.936525312749406
135,125,0.0330041371049529,0.336862555,0.0318846155926533,0.375992064495501,28.9978409539187,1.04447980982493,26.6077964305878,1.08982497027012
166,171,0.150305933818713,0.218525746,0.311236030570528,0.376204330139249,31.2206678936305,1.00787511663595,30.1042091846466,1.03708646528916
5,18,16.662382,0.47580207,15.5408329178322,0.377800353120101,149.256329908223,1.00675908964857,19.5609564781189,7.63031859281435
100,94,0.0803300917756155,0.3998010075,0.0583470561212251,0.37974698635399,5.9414183185167,1.17470938022797,27.4848594665527,0.216170591148447
154,181,124.06346,0.30821129,125.632232091415,0.379901846058038,136.905143555765,1.01345546021842,65.9160766601562,2.07696134983288
36,37,1.259164205,0.510827065,0.995005983160692,0.380531902147768,30.1718222293317,1.09060833636456,15.7555558681488,1.91499573114564
100,111,4.77663655,0.36742217,4.82957990874923,0.380777582994634,57.0961496727091,1.0024946901349,15.7863941192627,3.61679489574126
70,12,0.00631894031859774,1.72786355,9.00475748709455e-08,0.381570678436301,42.1838394521328,1.00870338940973,20.8427243232727,2.02391197992437
173,20,440.438815,0.455806415,444.263740983058,0.38269800384998,158.858625662931,1.01733715404116,197.62212729454,0.803850397917054
118,106,0.0107866914245491,0.389839576,0.00398688909728802,0.383089998051666,37.0283595598803,1.04111204838762,23.7850604057312,1.55679064623935
44,50,0.0468596401739557,0.6921065165,0.000415452222606471,0.384899583863516,19.6097388386172,1.14593171845403,23.4522452354431,0.836156139497521
58,10,0.00869607051620782,1.792660545,4.33383915299462e-07,0.385003784184307,23.9430768220377,1.18483256824936,19.5401847362518,1.22532499795754
122,146,5.51185265,0.348457395,5.67607349650284,0.385894601836535,109.415237496518,1.00649400729723,17.5435054302216,6.23679446115894
175,99,19.000818,0.388117805,19.8084364506002,0.386764667786818,106.747849060603,1.00466585649828,21.2471706867218,5.02409712024924
26,26,0.06048985620902,0.661374305,0.0052328981458223,0.386860058639957,15.5760272508058,1.05834991174264,24.5446829795837,0.634598836080383
97,98,0.00754463434562352,0.3898790575,0.00236423680526904,0.388463344513702,29.1414615658964,1.01124489542827,25.4393284320831,1.14552794283454
128,107,0.0414365054482278,0.405141851,0.0264346078575063,0.389097345635087,22.7582878652397,1.00910289202441,25.909989118576,0.87835960721895
72,26,8.95083835,0.49067977,8.79416829691042,0.389668918872742,62.4432649099883,1.03305808822366,16.2753584384918,3.83667525025487
137,171,0.67172090197997,0.270234478,0.91184774875206,0.389673860284945,27.9661886641867,0.995655760950906,25.9190144538879,1.07898348966705
152,31,46.0469825,0.46301047,46.827164419663,0.390879707879229,172.591787437151,1.0008471740472,32.5836849212646,5.29687749725674
200,200,0.00791621823133738,0.1125136145,0.282624503681869,0.392147100826815,35.4274444247359,0.998709325835843,29.3824286460876,1.20573574265969
161,149,0.114855728681595,0.263279692,0.23925034200801,0.39286587437784,12.1524964151359,1.05229107917725,28.7115623950958,0.423261411131415
51,50,0.0248839494121192,0.714044684,0.000230102606598805,0.393601971760216,2.25717231168216,1.44068246039235,20.5750727653503,0.109704220122292
16,19,2.57971055,0.60173698,2.0777110713664,0.394752380725558,46.4974428501856,1.08747252056831,13.9239225387573,3.33939252540078
150,146,0.0368906108410147,0.3083672805,0.05456137347477,0.395345025142596,28.4705864965907,0.999978822821176,29.0296931266785,0.980740181177668
173,186,7.0662073,0.306942845,7.79432343845505,0.396495842396326,42.7137612081782,1.04040795098205,18.6001873016357,2.29641564977262
67,68,0.028974776016119,0.512392523,0.00272904572748069,0.39847259220935,3.03893599443681,1.30808730422521,24.919221162796,0.121951483739544
60,133,8.8332537,0.370584625,8.4272985220964,0.398719830458703,87.4180578931005,1.00434251561931,17.9477565288544,4.87069555197942
131,19,0.00176843070931208,1.322780815,6.84660030330261e-06,0.399336221751063,33.1239278625323,1.06763372460354,18.6799554824829,1.77323376887028
97,115,0.0228112506488634,0.4663597565,0.00127056919224385,0.399499210893863,30.8349659026013,1.02621271533682,23.8899674415588,1.29070774072973
130,145,0.361907218918,0.29604737,0.457283536895067,0.399543557627617,21.8049966499164,1.0167584782092,30.1925525665283,0.722197853323922
61,88,0.0062816594817196,0.440811574,1.17086735769718e-05,0.399897991283026,10.4616680938248,1.12679985799127,21.6072981357574,0.484172895106769
41,37,0.0603648183169774,1.10713544,0.000466196547768512,0.400135894779322,2.08306614518967,1.50397185831337,20.5633375644684,0.101300002427088
84,86,0.114142440389488,0.652507082,0.0127731361104937,0.400805832726855,2.41193537754536,1.34943631690087,26.0594544410706,0.092555098687871
144,147,4.44062995,0.33750158,4.87509086651155,0.400966061761131,30.7036852812384,1.06022127165851,17.471953868866,1.75731263439006
77,56,0.62274703745,0.5484761565,0.550726462394765,0.401141259994796,17.5291318112088,1.06046208150511,21.2528784275055,0.824788598448039
39,37,87.9266145,0.448786875,86.7320497104866,0.401322372660786,158.976899595385,1.0052812869406,49.2315683364868,3.22916585774424
138,70,57.815725,0.43030453,58.4164997468987,0.402210405311366,156.992727708715,0.998110361687075,36.4875943660736,4.30263300270319
44,8,0.00762134949116735,1.41699944,7.48675935009585e-09,0.402624537407616,56.6731748810107,1.00212803456792,20.0225603580475,2.8304659278119
61,15,0.00779299739569905,1.51303523,1.11028767981987e-07,0.404314219379892,41.0195531196683,1.045689994742,21.9651715755463,1.86748157093092
13,18,0.0453508925759723,0.95979882,4.8304616267871e-05,0.404404149904444,9.38982475053449,1.03339877715997,21.7183213233948,0.432345788181145
46,34,0.061643129685945,0.90551977,0.00269482856952739,0.404688701921134,11.4577052736132,1.02715698027196,21.5904004573822,0.530685167059767
20,7,0.00578617804888396,1.745336065,3.39466745053573e-09,0.406021050556519,49.7488703703154,1.06435025936214,20.8056337833405,2.39112496588066
155,185,43.0875065,0.338599645,43.9601109406087,0.406645558060018,102.834512576948,1.00647378779741,32.3733839988708,3.17651415683126
119,25,0.00427887407305197,1.387476915,1.51449881031551e-06,0.40676971787556,33.4430507397299,1.06049069234396,20.8175373077393,1.60648448687045
48,57,0.0278065705503474,0.79480682,2.70623307315793e-05,0.40704024626877,28.2727180571139,1.10827820769104,19.9541232585907,1.41688600850663
74,93,160.516135,0.41597542,159.868640697993,0.408918276646571,162.155863695811,1.00142940389061,79.2600004673004,2.0458726058513
64,47,0.0125358298973353,0.74021289,0.000114666173018441,0.408935727746913,10.1245346738372,1.09957833196136,19.2830922603607,0.525047255758338
8,38,9.78171085,0.4785013,8.86821658277463,0.409065056060078,124.792323469541,0.998438498057362,16.5878908634186,7.5230976919885
80,102,0.467741833,0.399374535,0.378672914122293,0.409211622686339,1.766668894055,1.67079251397657,27.8224856853485,0.0634978813192576
61,27,67.7766765,0.49798265,67.2262852512212,0.409271769418431,238.040568433612,1.01337251130642,39.5734798908234,6.01515381235934
199,162,16.734336,0.365137155,18.2994958099847,0.409549531597373,92.7028350269944,1.01039410077867,20.6793172359467,4.48287697167535
143,144,0.113139034326155,0.27306437,0.189732154644368,0.41069425367326,20.5550159586677,0.999734403668044,28.5413918495178,0.720182675990097
109,98,0.0163525765101255,0.458173505,0.00359494615236146,0.411096298196319,13.6053031558876,1.04388256162871,24.8902125358582,0.546612574572719
123,131,0.0151733264813395,0.364396676,0.00258058937880517,0.411763350461318,6.02328713179687,1.1761214405925,24.1325929164886,0.249591378458195
156,167,0.046790388113971,0.2431398265,0.0923163326004385,0.412047849589522,21.4790679480062,1.01099202570504,28.646790266037,0.749789688427025
185,186,0.0320397913096383,0.208978326,0.130158361764695,0.413198906937671,25.3848644667894,1.08154432953298,28.0447306632996,0.905156293763556
133,138,0.285532546346686,0.326703491,0.36320387003948,0.413327914827441,1.9819659610656,1.48012938234394,29.8367185592651,0.0664270756560843
55,56,0.0108941952224726,0.733219935,8.33755292304113e-06,0.414420361813717,37.397115940346,1.03552642864517,20.4213788509369,1.83127281528447
26,28,0.0156611921547607,0.892025935,6.10304083847693e-06,0.414584577218362,10.5794752414889,1.08331148649476,19.2276880741119,0.550220869025487
160,165,0.161683633950146,0.2516116025,0.320313247785427,0.41546238169564,25.9149955565104,0.995576098973482,29.237756729126,0.886353758142275
152,156,0.0704733703992781,0.269904837,0.122949426567543,0.415832756133341,14.4746015110505,1.03334426263849,29.6070733070374,0.488889981152239
189,160,0.0150132054474515,0.2711408415,0.0615309297672325,0.418010369702422,31.3533667142391,1.01173498723349,26.3771646022797,1.18865568710632
91,100,0.0266118935151764,0.4831628675,0.00357661375668565,0.418621333844803,7.47568789130729,1.10873120130059,24.6174027919769,0.303674922756014
76,114,6.84078325,0.403335885,6.74693348142074,0.41901643665516,84.3982491295379,1.00297247821148,16.4052963256836,5.14457328011849
130,196,10.12373625,0.305484845,10.4202964551594,0.41902614680003,78.2168616082508,1.04384738733023,19.8850901126862,3.9334426530132
127,69,26.644809,0.45152554,26.8598140972464,0.419059441024728,120.578250652614,1.03875472052919,23.5483567714691,5.12045285464272
99,20,0.0026717129894193,1.5002776,2.59372469972717e-06,0.420341506736432,26.6087102507434,1.06788207314749,20.4783878326416,1.29935571433657
70,99,0.70814882,0.424174085,0.572816511332291,0.420776866478722,18.1230674628831,1.05495250013293,19.8514664173126,0.912933436850681
137,115,52.0991195,0.414811825,52.642686634607,0.423317558822984,190.65792446676,1.01537930098915,34.5562551021576,5.51732020449334
146,58,27.616402,0.458426955,28.1448357328426,0.423491112624681,119.644746685129,1.01268078136939,24.7734704017639,4.82955132021431
125,138,0.328006213653705,0.3384265725,0.46341323672502,0.423727301492576,1.39932148800805,2.07025210591906,30.937168598175,0.0452310780660968
59,11,0.00473440165541066,1.59534449,3.40135960840237e-10,0.426044385110485,29.4367890145263,1.12660377543744,20.7283239364624,1.42012393789086
153,144,10.7837108,0.39318285,11.2446463989714,0.427751363459107,126.183274760282,1.01657329726374,18.0888183116913,6.97576107991123
147,173,0.0125011423937692,0.2565148095,0.0103776548139648,0.428434725309714,22.3441751293845,1.06564536148132,26.6719405651093,0.837740886338577
22,31,27.8863745,0.51140428,26.9710542641344,0.428978880902681,141.941233752641,1.00985327333969,23.76962018013,5.97153983433425
54,58,0.468759141135,0.621284556,0.246631908586163,0.429394393385804,20.3423630621247,1.08446240659807,27.2037854194641,0.747776926940834
94,74,0.0112474639486932,0.661202705,0.000504929478401229,0.429838300386869,13.1422333567133,1.02035903468992,19.6692175865173,0.668162487852183
84,82,0.0190386407859153,0.458750247,0.00652454708558159,0.43096273039674,2.22772188506045,1.480754097766,22.9133248329163,0.097223859972526
194,200,0.17483348369,0.2180126605,0.519959386423794,0.431354112494565,17.3676414144671,1.29581732098441,28.9836206436157,0.599222630879026
8,8,0.00344537609205841,1.73135036,2.75601399097244e-15,0.431667202746859,30.7432365573626,1.02642075345185,19.5562760829926,1.57203940192371
75,84,0.730451765,0.50705973,0.609010623990963,0.433944505252287,29.5792068934936,1.06549575133733,21.7568190097809,1.35953729633896
46,53,0.193177213396339,0.8548853475,0.0277860709444065,0.434877075561162,29.2548652885619,1.00493066218502,26.5066857337952,1.10367873156103
13,11,0.00804931237804207,1.831170075,1.65216577193614e-11,0.434907533769719,11.2503034128891,1.17483603388471,21.9292709827423,0.513026786058815
112,129,0.20659842405675,0.3969006035,0.195379328333034,0.436117835637801,22.4754068769902,1.03477138988065,28.1243479251862,0.799144105910551
106,11,0.00386732954806615,1.360397445,1.17906608178249e-05,0.436376044474667,28.3907385547771,1.08762781455256,20.3034911155701,1.39831807215682
178,178,0.010927246988779,0.2214264135,0.0324037197391157,0.437122095865973,28.2989900446567,1.00252774094315,25.7099525928497,1.10070175907392
154,154,0.107572276960222,0.294518036,0.202358870969774,0.440199772394728,5.67293857088757,1.18124678259924,28.447925567627,0.199414841598968
117,18,0.00210589956080763,1.44395345,4.79513858743593e-06,0.441410349663672,66.9437525247201,1.02904190413201,19.8087191581726,3.37950939635089
8,29,0.0080709136127845,1.58159708,2.27890949554751e-21,0.443271627473801,33.5165164485781,1.03638498603844,20.1994621753693,1.65927766579089
191,184,2.78580585,0.34266804,3.54020974825321,0.444486692057462,47.0313511429701,1.02325958982734,18.7146000862122,2.51308341756232
55,36,191.267055,0.518805045,190.245511589707,0.444616105369144,212.021722183696,1.02261278238277,88.2253370285034,2.40318404354972
157,166,0.193106586375,0.3039984825,0.357575460623564,0.44492647247075,5.58852528899238,1.19972804345578,27.9146845340729,0.200200195068333
198,200,0.16616212141021,0.190615275,0.631078887038274,0.445273683748875,25.9076507277794,1.02822314137208,32.9025449752808,0.787405677805272
127,181,4.77521365,0.335621305,4.97868459958093,0.445703809757316,11.5988189388521,1.13098536336431,17.3874640464783,0.667079391672494
51,74,0.0187617622124152,0.859722325,1.34298606294126e-06,0.446001719443877,24.139493388179,1.04374338197955,18.9268417358398,1.27541053732533
89,82,1.156326645,0.471363055,1.11905710255258,0.446887666292935,42.2714324466599,1.00430595547779,19.2922275066376,2.1911120648
148,152,0.0153564943655038,0.35674742,0.00695328282477951,0.447204313285342,5.54203752197713,1.16470575772182,25.5617568492889,0.216809726915593
183,171,0.0742320376129294,0.2648660745,0.254858470899864,0.447320791042209,12.9700290953588,1.12177753266065,29.3673753738403,0.441647540178621
2,31,0.00118483101808381,1.402971245,3.50499839185859e-18,0.448132985575112,43.1378627820543,1.01065493573131,21.8127467632294,1.97764468869063
85,12,0.00875575788734409,1.627174385,2.37979102405208e-06,0.448266078986731,27.1051835960783,1.01767374092688,20.7046525478363,1.30913491706534
6,6,1.229735285,0.8212161,0.742280711035517,0.449732151684274,32.9608134726857,1.09426115515393,14.702517747879,2.24184823564934
28,13,0.0429920644554073,2.00413135,1.05186490984679e-09,0.451437289849964,15.7708420484575,1.24405877398459,21.8354911804199,0.722257260812131
114,54,8.04261005,0.497803,8.11005168729613,0.451590427843538,104.792171871356,0.99761556958221,16.0043520927429,6.54772972152201
38,27,1.144387475,0.68015074,0.903418781412109,0.451833078228548,24.519785917751,1.08574962064339,15.0037298202515,1.6342460315871
154,146,34.6265985,0.422239435,35.332754022695,0.452017708992302,125.348144700209,1.0198726231053,27.5061576366425,4.55709395532679
33,25,0.00859275392690077,1.3652636095,1.64461660202687e-10,0.45350605632706,14.635569625701,1.03370729674946,19.3120782375336,0.757845398391994
99,23,0.00239875639350295,1.314259675,4.8753956489497e-06,0.454433583655755,40.3522335934943,1.09690719942931,20.6845197677612,1.95084217794542
145,153,0.0075467628975962,0.309079452,0.0119229628828974,0.454434611166558,14.4327641436355,1.13359847075902,26.3707180023193,0.547302661321778
136,149,0.108025848997561,0.3342498555,0.128693899300851,0.454709050538929,2.56206605777716,1.42022859995556,30.1547014713287,0.0849640663898858
166,155,0.013895954217418,0.2781448405,0.0338758627911053,0.456392587404843,2.31972029157283,1.36637165201537,26.5167310237885,0.0874813825841423
135,140,0.018262473053437,0.40010501,0.00319085450195249,0.456643357755181,30.7310334378989,1.04614661267142,25.4695768356323,1.20657809260913
107,99,0.033496538252597,0.57078582,0.00857415006176702,0.456711594165995,14.1620459542934,1.07820121540256,22.7388470172882,0.622812842864286
0,131,97.728806,0.43858384,94.4172220688357,0.457744762406045,146.470305819705,1.00684005536412,51.7914915084839,2.82807661169039
27,19,0.000888898067023033,1.428880055,2.24652552723094e-14,0.458721141554161,43.7978940558387,0.997933377543809,19.7856688499451,2.21361705727529
29,19,0.00551029927794956,1.606788855,5.88213928332718e-13,0.459336817907609,35.9299033168188,1.01230288055629,21.8443353176117,1.64481559152092
64,61,0.026615057541228,0.79684704,0.000380947557601792,0.459623462246932,34.0547910578745,1.00916141310302,22.0329775810242,1.54562818087756
44,37,0.0128176840617459,0.884278535,1.9052672032528e-05,0.460037539982594,36.0101882498492,1.06638290879928,18.4780673980713,1.94880706266976
28,14,0.0056857769408059,1.47406129,4.59165362209186e-09,0.461101061706991,42.2516689061614,1.0519202207365,20.4850270748138,2.06256348853497
68,58,0.8001797,0.560891005,0.66575755354911,0.461427315949946,54.2356370359765,1.05664096896591,18.9690117835999,2.85917040142636
148,138,1.5455044,0.4037834075,1.91202351647723,0.46145835310462,12.5722207356837,1.11409431985587,18.7257323265076,0.671387399780722
121,122,0.00470564138184726,0.4709079975,0.000131320467946917,0.461919679329092,16.9172051271905,1.03647351603872,20.4599671363831,0.826844198449732
85,94,0.0327407945883562,0.56169347,0.0015394857918499,0.461927892465436,15.7629377710805,1.00446906309198,24.1547839641571,0.652580366459534
107,77,0.0409419665526768,0.6037120545,0.0180768058476628,0.462875568267435,12.1331735820381,1.08079778756346,24.1500947475433,0.502406872887002
23,30,0.0599331940816693,1.469098435,4.07206963548478e-06,0.465687735768642,6.39041181974567,1.10208679080215,19.3006675243378,0.331097969108451
200,200,0.00645712873246473,0.2106698075,0.0718608073206295,0.465768700717534,12.9769592781325,1.04574298818993,25.6249322891235,0.506419261199005
46,20,217.07612,0.5641711,215.36196486077,0.465836564833303,126.578308901838,1.02416220899308,100.050392627716,1.26514554893184
199,179,0.179242960029597,0.2560311985,0.678664181423525,0.468204445389996,23.6515728921061,1.04553616411302,28.3353497982025,0.834701990995237
188,182,3.98993725,0.359249745,4.59055227101024,0.469131027519807,96.1232848188292,1.003481247885,17.1236913204193,5.61346750651865
90,144,67.599168,0.439724505,67.3304839685389,0.469503122764733,114.18877922898,1.01241523997367,40.9337329864502,2.78960092075596
89,77,0.167659108274202,0.784447438,0.0690942899362807,0.469769952461292,1.42745650740191,1.99026663511062,25.3090543746948,0.0564010210049234
66,8,7.5359578,0.67404864,7.36289510871701,0.470042020078133,106.956921775109,0.998000100759752,14.7771289348602,7.23800423252654
26,116,23.5803705,0.46319788,22.8386572594216,0.471214881697932,154.995908405937,1.03252774847092,22.4722242355347,6.89722151138233
67,22,0.00446461616811001,1.41916207,1.17224256745208e-07,0.471542934295316,53.9958941182152,0.997738493205644,18.7967581748962,2.87261737453901
45,77,19.753216,0.490215835,19.1955142361966,0.471671021921067,82.3199797124139,1.02427260178664,20.4741995334625,4.02066901701686
83,74,0.0110214999005156,0.72774176,7.35524007651818e-05,0.472291123061613,38.2877594588796,0.997375138071009,20.8300199508667,1.83810479054709
44,41,20.8198405,0.525362635,20.3985340889465,0.47301904210986,124.974431291737,1.02016331820313,20.7889249324799,6.01158702037935
165,162,0.017236640841015,0.34478967,0.0296446930757357,0.473526153182384,23.1208688228278,1.09277890742079,27.1347596645355,0.852075681106778
70,65,0.0338768151839292,1.040554625,7.71407435067302e-05,0.473677853756391,26.506282617598,0.999161260633865,18.9351644515991,1.39984433118348
45,14,0.00936088285283858,1.739478825,2.41191601850192e-07,0.473739262871923,37.253610959182,1.03240842053943,20.695809841156,1.80005572360348
126,53,13.545491,0.51638561,13.7170914234422,0.474045269400231,163.895634964009,1.02487765826694,17.4189412593842,9.40904688312864
189,136,40.5153005,0.441206015,42.0027543101035,0.47465006919742,135.832356423413,1.01290958691708,30.07368683815,4.51665128902993
112,96,0.02523671473515,0.48315506,0.0155284661180843,0.47466374745968,14.296860006647,1.05498485485952,25.294584274292,0.565214270834153
50,51,0.05819164879506,0.614939685,0.0192459461251388,0.476063423041407,2.03796847001693,1.53739047505389,26.0559134483337,0.0782151995575984
96,86,0.0111050639151928,0.5164616415,0.0034542022450404,0.476193369515704,13.2385566635633,1.09555148076008,21.2003977298737,0.624448504798982
37,23,156.29222,0.570147205,155.015040561549,0.477143398290572,180.562600306634,1.01303033203628,76.1080734729767,2.37245001833801
65,91,3.8127538,0.47615744,3.66826343495866,0.477327335767242,62.2510121642571,1.02654997162737,14.6376650333405,4.25279660536479
126,17,0.00230544011645194,1.482528355,7.7090823498201e-05,0.477426505223685,39.9490489156812,1.05716772605752,18.8808064460754,2.11585501020721
6,2,0.4550075015,1.43185828,0.110641496421075,0.479297754519071,27.9094045836505,1.13583679975135,22.7710242271423,1.22565433619729
104,23,0.00757063384049219,1.59030792,4.61847818797936e-07,0.479989342100257,29.5944040100011,1.06649117219003,21.3496408462524,1.38617807311714
39,59,26.305534,0.522793355,25.7065870765667,0.481149768485291,74.8889608297535,1.04265325808267,23.2697713375092,3.21829380029352
51,31,0.0019958011519704,1.408024755,2.20816482194782e-10,0.482348107962106,35.8461402614659,1.04009574196753,20.4398624897003,1.75373685999741
37,43,0.405655844333,0.742817514,0.184351717595058,0.483193706760205,26.7151024136119,1.00607485184647,24.9470524787903,1.07087209746822
30,175,13.3011185,0.4075372,12.6645324914837,0.483874849541998,167.307265739201,1.02423029951393,18.4657440185547,9.06041292303671
124,112,0.0347764237045097,0.5333261325,0.011529468846022,0.485951155641149,17.7554202671292,1.0034443846972,24.2050311565399,0.733542549575769
103,17,0.00535826440600257,1.611113075,1.71207733004985e-06,0.486230268044493,50.9953902503308,1.0172303436213,20.9689025878906,2.43195322390311
97,113,0.0400160704382499,0.508043221,0.0100828446360028,0.486511769846042,17.4364871275813,1.03948145596035,25.4808504581451,0.684297690778513
24,40,0.0370082919638166,1.1243724485,6.73728877613511e-07,0.487045374118585,29.2057091440927,0.996027300276003,19.7358820438385,1.47982791340257
21,21,0.092601377500121,1.78782005,1.73924452103859e-05,0.488007071713752,3.2895894559422,1.45102090484369,19.1944732666016,0.171382116625524
164,123,0.0519364885859701,0.36587017,0.10588683507956,0.489839785759604,2.31741783408967,1.40043099732844,25.0886116027832,0.0923693136463794
66,72,0.0328668406220071,0.722474966,0.000950100137219878,0.492065235805559,11.7060321251512,1.01070014557036,22.1381211280823,0.528772611615267
116,156,0.00545481757186254,0.353722101,0.00142853391124232,0.494582932276557,24.5439228167275,1.01928315984405,24.5639498233795,0.999184699252522
133,122,79.0431005,0.47630821,79.7387247826566,0.494739419745442,166.601631155309,1.00131181794556,44.6492476463318,3.73134240637079
146,75,119.17178,0.531095105,120.141883319832,0.495123861295328,152.388932626362,1.01473347613628,59.841588973999,2.54653887437003
94,73,0.00705585917291339,0.5481381065,0.00322073513398516,0.498064090380698,6.17945868303088,1.14721734958319,20.6927025318146,0.298629851443044
166,83,3.66321615,0.524445355,3.9936185182938,0.49814536294043,53.639770982549,1.07539330414275,14.7931175231934,3.62599505469013
60,68,0.177919174374322,1.2022298265,0.00585663127224294,0.498887944390041,1.9227443476578,1.5644078363687,25.5096201896667,0.0753733036149497
113,92,0.367379129279955,0.5502731425,0.400559107125903,0.499057272868472,39.4142434900748,1.06996171711982,24.1956582069397,1.62898000761022
39,24,0.0129533168820995,1.660581965,6.76597127180781e-09,0.499230216713627,32.4556700565244,1.0259334632373,20.6486487388611,1.57180600372374
92,74,44.583034,0.527346005,44.538837373484,0.499241849771076,185.468032892339,1.02518068891093,30.8086829185486,6.01999226590362
3,14,6.1180244,0.641368345,5.49795633275486,0.499523761318229,133.089848504365,1.00234737507619,13.7636287212372,9.66967732128728
165,183,0.0520971007269143,0.2461601315,0.124369657414912,0.50083375577526,18.42709265523,1.06346788493387,28.9033613204956,0.637541511206976
4,1,28.2483005,0.78841541,26.9896675127637,0.501703176243886,151.354341282814,1.00574569033324,23.0543100833893,6.56512126085548
38,30,0.00453000804949148,1.311341165,1.81894158896998e-12,0.502016812241046,44.131083051885,1.05815926687512,20.5017473697662,2.15255228034684
17,10,0.00653941630234643,1.846008785,3.83417571552061e-11,0.502932666803409,42.0129256832336,1.03777291338431,19.4052405357361,2.16502988488413
46,42,1.18561411,0.701625095,1.0140169068731,0.50423235835991,17.7651067457824,1.15825291293721,16.1357367038727,1.1009789681012
143,35,0.00179487376046445,1.22005712,2.0828488718092e-05,0.504530091810279,40.2272867364952,1.0214132797243,20.2431933879852,1.98720063408429
109,45,0.00168788883970643,1.474249955,2.92579134625931e-07,0.506529190228961,32.8964364221896,1.01266157247836,22.1663529872894,1.48407076441727
142,106,0.23908099986,0.524113585,0.360478683545186,0.506542740158584,10.735630779645,1.13985985183623,28.3207218647003,0.379073345338211
129,68,0.00876881405626119,0.754977985,0.00562930356440357,0.507806828041131,19.0758338812341,1.03559067484698,18.684782743454,1.02092885655398
90,53,0.55803398,0.68350422,0.524924180912673,0.5078133190328,60.6356618983153,0.999906343667597,21.7586085796356,2.78674353998286
78,27,0.00544901468930993,1.45508979,8.23324333100424e-07,0.507839240908867,46.2156865881806,1.01244239980512,19.2431938648224,2.4016640331554
87,178,72.101333,0.425755505,72.0404068600334,0.508950500141249,168.470611181225,1.00531682345409,42.9096102714539,3.92617434918308
47,159,21.4781415,0.45108154,20.9696049189955,0.509092395471453,215.325805301913,1.00139760746758,21.8441755771637,9.85735554730746
75,33,3.2958687,0.62757415,3.22125313424049,0.510219606924566,60.0841979221377,1.03950263887361,14.2157335281372,4.22659849407089
144,152,0.124425104424163,0.3609045855,0.177313579686152,0.51054566709329,27.325830399552,1.05459665768587,28.7286021709442,0.95117159675764
43,44,0.00300318268254363,1.229255115,3.9993323904109e-15,0.510777003309526,31.7636836987643,1.04562880639193,21.116863489151,1.50418568150915
140,21,0.00281049018528054,1.528297075,0.00013017399313312,0.510797385008245,48.7979583402637,1.00211375285922,20.7729547023773,2.34911013090878
160,164,0.0265220693666109,0.2983431335,0.0570382714373347,0.51297339120189,14.4090935359454,1.04391415781687,25.2372410297394,0.570945671873001
102,139,0.46036329835,0.430211555,0.488512902190632,0.513962131870583,26.2938846146822,1.02779684859886,22.4672906398773,1.1703184436495
192,178,0.06380436915264,0.2983211515,0.253514284145211,0.514075784889305,4.5174006308211,1.19120498393162,28.0218663215637,0.161209841592343
57,69,1.9499458,0.605102625,1.76601281771362,0.51420142911713,58.9976612403516,1.13966448077918,14.6390888690948,4.03014571247695
97,95,0.115044214029166,0.566879904,0.0831562148823512,0.51488990109412,13.3699701411988,1.08627376939887,26.7909920215607,0.499047221933365
137,161,0.00463492665603552,0.3755561345,0.00164353064215341,0.516027141388088,32.6139425655891,1.02270354216446,20.4769895076752,1.59271178770516
27,22,0.00854665315685368,1.891259175,1.14304307766369e-11,0.517805477851282,29.0961034816713,1.05331472731859,20.3869290351868,1.42719403356204
74,16,0.00600862407889351,1.536722735,8.49116401556272e-06,0.519597939456884,54.2010908543804,1.03279783809632,20.0141749382019,2.70813516029204
100,97,0.0150441408704249,0.68752778,0.00100992409944507,0.520864512168715,28.9562679692045,1.00460748156196,21.2647802829742,1.36170078335531
129,27,0.00460763707474905,1.33244813,1.78201529235662e-05,0.523030545824862,56.9596511514415,1.01376822375401,20.2094616889954,2.81846454042157
17,23,0.663850876,1.21737161,0.225309637553109,0.523120470699917,26.6433335920428,1.0245029946338,16.0259733200073,1.66250954372802
102,78,0.100382931397803,0.6917340875,0.08271323450946,0.524304438021749,20.8914594800065,1.07646651779635,25.2263369560242,0.828160644822337
174,113,5.4117739,0.51639415,5.89537171889946,0.525486519562926,60.4155439208536,1.06509582080503,14.2802529335022,4.23070545053972
66,119,5.6528597,0.50098664,5.4912102589738,0.525874725265533,96.7284803162944,1.00521354133181,15.0638148784637,6.42124728010194
197,95,24.165151,0.533103405,25.7101513648281,0.527309002273826,114.880801063206,1.02440694304798,21.8974959850311,5.24629853302577
82,83,0.0566515815825243,0.6784264695,0.0105139317117807,0.527482782012637,9.13432618001232,1.20895818957464,24.9513454437256,0.366085516334723
137,137,0.0608514707732605,0.4306029625,0.0702125880677132,0.527509050914591,9.88159879145593,1.10597400679752,27.1480288505554,0.363989549512128
49,33,0.00322137857308552,1.478043275,1.78643715396074e-08,0.529433799830973,35.4843989900281,1.03183711875827,19.5204765796661,1.81780392733808
105,22,0.0053479867680198,1.43072439,3.18731587362e-05,0.531482493853106,31.621105063752,1.01821396442849,20.2444081306458,1.56196737685229
95,72,0.0336959523735014,1.034244067,0.0010922916486152,0.532270630586919,11.7437724082376,1.05073231074067,19.585545539856,0.599614260646423
114,88,0.738095751,0.578933335,0.824332843457146,0.53285994311608,54.2250460490498,1.00889523340483,20.7950205802917,2.60759761403848
156,121,2.02762255,0.516053995,2.29737204723963,0.533947751573923,17.4229097981259,1.05756603659214,15.6279411315918,1.11485637496456
182,5,61.3312645,0.731370305,62.5698226242654,0.535267709513746,157.766994666277,1.00271365859081,37.0160281658173,4.26212650259348
166,152,0.0139852865692483,0.364546833,0.0398507433618725,0.535506162247248,4.02448537838046,1.24691543301338,24.3532433509827,0.165254595471287
109,83,0.0125373293260877,0.746918845,0.000571635565582688,0.535686299073208,5.40612976929839,1.22324427246577,19.1761069297791,0.281920088842594
34,29,0.0065951201317784,1.57302171,3.22123201407601e-13,0.538658165468033,38.3523736351755,0.996398957734438,19.3824915885925,1.9787122548139
200,200,0.07223016189281,0.1528408015,0.654682600819677,0.539748880732621,23.1494827796014,1.0255711816946,30.565553188324,0.757371628020936
48,20,0.00843323999141899,1.93698716,2.82294955550119e-09,0.541321854679367,26.3263331683666,1.012492066727,21.0812163352966,1.24880522782208
72,61,7.90081445,0.59871244,7.6990174555952,0.544580903099303,152.261004520992,1.01680788664716,14.8838295936584,10.2299615541061
43,33,0.00318277959036533,1.80585976,4.41341957577543e-12,0.545201999309097,30.9438475001069,1.00972218551161,21.4636032581329,1.44168931599972
153,175,14.238847,0.459769725,14.6455352789244,0.545351736256757,72.0553201434264,1.028636587609,18.5562953948975,3.88306602207033
155,43,0.00160632773543886,1.35690253,0.000152179250985472,0.545681768624479,44.9629493345473,1.01060689404761,19.4244463443756,2.3147609222626
74,21,0.00490459844128919,1.39536407,2.47511663393807e-06,0.546978233243872,36.276854744566,1.02683963307685,21.4753940105438,1.6892288321581
125,89,0.2829404625364,0.56452584,0.337588453199562,0.547787055185733,33.0426252794054,1.05450970904251,27.1341104507446,1.21775229519266
63,27,0.00743976827506743,1.755375415,1.15266556736407e-07,0.548454106976885,33.0879679599936,1.01661358771503,21.5823464393616,1.53310336542686
98,94,0.0070809909133851,0.667738065,0.000200371476829932,0.548463403483815,42.3720255111043,1.03783936161924,18.8027791976929,2.25349801035282
48,162,191.19968,0.49221595,190.057821960516,0.549484952065392,179.260321998348,0.99662735994493,90.9636158943176,1.97068157675938
127,148,0.00661376999642207,0.423969362,0.0026129239810008,0.551497198343234,47.813689715793,1.00405668833625,20.6524064540863,2.31516311777471
106,26,0.00739722080203524,1.462629755,3.27478173860247e-05,0.552709251303641,48.420394083716,0.996143554084336,19.6966111660004,2.45831090818799
82,78,0.18171547405539,0.7660614505,0.0866904559419248,0.552721676180596,21.8464132853921,1.02883218033614,29.0168173313141,0.752887990297134
96,109,0.0292394211016271,0.665948783,0.00301640320056874,0.552775347930998,17.3401572830725,1.02975659020554,21.024671792984,0.824752816776856
81,94,0.0287440825170525,0.73813758,0.00175960585219825,0.553421898634491,31.7120034640963,1.02285544151108,21.7056560516357,1.4610018415779
135,143,0.0168990677734789,0.417201629,0.00703323606348466,0.556230842787322,9.0587406203878,1.20201417490016,23.2104423046112,0.390287289725112
45,18,0.00443592655441183,1.44001782,2.02933673455224e-07,0.557131198405819,42.9208158303322,1.00905877816779,19.2392492294312,2.23089868624781
107,93,0.00791188727524479,0.6705607835,0.000660972205655956,0.557348766310665,14.6350035071922,1.03610593523976,18.872688293457,0.775459398238778
98,112,0.0205655411183263,0.5115228245,0.0028153223414347,0.559419903832651,13.096247370574,1.13051592830847,22.1588287353516,0.591017130326959
7,83,45.911424,0.59237743,44.3867026266569,0.559981643274902,144.989131955393,1.01086820417423,30.4573569297791,4.76039770258701
185,133,11.937994,0.531433955,12.6470891413538,0.560133553466366,178.253888227624,1.01732247909506,17.2478978633881,10.3348181696972
37,20,0.00522642226469627,1.512432245,8.96641536307342e-09,0.564136699052416,28.7356022565879,1.05627468990206,20.2828371524811,1.41674471083908
54,69,0.0618107341406405,0.871629125,0.00300387652360162,0.564622818355536,39.467630613811,1.00409545522903,23.9220516681671,1.64984304696283
112,27,0.00156544641257294,1.60519461,1.59653474954874e-06,0.564698230959302,36.0858626084495,1.03647408087962,21.5011200904846,1.67832477827141
38,23,0.00184936721647986,1.38504556,1.44326448599973e-08,0.564884277293133,52.8902902521668,1.02947246520796,19.4318459033966,2.7218356153659
81,69,0.0185304712191514,0.90630835,0.000753813749425345,0.565220443945776,3.35759895253154,1.28417131887177,18.7576973438263,0.178998460791171
53,24,5.62982215,0.6971014,5.42515995519538,0.565254090963864,128.750980183558,1.01268351632294,13.8815007209778,9.27500439408464
113,94,0.0251443693728069,0.669671515,0.0110825050343782,0.566006901554986,21.4406787672848,1.03325976395712,20.6930320262909,1.03613036214529
48,25,0.00391442318410566,1.64537604,2.17073161722353e-10,0.5661173792634,43.2517258783639,1.06028156590663,20.3244581222534,2.12806292882206
169,176,0.36005441576,0.394531866,0.581852845829292,0.566661452570986,33.1795487251392,1.05398260914969,26.6367540359497,1.24563033019561
195,92,16.6828175,0.575283335,17.8119832570577,0.567954121022994,91.1736084176812,1.00271402252173,19.0117874145508,4.79563580370675
83,68,0.0531009654196387,0.946421504,0.00678779713215097,0.568621019376952,2.04121880415242,1.50099679820628,20.9142732620239,0.0975993178715349
10,30,26.415609,0.66256409,25.3452755478451,0.568991052451107,131.428039176712,1.0267264540743,22.9521408081055,5.72617780082191
94,89,0.022949628993711,0.876752715,0.000122191512735738,0.56992606211134,17.2463982065562,1.00107205288207,19.1099669933319,0.902481841678433
132,94,3.78650545,0.58349707,3.93388389643082,0.571272757863282,67.6670922602874,1.04218102179636,13.8467257022858,4.88686594326897
124,83,0.22747133430715,0.74194736,0.242897520554885,0.571311123893673,30.8170854233426,1.00907519107587,26.0768036842346,1.18178154794231
107,69,26.937662,0.611994085,27.0216220722151,0.572542621137026,196.889536115278,0.997901737525394,23.1467854976654,8.50612868621158
132,155,1.386911955,0.46927108,1.60273061860827,0.574834549404705,35.3927095183372,1.08149704050045,16.5565495491028,2.13768632246537
64,120,3.32791945,0.559155235,3.16656932492889,0.574910155641091,66.5219274201495,1.03150473099325,14.5669205188751,4.56664312364124
57,24,23.7744635,0.692476635,23.4576083734832,0.575475327482091,132.838154345935,1.00357408467151,21.1333074569702,6.28572477906773
62,70,0.232140230766154,0.8284421235,0.0844126698943042,0.576629043514565,25.5614984639846,1.03052256619189,30.8242328166962,0.829266331330686
92,143,1.2080401695,0.482891335,1.26149713683081,0.578689342133232,15.0063411274172,1.07707439933663,17.0174930095673,0.881818556880302
14,22,0.00428489578582272,1.70363113,4.45337294387015e-16,0.579142942137418,14.1392438955137,1.10322493315375,19.8905627727509,0.710851877699702
110,68,125.15298,0.607460965,125.402611104581,0.58002893348622,147.756620745188,1.00927826832876,61.9643342494965,2.38454302034866
85,36,0.00280938772181494,1.47512659,6.44501237096635e-07,0.582437363453837,53.2961989632997,1.00642028651064,20.9690632820129,2.54165854938387
87,32,0.00872239198041227,1.41507436,3.93169591020568e-07,0.582690076180592,44.2360643808146,1.03717273908316,21.4539449214935,2.06190817319088
200,200,0.015699037089091,0.2043406615,0.137254567599047,0.582810311266362,2.29337199545662,1.38390159530009,26.2974898815155,0.0872087794610628
0,18,0.0092774250833918,1.741818645,2.02670739569219e-19,0.584165785220195,55.5151548807097,1.0332965504503,20.108757019043,2.76074522299598
168,78,6.40920635,0.62464025,6.71189711157717,0.585276756904088,123.246509888279,1.04116588343835,14.1527199745178,8.70832674639125
49,73,0.0371700884788215,1.103372675,2.20241309419826e-05,0.587984845190786,7.76570970024355,1.15254588767192,18.6548459529877,0.41628377526215
174,105,16.54183,0.5877094,17.1195090368619,0.588405096306091,162.775698059082,1.00506888312846,18.6062479019165,8.74844293793999
99,124,11.644871,0.565774625,11.6427419126111,0.588633551461135,133.716437541961,1.00770872120626,16.521497964859,8.09348146435474
80,103,0.210973341538388,0.6323321805,0.0903631182871193,0.588693135732922,8.57856083491965,1.13508548730593,28.8086180686951,0.29777758913891
26,62,0.0251452582776959,0.985265025,2.10846647688113e-06,0.59053064733726,15.6813763518444,1.07050032507746,19.1777746677399,0.817684878643558
30,46,0.6310823085,0.726316355,0.41963232741185,0.590936265884253,21.8097279769089,1.07778535682982,22.1869554519653,0.982997781021683
126,70,144.571375,0.634347405,145.138176625846,0.592437421472146,160.851186647133,1.0250222597305,71.6143732070923,2.24607406926524
3,24,0.00325506372584574,1.349301335,9.11129288663119e-19,0.595008920773194,50.4129672983617,1.01139979282082,18.7634999752045,2.68675712766708
35,19,41.215473,0.71894394,40.4445808319742,0.595352800175856,128.242557009586,0.995407121315354,28.5620169639587,4.48996851907937
126,25,14.1807975,0.70518753,14.3243061263671,0.595422716646059,150.717891610473,1.00464286030424,16.8211431503296,8.96002669161754
58,125,9.1477309,0.572179115,8.91144427264753,0.595716203309809,149.206968015812,1.04822029725892,16.0488932132721,9.29702541060097
144,133,0.00424784999443927,0.526807388,0.000529857396293391,0.596263019296213,4.4491116496928,1.19324775849853,18.58771443367,0.239357650214037
44,80,0.791283507,0.70125554,0.602443496952424,0.596859967193104,43.0236564095249,1.03292726948688,17.1165158748627,2.51357558536252
168,133,5.1127107,0.54283121,5.47266461618894,0.597605844286449,41.2129854952605,1.06410641794468,14.2999725341797,2.8820324931921
196,188,0.454729792115,0.363109258,1.03664608305406,0.598524004028922,34.0065228913506,1.04537006236025,25.2391605377197,1.34737139297989
36,24,2.1911997,0.74058387,1.99403701425297,0.599349617072819,105.667178862605,1.01374895288815,13.639445066452,7.74717580867763
119,50,28.8232665,0.66059819,28.9290596686924,0.599366710591102,115.152279028933,1.01061153449859,23.2415549755096,4.9545858334467
141,70,76.5450105,0.63863452,76.9727655714272,0.600471935001073,167.435070976258,1.00639562549632,42.4783577919006,3.94165593209875
192,200,0.364672202136303,0.2937982845,0.867291842750107,0.601345440281235,2.79767363615176,1.35761711179901,29.4331033229828,0.0950519422111769
1,30,0.00622691312738372,1.49191685,6.97299780936816e-20,0.601648633136313,31.9721405754063,1.05129480811028,21.0746243000031,1.51709184089235
46,6,2.0117474,0.887965005,1.85911128135996,0.602066836886451,75.1688595096792,1.00056319542855,11.9425456523895,6.29420742424702
40,54,27.0905175,0.66598387,26.5687782878655,0.602857240747896,174.198061668611,1.01246646937482,22.5080382823944,7.73937112968515
117,131,0.110697354002163,0.5026944455,0.0869110534465786,0.603259615413614,4.59641125781014,1.24862571040512,27.5340662002563,0.16693543279733
56,59,0.48167229851,0.747387665,0.359069264071494,0.603272647400559,29.3102698772684,1.0260138007542,21.1078975200653,1.38859258007132
86,62,0.946387065,0.72315371,0.944226802733187,0.604540367411809,39.7238150215595,1.0194615712873,16.5917513370514,2.39419059595302
2,79,21.08834,0.632278575,19.6584903434477,0.605446776480371,192.080742484036,1.01094815433407,20.1820044517517,9.51742642527086
173,177,0.0260049243385473,0.3393947885,0.0706143093033029,0.605826538655932,13.1596756485839,1.04043381331107,24.8981382846832,0.528540547815958
188,39,121.59962,0.68338212,123.482881440869,0.606840412891916,136.430898061171,1.01817454939674,59.8104627132416,2.28105404760506
111,124,0.12954312546,0.52621339,0.125452099945531,0.606974747628477,25.1695753052768,1.00181642376626,25.8715996742249,0.972865057523002
170,155,43.4800825,0.548665495,44.4598192181516,0.608772389014608,212.506665196969,1.00540629192973,30.1316952705383,7.05259572317362
145,123,0.08738591012118,0.664801555,0.101751662302018,0.609404553932987,16.8076013265428,1.09620667751163,25.8407537937164,0.650429993672622
97,95,0.0978588016985374,0.6536478195,0.049334768800628,0.610293954363693,1.48400156776069,1.88543913000149,24.5319013595581,0.0604927252074774
62,42,0.00198573899370864,1.489644965,1.0210854932944e-07,0.61253194764756,35.9215395963217,1.02104266327962,21.6548526287079,1.65882170671993
146,137,0.283183862,0.53165151,0.400195751122387,0.613628035631537,37.9679547461571,1.00221106648564,26.264988899231,1.4455728457311
175,162,0.0836186092389802,0.3669099555,0.206197549340393,0.614103718646054,20.4271252475598,1.00759769738838,26.916130065918,0.758917615479398
15,15,0.0045069066429804,1.838031405,1.46794028596873e-11,0.61410943574849,45.3704113466652,1.03462217407032,19.4713928699493,2.33010610230593
200,200,0.10943903503955,0.2942206805,0.495193762929387,0.614997796878091,19.1984165351652,1.04611168744917,26.869754076004,0.714499153243472
48,54,0.170990044258185,1.09811004,0.0196937731776536,0.615207401113907,3.5746352398348,1.26042233840711,27.054993391037,0.132124787028003
191,199,0.0256321195790404,0.260143896,0.13396400285639,0.615682144788654,16.196262302908,1.06509491753332,27.3571743965149,0.592029793287837
105,91,0.0275683405939239,0.6647566795,0.0168873484523383,0.615891118849307,9.22963352335752,0.998530325577165,23.2353014945984,0.397224607802192
22,51,0.00296259693433933,1.300760495,3.54989094739065e-14,0.616244602361353,42.2224446593658,1.04700028099121,19.3443772792816,2.18267272447107
163,189,6.6758026,0.50548588,7.07272233785562,0.617491580907629,134.236223523703,1.00277868435178,15.4484515190125,8.68929959475215
98,104,0.0266033998668794,0.835019345,0.00130093058015918,0.618098454065858,23.4740553124817,1.06685034381093,20.2102289199829,1.1614937864099
96,86,7.9378824,0.642543835,7.89311097509513,0.620190199917184,139.769457217183,1.0029873264332,14.2297704219818,9.82232692955258
159,176,0.0203834342444372,0.3345206475,0.0312251860032484,0.620267445720298,19.7633224891815,1.00780489176013,25.3421471118927,0.779859828053277
200,200,0.0260333685750112,0.239226853,0.202340644399789,0.622276461593003,2.49467032192716,1.4099589052977,26.5915811061859,0.0938142907699021
137,135,151.222525,0.595035635,152.110347702089,0.623620182220204,167.854674376706,1.00307333787609,72.741179227829,2.30756053391679
24,143,18.732569,0.584115325,18.1022935293701,0.623762260208456,136.786409724129,1.01823037575094,19.2697560787201,7.09850239750489
200,200,0.0637845757893527,0.225489176,0.391401561184117,0.624912931387127,9.74580098735173,1.11150507829875,27.7273948192596,0.351486356755818
200,200,0.1201469415815,0.2492186455,0.571856447653614,0.625740307058351,11.4833418558095,1.00152965830552,26.5441110134125,0.432613540909585
158,138,0.0292499397604085,0.522306515,0.0413428271186021,0.625988142515044,23.0478621602987,1.02360433139855,24.3023886680603,0.948378469092202
108,111,0.166510652199529,0.8869221055,0.0891954855262587,0.627869007340916,14.1480052100706,1.11169329060406,27.8432037830353,0.508131367364087
172,139,0.00626285387566524,0.522409469,0.0094652257071278,0.628103850576357,21.1007797600097,1.00997047682964,20.5910165309906,1.02475658393318
13,15,0.29827191179742,1.712536005,0.0248783543448525,0.628305194272016,7.39429806805544,1.08213830476105,24.6024067401886,0.300551817801495
14,10,6.16244595,0.838200275,5.76080890122031,0.628844197107339,116.988017167266,1.00511905268499,13.2269880771637,8.84464524234694
41,37,0.00836211126888651,1.65010961,1.57196450653068e-11,0.628953501002431,28.9831607089568,1.02704014093503,20.1473572254181,1.43855893280094
105,44,0.00487039125008846,1.331058165,9.16594173469387e-06,0.630131806619116,40.7055452620588,1.00776013512706,20.3883564472198,1.99650939826537
9,82,11.2976105,0.65306425,10.6910550928776,0.630139397851249,147.969473084147,1.00780560837819,16.1333327293396,9.17166189816778
73,43,0.00347508865313837,1.57092681,1.67196988045254e-07,0.63109459584386,27.265317304162,1.07388453263608,19.6101047992706,1.39037081052091
17,82,12.4869485,0.656497985,11.8418161506672,0.631861076214679,137.821838308171,1.02499365939829,16.564813375473,8.32015641735146
136,143,0.0375077922500152,0.455531045,0.0311462422580145,0.633534824251378,4.17566309675002,1.2433751461522,25.1963551044464,0.165724886771942
112,106,4.46867595,0.636551265,4.53253824440447,0.634023742767488,142.28909199352,1.02499840253251,13.5698866844177,10.485650713422
125,36,3.65799615,0.73359281,3.71858377419249,0.634986390259275,107.910532976783,1.01997548951868,13.0945420265198,8.24087873850315
131,85,1.567937815,0.686745415,1.70104096759387,0.637032712723243,39.1028574027225,1.04663421290951,13.8879909515381,2.81558776493816
23,23,0.00383813496765264,1.593145595,4.91067878695859e-11,0.639517032062637,33.6468206276646,1.04317157330415,20.5137255191803,1.64021014106896
79,75,0.0229073395205364,0.930878865,0.00058382134466877,0.640333949587021,3.94687857146149,1.21021348122336,18.2314190864563,0.216487732125775
124,53,0.00364262438569584,1.364173225,6.51570329008202e-06,0.643166300807812,39.879417608629,1.01417683658272,20.7982158660889,1.917444162778
180,140,1.9648271,0.584735175,2.28049141415248,0.643910548123661,86.2297780869916,1.030602275935,14.3203885555267,6.02146916284004
172,196,0.0417411107498304,0.3339294725,0.126093736666891,0.644814746880699,4.41563756902258,1.2654394085954,25.141749382019,0.175629686778302
88,94,0.779864512,0.675888635,0.777409584507608,0.646446325596598,15.0082263604811,1.08723126913827,16.828649520874,0.891825950850369
113,184,100.610819,0.545617305,100.791233897824,0.647638312919644,129.027255976828,1.01930510389262,53.8459937572479,2.39622759231666
32,46,0.0107067831101393,1.781721665,1.64030186394983e-11,0.647811667807824,28.4246614252731,1.05081925330466,19.9964365959167,1.42148633777467
85,105,3.85773365,0.64744078,3.80964487086599,0.648909083582101,95.2250657444197,1.01206002721184,12.9752597808838,7.33897180885064
30,34,1.063389755,0.9174671,0.838008058577303,0.649209726083586,26.1513943587321,1.05820259975976,14.0843377113342,1.85677132249442
200,200,0.0480225687654484,0.245320985,0.378590142339513,0.649356770424775,5.40498009661457,1.16724246848808,27.9755218029022,0.193203906425576
109,31,6.7823193,0.761765905,6.81110007799437,0.649604953653762,160.019556222782,1.02441211342908,13.5726454257965,11.7898575555982
15,28,6.71437075,0.769351275,6.29376415097469,0.651875718449838,128.587256615836,1.01576414792889,13.3928797245026,9.60116563882693
173,121,7.47734,0.632604655,7.89397442518182,0.65209461310138,73.716393891714,0.996720098122204,14.6108832359314,5.04530716599179
176,189,0.015409777051903,0.3139640275,0.0491634545024741,0.654724570887177,4.35504379118423,1.26216344685842,26.1139044761658,0.166771069992964
164,150,0.0663471293941195,0.394926551,0.21187772472272,0.655956263739051,2.14810682424716,1.44462052237004,25.7139792442322,0.0835384832446341
154,162,0.33550708907215,0.405639012,0.601462823645005,0.656571959309008,2.29469081334992,1.4406793054229,26.1673340797424,0.0876929536022687
85,13,27.275389,0.833582215,27.1921589854031,0.656912562022568,176.593329918611,1.05669043014378,22.2452220916748,7.938483562486
129,120,0.00587975182098075,0.66713523,0.00152171715472205,0.656959658045037,44.7985446060303,1.03282576412403,19.014034986496,2.35607774140769
122,43,0.00508369798246738,1.373862865,1.27074293338283e-05,0.657387027815422,35.5334217277826,1.07943422153982,19.3481118679047,1.83653174895721
179,178,0.0139064467805588,0.374725732,0.0488547273399488,0.657412228447908,48.5346234075455,0.998241883893,24.9156579971313,1.9479567191496
126,112,0.00703892888117103,0.646129965,0.00155962225002827,0.658845160158409,26.2181683520835,1.034321671407,19.2668290138245,1.36079311926582
62,59,0.2290812126769,1.003850115,0.0909471877416049,0.659382012299724,3.10093267732231,1.32949934025308,26.6225850582123,0.116477519765338
10,46,0.00261604751427385,1.342289385,1.98644416397418e-16,0.659519330061229,40.8583594548594,1.01595342752017,20.1934821605682,2.02334392503356
124,32,0.00279855870932232,1.568982825,4.38850934515676e-05,0.660433475097517,34.7540889929533,1.05907004530612,20.0226581096649,1.73573802252447
193,200,0.0137614417279835,0.283015204,0.0797350866242907,0.661440297687066,34.6877514373566,1.01764366526037,26.4176590442657,1.31305167423175
126,196,95.4723895,0.51647104,95.8921612744579,0.661628872702362,224.99395168598,1.01306297014694,50.6820282936096,4.43932414035507
179,108,1.49770802,0.634378805,1.73106659439667,0.662153563099153,88.4669911922242,0.996695189077306,14.9949586391449,5.89978227490924
54,40,0.0170888150255152,2.045412315,1.2001745505859e-06,0.662729682166237,33.8631570183246,1.02430850354914,18.9619674682617,1.78584617208126
128,48,0.000741146473315973,1.33775522,1.03090513302313e-06,0.663258620973299,47.7765239606577,1.00913756547602,22.1537308692932,2.1565904290586
145,69,51.4461775,0.71325924,51.9751284149235,0.665046907753507,205.354353097918,1.01326068323662,32.3575217723846,6.34641782959957
122,131,0.2513674362,0.571085845,0.289665568111892,0.666066083196395,28.0103506749786,1.04168951278183,23.830381155014,1.17540506351008
143,159,0.0303829225604787,0.4553553095,0.0311577879155319,0.666891535237617,18.0158509765948,1.02290481606714,25.1514599323273,0.716294442750775
154,169,0.0239429240872663,0.3861787315,0.0356417425217906,0.667116443853986,26.3814167398495,1.0590338862293,26.6809837818146,0.9887722640059
93,80,0.0212129024422373,0.98911349,0.0011683824674978,0.667297812908583,17.3556319243578,1.06251410251938,18.8117353916168,0.922596005262339
34,17,11.9430315,0.823172215,11.4952021255235,0.66758264857383,120.422954180276,0.998157260465254,15.6112313270569,7.71386648864544
154,142,0.0235952682889263,0.505237166,0.0232686378824583,0.668517119721855,4.64673692235766,1.22283294486121,20.325825214386,0.228612460913461
19,41,0.0034852303633343,1.6494187,2.0212362385371e-14,0.669528640517596,19.9928326676485,1.11378607036666,18.8449747562408,1.06091055712492
72,48,7.5035516,0.74572357,7.38128072648421,0.670147490295041,124.701959750614,1.0073186252212,13.9228315353394,8.95665220354726
120,129,0.266524384854129,0.5428513725,0.359457643351101,0.672144136336492,17.3448648557726,1.01079763746835,28.152756690979,0.616098275780233
105,115,0.114303906001244,0.658130455,0.0679015389022853,0.676158719096836,10.4576391340957,1.07610140521673,27.0117130279541,0.387152015248838
116,29,1.84211365,0.891633935,1.89191935343699,0.676520152741174,90.8345263752169,0.997646595989874,12.1478312015533,7.47742744100707
79,162,12.207711,0.59272141,12.0722973872408,0.677194863807819,126.740777903266,0.996686791290375,16.1271839141846,7.85882883072923
73,47,0.00337775809187467,1.35763957,1.75027465852806e-07,0.678537112529072,42.1363232099267,1.00834577019296,21.4844169616699,1.96125048611287
120,31,0.00236813140916078,1.363006975,4.950566671557e-05,0.678560265948978,53.2444267828136,1.00429530618614,19.5216789245605,2.72745120891349
122,124,5.42666765,0.65374588,5.51935107811434,0.679312574112026,117.829841449176,1.00973410581091,13.4225749969482,8.77848262915018
4,45,0.00771218084149764,1.461139745,4.27585737572555e-20,0.68080362038027,38.4079943030302,1.01640118427951,19.963173866272,1.92394228294134
104,29,82.756973,0.822273385,82.7352562503634,0.681608506344714,185.157793575642,1.01288649665422,44.7874052524567,4.13414870836898
97,60,0.00320135578106293,1.360272705,1.87010143608068e-06,0.68316353392163,45.1514824187363,1.04345744766142,19.7574498653412,2.28528897840919
161,145,0.2414078922945,0.5533730905,0.451176058312042,0.683593469805074,42.2850159459929,0.997669636290462,26.6102759838104,1.58904838009643
162,155,0.2566099829935,0.4809372285,0.488244247953789,0.684746906207755,23.1863726042953,1.03322836223262,26.9375975131989,0.860743894957019
105,41,0.00784980128145604,1.63315977,2.93769069430492e-05,0.686255321033498,53.323455803818,1.02564129999804,21.1898498535156,2.51646218224482
171,171,0.3249655074335,0.4286347905,0.681403197245439,0.687312075462909,30.9632617545304,1.01368119719191,26.2963759899139,1.17747258277743
3,0,54.1443205,1.042444245,52.4539260437842,0.68762264837231,191.035087437714,1.01871737029465,32.4852921962738,5.88066397197519
76,75,0.628130829,0.876094225,0.557400461851938,0.687765049807112,32.5716498475216,0.997865665810966,18.8746752738953,1.72568001170171
105,92,14.9850505,0.69526245,15.0122997419169,0.688381413227979,137.221208714973,1.00799006095218,17.6232511997223,7.78637307951072
9,8,0.5503351955,1.645733595,0.219489227543248,0.688905153269766,13.9306238617027,1.02105819291262,21.6514930725098,0.64340245797598
65,7,36.492447,0.88171704,36.3082369285954,0.690217520672172,155.159883751534,1.02402430118601,26.0103347301483,5.96531668512861
139,48,0.0046592798156691,1.44691384,5.32803244036414e-05,0.690703208744932,35.6314891731642,1.03522756657524,20.6286544799805,1.72728130221695
12,27,0.00626498729668291,1.587829915,8.66280588418618e-14,0.691365146740402,55.6785146403547,1.07387931354766,21.7415502071381,2.56092661792233
68,65,0.169608968560918,1.148720896,0.0588409175364302,0.692253976574969,19.4953370860637,0.996052984808101,25.2460014820099,0.77221484360428
86,26,43.543287,0.81975554,43.4494730074349,0.694295897476065,134.867721075124,1.00922030153139,28.6446144580841,4.70830987348343
136,72,4.35796815,0.737745215,4.53097819478052,0.695487610697007,118.873690680941,1.00866120943932,12.6843640804291,9.37167128972225
10,84,21.370486,0.718622595,20.551777266111,0.697539642567675,124.729124619207,1.04208206027904,19.3715879917145,6.43876612864963
121,39,0.00617662137986066,1.663031915,2.97075093501323e-05,0.699181282515567,12.5069928342066,1.07215666710536,20.3564903736115,0.614398287949464
59,62,0.869523845,0.85029019,0.749691506840773,0.699445274398337,9.34194718798192,1.09346484704385,14.219767332077,0.656969060731979
159,127,0.00508029126121006,0.61638096,0.00359221503680102,0.700840750244549,25.2120079222391,1.01818362332987,18.6685357093811,1.3505080588388
194,159,0.00495727812937294,0.44854948,0.0328261633997627,0.701215224991207,32.8368206119986,1.00377256701107,21.0445322990417,1.56034927008066
25,45,0.0142870379150306,1.37062295,6.08437732617617e-12,0.701406428276477,32.3924025982746,1.04787190781919,18.5260262489319,1.74848087566227
140,67,0.00482405327886734,1.43483107,0.000515160318788372,0.702008227400213,33.3932703691815,1.07202289245376,19.1865494251251,1.74045210680001
158,155,0.79994979895,0.5417614455,1.09604695495753,0.703020014948328,18.1180184055147,1.00888490941311,22.8647513389587,0.792399538351585
20,34,0.00437772131328419,1.66617281,1.1522458662129e-11,0.703279471395121,41.6051710680363,1.04106664027721,20.7948307991028,2.00074583294188
148,131,0.0312195933069983,0.664086715,0.0190124549319099,0.705247202368417,2.05842552556536,1.52748990961175,20.5620000362396,0.100108234701755
133,128,0.0414218653321026,0.6064043155,0.0351270069969206,0.705929787736049,14.2852491771976,1.01812764268761,23.6792020797729,0.603282540056543
6,64,0.00475803700797239,1.269472395,3.05929138772022e-16,0.706666315896761,40.7543732494262,1.02453953497225,18.3667368888855,2.21892290916893
110,80,0.109949796483464,1.748145585,0.00803065522947929,0.706960929473885,1.56379060422563,1.81460618327439,19.8178896903992,0.0789080284861616
149,157,83.9675225,0.63694671,84.6148957287317,0.708598015448703,194.919751205486,0.998385820323772,44.7965266704559,4.35122465273718
17,52,0.00684599134138524,1.601212265,4.77418817879289e-12,0.709172447686587,32.0032822834433,1.04265846180287,20.6618378162384,1.54890782553193
83,22,0.0102358412672919,1.99365687,7.13306967050776e-05,0.710058757520662,26.4620426139163,1.16619274552715,19.2822334766388,1.37235360447098
189,176,0.0269259150902053,0.35892094,0.127289350913253,0.711292319543577,28.8107524973207,1.00710523507588,25.4454343318939,1.13225626733392
151,60,0.00354633155751224,1.3363523,9.84290903770692e-05,0.711579272974902,40.5853413441688,1.09272746786083,18.271125793457,2.22128301249519
144,165,1.910226865,0.56795039,2.13679940014783,0.713635759591013,28.7565526250902,1.01914019138806,13.9633603096008,2.05942924822458
43,19,3.4660332,0.88754681,3.28298627572571,0.714485631888071,85.4999462745816,1.02197848347533,12.5582134723663,6.80828897061828
100,76,0.00329965872155999,1.382158445,5.75933138109754e-07,0.714572327977571,45.832912554657,1.03062397985651,21.9508981704712,2.08797435980603
114,98,0.0400406945141212,0.87246641,0.0120401390344719,0.714951021953086,21.4527165790401,1.00997931857323,21.9607284069061,0.976867259662195
137,146,0.00570631242105148,0.496564484,0.00395677960379218,0.715145198823048,20.8331000735983,1.07107321183234,20.202789068222,1.03119920735933
189,185,1.177427115,0.52782357,1.55160451698005,0.715263475965148,64.6945196054305,0.997349557722126,18.4820816516876,3.5003913966327
128,111,0.0112136338847739,0.6711761,0.00613749055638884,0.716350006250144,46.5205153793896,1.02868871239936,20.3271195888519,2.28859357943183
47,29,0.010519218604031,1.777349575,2.08676533378455e-07,0.716713157894546,35.5809811138327,1.00594844506088,22.3387348651886,1.59279302648782
95,53,0.00868611421702313,1.582879215,2.11158957670419e-06,0.716802233413008,19.2390524911703,1.26290214544409,19.5672183036804,0.983228795865765
177,38,0.00632452966401493,1.62146717,0.00907783545130253,0.717308636692099,44.7379371544073,1.0099869158218,19.9932312965393,2.23765415859272
47,39,0.00782210551089902,2.01447009,2.35181271016812e-09,0.717773108673365,33.4771250695958,1.01242035362436,21.3094363212585,1.57100002857413
200,200,0.0749315979295869,0.16622412,0.666980131092773,0.717852973447721,7.41610264268548,1.13189575053165,32.114265203476,0.230928610562847
138,118,0.0550636017591301,0.632674268,0.0723748365326355,0.718545473618069,2.53481908668268,1.40265276254544,26.144713640213,0.0969534079265604
15,26,124.07151,0.838546955,122.263367776542,0.718606007578013,178.505510468835,1.01534696655887,59.3787636756897,3.00621803855302
37,4,4.30835315,1.03251287,4.07120236629346,0.720490244700955,97.1903971928521,1.00475166923747,11.3813509941101,8.53944292229881
24,88,7.34259515,0.758058665,6.98127895824412,0.7216090147223,122.186120385064,1.00551495956994,13.746390581131,8.88859658569451
122,104,0.121168066356755,0.765196958,0.117524915794994,0.724610193494662,2.82688913970977,1.34691840396127,28.0829470157623,0.100662125599678
7,178,8.05788385,0.60054099,7.26122347856349,0.724952031474359,148.086767597423,1.00727719313988,14.7472512722015,10.0416521603972
48,49,0.00337447878166062,1.48708243,1.21379942288816e-11,0.726174897850204,38.6284373369136,1.03922059499873,20.7961256504059,1.85748239774458
138,70,0.0063209300421189,1.244863685,0.000523176532891557,0.729855478712939,47.2220389987073,1.00441728911394,20.471661567688,2.30670279706272
200,200,0.00609128526876073,0.2397699615,0.118721933603461,0.731374506681241,14.6796795623873,1.06506015292451,26.3719854354858,0.556639150218645
67,75,0.00219779422992488,1.2519492,1.71135455960145e-10,0.732565218567872,48.8919513527924,1.0233090436702,20.130866765976,2.42870572445628
125,62,0.00238767993837056,1.819348065,9.19375205120178e-06,0.732962923099161,32.3709383700818,1.07334351817107,19.3398551940918,1.67379424743423
121,110,33.79391,0.726842075,33.9519582156055,0.734961841908752,208.505702853812,1.00199279636258,24.8420689105988,8.39325032082389
164,149,0.0165026858456261,0.5093349115,0.0335609237487092,0.735380860141656,25.629872345099,1.02658664339952,22.3392314910889,1.14730322550813
36,52,0.00635037581574009,1.690240665,2.55935755268965e-11,0.735631566533352,36.6550381878971,1.01425657345412,20.8294100761414,1.75977322708159
57,41,0.0124495972275318,1.72412964,3.64040378428579e-07,0.735648098896031,7.18088402104837,1.16192392587301,21.0305397510529,0.341450295905452
38,52,0.00447396087695822,1.405101285,2.1052175367986e-10,0.735954722989679,30.7137777291915,1.00606289114482,20.2272882461548,1.51843279017049
195,120,17.2021075,0.716301895,18.0566209059109,0.736106194302036,135.6134123454,1.05506608366363,23.5533463954926,5.75771315329327
6,50,0.00707844299480317,1.63830586,3.52530810196033e-17,0.737742649152669,36.170391250527,1.07481670275987,20.8493735790253,1.73484306919009
62,40,0.00823278717201748,1.45723062,1.16564488690387e-07,0.737746958703727,21.5783890749961,1.12675384822779,20.1395800113678,1.0714418603971
200,200,0.00440370214678303,0.3143026785,0.0482261061304049,0.738539134650992,12.8860775618714,1.11221764317342,23.6153359413147,0.545665646844658
124,14,53.8171955,0.896308305,54.1135720949682,0.738956292315946,161.375231389277,1.0081555918654,32.2752571105957,4.99996733833295
139,85,17.548836,0.76692603,17.8348679532946,0.739004239975727,184.070836847656,1.00219957792095,17.8408949375153,10.3173544540413
133,143,0.127530594731815,0.5952805705,0.141660552270135,0.739442287335948,13.3555104570642,1.00334071620736,26.5088577270508,0.503813125204398
187,193,0.328593774075,0.3793290845,0.74295012562934,0.739730745648293,3.03723967496978,1.36064455580419,27.6514830589294,0.109840028055528
170,129,12.9727455,0.6970618,13.4200325321412,0.739771709779764,188.091644062074,1.00631175955621,16.6155450344086,11.32022113464
2,71,0.00147508285177803,1.29532881,3.95291611453976e-27,0.740361871154901,50.710756230606,1.01660874634775,19.4311490058899,2.60976621687347
12,32,0.00339056098399222,1.484007695,1.69139000718377e-12,0.741268861827099,27.4868941152174,1.08399262151116,20.2798507213593,1.35537950909409
9,4,0.876747475,1.554604975,0.591494744141828,0.741938831849723,37.0597800681717,1.01675528859254,13.3474428653717,2.77654532347306
113,108,14.7285735,0.727579955,14.8027516157647,0.743274878014322,114.652878789436,1.02624351297108,16.8015954494476,6.82392806887904
182,157,0.0190220793044499,0.4920451925,0.0647189572528807,0.745766858220048,14.021425481221,1.09920445093644,22.6996781826019,0.617692698919745
45,48,6.2075456,0.82789586,5.97717347928082,0.746656281120278,102.979726332568,1.00812459757502,13.2886369228363,7.74945744477364
58,76,3.96381155,0.79342576,3.83512941325439,0.747990530442589,117.234471128236,0.998900693720604,13.0219643115997,9.00282540505854
135,139,0.0543451193291576,0.6088616815,0.0351098694215934,0.748766266728066,2.92575907057434,1.31261617289823,23.9667088985443,0.122075963076935
55,68,2.0630132,0.83979522,1.9253489058156,0.748875122473951,31.7348550986461,1.00662620073992,11.9015381336212,2.66644989432053
42,57,0.00405049152650443,1.359434655,5.81696608297761e-11,0.749653242955345,33.9612492133329,1.06648933708987,20.4353597164154,1.6618865380702
156,71,0.5385677455,0.86377534,0.704398795197824,0.753694238749716,23.8678227946625,1.04200560798583,21.8494205474854,1.09237783870701
93,56,0.00631159416513595,1.504367185,1.27394995930729e-06,0.75552519955297,43.9012584166844,1.00289001092504,21.1584403514862,2.07488159275411
126,46,0.00265191869885236,1.564642535,5.39128242648218e-05,0.756234021975611,37.525450204674,1.03195930696728,19.4973995685577,1.92463872285764
26,28,0.30682570678559,2.537648575,0.0179426691057379,0.756312245699125,1.4142833058127,2.06730817512616,22.537707567215,0.0627518704639697
94,42,15.920753,0.845131975,15.8796982065169,0.756365586536773,118.929566385341,0.996306630356326,16.6418356895447,7.14642114031082
67,176,25.366707,0.655611295,25.1177981671732,0.756472459336909,135.148488694015,1.01053189025417,22.4159247875214,6.02912839756004
30,34,0.0100068189869018,1.95421537,3.99154863233009e-10,0.756720206709255,33.4411104053789,1.01308388082489,22.7300021648407,1.47123216983703
145,151,0.0373940028552667,0.566216125,0.0401512018791185,0.757143546992151,13.2058132103078,1.01287016867721,23.3671836853027,0.565143552948311
120,141,0.25328488375,0.59676117,0.311876792763085,0.757851306889448,19.5817852806279,1.04948387085174,23.7398657798767,0.824848188367878
44,62,0.00826661260138278,1.559096295,2.26855578692119e-12,0.761804863056824,28.0987798147049,1.09116751911485,18.5341949462891,1.51605073196507
188,187,0.0450602505680266,0.4120374785,0.178860143247923,0.762843807236841,22.5303186883041,1.00546493278623,26.6811034679413,0.844429793369507
91,53,0.0159823277649572,1.63030314,5.92686851789237e-07,0.764312006439623,13.3376142824577,1.0852259557213,19.5490951538086,0.682262487215896
142,58,0.00401713555446608,1.396390305,3.89120947239876e-05,0.765059611053807,30.2754275106835,1.0522092014144,20.6383862495422,1.46694742237199
131,64,6.09482345,0.823444785,6.22174374747516,0.765108586171299,131.595669875618,1.00596969000526,12.8859221935272,10.2123594958318
34,62,6.5737224,0.832524475,6.27049527244239,0.766910196976096,120.086830430347,1.01739511417409,13.3621828556061,8.98706683840697
132,126,0.0142880146868108,0.73770148,0.00422235391893057,0.768788066403765,29.1195357616703,1.02419763630713,19.171769618988,1.51887573971418
7,53,0.00877324039680214,1.790868075,2.12024847734373e-14,0.77051527073491,31.0294376668596,1.02020014956839,20.9789862632751,1.47907230966533
164,170,0.0318360804238085,0.44177705,0.0823940432073623,0.772567067354855,12.6377507097703,1.01545839496581,25.1808042526245,0.501880344367995
126,29,36.669512,0.910373605,36.8712283214763,0.772959134537179,142.480613956739,1.01213956369101,25.639662027359,5.55703947285671
8,79,68.5907435,0.809610355,66.9313066317061,0.775698270848071,121.634310171057,1.01209679851314,38.683180809021,3.14437198873499
62,67,0.00317967966831983,1.4790727715,3.9747536857614e-10,0.778579653712634,31.9954980155271,0.997460477673542,19.7206788063049,1.62243390959229
78,68,0.0469247033993419,1.137448305,0.0181342559365466,0.779523373379148,1.39374347906165,2.17123309362351,19.486362695694,0.0715240448321139
174,173,2.147620765,0.612329775,2.55968815519321,0.779531547334061,56.8319023309538,1.01002710870575,14.2326192855835,3.99307402176632
143,178,0.0106314982118042,0.493903131,0.0106451458784381,0.779835539269901,13.7982099108646,1.02345338023573,20.5709290504456,0.670762602750104
118,30,0.00549539565777899,1.58217613,0.000144730338902717,0.780737366664714,55.459541664266,1.02796807754705,18.9613509178162,2.92487291146308
129,138,0.4592652239,0.641686425,0.592802343018917,0.782291289273899,3.39811490162026,1.2864518291433,22.9640605449677,0.147975350220235
173,193,5.1268564,0.56666237,5.55827199542721,0.782347060549998,93.8923678887515,1.00864194177376,14.5060992240906,6.47261310144787
136,136,0.0328326989407604,0.59861253,0.0229603631917605,0.782495401464811,2.27766107094861,1.40893681135531,22.1135778427124,0.10299830661275
22,39,0.00581208769794927,1.58064319,3.44429213798043e-11,0.783528001587459,40.1103387340324,1.02686789761436,19.5279493331909,2.05399645654848
53,11,1.055944605,1.168733495,0.953818682228942,0.783632174019769,59.0033949628687,1.01689442804532,13.0044755935669,4.5371606519879
199,198,0.123460566883521,0.349570756,0.496571704478348,0.784552372256771,13.0018097774981,1.00865688526894,28.0046138763428,0.464273845549484
74,66,0.00553647165722739,1.526498315,2.31697836533733e-07,0.785220993751017,35.5667453595717,1.02523446929988,18.6210675239563,1.91002719440303
115,105,2.6072317,0.776559025,2.64991665000665,0.785467518670986,68.3217696186026,0.998476769532064,12.2514324188232,5.57663522786383
97,51,0.0092015729690373,1.67934013,4.92780673539807e-06,0.785577772055403,44.940186320459,0.997203523985375,20.215362071991,2.22307105657658
189,197,75.9991695,0.588912555,77.7088328816138,0.788162611699037,128.242260326652,1.02928155620791,42.3269283771515,3.02980313581834
79,107,0.0170709387590914,0.672586015,0.00538149588116651,0.791500605334368,5.49293734378811,1.20347405091391,19.3598251342773,0.2837286651966
113,36,0.00740867233841625,1.97467486,0.000107129423256193,0.792812968877766,15.5535402013417,1.09357455363951,20.5409255027771,0.757197634509646
118,132,0.0565420325274165,0.6260858815,0.036071077522845,0.796701569754488,6.66849221746704,1.19098128875011,23.6009023189545,0.282552426485466
120,63,0.0030020837384151,1.291002255,5.29083881759476e-05,0.796771577281228,44.9419242769495,1.0348460976221,19.9610860347748,2.25147690855372
141,143,0.0532157088667378,0.60285608,0.0645568900414514,0.799903175850264,8.00806827615604,1.12828342086482,24.1852729320526,0.331113413466713
127,114,0.0789353569021826,0.787586319,0.0697442249530778,0.80045337739838,10.6549593981234,1.14563938734281,24.0710036754608,0.442647076199218
22,37,0.00908182081090688,1.6240143,1.19475139707733e-12,0.802107836935863,21.6429105956817,1.14439655753477,19.0107505321503,1.13845639913479
127,69,17.734735,0.851291835,17.8794421270742,0.802141674157993,143.386618008692,1.00494239308309,18.2167353630066,7.87114788415234
194,191,39.929791,0.644505015,41.6104271833696,0.803508184737711,156.315415752618,1.00475072548867,27.695240020752,5.64412569219447
161,122,4.0343585,0.76248992,4.2605618198389,0.803879533758013,65.4789791521839,1.01608526452557,12.0148098468781,5.44985563539302
176,154,12.715444,0.72275586,13.220890975566,0.805050238078564,120.616935341293,1.00800422244241,15.9932219982147,7.54175333492883
110,133,0.0311030911532274,0.804033115,0.00544327123837462,0.806276573509126,15.1991554390867,1.04301868459631,20.5799763202667,0.738540958578214
154,147,0.32982716155,0.629890385,0.492155781758358,0.80685770951435,33.6606748452184,1.04216743201629,26.0115993022919,1.29406402328566
90,102,0.0463722031821707,1.25649642,0.000453521268571572,0.807075902490632,2.56771955899322,1.39519742517422,18.3544986248016,0.139895924780183
133,90,0.0049618781983553,1.3182063185,0.000115259507864672,0.808355531485284,18.2380679958794,1.04518537860211,19.3958256244659,0.940308927755764
61,66,0.00156143738079334,1.35303127,5.58129661387868e-09,0.809294326867656,34.5725295489897,1.07154114690747,19.4360656738281,1.77878229726008
172,125,2.46371405,0.765791505,2.73104335138365,0.809688204102828,42.6374676002206,1.01453753069184,12.9872827529907,3.28301681045652
148,172,0.4068974597,0.554833825,0.579953628959865,0.809960377596357,25.315267051581,1.06407764407258,25.5710182189941,0.989998397200187
186,157,0.00423866851651449,0.561729934,0.0167246256832172,0.811097716821275,8.3584353891383,1.13712187694436,19.4486784934998,0.429768808812995
45,58,0.0103774630566597,1.655564505,1.03812278195253e-10,0.811811843862995,48.8474070255535,1.02415213635452,20.8807120323181,2.33935542762861
111,124,0.0132085365472337,0.8272989645,0.00118175312942789,0.812312070294064,15.7323593874099,1.06316489814838,19.217661857605,0.818640660033478
66,16,20.3654205,0.96041452,20.1207553884056,0.81278202140061,178.895236017896,0.998911108523647,18.4183828830719,9.71286334710287
38,46,17.9323995,0.911336505,17.5133669330004,0.813392178872625,157.606859636095,1.00345485063164,17.9553618431091,8.77770445470476
10,63,0.00460852754070161,1.416795215,1.69017124872223e-14,0.813954011571121,46.7232423517341,1.01168076663034,19.0401620864868,2.453930914007
138,41,0.00866544225030165,1.925603335,0.000327100080231883,0.814715190034389,26.2402908030335,1.20945370669443,19.3210544586182,1.35811898150978
195,189,0.00880249028474186,0.384915677,0.0680628679295935,0.815752963620605,2.89765212131113,1.2801440334897,21.8449990749359,0.13264601712141
62,73,0.4976181359,1.01320493,0.384030482648989,0.817596623661112,56.3702086303694,1.02586105769519,23.1866743564606,2.43114677697032
20,80,5.84765805,0.872225185,5.441611797231,0.817663919636845,115.898275976182,1.02468669019177,13.0121841430664,8.90690407558817
144,157,0.0524438088271636,0.552022546,0.0817475271595295,0.817698236145119,20.2671946572689,1.09252677205798,24.6542699337006,0.822056167624139
123,103,0.0362336552523083,0.980199015,0.0175718163330739,0.819979636219974,15.6597911058415,1.0481253984713,19.5351467132568,0.80162137176142
97,75,1.017092515,0.9510582,1.01671905239397,0.820134058741889,42.942362406042,1.02757294069988,14.1584458351135,3.03298560492729
100,125,14.153185,0.789616625,14.1315931533872,0.821212564896748,161.192274070185,1.00076885160599,16.4250459671021,9.81380961691308
174,163,0.100323119416904,0.4576867805,0.295436991892784,0.822212148674226,15.8564036913886,1.09015328639698,27.3327770233154,0.580124137326504
33,45,0.0031365669689121,1.64602482,1.7795729092507e-12,0.822401104854592,19.0608741664165,1.16644921079439,18.7211418151855,1.0181469888207
151,50,0.00845870045962175,1.75151775,0.000614516149806885,0.823118375596001,15.7538214217339,1.09371630801399,20.2436468601227,0.778210642113447
4,49,0.013589881221397,1.807001175,5.80571607747239e-17,0.823269685077949,22.2525986385395,1.07307281147324,20.1648631095886,1.10353333506926
112,38,0.00689695502746732,1.771965665,0.000170059712812012,0.826266802867439,28.1418264293091,1.08822271400029,19.9612922668457,1.40981986802782
57,27,12.236554,0.988351815,12.026019772908,0.829856065759021,146.228268906003,0.997309409593783,15.2523918151855,9.58723527941469
124,164,0.00374016406421316,0.567520885,0.000520625256002179,0.830891871230182,22.0350348619287,1.04118705116515,18.8263351917267,1.17043676517627
142,29,0.0296170669767351,1.884625265,0.000632120326357256,0.833358307462996,42.7827626802923,1.04906077291093,19.3734970092773,2.20831389706283
123,124,2.14645055,0.79010737,2.24112031914714,0.838223999820501,72.9610477018726,1.10740125733075,13.3048059940338,5.48381146892259
196,167,0.00699206586110949,0.47867021,0.0370413931431885,0.838683285964876,9.9879502064339,1.01461864891455,18.8620238304138,0.529526963608696
186,131,29.7805325,0.80624464,30.6425202521425,0.838985980720682,91.0745940305831,1.03163570878814,23.3281354904175,3.90406657523032
86,51,0.0137237265616026,1.750183135,1.55190049626368e-06,0.839277942744888,17.315290265162,1.0662789065401,19.3602893352509,0.894371461362131
200,196,0.0275548510702733,0.2647454915,0.405995430409457,0.841106933101136,18.9374766983104,1.070806125547,26.313414812088,0.719689057218479
159,139,0.032489716718898,0.714703965,0.0576174367182474,0.84646669384225,34.349215811085,0.999202533859426,21.8807463645935,1.56983748354523
44,32,7.29446045,0.97450646,7.07373798122831,0.847525395217653,113.559616997422,1.03099429656731,12.4448220729828,9.1250494648658
180,80,0.00384576324249957,1.345911285,0.00308073128393813,0.847785470455228,40.4907591601312,1.01034186614668,19.6159014701843,2.06418039067316
0,52,0.00364135914129112,1.41772828,4.51492494866962e-33,0.848198820699599,54.8742132918857,0.996426791655094,18.225367307663,3.01087008923071
180,193,0.28125377805425,0.462932136,0.566506686651716,0.849175335720012,29.7685851011649,1.0322029270591,24.2419652938843,1.22797738303317
142,107,0.68049509,0.830745215,0.820747943438369,0.851905881573552,45.871205555137,1.00746782499626,17.0013084411621,2.6980985442319
121,118,0.0671528718244646,1.25792713,0.0119274562181212,0.851909406855509,3.26289759831382,1.2585071876552,20.0047268867493,0.163106330658036
182,116,62.7076005,0.834843575,63.9148757081626,0.852544089479791,131.515699207877,1.01818217104638,36.6432301998138,3.58908585544253
189,192,0.85934242,0.517501735,1.38309089219928,0.852574327104755,25.5315572414696,1.02187840060347,18.0955483913422,1.41093028458232
165,63,0.0118865430119304,1.64475695,0.00487180832475424,0.853881341562426,39.7623416486755,1.02073832150862,19.6161415576935,2.02702154915275
155,102,6.4418235,0.85510606,6.66609157397586,0.855131841634306,151.940080859626,1.02115801751383,13.1838359832764,11.5247247502443
126,39,2.7162428,1.00471478,2.77546952819234,0.85564235918491,138.63110430236,0.997201921315506,11.7005040645599,11.8483018797681
4,39,1.4431264,1.024110305,1.16990159374178,0.85803756665029,95.4572160927908,1.00113237323675,12.3188941478729,7.748846198932
179,200,0.221309596175,0.377232771,0.492430224663012,0.859603524644012,8.24853962489379,1.11843572732075,28.4501423835754,0.289929643011409
126,74,0.00539324820999783,1.344240865,1.44616197018838e-05,0.859968452112882,43.3312514656461,1.02507923051945,20.3197460174561,2.1324701316848
160,68,19.0555765,0.92396428,19.4672304469709,0.861615506617916,136.463261744808,1.00816989896648,17.7237350940704,7.69946408138667
158,13,14.984384,1.1113358,15.2969571261757,0.862727414470682,112.053904286108,1.00884999303692,16.1110954284668,6.95507669131666
153,45,0.0101519798084704,1.87541352,0.00095927033697867,0.863554850315807,24.8528278763606,1.05850241833312,21.1654465198517,1.17421703591514
150,183,4.33347895,0.70329758,4.49584956715704,0.864102532227957,129.858613129563,1.0132091984702,12.6743969917297,10.2457429110275
200,200,0.00784755704413162,0.307051562,0.0823704684211263,0.865713232915721,16.0441039284336,1.05500442238832,24.3445539474487,0.659042838207968
128,144,26.423369,0.81357789,26.6334126191943,0.866410705517502,194.824938016891,1.02302960784553,21.8900904655457,8.90014311834572
108,14,36.473708,1.08981554,36.537994493263,0.867573326488471,159.069218936172,1.02794642938908,24.9779546260834,6.36838449414362
144,88,0.00610402884146959,1.282409655,0.000454724028706294,0.86798263741801,47.0344914262458,1.00273534503413,21.0810208320618,2.23112968773845
119,66,0.0035155565531635,1.40867537,4.48563655107846e-05,0.870186699752511,54.4653861208225,1.01170475460921,19.327118396759,2.81808105081799
12,69,0.00444543105523436,1.40622398,3.28615681915134e-15,0.870197984325686,38.8613903272448,1.00484532992583,20.6831884384155,1.8788877954168
138,128,1.46793651,0.795471185,1.60820133979923,0.870815119575295,47.1266442236317,1.017399041853,13.4203445911407,3.51158227745819
102,88,3.4439979,0.916490165,3.45001119779165,0.870932768843254,104.871442125781,0.99741825933599,12.7088599205017,8.25183712636601
40,41,1.295093765,1.08677612,1.16771784349169,0.877227235886385,51.7605231523727,0.998418846080565,11.5381147861481,4.48604682062213
54,173,6.52220665,0.744988475,6.33260189055975,0.878314850083895,122.681754823255,1.04429501701878,13.3487119674683,9.19053127539485
148,143,0.57244554726,0.720372016,0.774487346204432,0.878841348628452,4.79395697297937,1.230517966293,17.4995250701904,0.27394783308409
199,200,0.00571245428534896,0.3300880415,0.06297934085864,0.880262874408987,12.4750631638433,1.06419312595654,23.2382001876831,0.536834310019217
43,106,1.090714475,0.90185713,0.863092663721588,0.882064199962203,53.4850273402704,1.01342171502721,14.189062833786,3.76945454162875
24,27,2.42845115,1.091030405,2.23272509832819,0.882648277290111,99.2396342108279,1.03698701357245,11.1119694709778,8.93087714738793
113,80,0.0649031424838398,1.507675795,0.0230685012050418,0.88292905255341,2.34811389741933,1.55893765904467,19.0143206119537,0.123491864123883
98,92,0.0880950002680835,1.418942277,0.0220580119825303,0.88462242437706,2.92405479940587,1.91352408081353,19.959801197052,0.146497190555071
92,72,0.0049055725943837,1.688203215,1.96069461184122e-06,0.88643739771141,40.8311382497021,1.03797759301057,21.5043473243713,1.8987387821544
132,87,0.83235521,0.96739031,0.961870384936669,0.888844191968207,30.9589357139988,1.07510275542897,16.4774920940399,1.87886211914475
50,57,0.0255934515357496,1.839042895,4.02057622490229e-09,0.891839920091969,15.8164612842018,1.14334982747124,19.4473896026611,0.813294822973953
67,74,0.4714574672128,1.0726074235,0.395577301131479,0.89323832536836,27.2055977502934,1.00592126897156,20.6594595909119,1.31685911872841
192,186,0.0127900890575222,0.3954243495,0.0806249063598618,0.893377884305664,5.35237444083386,1.14430296014846,23.4174237251282,0.228563761054999
53,156,5.4818333,0.79860566,5.28354829054257,0.894021686362513,163.608311162076,1.00589883980181,12.9569523334503,12.6270674578077
165,178,0.0134006388933545,0.4909652655,0.0245330763053133,0.89562357846483,21.6222291448837,1.01448942790744,22.5690979957581,0.958045782288138
52,63,164.37795,0.97420017,163.412114263032,0.896313383379398,183.729877346994,1.01188582209455,75.5123734474182,2.43310955488548
0,3,36.5404525,1.26234128,35.1500020131817,0.896884386292986,280.389006727222,0.999569340849127,25.7448780536652,10.8910598116935
71,73,0.00317654211302004,1.72194004,1.60572363094272e-10,0.897791707168686,27.630569412403,1.0073396859144,20.4219725131989,1.35298240140834
81,67,1.47822814,0.98395309,1.45426616010543,0.897900606733304,30.5427469068175,1.04163797568837,12.1876831054688,2.50603389032265
190,200,0.0116451370377338,0.3492835355,0.0658612628331359,0.898907454995624,21.1797941749673,1.03530437168734,24.9461979866028,0.849018924099848
47,41,1.5670089,1.185726435,1.41152220519795,0.899331097396473,35.9171100626909,0.998101647510123,10.229382276535,3.511170967291
27,76,1.3567897,0.970243395,1.15227581338038,0.900570475763017,81.499982284822,1.03700891743653,12.859278678894,6.33783467330777
144,177,1.175889695,0.67361446,1.3602613315897,0.904556369012175,44.275461630794,1.0169008384224,14.8640875816345,2.97868681058493
80,60,0.00659616814127686,1.661214895,1.56120133868007e-07,0.90529909957529,44.6116436736216,1.04013605167107,20.2019696235657,2.20828189057279
200,88,2.2496589,0.93343953,2.68148465222365,0.906114843393249,59.9176228262158,1.0212042813613,12.0682742595673,4.96488740125502
131,151,29.7867415,0.83832595,30.047045663161,0.906596203131294,108.981939572117,1.04022287558146,23.4299595355988,4.65139256457243
123,132,0.0284887142376742,0.7036857435,0.00865994040456549,0.907428540746704,26.8017573716623,1.03660790634238,20.6291346549988,1.29921869336229
17,75,0.00156722436912121,1.39488277,3.30839266495257e-13,0.908931205436459,58.4342135816281,1.01597323190804,19.5263903141022,2.99257633600749
27,72,14.6702435,0.972609635,14.1970518894712,0.911337724953272,164.393494007088,1.00092715181586,15.8099598884583,10.3980968431868
33,45,0.00855753928822543,1.77499701,7.76897738753676e-09,0.911556289354736,36.9874757335684,1.06297213811358,19.5565557479858,1.89130827586436
35,70,0.00254247304045143,1.33359692,1.49186051699022e-11,0.912181236220612,36.144477847753,1.03983628124796,20.9020159244537,1.72923405945102
147,83,0.0104232527766031,1.371581175,0.00025196948120185,0.915579449736971,35.2016378343255,1.05792670176663,20.6370887756348,1.70574630060643
17,80,0.00233303597708653,1.305491465,1.46585175488269e-15,0.916786684964975,31.2593672756112,1.0070475709688,20.8711371421814,1.49773187070075
50,68,0.7005122125,1.092860795,0.556509857472129,0.917635209721763,12.3757240735357,1.04732330123106,15.2068214416504,0.813827144681231
149,150,0.0121784691302753,0.6632451895,0.0139335039358549,0.917870831222256,2.38302813419423,1.39510384546064,20.5755960941315,0.115818182048875
130,75,0.00149738825102316,1.423890465,2.70055516595387e-06,0.918437290712433,55.2921074060435,0.996943383048119,20.9413347244263,2.64033349037442
198,51,52.2147885,1.023488555,54.2025470592272,0.920605616667035,186.936229931275,1.00796626548157,31.410932302475,5.95131109548587
176,71,0.00290441882636206,1.456799755,0.00266960021115572,0.921917508366774,41.7854254029195,1.03039272279239,20.5971646308899,2.02869793739733
189,160,0.137533152547088,0.6013521595,0.367059253505656,0.926543540965814,9.75266874534426,1.05679649891087,24.2571187019348,0.402053882210106
104,92,7.65741225,0.938702785,7.68439380992647,0.927127033792477,108.116297236167,1.0632776117101,13.674950838089,7.906156191438
159,68,0.00682796845748737,1.42877961,0.000551142922211462,0.927153682506701,27.891251616067,1.11492566793779,20.3467152118683,1.37079874199045
28,71,0.0125226402748467,1.63872984,5.81950392115607e-12,0.929861435445912,36.548870209197,1.03793996567478,20.8635289669037,1.75180671818154
200,200,0.0419596551452828,0.3667286155,0.20695289199553,0.929887183598954,2.65044704300409,1.366974147447,26.5662982463837,0.0997672697348747
160,16,7.6484432,1.19760718,7.8483306543501,0.931303207040072,166.686117263867,1.01314800903619,13.1463334560394,12.6792856594772
105,78,0.00612380903968979,1.34183043,2.91589392010656e-05,0.932856608111715,30.7948931879437,1.01431150118489,19.2584428787231,1.59903338924488
54,187,2.5622397,0.73175433,2.41794898479141,0.934559906180314,52.0103979141138,1.01810959124291,13.5024991035461,3.85190900701147
128,62,0.00372587436029156,1.490387745,0.000350952304624009,0.934566413206987,48.4480871515132,1.00351301772141,20.0386452674866,2.4177326613053
147,62,0.0123524233743558,1.89606897,0.0028458471766788,0.935494923327018,30.0532360636831,1.03623917364875,19.9981062412262,1.5028041006067
168,158,0.0450561198739636,0.5530245865,0.119972035294688,0.936622234454674,8.43297549071193,1.2199363025392,24.2208383083344,0.348170256675639
96,27,58.6979775,1.11593344,58.6688129601582,0.937685719884294,151.703485213747,1.01686577858206,34.1833186149597,4.4379390697121
172,67,0.00605015800680783,1.73566988,0.00604104931683609,0.938156680618131,27.7817115380876,1.09393141950453,20.4576585292816,1.35801032646639
121,156,0.0617395724559532,0.68817883,0.0333600667707871,0.944158389294923,22.26976107842,1.05295459514298,25.4316399097443,0.875671453254859
143,154,0.012655663763666,0.725971355,0.0039354892370987,0.944897361334307,3.48798674492584,1.28892058819188,19.2851023674011,0.180864310620503
124,71,0.00146363243763066,1.39914081,5.03387543995186e-05,0.947181155171664,58.8584324029019,1.0217937230109,20.3649904727936,2.89017726188153
114,158,0.0159226557217221,0.66572443,0.00548345190862777,0.947221655739337,26.7590484129293,1.08611080655375,20.9709405899048,1.27600611418502
143,31,2.23210955,1.19692688,2.33115386741954,0.947312747289514,60.6757307545726,1.02519845508998,11.1333861351013,5.44989008898868
4,54,0.00661912630410342,1.585417395,5.61048551857755e-18,0.947580793139318,26.1558351179999,1.07961777329317,20.3568916320801,1.28486389723573
32,89,0.00256285300461688,1.293580785,3.59450456029855e-11,0.949254711021611,43.4258420324354,1.04286434828611,19.5239787101746,2.22423117117029
126,71,0.00873880435748736,1.71391006,0.000738829319528986,0.949504568359507,23.4198598031729,1.07353380074301,19.8876223564148,1.17760984110897
146,170,0.00648678077507897,0.59446117,0.00121867450166182,0.950346051664934,22.8051494882675,0.997498708043119,19.0126240253448,1.19947406827522
139,93,151.71687,0.973795045,152.38063402313,0.95354398720048,246.332157435847,1.00957203163779,72.7052321434021,3.38809395381597
103,79,0.00118397151593294,1.388600675,1.05654551704103e-06,0.954143047930797,37.7889717738375,1.01544499439369,20.9538938999176,1.80343433799606
84,91,0.0027250051723566,1.349153135,2.16489206130494e-10,0.957807983497925,28.9155669002836,1.0672190304454,21.3194694519043,1.3562986154752
42,58,4.06917645,1.058704055,3.87473654014652,0.959874096634979,120.176315052898,1.00267738885124,11.953132390976,10.0539600099825
188,81,0.00401960191489809,1.50321115,0.0165170844251728,0.960380642532472,18.9802774252674,1.13740443664999,19.4100430011749,0.977858597434249
200,200,0.131851141203135,0.3302385485,0.590518031753208,0.960539989088722,21.6310224861903,1.01280763670817,26.170069694519,0.826555784477738
43,46,0.36809278631,2.05946611,0.143630687174764,0.961613731469568,7.9519624223079,1.14879795204357,26.0405104160309,0.305368915403923
82,143,14.2717345,0.895038445,14.1856194415804,0.96772214389192,119.228993194049,1.01752293094235,15.9425053596497,7.47868609759519
149,89,0.00229144038120727,1.325423955,7.96975447844801e-05,0.968051932309239,42.1279758005076,1.0465170140129,20.5133554935455,2.05368525952583
124,108,0.4016901667,1.045335525,0.470478963455245,0.968736001108257,24.9275655004234,1.0093981942922,27.3447394371033,0.911603694661646
27,117,12.632298,0.951221935,12.1988148051684,0.969977384886818,162.363097144123,1.02609865949704,15.2017667293549,10.6805412840994
200,200,0.00452127984280125,0.253949524,0.190571324492311,0.970214369099573,16.3764165085924,1.11015300034188,24.0635333061218,0.680549123865623
185,176,0.0318061899733926,0.519762882,0.126934810745874,0.971330636128727,32.732851066023,1.02998552283334,24.0309665203094,1.36211130078182
158,5,7.6422445,1.23114525,7.83011507087178,0.971718902461456,116.605492315883,1.00266285988379,13.0976519584656,8.90277835184925
65,69,0.90522233,1.13811878,0.831791371540544,0.972774743775589,34.6190682421002,1.06068366603837,14.9216084480286,2.32006277089211
125,72,0.0127589715670874,1.61031537,0.00025585058566718,0.974061147325685,24.6853850878413,1.01888664206432,19.5234143733978,1.26439897323888
121,60,0.0041043100982745,1.52437664,4.44704572232908e-05,0.975716699951189,44.8137388646636,1.01231896408131,20.5141820907593,2.18452476761675
158,80,0.0104496412575971,1.598963005,0.000845910421772807,0.97738716257089,23.9092608691826,1.12532303129299,21.0008277893066,1.13849135420066
93,77,0.00384397310000467,1.455210335,3.71749036276888e-07,0.978467466368086,37.4256717685568,1.03929984897539,19.5057239532471,1.91870201066424
118,51,0.00368399590780585,1.717620165,5.51601789291684e-05,0.979909743090533,8.63879542070713,1.21351659294291,19.9227442741394,0.433614732078887
126,68,0.00846317128393256,1.60954939,5.17945187362154e-05,0.98011437098093,29.8551595648942,1.02215470900006,21.0772614479065,1.41646293275256
200,200,0.00322193215794333,0.26935306,0.0888909987217492,0.983222515320938,20.1638098330781,1.02953953742625,23.45925116539,0.859524871059238
178,89,0.00198597977262845,1.424224535,0.00104632152413436,0.983499026076722,58.2085793202179,1.00450737464307,20.2431402206421,2.87547182333214
123,68,0.00392951603417585,1.559578815,7.10032380343733e-05,0.985539779864469,60.8406032924692,1.03926084832868,20.7492682933807,2.93218066450459
94,56,16.381682,1.06423184,16.3193256329903,0.985604235348069,213.997862547701,1.00033158133824,16.8115406036377,12.7292237869857
192,170,20.1991315,0.850802785,21.0200520601661,0.986303172201292,119.298389964807,1.00587141443421,18.671421289444,6.38935773101822
31,121,16.2857805,0.965383545,15.8261887223728,0.986549036580136,143.866239415847,1.00631821392534,16.5769264698029,8.67870408171981
176,172,64.7759855,0.85412202,65.8613689904322,0.986838353744226,158.355958027066,1.00635262910629,36.7216844558716,4.3123282707078
193,64,0.00389950876399894,1.51988208,0.0210801925389198,0.988189911980281,29.0117111023983,1.16079088829161,18.3525049686432,1.58080388219305
141,77,0.00575425985565587,1.582982185,0.00036969644945378,0.99066114609711,23.7291419073634,1.0021079631717,20.0758714675903,1.18197319332666
194,192,0.0183103111118584,0.488197846,0.103692739813982,0.991347684518163,15.654173127369,1.07401656044732,23.27978515625,0.672436322856968
118,117,0.0441780239478697,0.986776765,0.0196057166974506,0.992496097882857,3.86198758431287,1.42031253698724,19.2215981483459,0.20091917199118
93,82,2.46188365,1.033900555,2.45871707682073,0.993858730132861,80.3566577063864,1.01254576166365,11.3375647068024,7.0876471080402
134,155,0.7457990215,0.802666455,0.891792604892912,0.994462296276305,44.5184763055186,1.05991164520163,15.813631772995,2.81519621454339
194,200,0.0412909582551736,0.403753205,0.192504902189108,0.994774416975867,27.2239826429423,1.06270095657356,25.6368362903595,1.06190882270367
151,153,0.0298529103020517,0.6973098615,0.0453948883198976,0.996273954441252,3.01724237221929,1.3185590248285,21.354279756546,0.14129450426884
175,71,0.00172369499848256,1.54097071,0.000761366742882831,0.996281395974371,35.7038151407554,1.04281536420726,20.643444776535,1.72954734673639
2,2,0.686419206,3.3454345,0.214359428905808,0.996715925662351,4.05092520357083,1.65344395122387,25.4019117355347,0.159473241453083
26,73,0.00265674501444806,1.602990415,1.13866950497774e-10,0.998033868879748,49.2919226828824,1.00823023691473,21.6629703044891,2.27540000240262
154,142,0.0287469992506214,0.7567544,0.043453453386331,0.999142393319698,20.1772935949273,1.02840587637421,20.2945468425751,0.99422242592765
74,81,0.010203572986642,1.482004345,3.33862767430058e-06,1.00178038262816,35.7784084840642,1.0458256931901,19.4311048984528,1.84129562734814
65,98,0.00330051814113707,1.431959975,1.91946379563757e-09,1.00420073658056,32.3151023015609,1.06272946475522,20.5410575866699,1.57319564317524
72,56,1.4777026,1.14997927,1.41985709751057,1.0120476844229,18.859682037277,1.07931035716221,11.7832403182983,1.60055142115616
69,107,0.00660251703582911,1.315841445,3.23253032956391e-09,1.01850560550873,35.4749129441342,1.00971847595867,18.6736648082733,1.89972955541202
138,144,0.0494481643933317,0.72989887,0.0402433763632057,1.01974142717892,4.44267327947276,1.34741189164151,22.651341676712,0.196132897683509
167,88,0.00968493120378372,1.475964645,0.0111923951701495,1.01977292872263,30.826563285547,1.0297445497685,20.3692004680634,1.51339093224988
195,188,0.234199938449415,0.598221015,0.593010700757092,1.02086923191528,35.81412618347,1.00040178569935,24.926530122757,1.43678747130444
177,82,0.0072523667972874,1.660573285,0.00886093417253754,1.0212395005896,30.236533286244,1.09311555327719,19.2154057025909,1.57355685090568
6,13,11.568542,1.285459215,10.9976208512121,1.02172593241785,131.07557663169,1.02710454153469,14.6015145778656,8.97684797920809
89,86,0.135236805354295,1.846988595,0.0313527317479036,1.02312710786027,1.35880898475673,2.11502258953405,19.0619835853577,0.0712837139257894
164,48,0.00537063877599167,2.00876828,0.00471454542518521,1.02583903621112,35.7416779490734,1.07245424783439,19.5579445362091,1.82747618917224
196,198,0.0148512087330718,0.4543618055,0.0946473732715854,1.02609115432915,18.611164079892,1.03611793051539,23.8487155437469,0.78038433750248
178,10,148.813915,1.305336325,150.033072582907,1.02626661499606,203.214790474974,1.0088939862286,70.1023643016815,2.89882934048345
111,65,0.5476384948,1.32628345,0.599576943620595,1.02705461677331,48.3367850440303,1.01674731851087,17.7149226665497,2.72859136637963
198,194,0.103343585367442,0.507534199,0.416806437207682,1.02732860499778,23.2707756481616,1.04710210065057,26.8051788806915,0.868144762313978
130,79,0.0039776799960475,1.51569478,0.000115238362226021,1.02796836187004,32.4417517951814,1.06247735997763,20.5921349525452,1.57544382211674
190,193,0.0156234683144072,0.4578452495,0.0678144620663225,1.02889832095385,18.8444545351267,1.01044815625062,22.2239055633545,0.847936222614256
111,99,0.00912215145386458,1.330065474,4.76070943097736e-07,1.03072957716435,15.4631917518194,1.15791213881682,19.1917145252228,0.805722267882678
200,189,0.0140802472362612,0.436078173,0.19761339408305,1.03436475660478,17.8367922834474,1.06588187764679,22.395626783371,0.796440861244011
91,87,0.00617815994782853,1.64014291,3.7803723347148e-07,1.03660109148601,31.1324841176739,0.99758456629096,20.5016748905182,1.51853369463352
143,50,0.00382627617258933,1.618907075,0.00147382857078368,1.03673252270773,44.8025937770582,1.02385321676381,20.1039063930511,2.22855165066547
1,96,0.0102281078468278,1.63310582,1.76717907896268e-17,1.03812300263422,21.6520727523613,1.10056113030243,20.8573594093323,1.03810229892636
135,134,0.691060348,0.900845535,0.811629223915978,1.03974656812291,38.3902404117857,1.05558476033403,16.5992765426636,2.31276587947161
171,86,0.0031151238321307,1.2288492,0.00201590011305822,1.0406458253715,36.1479441846688,1.01514974308765,18.7725250720978,1.92557708916829
174,55,12.974851,1.14614911,13.3036359952633,1.04123333787803,104.396473243611,1.00018146309571,15.2128055095673,6.86240767213887
34,89,0.00141876629864785,1.47113698,4.63609066394181e-13,1.04233416055175,36.3891471144556,0.998225122201234,18.9858832359314,1.91664231061887
151,2,34.963687,1.532698065,35.2608173896022,1.04244348543352,149.443777829736,1.01945142460177,24.5801665782928,6.07985211791493
118,103,0.0564005189456224,0.9323012395,0.0606665261758278,1.04415951740203,9.03711836595354,1.0987664251026,22.2510507106781,0.406143443896638
149,65,0.00790996700131795,1.80985386,0.00248228192548105,1.04476556093634,28.4284072415918,1.03697105653348,19.4902920722961,1.45859318763111
200,200,0.0225323639543545,0.336257169,0.200643707315091,1.04581227371247,26.5422797539702,1.02559780551321,26.4451825618744,1.00367164007541
187,95,0.00175742235794125,1.28604212,0.00512552474503124,1.04722674783756,43.1346444677077,1.00844982157567,20.5591413974762,2.09807616153673
186,157,0.00866630086431652,0.705528517,0.0300845334356682,1.04929738163621,17.5616183080918,1.02681725544045,18.0772919654846,0.971473954263869
179,153,0.066182245074506,0.630850195,0.186448532151907,1.04980670028401,6.77487221023917,1.18878854018569,25.6597635746002,0.264027070652568
142,118,51.4942715,1.02037445,51.8792063975783,1.05159766875507,110.728321719908,1.01502904750386,31.9685754776001,3.46366142581155
105,119,2.4172884,1.01697809,2.43642377175548,1.05224752088784,86.8018330690449,1.04344058648917,11.4070599079132,7.60948340499461
188,81,0.00327364961440447,1.706478975,0.00759483741783421,1.05226168524628,36.0430750008469,1.05788946342767,19.5800256729126,1.84080836271372
110,123,2.22702745,0.98098048,2.28261207586367,1.05331342645115,41.5821150483045,1.00822933954336,11.4359610080719,3.63608401768373
194,85,0.00326359531475583,1.4002661,0.0365555557220735,1.05413067114865,47.1766818375346,1.0477014830328,19.4551513195038,2.42489410967675
71,97,0.00461025409373096,1.347994245,1.45034199507747e-07,1.05794475047066,28.9812615110747,1.01767482632229,19.6210696697235,1.47704798968195
177,173,0.00623313847134636,0.617456885,0.018048272878531,1.06085862468299,20.1949398627133,1.01116879030698,19.0763761997223,1.0586360664772
200,200,0.0768721563265,0.51268043,0.308740236495248,1.06232932700885,1.38339155031461,2.12784215808641,25.3395824432373,0.0545940941771048
90,131,0.0831090488781975,0.91582897,0.0245254691359979,1.06389307622985,8.03491420574673,1.26030756121741,23.1382977962494,0.347256063367338
10,81,0.00407634553627571,1.486914745,5.34529563138314e-20,1.06439641951395,33.7077517693275,1.12761399146565,19.5988194942474,1.71988684212441
35,138,12.6005445,1.01060498,12.3467988462677,1.06572825338672,216.785484232355,1.03763696926182,14.7006425857544,14.7466672268075
166,175,0.00716172336024084,0.63585404,0.00861053220383154,1.07005140277533,37.9972759130408,1.00341648139703,18.7765996456146,2.02365053471837
152,52,0.00481063064840266,1.790105275,0.00160842801592361,1.07123186591069,38.5105886392612,0.999722675216826,20.3810813426971,1.88952627153221
24,39,82.376588,1.235050325,81.388694894736,1.07300950073817,170.312376566072,1.00379974911295,43.6622343063354,3.90067936906655
37,169,80.8303285,0.933485285,79.9103144897289,1.07457579217628,169.089412424202,1.01341972699359,43.3178179264069,3.90346098945867
167,88,0.00452349889262587,1.39290321,0.00216651162630789,1.07550082411447,51.266735775257,1.00262013857721,19.4510018825531,2.63568612479759
134,52,0.00962705669766224,2.039543735,0.00108279343760988,1.07650182742429,43.4333461068801,1.00226770656333,19.9711227416992,2.17480742913829
115,109,0.8177729,1.06358193,0.867599909800998,1.07661277949599,54.0017475973357,1.02282785421495,15.056309223175,3.58665239912945
195,200,0.0610094312416445,0.466883775,0.212123107172067,1.0768934395843,12.3063125421139,1.0513068774959,25.4707419872284,0.483154850702213
95,124,1.9819587,1.045708395,1.97584004905913,1.07842520667745,41.2703306221867,1.00949114735108,11.3661580085754,3.63098336228033
199,28,2.54801385,1.289655275,2.98725409653502,1.07932093988186,107.375208876529,0.999963867430461,10.603865146637,10.1260443613415
81,19,114.54868,1.27939559,114.34058095647,1.07957770560037,209.906007728227,1.00049597540368,56.3052048683167,3.72800362274043
131,63,0.0360312780351903,2.10262203,0.00108305339364625,1.08019985235192,10.1821228680942,1.10915710075878,20.0219395160675,0.508548278248623
103,166,3.088499,0.93186543,3.07320968582672,1.08062628557461,81.6152541308209,1.02762574755736,11.72429895401,6.96120548025657
87,88,3.95938185,1.111064815,3.92276101708622,1.08207149739358,48.5001420600703,1.08372020775572,11.6744854450226,4.15437085329943
153,200,6.8213629,0.74956287,7.04378790845785,1.0822376603596,99.714514766689,1.01650883900743,13.52330327034,7.37353239614083
103,51,0.00791833105319943,1.68787315,6.80471862538871e-05,1.08357185745916,32.650459811873,1.01605588511476,18.8489577770233,1.73221565871794
119,26,32.6011475,1.311910895,32.7260355429164,1.08664645425819,213.936021999964,1.00183774243653,23.3920614719391,9.14566774102403
104,99,0.0420908564938911,1.029108055,0.0267595912820574,1.0888847104812,1.65357770735334,1.76543090699045,18.3666980266571,0.0900313003977836
200,131,0.84192747,0.95790434,1.24653747193877,1.09343501149881,38.5529420449298,1.04521523877459,14.6491057872772,2.63176077808197
72,163,92.119464,0.98682147,91.7974113990602,1.09416228006297,135.297981500347,1.03035094434565,48.1921887397766,2.80746704058028
22,123,1.64986785,1.04874806,1.44425703027414,1.09510723026783,80.838801089258,1.00850912373689,12.7035040855408,6.36350415955463
48,93,0.00227952747017002,1.26628591,1.84878386536931e-11,1.09556025193444,34.0870059243558,1.00821721975465,20.473890542984,1.66490124838714
164,154,0.0169586025823494,0.847960415,0.0253926448245891,1.09687188548351,4.57509155392445,1.183329190725,18.5510156154633,0.246622160681643
85,72,1.210864555,1.20387604,1.22393651036343,1.09844681934369,56.0889395141226,1.02624145525586,11.1604804992676,5.02567425459894
93,105,0.395822631419244,1.022613015,0.435284175742178,1.09891589116668,28.7097178485185,1.01614594113987,24.2777106761932,1.18255457573565
21,73,0.00749880948344139,1.5907576,2.40880255891377e-11,1.09931403031451,58.9210534001925,1.08346416269867,19.9050841331482,2.96010069618699
40,79,0.00860002083771914,1.624385265,4.16969406373949e-09,1.10236478732744,35.5232373806678,1.0021279916324,19.2278242111206,1.84749127049552
146,113,0.00262658045006601,1.306379695,0.000117368850696103,1.10267625205287,49.2911077031336,1.02000580364236,20.2058165073395,2.43945141663685
169,185,0.2617828354,0.68772773,0.442313089509005,1.10374373494185,40.5088026465773,1.02526057889425,26.5461761951447,1.5259750537626
44,75,0.0106842069525501,1.51119797,1.12555346072703e-08,1.10783674043866,29.6010542107448,1.04036977664947,19.4508235454559,1.52184066353633
157,162,0.032509510229026,0.565975349,0.0381230609625006,1.10836538966568,2.06873447779826,1.48087605971605,20.503199338913,0.100898130267505
57,91,0.0040983248930816,1.550188975,7.03909662189903e-09,1.1095655242242,44.874307107674,1.0366403472904,18.7679979801178,2.39100127542705
198,183,81.6206445,0.921417465,83.9183419305172,1.11083305411308,131.105926847801,0.999260577711155,43.7509119510651,2.99664443553638
75,166,77.8621365,0.98800001,77.6373941589028,1.11084574830259,195.110623077438,1.00040823192998,41.6070036888123,4.6893697161351
113,72,0.4895609075,1.37692817,0.532028146096467,1.11251298691084,20.9689066837552,1.0086581333239,21.1924512386322,0.989451689549274
117,97,0.4611747085,1.109857295,0.558447994781727,1.11442242569525,26.6598883407762,1.0227644954998,25.0277810096741,1.06521182722796
154,74,0.00499328466773265,1.69275854,0.00109405736918929,1.11553974840178,19.0251867377616,1.08147869184544,19.5936281681061,0.97098845474317
125,120,18.1098475,1.083966745,18.2630264827667,1.11822823379094,153.752010305072,1.01164012932477,17.6675746440887,8.70249671516255
56,85,0.00673157517687859,1.551932525,8.23610048593836e-07,1.12127141730727,32.2689777092354,1.06382602001719,20.1312036514282,1.60293335003573
59,39,43.125143,1.234308015,42.8478290724683,1.12319456747203,197.581562744958,1.00098994343367,27.5132105350494,7.1813343082319
156,106,0.0031293989166664,1.543237115,0.000506924863445357,1.12471180567134,42.8318872156083,0.997574606777714,20.5165190696716,2.08767808370204
42,72,0.00407125208214525,1.48315942,2.95296075267898e-10,1.12861126982329,53.7637468300581,1.03038210107459,20.3678665161133,2.6396356627497
198,173,0.0105314696430568,0.698680315,0.112036499582034,1.12911872471643,11.8376083408146,1.04802373455876,18.8287086486816,0.628699958222757
88,76,5.1914442,1.189292145,5.15286233601582,1.12920772875872,149.808748513256,1.0124287631921,11.8918449878693,12.5976035397429
156,85,0.00978098247463308,1.61008235,0.00150323410817123,1.12938301479043,8.25116388164516,1.1109935386949,19.0270979404449,0.433653303697254
127,87,0.0029563133163431,1.418521645,2.6274573415828e-05,1.13200599507248,18.711764621646,1.09438014418998,19.6730670928955,0.951136115852688
196,195,0.00637403262062247,0.540158679,0.045711931680647,1.13402559515122,24.698700774034,0.995117017373284,19.9524722099304,1.23787671593605
93,76,15.1699125,1.1985461,15.141605777006,1.13512481559789,70.1394254889041,1.04376409610605,15.7478528022766,4.45390405724165
148,79,69.8116855,1.189533995,70.3502712208186,1.13520832893386,246.886345939994,1.00508663791636,38.2885563373566,6.44804530535712
186,153,3.55682695,1.02101841,3.82770348730637,1.13567506818332,106.079877526646,1.02128451131985,11.6910035610199,9.07363315501306
184,108,0.00735813163626937,1.416035355,0.0180508887361375,1.13647380673744,22.5092246798066,1.09087407804626,20.5615544319153,1.09472388161802
105,170,0.955812225,0.859217275,0.996416035665558,1.13699932161292,36.0064808948933,1.05154260276175,14.6949462890625,2.4502628445599
161,53,7.64455855,1.242455235,7.83844167609875,1.1383241163072,156.802361476427,1.0004710464589,12.9591164588928,12.0997725403437
182,85,0.00473745516797838,1.633590335,0.00607547374126727,1.13939746383941,47.0669672578875,1.00890667332611,20.3139295578003,2.31697993851782
30,90,0.00350719320019773,1.466822495,7.48102463337991e-11,1.14541020807411,46.4928550238953,1.00195537514633,20.2291285991669,2.29831229733792
126,4,14.1022735,1.5668926,14.2074028281978,1.14562274291336,88.9830179022485,1.02271753436288,15.2857084274292,5.82132115921918
70,185,6.64460735,0.953338375,6.54730787745586,1.14590860992429,152.047876654918,1.01157476071902,12.9574058055878,11.7344381225869
195,184,1.7831321,0.88781387,2.15114185684045,1.14595222269941,51.4476354520526,1.00802543986034,12.7713983058929,4.02834789267466
16,89,16.071632,1.186642605,15.4801256689423,1.14766838675001,107.313681201175,1.02146549539364,16.7915592193604,6.3909300976317
56,139,1.20573302,1.02533616,1.12296285168475,1.14779069758272,67.0017820147197,1.01499628587105,13.5532217025757,4.94360554892912
186,104,0.00429008884932541,1.25152875,0.00920426719637944,1.14827544513837,20.8529840513095,1.16283968633125,21.4540238380432,0.971984752544744
96,194,2.9659277,0.881272795,2.96135019620359,1.1491941366803,81.5710144566403,1.01417474643014,11.9310193061829,6.83688563091745
73,179,20.3520355,0.95741319,20.1590493236698,1.15328595415713,186.407314997358,1.03815063991066,18.3849472999573,10.1391269692566
194,99,0.00269231913628941,1.51168875,0.0242276035900072,1.15390356419669,6.16063618830451,1.16272839921124,20.6323671340942,0.298590857184016
65,99,0.00399892275298581,1.46225424,5.88938114487473e-09,1.1554641574006,27.3227513137833,1.02345348432854,18.8591113090515,1.44878254685679
135,84,0.00796633630918568,1.473542355,0.000299766566270401,1.15802110156116,47.7045206247886,1.0237799122438,20.7743096351624,2.2963227882213
81,119,0.5839730605,1.062760665,0.556969400203249,1.15951182324562,37.5168698136147,1.0679701236736,17.9350135326385,2.09182277701328
12,84,0.00777167244142662,1.54786243,2.04233138637973e-13,1.1596097916742,39.5842618557565,1.001234530585,18.7821228504181,2.10754993836468
132,117,47.9884065,1.13905021,48.2792758574021,1.16240197320419,156.870965680436,1.02490958359553,29.5309772491455,5.31208176271833
180,184,0.0231547280016454,0.5416553135,0.0671195314603104,1.16356943239223,23.8712407516442,1.02277500781167,21.5435178279877,1.10804748519912
3,85,0.00742350749355988,1.670643125,1.29092281584251e-24,1.16469132368896,43.7436748806144,1.00487221459153,19.7248992919922,2.217688122665
135,128,0.0606716613814336,1.14760831,0.0406383654603321,1.16754035553259,18.5677532235222,1.01767267984238,19.5320720672607,0.950628953220233
170,98,0.00452281244185494,1.521579825,0.00357253220625054,1.17095842133658,18.0085299158484,1.10344333980214,18.4565470218658,0.97572584376229
31,176,18.288765,1.000474885,17.8483281214777,1.17298590801276,122.670246866696,1.03075490113489,18.0764729976654,6.78618261884044
57,89,7.3951663,1.195647835,7.24905222886414,1.17471195030301,142.905408510025,1.00855366016642,12.9272248744965,11.0546083863642
24,85,0.00845360495241321,1.599739895,1.33640732154398e-11,1.17532096165334,19.295184094902,1.07978441163832,20.3192808628082,0.949599753317025
107,92,0.00862370898288038,1.730354855,6.77642277350881e-06,1.17577681730638,29.5177277636532,1.00978695890493,18.9150717258453,1.56054009159905
104,87,8.44233845,1.21760409,8.45438847445486,1.17658049891343,205.401684819577,0.99777836870994,13.6906282901764,15.0030868172033
126,143,0.0385007388397864,1.08671833,0.0113442433329128,1.17696269893963,13.090191588458,1.1222366828183,19.2161383628845,0.681208229315283
57,78,0.00603947660490313,1.571281115,5.19073440743039e-08,1.1794757578937,23.03802042848,1.11410655232136,19.9839532375336,1.15282597765543
89,52,2.13618745,1.33187605,2.12101588435775,1.18065468025563,73.1047105158804,1.01353976716161,11.360933303833,6.43474515348276
9,90,0.00256058866124964,1.44265296,2.64291348572121e-16,1.18096572713793,63.2471586722273,1.01260342391695,19.6713907718658,3.21518490511021
149,93,0.00276315009052158,1.33355685,0.000168187665551138,1.18228865848987,28.9171221971899,1.01237169703238,20.9909496307373,1.37759952293184
180,133,3.92721125,1.11645078,4.14010993522999,1.18280756686306,170.435591736843,1.01551183878658,11.3778793811798,14.9795569127549
29,185,63.029237,0.95342565,62.1456572963167,1.1829485846103,165.050433031735,1.00536306705697,35.8464465141296,4.60437362924319
137,74,0.0023869459601947,1.76391011,0.000483170355609999,1.18375539040972,44.1022647939221,1.02552389777984,19.1089828014374,2.30793366932146
43,74,11.830963,1.24807062,11.5900818343185,1.18442479766551,163.031123115732,1.0004563288268,14.6723675727844,11.1114393983788
28,119,3.4737823,1.141256015,3.28733790932154,1.18606017545576,79.5908564685066,1.01951217091128,11.0663065910339,7.1921788732107
186,186,0.0223306472867327,0.4617123215,0.1146297159535,1.18808072613228,9.21332493091893,1.03903188933679,22.3961687088013,0.411379510965117
113,99,15.6180765,1.20279167,15.6566285073649,1.19356965796347,142.630265180507,1.00924149671628,16.4516797065735,8.66964758154861
172,92,0.0044192858759259,1.546606265,0.00523578984959963,1.19573922823478,25.5902943925614,1.06664190985275,18.5259635448456,1.38132056292863
100,82,27.832573,1.251753615,27.8311122845656,1.19579944802827,86.919188250967,1.02308022600621,22.211282491684,3.91328993647756
135,139,0.3866023995575,0.926909156,0.518484942940871,1.19900292600369,25.8684512145671,1.04882360416243,23.6528832912445,1.0936700991605
173,175,0.0316772631039862,0.5769038125,0.0778317017020326,1.19965093746379,16.803466433651,0.996158316986569,22.3061625957489,0.753310497111386
175,180,0.0132089096939096,0.73020886,0.0361533105503479,1.19978361692743,15.1771973122911,1.02946267095547,20.6334347724915,0.735563297126146
8,9,0.6642012,2.30006076,0.403621444625926,1.20035813576757,25.4598001989159,1.075663724115,18.7300961017609,1.35929896251426
145,85,0.00958159977295226,1.74461726,0.00206304654898733,1.20142855402564,37.2763218406593,1.01996048851949,19.3809864521027,1.9233449201764
16,106,0.00545927850780561,1.452849555,1.15532205419075e-16,1.20201348795103,19.2349306116082,1.20341081431799,19.4199674129486,0.99047182740291
140,75,0.00769189665520733,1.82801448,0.00031078632822858,1.20418828414438,25.9659438159662,1.09227613716265,19.6189892292023,1.32351078399679
108,119,0.00512455021671526,1.27639054,2.55577575394439e-07,1.20423305588883,26.6551262742019,1.20549150832417,22.3682775497437,1.19164858424726
94,100,0.00568708542136689,1.586105525,4.85651813890695e-07,1.20426882442963,48.2097393885655,1.03939911663341,20.7878737449646,2.31912796758462
23,87,0.00757963707241532,1.741827915,3.05155206547089e-10,1.20526211968554,29.1362166950073,1.06295311770416,20.5689043998718,1.41651767778107
131,98,0.00991367724348585,1.807384365,6.01873330468452e-05,1.20534489841786,30.0456732892106,1.25173245609529,20.2704050540924,1.48224335966807
16,102,0.00795260680759122,1.35848225,1.67542988258922e-10,1.20685750296731,46.8826047551933,1.0449903567054,20.164231300354,2.32503803675225
173,155,0.020336135476962,0.882592635,0.0468294641514811,1.21219851234528,14.1040860032885,1.15467734904603,19.3079116344452,0.730482212179119
200,41,17.391469,1.38936902,18.5148768358102,1.22015265276377,136.950225541077,1.02366573834008,16.9124858379364,8.0975810920642
199,200,0.0447012222434743,0.361402253,0.302390278064859,1.2203057838225,19.6059838975936,1.04004001880662,25.1704156398773,0.778929683883806
124,134,0.32683978629015,0.9068722465,0.457908102080394,1.22031284261774,9.52246132684654,1.12839781291619,20.776734828949,0.458323283482376
93,85,0.00406751737932737,1.56899036,2.66726725999264e-06,1.22727751697917,60.7329106229745,1.00926323557894,20.0695176124573,3.0261270746875
136,102,0.00682270774796888,1.517793915,0.00018043199263346,1.22775060212449,17.3800460402817,1.09672487913132,19.6016414165497,0.886662788638082
9,108,0.00298003921477456,1.32784879,4.05077286161209e-18,1.2317182903405,28.9472747956484,1.01516387599732,20.3169288635254,1.42478595018447
93,18,16.778046,1.51434614,16.7686596107724,1.23247657767678,163.886160179908,1.00509704421862,16.5639865398407,9.89412541393455
182,182,0.0259651736598188,0.502711616,0.108449645159096,1.23939699916833,18.1800942170329,1.00339265697099,22.3706161975861,0.812677400410396
57,127,0.00714460457008613,1.375446665,3.01226284442552e-08,1.23952802882962,55.8841018091604,0.999069655962453,20.2986280918121,2.75309747813461
150,115,5.47178615,1.2210996,5.65795036863707,1.24379933074469,117.970914634281,1.0074664657786,11.410902261734,10.3384387954922
121,80,87.1140305,1.31000025,87.2670238709227,1.24505130079701,153.691437763118,1.01857039508636,46.005069732666,3.3407500229043
171,98,0.00658144844731735,1.568619275,0.00498158511672599,1.24506106307476,37.4980110271159,1.0178663878443,21.5997216701508,1.73604139903966
190,173,0.00805179919625272,0.741985325,0.0597914780695706,1.24523365542799,31.718153605771,1.01441883747104,19.3624894618988,1.63812373755893
53,52,3.97652775,1.39119435,3.85928711261786,1.24635388907304,111.13518912275,1.01137098048185,11.0888724327087,10.0222263171624
185,119,0.000766360785385964,1.286597325,0.00260958909888563,1.24650417116815,23.4719527345579,1.26225012289993,20.3134913444519,1.15548589538591
69,67,0.115144721152316,1.741154785,0.0366857118452476,1.24681331876444,8.22194716905004,1.01350639686476,19.572535276413,0.420075736379353
82,91,0.00786595147351149,1.67367303,1.59516665005765e-07,1.24795245160917,18.9691263976978,1.16053507176156,20.4743206501007,0.926483799969425
74,107,0.00502956275916763,1.454596225,8.872233007017e-08,1.25125149291027,30.4743454046118,1.00519339884813,19.4164516925812,1.56951156097464
190,194,0.891664075,0.863959785,1.14757282836459,1.25382254192283,92.16245461962,0.999966802994175,14.920262336731,6.1769996089635
72,66,306.739425,1.351045825,306.086947474413,1.25501309203548,194.219443246721,1.00849691439671,136.502436637878,1.42282766542811
36,51,1.06263805,1.530284225,0.950228156449504,1.25511841337922,48.8379832760508,1.03784620592798,12.1593904495239,4.01648285568155
18,108,0.00207396733257241,1.404162875,5.51192741102833e-14,1.25550772014068,44.2212174856542,1.04051073294485,19.6896743774414,2.24590903018278
68,77,0.0421182779785527,1.47246216,0.00543734017814624,1.25671421935433,2.54039570011905,1.72491283059943,17.9707002639771,0.14136320025388
123,108,0.00633530548483988,1.446998435,1.96275599240555e-05,1.25995462161343,45.4996987022828,1.03630272655575,19.9364542961121,2.28223625056317
122,90,0.00454305676984973,1.659815895,2.54199872524071e-05,1.26052570604536,38.6300036920909,1.15373827925811,20.1137981414795,1.92057230665085
200,200,0.00288918269665083,0.3919262695,0.0746784348733512,1.26356026793932,24.4933891459031,1.01871082807164,20.841997385025,1.17519394583081
200,200,0.0123517597738194,0.2447258085,0.318411049961826,1.26512045216506,18.7501869459591,0.999774728042616,25.2444660663605,0.742744445323986
12,69,0.0284665055197327,1.77544021,1.52441029389274e-13,1.26532832084067,31.0245405905216,1.05976005241014,19.9304873943329,1.55663732535428
142,121,0.00819051472530923,1.389719865,0.000528516210295081,1.26784896167482,38.1219300023658,1.00483737224827,20.7187466621399,1.83997278522776
178,115,0.0038172063968176,1.476284955,0.00451723745217342,1.26900122019427,42.2051168994733,0.99867252266362,20.6349632740021,2.04532066953797
82,133,0.00343102329145878,1.217907275,1.4964177922626e-06,1.2691834250525,25.5609602168745,1.02446121008883,18.9618933200836,1.34801729897939
121,27,8.29864005,1.51392883,8.34664182436923,1.2744698905056,135.56498005259,1.03427536701081,12.7516543865204,10.6311679993378
151,72,0.00211000218473916,1.596435415,0.000738815949138657,1.27688633546942,53.2528478821093,1.00797994104941,21.9721188545227,2.42365555341732
99,113,0.652154435,1.32799706,0.654934655479971,1.27741035418923,46.6449588238861,1.01288772075047,16.809134721756,2.77497679660534
169,134,0.00229871120010686,1.098604802,0.00135699757882635,1.27929939791871,30.863874604934,1.0313795132793,18.8598113059998,1.63648904563088
132,93,8.73524055,1.30353053,8.85391499619326,1.28196049829738,121.034930060285,1.00392150093242,12.7074682712555,9.52470842158766
58,47,1.27209139,1.56507729,1.20615794863537,1.28700160042809,41.2354671364894,1.08175829009654,10.7375490665436,3.84030535096433
69,100,0.00376111813654068,1.603978595,1.39283583737454e-07,1.28793593921329,47.0899459594858,1.01508173297399,20.3268432617188,2.31663841518224
18,27,2.67899,1.54906805,2.4811818464876,1.28852613140233,136.127400264501,1.05492786452833,10.4225516319275,13.0608516102239
193,200,0.0399641619968338,0.838394215,0.100180253829174,1.28857482317486,8.85544984370624,1.12157516834346,21.3694975376129,0.414396727303465
157,164,0.69042663405,0.88136525,0.981314254073454,1.29368980998498,19.5376038765696,1.06061820801217,14.2453281879425,1.371509565719
190,97,0.00949169338396006,1.50562149,0.0389128333740472,1.30040131695136,34.9604996174352,1.02449857233015,21.2218070030212,1.64738561671294
151,184,0.110887755997015,0.7214070195,0.232217949583318,1.30693481582209,1.72109242948198,1.62951172291514,25.9487321376801,0.0663266482674422
163,165,0.0424928515065985,0.8656072325,0.0600901258790119,1.30735903951891,16.6456252639366,1.02573440405072,21.4675042629242,0.775387071550964
175,179,0.0170159096529058,0.765832025,0.0358098397238633,1.31059073909208,17.5076540360202,1.07165529578767,19.9774255752563,0.876371881355165
107,97,4.1074084,1.328016095,4.12524681063329,1.31083556681212,84.8053841499441,1.01161888110083,11.1210067272186,7.62569308967175
68,163,4.5716298,1.1460968,4.49334433959903,1.31894242843618,102.23908425839,1.02150429806449,11.3234236240387,9.02899049377124
187,187,3.41967195,1.053792285,3.73045473992852,1.31942397533567,142.021779560715,1.00044382767912,12.0468056201935,11.7891650316537
67,168,149.665375,1.140370275,149.183302544982,1.32321840798602,170.105904136984,1.0079335435089,68.7977795600891,2.47254933552631
173,192,0.015545401007745,0.5372941675,0.0347331266248573,1.32691985359545,26.5739108919824,1.05305273020298,21.6056890487671,1.22994970593168
60,109,0.00397524349909673,1.498557,2.7162690963063e-08,1.32862060306883,44.2912803069258,1.01373730536586,19.8906054496765,2.22674369661514
111,109,0.00239137425924569,1.62824801,6.93456927899056e-06,1.33113574952714,44.3184914096702,1.03017867108144,19.446670293808,2.27897582157197
123,115,0.00601162211980157,1.492330095,0.000121683277308866,1.33361696965952,31.5548839267768,1.0436864869694,19.0544500350952,1.65603750665371
70,89,0.0123751277796453,1.72816636,1.1170583776165e-06,1.33458095368221,28.8839671839475,1.06153850235123,22.2922568321228,1.29569506584574
200,200,0.04081099060532,0.591675945,0.240594994233359,1.33461959005982,18.1496116961765,1.09691558566413,24.6847262382507,0.735256754358994
68,126,0.00094670343388727,1.23450043,1.84772242782469e-09,1.33649330012599,67.0199567336711,1.04670049742791,19.1221415996552,3.50483529182107
108,122,0.03148101923141,1.147443775,0.010180532693291,1.33700444029108,8.5888101565531,1.08366795435555,18.7735288143158,0.457495777245868
129,106,0.00147497382196136,1.502357775,8.90954094611753e-06,1.33885096309429,42.2937320264332,1.01615221282637,20.0061798095703,2.11403338513439
49,109,0.00865453568641554,1.39639701,1.25602719670962e-09,1.33913483120915,51.2373416808572,1.00232743517685,20.3171770572662,2.52187307008444
4,92,6.65524375,1.364461795,6.22108715717599,1.34082179201579,148.453900853777,0.998954804392624,12.479784488678,11.8955500384208
200,200,0.23577081135,0.60102261,0.724435240452531,1.34505962765907,9.67153521496885,1.05756420351478,27.0963401794434,0.356931421399343
20,130,0.00331407218509652,1.270293625,5.44237528754713e-14,1.34935119645077,40.5085184443377,1.00695110922755,19.4885683059692,2.07857846755886
178,125,38.5675735,1.29044208,39.1764184743538,1.35179211024032,136.241004515415,1.00598109073511,26.0863511562347,5.22269303588872
200,200,0.00937009048282377,0.62282778,0.0771209669225548,1.35644568900863,32.3614595630381,1.03696415753219,20.4752340316772,1.58051720009508
195,200,0.0140962206485271,0.4754083645,0.0735071352228581,1.35664306110846,4.95401651813381,1.18945790600708,22.5579602718353,0.219612786725187
49,86,0.0118308162772357,2.01700618,3.91333496734892e-11,1.3569039962148,28.4868269898386,1.07549298852068,19.3747489452362,1.47030689638138
103,116,10.9446865,1.33118545,10.9711750179653,1.36015102181874,170.733220183497,1.00339734511083,13.789609670639,12.3812946313501
123,126,0.00435031672968088,1.23206188,6.29702870655762e-05,1.3620725037624,27.8066012079275,1.07030386060846,20.3874394893646,1.36390846052213
113,166,1.7769171,1.153934435,1.81321991695093,1.36477892455268,13.6661736841516,1.09573171974918,11.6120193004608,1.17689898117972
188,105,0.00430480148226457,1.51158458,0.0185677657764934,1.36940909374936,37.2233297617254,1.04716055936775,21.5969576835632,1.72354506162944
200,200,0.605856442942,0.6435711,1.19249652261815,1.36952936730876,19.2652007130526,1.02709712812555,17.4763038158417,1.10236128394549
196,93,39.003216,1.41104636,40.0739526073112,1.37105587069607,178.021984017648,1.01056993326714,27.1932702064514,6.54654562199044
97,169,15.463053,1.200046625,15.5026741675166,1.37380720780767,133.442045076121,1.00660125906485,16.4719564914703,8.10116546539093
66,94,0.0106524553362915,1.653715435,8.22670578124837e-08,1.3784779692197,42.1033627275709,1.01818474151361,18.8299081325531,2.23598343821883
188,174,0.15176427157155,0.87570452,0.3737942446044,1.37908744673445,17.6410110370491,1.01396272061963,27.5203466415405,0.64101703611614
129,173,86.2217235,1.222141885,86.550357921164,1.3811067953065,212.940703979614,1.01308288881559,45.0570702552795,4.72602197109482
38,90,2.76383435,1.418512425,2.63964534029005,1.382288386621,105.654597678952,1.02258473304068,10.2201387882233,10.3378828671777
81,102,0.0114915134838165,1.80409562,1.9939915362142e-06,1.38742696074121,20.4461965951334,1.05626125537056,19.4140179157257,1.05316666976863
3,25,48.601044,1.6578334,47.2194097881652,1.39115109473337,233.119918050077,1.00502922983476,30.4465944766998,7.65668285917754
7,41,17.612636,1.548455525,16.9481787833634,1.39365962507935,137.503232814936,1.00951903947538,16.9066970348358,8.13306304191848
200,165,8.7138207,1.225556405,9.34302241818962,1.39500964823387,170.703255122021,1.00096600650192,13.179220199585,12.9524548901153
28,118,0.00235107092630486,1.53555283,4.66523463736268e-15,1.39619625784431,23.157273570514,1.29031189664172,20.0348372459412,1.15585034638629
35,115,0.00200844198336284,1.41665212,6.92564163791077e-10,1.39667672081863,40.8136606796671,1.07420624487173,20.9007389545441,1.95273768876931
140,74,85.5910325,1.48692575,86.1047247781184,1.40138548891936,164.250193810282,1.00582395247823,46.2639834880829,3.55028212934996
97,81,0.0132434327256902,2.0770494,3.82712889604795e-05,1.40278693432604,35.0075723207146,1.02597603410908,20.3503272533417,1.72024616041327
28,106,0.00891292894632455,1.705506545,1.00101313407751e-11,1.40281677767793,18.0864165592259,1.20890285510817,18.5798773765564,0.973441115496641
144,129,0.00277539568001563,1.22375649,0.000114581264646773,1.40537503529313,47.9315495753673,1.09113222614253,20.3806624412537,2.35181509499644
9,77,4.8331759,1.4761406,4.52402267220015,1.40654399210309,78.3425390030872,1.07259895955946,11.2291066646576,6.97673834105271
130,151,1.52914055,1.260693595,1.58029394008476,1.40997297643872,71.5686108952535,1.02965484683225,11.239673614502,6.36749903510653
141,110,0.00994842841548314,1.91615986,0.000107245618532765,1.41042321036003,15.5751456438605,1.16225272839275,19.8423299789429,0.784945400081
164,190,1.66800995,1.035328375,1.8709341998455,1.41146098136036,63.1341978374191,1.01649386888557,12.2387163639069,5.15856368921236
56,99,0.00374191245901125,1.58417442,7.43859740739423e-10,1.4144825025416,35.5029227806522,1.00387896838458,20.1274073123932,1.76390939129014
121,96,0.0103145358530469,1.59031804,0.000304652859220866,1.41545409157527,37.1044263095473,1.07359946224176,20.2735171318054,1.83019187387754
188,195,57.300989,1.11829312,58.2428346330752,1.41672492450866,205.745805394204,1.00143916114344,33.3683266639709,6.16590119924578
97,103,0.00798043091630753,1.6844282735,3.82656163164763e-06,1.41734418636024,50.2788324413564,1.0723415081279,20.449862241745,2.45863917551095
34,114,0.0069583740308516,1.542569455,7.62283265988426e-11,1.41932505559602,41.5600290590434,1.04953511374182,20.3952569961548,2.03773009905582
53,93,0.0100719327167536,1.856386165,8.31949086303198e-08,1.42208318808956,56.2419028199604,1.01059932238954,20.4111654758453,2.75544788887814
200,200,0.0440478173645249,0.56654293,0.239036284505017,1.42650185686737,8.67757967604048,0.999669256672395,25.0976917743683,0.345752101589785
74,119,1.11476987,1.32504265,1.10507739307801,1.43233168183738,23.1945794923975,1.10501242197444,12.0488228797913,1.92504941966574
88,111,77.1756395,1.405972065,77.0403881068926,1.43310267737178,109.974330752614,1.0174964778709,42.0000350475311,2.618434261499
49,0,6.2678526,2.0323863,6.15113336185376,1.43365590204197,161.091238481602,1.01791857059592,11.209564447403,14.3708740190101
166,120,0.00303283686282744,1.44774417,0.000487550361166661,1.43568506615399,45.1637208561557,1.02967863028386,21.6306436061859,2.08795085705355
78,114,0.00308920496679861,1.698389125,1.43778346480674e-07,1.43688455299584,42.4164722724624,1.01036192597616,19.9137165546417,2.13001285601685
8,125,0.00664225651293767,1.474995955,2.65382843651279e-14,1.43755970421729,46.6929258577851,1.03881463701571,18.7473428249359,2.49064234296066
46,8,2.3440502,1.881492995,2.28315368202732,1.44022920082426,80.7487163519881,1.02070801553523,10.2007732391357,7.91594072910001
50,119,0.00419821428109629,1.3621529,2.66412136369253e-08,1.44875184942433,35.4062347648871,1.04979086460904,20.4903159141541,1.72794967697055
53,126,0.00145687557291042,1.400202135,1.25651319493725e-08,1.45139247828955,55.7704176973122,0.996877526421086,20.8505871295929,2.6747648567727
188,196,0.0713785932861298,0.4826106965,0.325695432630395,1.45164912617045,11.2366040397912,1.03309228677256,28.1304008960724,0.399446992643468
199,192,0.00585949016240745,0.646242305,0.120259394413812,1.45333660616625,24.0568011968071,1.03355166204098,18.0587892532349,1.33213809959589
173,196,3.307073,1.098852655,3.4981568604845,1.45462879523617,97.4541031210337,1.01056186285031,11.2572250366211,8.65702718067764
198,50,37.747398,1.608295175,38.7456160375996,1.45513141503591,129.926681137952,1.01613950274957,25.4320456981659,5.10877821941483
119,95,0.0114498964280865,1.721916205,5.45631592265899e-05,1.45758939333956,34.3797183746247,1.01629926955372,21.9881908893585,1.56355375244915
192,200,0.0104225510813955,0.491493545,0.086737174619221,1.46001930649735,32.5644003793146,1.08371987771917,20.4871423244476,1.5895042785179
47,192,44.85434,1.173687395,44.3569476272563,1.46313993858803,128.917483041492,1.0055386047255,28.3881421089172,4.54124410631989
12,146,0.00104107244579546,1.25093713,9.15660839723348e-17,1.46805492125659,58.5498864019541,1.04388753313234,19.4234247207642,3.0143956199116
80,83,0.302944255666752,1.5071846975,0.271598094216597,1.47209821695267,2.89949631185533,1.26417514913736,25.9190878868103,0.111867220193764
74,122,0.0039065395412894,1.540348405,6.527854458428e-09,1.4722383708118,15.6011662879357,1.12358535514269,20.448493719101,0.762949413401663
57,114,0.00507345666353408,1.50404191,9.1756565725868e-08,1.47371910291641,55.8183334369741,1.01094187461001,18.9895656108856,2.93942128960426
144,137,1.099889745,1.321784465,1.21171610305001,1.47501036615359,34.7527749915378,1.05689546037589,11.9538066387177,2.90725590950883
99,21,1.098789165,2.0151357,1.09994468664063,1.47939533422927,53.8439408601921,1.07546434439418,10.7110328674316,5.02696066071387
198,182,0.524526911,0.931190585,0.933073821316644,1.48084217887462,28.8000528497638,1.13604248729525,21.2704472541809,1.35399375977404
172,112,0.00344253371373645,1.600522655,0.00467647841331754,1.48793640023192,38.0368163623683,1.0423217252588,19.7794282436371,1.9230493366058
190,123,0.00425168727502711,1.490601175,0.0209561913962035,1.48836587097147,36.9948780908424,1.00665028026324,19.0965182781219,1.93725775306517
134,168,28.9111505,1.29740982,29.1555398822236,1.49128692307794,167.755212182429,1.00716143830925,21.720192193985,7.7234681297565
91,143,2.51293825,1.33515818,2.50680414822839,1.49246108559951,61.3298442657376,1.0095102738372,10.6890621185303,5.73762633107144
138,81,17.249868,1.54392155,17.419237297488,1.49462300875409,159.460287252463,1.00210531542599,16.7889230251312,9.49794617640263
158,128,0.00554398120541606,1.32250106,0.00119084879054912,1.50318514598107,43.8842347098316,1.00859671309768,18.453138589859,2.37814475278197
85,105,0.00641645371148969,1.70047042,2.81976992614101e-06,1.50438031727925,39.9401577478094,1.05543744086491,19.8077437877655,2.01639107289337
62,121,0.0015653416436598,1.3438554,1.97540840528126e-10,1.50730355288568,46.225547718653,1.01170225380662,21.330842256546,2.16707559704855
59,68,0.582459685,1.90094593,0.494796926890753,1.50964343133676,46.2576865983701,0.999803785216754,20.402467250824,2.26725944610949
86,112,0.00536183463488748,1.630246135,2.9966280295842e-06,1.51005114413525,45.3443447936247,1.00942677930945,18.7314846515656,2.42075551602552
163,137,0.00266690298652944,1.38028231,0.00041767713164931,1.51319490297754,54.2602516329488,1.03088327708551,20.0186314582825,2.71048756484796
139,157,0.159785882208249,0.990852585,0.254607432505,1.51458628549803,10.8955756207831,1.18625867331872,26.2317757606506,0.415357912487465
23,127,0.00478897623821113,1.43979245,3.92711626637286e-12,1.51533988972011,37.2169095067557,1.05080354459082,19.881897687912,1.87189925684927
193,124,0.00306844506830411,1.445924105,0.0402635802323792,1.51669439721489,41.212221074349,1.03415450531684,18.0470597743988,2.2835975272167
47,47,0.71131246,2.06222146,0.622903128827116,1.5190964629313,35.0507672416503,1.02146750488237,14.8313567638397,2.36328798502828
200,200,0.0381033078179946,0.4895267585,0.353153910108837,1.52634799137555,13.4588110353529,1.0754217178119,24.8539123535156,0.541516797996158
200,200,0.160981818619358,0.4448362715,0.722453925507633,1.53067230786808,14.283663136387,1.08570817780415,28.2434556484222,0.505733551665621
43,4,9.7219949,2.0715646,9.56251396022645,1.53508161943883,147.270792209361,1.00420229085377,13.1475965976715,11.2013470382444
104,112,0.00315607763479837,1.715926255,1.14009304141916e-07,1.54513851141287,42.5038343127025,1.03655236036346,19.1954464912415,2.21426651013803
200,200,0.04135432529372,0.5699513,0.272783117482031,1.54800421229409,22.9220476642054,1.00041238228281,23.5132684707642,0.974855864581569
17,79,27.2372345,1.6112093,26.6596360823372,1.54832965180574,186.348566569382,1.00905787817749,20.7142343521118,8.99616000291043
120,139,0.076209190277294,1.005988725,0.0966412576740901,1.55043066870389,1.48693513745543,1.88939529370115,21.3165657520294,0.0697549105588865
182,121,41.536318,1.5217096,42.2255770334998,1.55169458116874,250.928475862785,1.02177672132152,27.1319670677185,9.24844391991537
37,135,0.00735632727777891,1.430038185,2.94298037916518e-08,1.55287857267133,47.4782246133786,1.08856467498247,20.8706068992615,2.27488471430405
184,193,0.0320806395508063,0.663380045,0.109355951951296,1.55586868108754,11.898293094126,1.10817079279788,21.0578765869141,0.565028152055936
163,92,0.957896615,1.624583705,1.07591850519683,1.55731666991818,38.844252627206,1.02602954616267,12.0807509422302,3.21538394533237
178,146,0.00303763537557476,1.290859685,0.00432188643296615,1.5710943060203,39.1944109178388,1.11906179677429,20.5333032608032,1.90882150913626
193,124,0.00160777442869288,1.46635441,0.0136143376767953,1.57208071804074,35.3908912547557,1.01392346122334,19.8900475502014,1.77932662882936
129,90,2.6189381,1.6013714,2.65670979886067,1.57222455967081,98.0646926211578,1.01349770475089,10.6269025802612,9.22796571065839
125,133,0.00275080270283316,1.49216702,3.63307688173374e-05,1.57501859732755,31.4790410179434,1.08480515335403,19.9036817550659,1.58156874719579
164,110,0.00250004972112561,1.665021825,0.00134657907730643,1.57537838485339,79.3867575820792,1.03977876705771,19.180290222168,4.13897582687912
178,131,0.00231137888106863,1.55871463,0.00292106642604825,1.5767370188218,57.2989378282997,1.03045423556036,19.8224310874939,2.89061102421741
171,90,14.882345,1.59002255,15.212760747425,1.57961775801898,150.984702192135,1.00273546253775,15.6241652965546,9.66353717631429
179,200,0.81056404,0.742208165,1.12582468144933,1.58300229028359,33.8210960711616,1.01083646531537,17.0077877044678,1.98856527720399
185,58,37.939468,1.73013595,38.6350628631342,1.58453952298102,120.003344267624,1.00044763154412,25.0213732719421,4.79603349358087
200,200,0.0335809009932095,0.63420264,0.198443319053525,1.58720362059689,2.25143237175951,1.44213025039956,20.8909993171692,0.10777044877452
90,47,132.145155,1.7762919,132.040740954826,1.59109356311787,185.400233253679,0.997256269262596,64.0281558036804,2.89560476834821
49,121,0.00697519523157729,1.554344495,2.05939872311557e-09,1.59273230575754,30.8947359965507,1.07589988140684,18.9411792755127,1.63108830486028
135,145,0.00340185459406235,1.27017982,3.47793126504386e-05,1.59457877864832,47.4806127734165,1.06951319675862,20.478844165802,2.3185201464009
169,145,0.00302939417820588,1.27071112,0.000445528107838899,1.59907374130652,52.3154806399423,1.05913978337358,19.8045961856842,2.64158279974214
95,141,0.00707495935370121,1.391974595,2.95890883604465e-06,1.60143631004746,35.420029754807,1.04918159799993,20.9119889736176,1.69376666176961
109,37,3.22417145,1.87528445,3.25882997672847,1.6021499246654,108.40107239701,1.00276655796994,10.3512034416199,10.472315901082
13,94,75.1639015,1.64387005,74.1904186687165,1.60486149826051,133.503852546934,1.01155650383158,41.9316101074219,3.18384751276947
140,137,0.00276417842706027,1.39159178,4.63650682725494e-05,1.6055415479724,57.5132902306329,1.01254890235683,20.6330914497375,2.78742961861706
55,142,0.00813788512146119,1.432857815,5.85579629199545e-09,1.60565007037729,21.5112400851303,1.02271749328972,20.4214754104614,1.05336366020403
189,151,0.00688660501269622,1.28357719,0.0281108066371658,1.60579575937897,31.2253887627612,1.04908585729028,20.8613605499268,1.49680499927272
22,33,1.3160011,2.02469165,1.20984009755809,1.60702837607611,69.0919009884802,1.00082929106792,10.4187157154083,6.63151801774374
167,118,0.00817854082779875,1.558899315,0.00450599020257793,1.60742797457469,36.7537441228113,1.01345543938976,18.507532119751,1.9858803369893
8,182,92.534743,1.357151225,91.2633010415922,1.61367627673586,181.806280565491,0.998618075541629,47.9354205131531,3.79273361158071
185,196,0.0147730724484853,0.71022976,0.0653070287417692,1.61546850540897,16.0423917166302,1.04730468131593,18.363433599472,0.873605234540204
152,103,0.0084449735765899,1.86391994,0.00374133329581171,1.61581065952063,14.8563149016981,1.07632420102941,21.3935227394104,0.694430509769684
86,89,0.23738549324932,1.657455605,0.255293691200443,1.61691532500889,1.5270354068789,1.85241983528369,22.782158613205,0.0670276874463425
200,200,0.0997049032258275,0.4734016335,0.601100004570122,1.61875374089844,1.79121412566279,1.59880119700685,26.6144006252289,0.0673024409185765
150,125,0.00635031693774485,1.54312017,0.00147878647726926,1.62775877339436,24.6532961473962,1.08237960579565,20.8217856884003,1.18401449886839
148,130,0.00676739316432765,1.49691637,0.000854399229060993,1.62999064909063,54.5051456054919,1.01309154063555,21.783148765564,2.50217019550712
197,194,0.172563920126848,0.6872623195,0.550637551602499,1.63155989714949,5.16539320356928,1.17449697301938,27.8962609767914,0.185164356179012
56,139,14.5865825,1.527452,14.3826239761609,1.63946726554504,136.439526659337,1.01363020835683,15.6454029083252,8.72074228185812
89,119,0.00618549848849833,1.65113012,6.52999727174876e-06,1.64297630188802,32.5498194233361,1.01662169891508,20.5643587112427,1.58282686469289
19,126,0.00378152752023263,1.54611747,7.88024952208839e-16,1.64360546977989,26.2469186156575,1.00072535517429,19.9488508701324,1.31571080392177
190,124,0.00281337186005621,1.50634153,0.0181840974009136,1.64366205731162,45.9150106604218,1.00541424186787,19.9163234233856,2.30539591491614
75,61,29.8509615,1.79083545,29.7373117831886,1.64789459325653,134.465812449602,1.00222224550739,21.8798184394836,6.14565485639265
132,141,0.2406909353855,1.074781285,0.395358452209952,1.6479897777496,5.40099849548267,1.19190300974786,26.8274455070496,0.201323621888019
17,139,0.0127017063104348,1.438867095,1.70452413879758e-16,1.64902864854044,17.2341244481464,1.10330536801052,20.0300931930542,0.860411595794406
195,111,0.00119322164699822,1.795414875,0.0164571159335623,1.65627091740019,36.3880207152363,1.00770817685106,19.0646548271179,1.90866401963267
106,144,2.2832814,1.564070995,2.29770394961706,1.66771740677463,134.258290242927,1.01114692638906,9.69920039176941,13.8422019156194
98,108,2.32262415,1.6505661,2.32127862462453,1.66791286510717,84.7930203160467,1.02278550855825,10.2963120937347,8.23528070479166
96,54,10.846389,1.8280861,10.7901847299988,1.66920655525725,208.026805968353,1.03155225834074,13.090087890625,15.8919334771878
132,125,11.6357335,1.6182571,11.7499216792038,1.6700801512518,126.552149574724,1.00202746959788,14.5421967506409,8.70240939142476
44,89,29.007111,1.7080803,28.6683459989585,1.67396585894749,174.847378348996,1.01773200557713,22.7713253498077,7.67840148357778
134,163,0.00366281592658157,1.20276812,5.48595301762347e-05,1.6788335799858,52.0814635294316,1.0553793555493,19.8866968154907,2.61890971701559
159,166,1.24553997,1.425822895,1.35263130762586,1.69432362938375,82.0963015848505,1.04376502703247,11.5384275913239,7.11503373705631
25,167,42.401005,1.496366,41.700074386262,1.7029972467899,152.539989522875,1.02376709565501,27.6831903457642,5.51020267597935
170,141,0.00998704562729418,1.424234005,0.00255627186805041,1.70459943586144,37.5651046138304,1.05359854807168,19.9032652378082,1.88738401287401
133,150,0.00251479553396386,1.44130633,2.33881272440712e-05,1.70957396376051,45.9535980415221,1.05783645216306,21.3619575500488,2.15118852913445
81,159,25.807577,1.527068465,25.6968921230135,1.70975688680714,177.904853229159,1.02447586439071,20.6186323165894,8.62835373838156
158,136,0.00658490069745206,1.51673451,0.00253963665663196,1.71282438981731,55.4208126928091,1.06104575438759,20.8572337627411,2.65715067123674
191,0,5.8109297,2.67394225,6.0544014702941,1.71590267373753,140.154977527415,1.02545337995394,10.9973714351654,12.7444070024999
12,132,0.0088253812986871,1.75354347,1.74774179399934e-11,1.71711233101593,19.1716372263792,1.09759605805937,19.3747048377991,0.989518931353024
175,142,0.00501353488132439,1.378695915,0.0125693616176382,1.71782328068943,35.1331853916088,1.02641033774017,20.3267500400543,1.72842118500882
70,128,0.0053566422908031,1.5627202,6.12226370141575e-08,1.72096102654077,50.3216217227983,1.02563776907224,20.6421084403992,2.43781403765483
51,8,5.29567935,2.14076225,5.16332525567874,1.72230258169262,133.996213969981,1.00124484730976,10.5762686729431,12.6695168318463
67,134,0.00421261865030947,1.64505783,9.14422557261959e-09,1.72280870553855,6.29971412104674,1.19521867169479,19.5771760940552,0.321788703885629
175,170,1.56156225,1.41244231,1.72637587440638,1.72733514226118,61.2771800772966,1.02783790370224,10.9954755306244,5.57294497237782
137,153,10.4503587,1.58600355,10.5709117865335,1.73060703872949,119.170936758954,1.00613077976177,14.7436683177948,8.08285524268893
40,199,12.3461875,1.209095815,12.1146771548571,1.73224504178398,109.000226839139,1.01025021933067,15.0067245960236,7.26342554910494
200,200,0.00473919782419342,0.560714805,0.0560361335232194,1.7380491073349,23.3170227462124,0.999387681220837,20.1203260421753,1.15887897131171
92,114,15.0459395,1.73704265,15.0343173048894,1.74084993430667,158.777597417885,1.00830560466068,15.4237804412842,10.2943372425668
178,196,0.116523187907735,0.7749675035,0.287768823511348,1.74150087399593,28.4258684245633,1.09960779154877,26.0372304916382,1.0917393243376
192,111,51.080665,1.72702145,52.0951514603995,1.74257474232655,166.285549682658,1.01608860718217,30.9155395030975,5.37870444298724
200,197,0.0520661070471888,0.6279329125,0.327364571137987,1.74560978429627,14.0398257284203,1.11173757342278,23.3622646331787,0.600961676826532
152,75,17.9704025,1.84369965,18.1425947768036,1.74579381666178,114.468905640089,1.04176349479183,17.0579609870911,6.71058549885977
81,133,66.5047595,1.656839875,66.3404239696306,1.74709444567208,213.029417030287,1.00373969497911,37.3906826972961,5.69739308465987
160,157,0.00261504082592706,1.23207806,0.00140032056337867,1.75194387145592,58.8244844210872,0.998553077870673,21.256397485733,2.76737788990676
107,104,0.0104766327060952,1.849715675,5.76378563545258e-05,1.75580584499822,40.0930093146104,1.18029281937877,21.7278027534485,1.84523993381002
69,129,0.00668140037213186,1.59575053,1.10248959875074e-10,1.75865392648239,16.4989386739035,1.12335687533903,19.1085126399994,0.863433956621336
88,111,0.00590747329150089,1.92313242,1.38021202958888e-05,1.75887595760959,37.1878529077,1.00757987888883,21.0323572158813,1.76812577525166
10,68,4.8566792,1.9113642,4.5985193348959,1.76681564757675,126.074237133987,1.01390443191883,11.4076364040375,11.0517404893239
108,121,0.00127771400004489,1.608752685,1.05916961704377e-05,1.76712291447472,27.2595255399506,1.14716837225589,20.431652545929,1.33418114264977
74,130,0.87633789,1.62240501,0.851912274367759,1.76758213539461,55.6600510309164,1.00570383591271,12.8055613040924,4.34655300999017
120,120,0.00372883499006575,1.710727645,0.000141648605559732,1.76792969486681,37.5777969053263,1.01573893459059,19.9043190479279,1.88792175280361
108,99,0.293277050300753,1.40749343,0.393564018674955,1.76982612028641,2.84501441396258,1.36208129527133,24.8388760089874,0.114538774336374
146,29,1.2842253,2.2417923,1.34218473033259,1.77455468122034,85.6868459391843,1.02971758414395,10.00368309021,8.56552983201169
169,152,0.00290984472064819,1.359698375,0.00219818203236248,1.78616540150266,31.5436047106148,1.0735092595866,20.8950865268707,1.50961828610043
98,135,0.00731098374483514,1.610514425,6.90368120415242e-05,1.78624886886797,36.1686632410512,1.00205502044666,20.0342652797699,1.80534013780747
183,143,0.00618462427604353,1.458335215,0.0227891198699424,1.78748714756309,31.0697140341375,1.01455303254383,20.5998303890228,1.50825096359501
133,121,0.00540589491560109,1.660192155,7.4335596083391e-05,1.78941646730728,42.4685071365855,1.03008060216582,21.2036929130554,2.00288257855484
11,147,0.004544537547319,1.35944053,5.92219205219376e-13,1.79493682260823,44.2971063671161,1.05668037726334,20.0194599628448,2.21270236306721
167,155,0.0039826510335747,1.351678605,0.00120098395489935,1.79744104397476,28.4876332438958,1.05317788169523,21.8868238925934,1.30158826989677
27,175,6.85109225,1.497582365,6.61263069677161,1.79751877610724,117.441280793405,1.00807793005673,11.5725681781769,10.14824704294
200,200,0.2247191102845,0.97921694,0.500903523688257,1.79994667930124,7.74832499171074,1.2927308750941,24.7002427577972,0.313694285019316
145,122,0.5552862175,1.72135564,0.732592432433324,1.80163647435666,19.8940243512254,1.02593163126505,18.3915889263153,1.08169144226361
12,155,0.00214131456813606,1.43243924,3.40803926871985e-12,1.80316748118014,46.8774887175359,1.058337877947,19.7055776119232,2.37889442475271
77,159,0.00277415322045519,1.208415835,4.15163626770185e-07,1.80623999431951,44.1195980002232,1.07098958221802,20.0804228782654,2.19714486431345
135,128,1.29996924,1.6909221,1.34629325250291,1.80877970530302,94.1586386455531,1.01726248340538,10.2763364315033,9.16266602141391
70,141,0.00386983177032675,1.519438575,5.02647259405685e-08,1.81102386909175,32.4239298235322,1.02566932829758,20.5377285480499,1.57874955585636
76,101,0.877309575,1.803279985,0.858916916453198,1.81238670986951,41.0115767458052,1.01666116970494,13.4979844093323,3.03834820830364
164,0,53.852171,2.7202739,54.2484161465033,1.81255880361114,108.851605209727,1.00825007433224,32.333788394928,3.36649711070671
173,138,0.00652834664439616,1.55059255,0.00258503747282216,1.8136921602587,43.8067014400551,1.01861653772541,20.3003628253937,2.15792701917905
190,62,26.9182085,2.02459105,27.5482520560445,1.8155676209796,236.133315133344,0.996904839441369,20.6549763679504,11.4322723457454
110,136,1.7551245,1.67792658,1.77658541653791,1.82265786626394,53.5782179594073,1.03038124431908,9.99842619895935,5.35866514321862
111,43,5.47848665,2.0466659,5.50057298610893,1.82470366214827,133.610859203194,1.00723157795177,10.9683854579926,12.1814518385505
33,143,0.00619866834381609,1.455946875,4.41615450335598e-10,1.82541510975246,38.064564036522,1.06828960468764,20.1113958358765,1.89268633302016
102,149,0.00622817580947596,1.569158105,1.7291126101794e-05,1.82835593196091,32.7038384060619,1.06632944638575,20.1135325431824,1.62596194059144
39,142,2.0340394,1.68500775,1.93224370043929,1.8325235868589,124.025450008165,0.997897240389042,10.1191682815552,12.2564865567296
120,110,29.0220235,1.81666235,29.1617857347086,1.83644364286926,229.230223323688,1.0203602130833,21.8064677715302,10.5120290789581
200,200,0.00519743405680407,0.4337165875,0.179223706628182,1.83724941290397,10.7037162094143,1.09937049318139,21.1879584789276,0.505179213941714
127,133,4.4580644,1.7352283,4.523278080709,1.83739905093504,145.461471599538,1.00279531012545,10.9341552257538,13.30340283234
72,136,0.00478502593034043,1.6112804,8.20083538502753e-08,1.83836745430166,36.0965710982544,1.02388244969054,19.6429600715637,1.83763399033275
160,136,0.0056971148079866,1.56298705,0.00170878916819944,1.84077237431986,52.3883676012629,1.03529713208978,18.9563949108124,2.76362503776399
188,140,0.00559531072222468,1.54987054,0.0214018169375938,1.84590728428595,14.4238358600936,1.15903496985524,19.2662048339844,0.748659945452818
98,158,0.006292354140961,1.448219865,1.76366972888327e-05,1.85049101787805,48.8258167411717,1.00799799787603,18.9370009899139,2.57832888994286
194,165,0.00174759639728589,1.18345312,0.0153433313431078,1.86136321925952,33.7887229546155,1.03564143419659,20.7012305259705,1.63220842897364
144,149,0.00336564889706127,1.47232733,0.00030845708611643,1.86161573053948,54.7171058405323,1.01904691345579,19.8195428848267,2.76076527892186
149,170,0.6200586644,1.31178228,0.788290486543531,1.86588747277668,36.4487102400468,1.07975849593363,18.5407242774963,1.96587305298996
132,131,0.00466168078916573,1.594647125,0.000134378709635957,1.87126022058201,32.3390552259567,1.09471714530629,19.7684960365295,1.63588849481511
197,200,0.104441035052104,0.6365130025,0.381797439449076,1.87363732569482,21.1630246797501,1.01544608019256,25.8032493591309,0.820168978922076
48,151,0.00581392548088137,1.52606419,2.18683418306563e-09,1.87380063933397,48.7061364303922,1.02924659411694,19.8973610401154,2.44786915873894
158,165,0.247583134482179,1.015223193,0.485291013028373,1.87626487568353,12.9233747352133,1.14900096963206,26.6458950042725,0.485004340561319
103,160,0.00179856550640455,1.37362427,2.40789051841787e-05,1.87915192914182,42.3311804309079,1.00380872705353,21.333160161972,1.984290189991
194,123,0.00539338259594623,1.859949965,0.0673714302106597,1.88294726733822,34.3644724688501,1.05405351210802,21.2125794887543,1.62000441705207
193,153,0.0046788331377146,1.38846126,0.0419664731400574,1.88474413780829,23.7843918275539,1.05824876670582,21.4994711875916,1.10627799260854
152,138,0.647651254,1.548699165,0.776716951405597,1.88817009100276,36.8870014805742,1.00941634027271,16.3636655807495,2.25420162118008
100,157,0.0019364112104826,1.37739544,8.06072391635345e-07,1.88974512029196,31.6448231711627,1.02009987457823,21.4368259906769,1.47618976731562
167,134,0.0114809315502548,1.66101056,0.00822601104958108,1.89310702597055,47.5331844480149,1.06929567777312,21.0781760215759,2.25509002293933
3,0,12.1028705,3.21333965,11.7231782467591,1.8935876800216,130.692728343925,1.02515092686507,13.8708930015564,9.42208467250525
92,88,56.7233005,1.93026435,56.6834901489383,1.89494177180135,116.485761348757,1.00737499083821,33.2893631458282,3.49918863988103
197,85,5.2649084,1.93551375,5.57144625565844,1.90070142377626,126.515249880117,1.00693407178914,11.1934661865234,11.3025981203604
190,140,39.204117,1.7985319,39.879388850268,1.90131673665907,219.272156836484,1.01599466952531,27.2224767208099,8.05482025332632
123,122,0.00661088284213485,1.69445863,3.45776156585622e-05,1.90481953638079,32.8217353366383,1.08900118226292,19.2489352226257,1.7051195277575
152,181,0.134151326360757,1.162304408,0.266424945125245,1.90538564482934,1.33209928635229,2.22711545806789,22.9930655956268,0.0579348273857682
184,72,32.7654015,2.0295904,33.3105707869647,1.91132461031667,123.792052826941,1.00005638069263,23.620091676712,5.24096411314916
200,200,0.0199015969211567,0.3549329815,0.383664768113065,1.91202340323365,18.4229929963829,0.99640531374996,25.3255026340485,0.727448266776527
51,107,2.44219985,1.93460125,2.36592128894818,1.91875171711758,146.474451040297,1.00081726661932,9.71641516685486,15.0749477585065
4,159,0.00266843531800797,1.3535995,1.7790235494943e-16,1.92136807601225,63.8301598087817,1.02622899105698,20.9305531978607,3.04961647240674
87,57,0.67333107,2.487570915,0.659094225816552,1.92386501508946,60.5049866813146,1.00849756324222,17.9343590736389,3.3736910492803
189,143,0.00364459908772613,1.53396175,0.0196657491872653,1.92678485721506,37.6066858918744,1.0681231653032,21.2205574512482,1.77218180899684
35,19,2.902557,2.4475202,2.80235207836517,1.92718810100624,76.9327475609069,1.03600451945528,10.3440635204315,7.43738158693147
84,37,10.2472262,2.2141907,10.2027910618108,1.92723798699762,146.377580425557,1.03512967164204,13.4176862239838,10.9093012000766
51,43,1.325943315,2.30295605,1.27680140616703,1.92934428507391,64.9044267698506,1.02427469334809,9.16551661491394,7.08137135055099
179,148,0.00409369278431409,1.56193173,0.0100351888558949,1.92988314052911,52.2429665357852,1.0062550727707,20.148223400116,2.59293166937411
188,143,0.00475457034031929,1.762147615,0.00889217286870102,1.93103919750229,24.5502605428409,1.10013723425662,22.4571027755737,1.09320693716306
138,125,0.00369517809174769,1.692704275,0.000294089885823386,1.93836647596945,36.9572922817485,0.999876209636415,20.7614545822144,1.78009166628472
87,143,5.97629445,1.80611055,5.95879021456676,1.94029565438782,164.353236051787,1.00466788338001,11.6353898048401,14.1252883494646
31,140,91.199827,1.8012269,90.4053650803937,1.9428159847475,147.505585203298,1.01063670904878,47.3208115100861,3.11713980585178
84,188,29.257959,1.59980145,29.1774235595271,1.94322076196347,171.769727008048,1.01451907338206,21.8640727996826,7.85625480585399
96,131,0.00467636349793983,1.620183625,1.9732764832028e-06,1.94397314164641,38.2628193446805,1.00904086653367,19.7043344974518,1.94184783807993
118,114,37.696147,1.903602,37.8415753050774,1.94556492848773,134.353886107208,1.01958128403663,27.2935411930084,4.92255237812911
58,90,16.1208415,2.0280031,15.9723170480566,1.94766169996704,120.854298563056,1.0115239408814,16.0088703632355,7.54920839640247
165,98,290.494455,1.97263275,291.486986679117,1.94898332181472,115.070020662242,1.0334934721217,130.921514511108,0.878923690211961
65,146,0.00549147480595457,1.56512253,2.22957880385682e-06,1.94976058114538,48.5832684985167,1.0241432090797,19.5958058834076,2.47926871635597
108,157,0.00418123675439718,1.375766535,3.31321024160523e-07,1.95496467203027,37.1885774546334,1.02771230275198,20.7950346469879,1.78833928800499
161,133,0.0104999780859926,1.80502818,0.00454459237335578,1.96024444424093,63.5316921428028,1.00313291064967,19.6670491695404,3.23036219593117
200,200,0.0117910128312927,0.55555348,0.184763171430538,1.96101028939993,27.9842653543482,1.03730458349872,20.3937644958496,1.37219714192754
62,110,47.4201235,1.95917795,47.1764459726357,1.96439995010652,147.329564881869,1.00700606571258,30.2618553638458,4.86849081493811
170,153,0.00284453359274292,1.412893885,0.000642950735774562,1.96667628897035,40.0978786448739,1.06242033935437,21.4328751564026,1.87085859233849
150,168,21.776856,1.72259595,22.033505686174,1.96781451538238,96.8854137615369,1.00130344249565,18.7313220500946,5.17237456611065
99,129,0.00524411220025332,1.828484735,0.000103300853007957,1.97012924279958,28.8657304551768,1.0266638089355,19.4757022857666,1.48214067105928
184,140,67.91109,1.8279045,68.7547338132706,1.9702681137669,168.726235176601,1.02258616116184,37.4077665805817,4.51046000870275
200,200,0.13992235505857,0.911840891,0.48222433169182,1.97931216603358,1.43324302415921,1.98533464258319,25.0931348800659,0.0571169378002979
187,182,0.0280288304464075,0.86334184,0.16032430255717,2.00083912987538,10.1332208019044,1.1341774582531,20.2672562599182,0.499979902160931
128,61,17.2035,2.1826514,17.2692250440945,2.00316096924125,129.923123672986,1.01307741595687,16.2614297866821,7.98964945747831
108,136,0.00838264634087301,1.647202765,2.81358551612596e-05,2.00744035335225,52.4837406658926,1.04427011014865,21.7659602165222,2.41127614604629
200,200,0.0631040938170315,1.141162255,0.277718562600341,2.0110266778617,6.11727625963534,1.16708906067403,20.7567648887634,0.294712412672116
25,141,0.00262712695416537,1.660027775,4.01302290190788e-12,2.01278175960795,36.5571937906876,1.03061457440984,21.0981998443604,1.73271625353665
200,200,0.00607437373246752,0.628092837,0.152092262850924,2.02171575919621,36.8878073842356,0.999890639092258,19.7940971851349,1.8635761479406
179,158,0.00622831725370612,1.62340922,0.00448547051593068,2.02779191724555,23.1412328401312,1.05494298066483,20.7274196147919,1.11645507594282
154,164,0.00109380575634789,1.25902467,9.47822022593578e-05,2.02810377967596,43.178732039838,1.02849303056318,20.2683966159821,2.13034769636345
196,148,0.00544249996171254,1.578728335,0.0617241752622492,2.04371251786779,21.2506371385144,1.04444685415766,21.2030673027039,1.00224353557584
188,200,0.00630603970774422,0.749935665,0.0316991285110946,2.04423918553527,7.68922020979146,1.12916016766449,19.1414830684662,0.401704516953482
102,142,0.865480245,1.771703385,0.873879291786718,2.05007157966708,66.50221524058,0.998702206023149,12.7182323932648,5.22888819642876
193,147,0.00618918535952923,1.60611826,0.0691844522876906,2.05626478240009,31.2275384947353,1.00721493007367,19.3195331096649,1.61637128172177
193,174,0.00224639548095687,1.29944663,0.0311755301875097,2.07090588727698,50.653228256543,1.03967738955821,22.4703330993652,2.25422685247038
156,159,0.00831074906498562,1.43050203,0.00139025272749414,2.0749568502712,37.498676279509,0.998351854775728,20.3470559120178,1.84295341997663
122,7,18.765152,2.67544885,18.8314273768885,2.08218260457808,185.704329022042,1.02762657159878,16.6964251995087,11.1224005619782
4,144,5.72447645,1.9428585,5.3826649648854,2.08649156261741,150.933933539929,1.01064036197465,11.4042043685913,13.2349376301622
199,143,0.00531354504839141,1.62058284,0.123937837919187,2.08782198786759,32.2749699744918,1.12466004933782,20.3356122970581,1.58711572108212
60,161,0.00335273489159933,1.461205275,7.65572751528097e-07,2.09508857515941,34.381733353753,1.06369003066304,20.498069524765,1.6773156765916
147,162,0.00308719067901113,1.428607385,2.99239219275718e-05,2.0950969818792,54.3168637347872,1.00553906654329,20.3378260135651,2.67073106528488
72,138,0.0206392769876566,1.55017389,7.33267768481006e-06,2.10022756204835,39.9631812975796,1.01381198047305,20.7194170951843,1.92877922742663
174,149,11.5170485,1.91727745,11.8328575745817,2.10076936104028,116.105981805005,1.00309314354076,13.9317955970764,8.33388496091418
76,167,0.00527245578438629,1.388064985,1.48973418306923e-06,2.10138087368828,32.1075367458211,1.0451516167463,19.6802594661713,1.63145901612788
61,61,30.456904,2.29104885,30.2643400405284,2.10298921249101,147.323859044788,1.00594039582074,22.434478521347,6.56685016790583
22,14,235.470845,2.6110253,234.438937595338,2.11336167228106,309.542218368627,1.02088832387711,107.8587641716,2.86988471216075
139,138,0.00700034955142311,1.763471045,0.00138728904624851,2.11477095486291,43.0624683150152,1.01074404174787,19.1503491401672,2.24865186529122
11,57,7.09102575,2.25731875,6.84028367912048,2.11522257267646,97.5048614071918,1.04086272888789,11.3572995662689,8.58521524753828
191,137,0.00745799197461112,1.885022505,0.0457885306724382,2.11547850440668,33.1023249271683,1.02417931960194,19.6435549259186,1.68514940661232
189,170,0.00459141105458015,1.326704785,0.0240271596086978,2.11609786376019,35.2406494308008,1.00824643167993,21.6950979232788,1.62436000775031
110,152,0.00831709612755122,1.651524155,1.20850562864084e-05,2.12320315874179,20.7061440899544,1.05087447796867,21.3104627132416,0.971642163221931
142,113,13.8585945,2.1028314,13.9928679159229,2.1295475426534,152.950103231913,0.999818934137028,15.4435212612152,9.90383609054438
103,140,0.00782021041027668,1.684537925,1.07484615407415e-06,2.1314831570063,11.0694469877813,1.17548736405722,19.5176243782043,0.56715134861099
184,190,57.94987,1.75946205,58.6850397460245,2.14640141083036,178.834268556959,1.08573883114871,35.0914540290833,5.09623421157596
187,179,60.7860345,1.7899079,61.6484044955993,2.14947855169483,159.057419960395,1.01465067262994,35.5188291072845,4.47811552233219
50,61,23.675332,2.36946105,23.4529629903839,2.16273963793703,121.127718886165,1.02071160752574,19.2421271800995,6.29492351611921
37,153,6.5425288,1.985472,6.41343636376313,2.16499551727958,184.023057863086,1.02812226000277,11.8950111865997,15.4706082219071
200,200,0.2593244769352,0.5893097345,0.846765052575919,2.16618996706115,24.4165584104873,1.09567171497152,26.0975048542023,0.935589764113243
200,200,0.0466547589631,0.597403615,0.464177818603106,2.17008624906682,27.5750009741335,1.01505046489126,24.6039826869965,1.12075355136334
190,18,71.583359,2.68313865,72.4398923178736,2.18149265069791,199.829132798477,1.04024132297065,39.09432554245,5.11146131889386
172,138,0.00718723494395592,1.829706215,0.00673982331387686,2.18445552913415,49.6784433232387,0.998743778775285,21.2296073436737,2.34005474142896
189,172,0.00421034837301416,1.35058751,0.0155691342716409,2.18713813911749,50.5403247820785,1.05863578229347,20.3707509040833,2.48102414192045
200,200,0.0265296078365956,0.4161499155,0.483151492379396,2.19759224154985,9.33777951308236,1.17438916734638,25.2794578075409,0.369382111917641
171,146,33.1250865,2.0051744,33.5070655766254,2.20043165194379,107.866629098502,1.03083103465932,23.7783327102661,4.53634114775133
104,12,1.34631355,3.09192755,1.3537810174413,2.20241501648632,131.173859690172,1.00765994302883,9.72731351852417,13.4851065960167
155,151,0.00481561929031905,1.520287765,0.00120042349692478,2.21023085066883,30.8303279044529,1.0509769289066,19.8550360202789,1.55277118978602
12,64,6.4119689,2.46318325,6.1546889759017,2.21407305407769,111.206577448456,1.03528908856174,12.2940430641174,9.04556595974796
169,127,37.7980375,2.14093435,38.2576327807018,2.21411993675012,178.233443286139,1.00025180480418,25.8780219554901,6.88744462744094
189,175,0.0077660897130828,1.39993716,0.0294807124767729,2.21688507676824,40.9247303985551,1.05598417465281,20.7128839492798,1.9758103458103
36,151,0.0110158832192655,1.65974278,1.08031713256855e-09,2.22321801851324,25.6315547573267,1.08527721192474,21.3216772079468,1.20213595334675
195,168,0.00527604957126309,1.520394225,0.0609069722482977,2.22460613851309,32.0064465869028,1.01031462544439,20.8781282901764,1.53301321565126
146,162,1.605809,1.89520595,1.69544598411395,2.22688861294704,60.40389116427,1.01275948495411,9.55784916877747,6.31982050539056
18,113,149.86862,2.187104,148.739181843513,2.23457799531023,159.603402112842,0.997083850014101,71.018798828125,2.24734020775405
200,59,99.213938,2.42446405,101.074454988048,2.23983098360623,207.291331667001,0.997514552918822,49.6733427047729,4.17309003944047
197,182,0.00300114813620013,1.23489521,0.0351040613206112,2.24103078713526,33.83890092609,1.07576111065071,20.4867894649506,1.65174250382095
60,169,0.00734838396825706,1.43447499,1.37420643958718e-07,2.2411359445149,55.7370960219544,1.059789007493,20.191121339798,2.76047551217936
31,40,9.09754195,2.5530481,8.85084994704523,2.24830226265064,183.099395507579,1.01633090069153,13.0200724601746,14.0628553387578
9,132,179.166595,2.1272184,177.690611268801,2.25004238702301,100.01345903902,1.00479553323358,83.6824083328247,1.19515512318005
18,176,3.5809526,1.9381183,3.38005771342121,2.2593721581177,200.101683601411,1.0045029105197,9.48336029052734,21.1002933001804
182,133,11.1687655,2.1331381,11.4465558806039,2.26418891518348,103.221197787329,1.03243698141495,13.710364818573,7.52869811658828
175,160,0.00259143555364608,1.50934766,0.00465969020367301,2.27629419892927,33.685875594513,1.08115499895757,20.192765712738,1.66821504660272
190,175,0.00662089396788403,1.407153016,0.0495944318677629,2.27677144543665,29.9446197318484,1.0801064544964,21.2853364944458,1.40681918463737
184,172,0.969226585,1.80002118,1.11631688085036,2.28282410157382,13.1142821921385,1.16219633034733,11.6958858966827,1.12127309619684
172,147,0.00487001408477755,1.878613265,0.00396732351047102,2.28340097648795,41.3797546260388,1.02552645527461,18.6449596881866,2.21935339727534
198,132,0.860411565,2.09263592,1.07432085734426,2.28951636191872,47.3231937570544,1.04369514355067,13.2266292572021,3.57787255065655
170,196,0.412783809175205,1.083586359,0.685176575155141,2.30312009889702,9.09158133693949,1.12599620907919,22.3747081756592,0.406332957085446
156,136,22.6444925,2.1667813,22.875354394953,2.30556339630493,133.350871152603,1.01437760073433,18.9408445358276,7.0403867631331
74,168,0.00709787305507444,1.604591275,2.76096739462378e-07,2.30590103446396,29.5363997664231,1.0762417475869,20.9199516773224,1.41187705507184
196,197,1.43950955,1.6121052,1.64027847911602,2.30605998533109,54.8829085129077,1.06862561712438,9.84461951255798,5.57491413892614
75,166,0.00677482970312955,1.58905331,3.96150727607424e-05,2.31017899153291,56.4278525996931,1.01856370875696,20.7277271747589,2.72233670985442
200,200,0.03243302698926,0.71475194,0.284911625080053,2.31162808163276,2.78618262647783,1.32576272655406,22.1019425392151,0.126060531626772
186,172,1.3455105,1.92676615,1.47357125612989,2.31316144540009,80.7683074623445,1.01918699623464,10.0980446338654,7.99841062213921
65,168,0.00707128889804269,1.3123212795,9.19557907582315e-09,2.32371489931495,24.8463198916261,1.07350837083891,21.4075026512146,1.16063607682031
154,122,18.573914,2.21270315,18.7592031563908,2.32464418188625,171.986124093045,1.00401493757611,17.3560116291046,9.90931141142118
134,172,0.00377927491330547,1.28826168,0.000218473208127108,2.32638960508729,32.021090938523,1.00327773509708,21.2066442966461,1.50995558234488
86,172,0.0079822329668666,1.44012128,1.50890953734601e-05,2.34681053782835,31.1690744433124,1.00352008391784,19.5343661308289,1.59560203973662
18,168,0.00337005364558575,1.463289335,1.00366313897125e-11,2.35067753396755,35.6104817868344,1.03792308089031,19.6961028575897,1.8079963353315
200,200,0.00656779694676111,0.50057087,0.0971706355808886,2.35650947713937,12.3805434341353,1.06479428316852,19.7592277526855,0.626570207555436
103,80,49.5528795,2.43761705,49.5906407029002,2.35700721637765,134.581821501231,1.02077163852454,30.7660229206085,4.37436524858991
146,167,0.00300858584584667,1.439439785,9.28567530459403e-05,2.35747286395379,29.0856734148771,1.06812583225974,19.2117915153503,1.51394904486849
50,51,24.3966435,2.6541092,24.2126163429658,2.36073950605994,167.593119780162,1.01957554087725,19.1645605564117,8.74494978827427
167,172,0.002026035868998,1.36254546,0.00130920687551229,2.3608336787917,37.565462229671,1.01150304082432,21.0794541835785,1.78208894322015
3,166,0.00718788223745105,1.5454185,6.79209189863559e-17,2.36575211921529,55.1481300663038,1.0251197478127,20.7976334095001,2.65165410796753
165,25,17.9629945,2.91343895,18.167489110043,2.38197565765179,117.822440016227,1.01141750743973,16.7933278083801,7.01602692215843
30,110,142.519545,2.3695919,141.684727438082,2.38712755986825,160.983101593239,1.01162626216697,68.6687109470367,2.34434430722608
183,165,0.00563508169727175,1.46921125,0.0190460472783303,2.38715583277707,34.3831471092063,1.03926905807636,20.0712268352509,1.71305657553626
78,122,4.88526895,2.31475125,4.83866809320047,2.40141713359143,136.673452558093,1.02179095461677,10.4176480770111,13.1194153946988
42,162,0.0060377530301346,1.57841245,4.172300031799e-09,2.41154732995322,59.7249825568321,1.11835264869786,19.3800008296967,3.08178431371961
35,141,6.38259935,2.2827209,6.24394615428906,2.41730192794321,120.156769432101,1.01015256237662,12.5389769077301,9.58266135397584
143,173,0.00272960784905391,1.436392555,8.99530670698751e-05,2.42290584459075,39.0162626687333,1.05710210817685,19.2443838119507,2.02741033695786
26,160,0.00523226457623041,1.698662465,2.24117778228832e-10,2.43037047690955,35.0899106660071,1.0488038663588,20.4539504051208,1.7155566514536
184,83,11.170788,2.5849302,11.4139455977356,2.4325616036314,174.293450501031,1.01638325371658,13.1993942260742,13.2046552679463
25,152,4.14875235,2.193124,3.98278351158465,2.43267438525244,153.086614632404,1.00906602297817,10.5580086708069,14.4995727324691
101,134,9.2666825,2.3087775,9.25896473969674,2.43831248218781,155.186918236348,1.00245794888264,12.3523254394531,12.5633767501529
142,169,0.00569602266162517,1.42256611,7.5918556132738e-05,2.45095953551944,38.512258273361,1.06791392398087,19.7912046909332,1.94592794500298
130,131,0.74742489,2.16076725,0.861370672829197,2.45149985951563,25.5486921940252,1.04123220382388,13.1070215702057,1.94923706024116
142,187,0.00120883210580147,1.33366536,9.80263101249187e-05,2.45173466697223,34.900634882198,1.01785453840138,21.3986113071442,1.63097662653212
162,186,25.735673,2.00340595,26.0677938694916,2.46716468783057,122.720280455254,1.03013851384285,20.4279065132141,6.00748198920287
200,200,0.0889837000665191,0.6952138935,0.551150127246779,2.4677414238138,14.9206029602299,1.08876041969593,27.1858005523682,0.54883809404429
192,163,0.00388533067582434,1.58913911,0.0295908234628025,2.47640477937033,41.1530834545007,1.02249295329483,21.7404239177704,1.89292920920749
169,171,0.0047632231788845,1.50984554,0.00205710003646731,2.4919769503238,34.7660456695061,1.05221849780167,20.8608741760254,1.66656705640176
38,187,43.7510685,2.06630395,43.335283712306,2.49532100988814,165.849557000365,1.02047364171833,27.749080657959,5.97675861930928
185,89,251.103835,2.56507565,252.420222912302,2.4955061900006,178.090761774192,1.01661471803618,114.670744657516,1.55306187559948
63,30,18.159299,2.9664618,18.0177987581083,2.50951046783365,199.500998432981,1.00318761634144,16.6488742828369,11.9828521162325
98,169,0.00492234321081793,1.47807921,2.7501579750737e-06,2.52129200693039,43.1200892444761,1.04687059313622,21.9605991840363,1.96352061631457
188,184,0.6716012525,1.63519211,0.900832368783921,2.52467088752164,27.0758207736242,1.11828581774377,16.5518157482147,1.63582178447972
43,177,31.548231,2.16899205,31.2563818428164,2.532888622142,176.122958134407,1.00740846634434,22.3710114955902,7.87282051011078
110,163,0.00814849625532042,1.54542923,4.61218475690448e-05,2.53320030869489,13.4346508959926,1.10960807674283,21.4854080677032,0.625291865700586
171,121,1.2909714,2.51157505,1.38146500029389,2.57502505909827,84.3892876490577,1.00994993977473,9.34528040885925,9.03015040287687
165,176,0.00304390865599252,1.454099475,0.00196693796830758,2.57512086352002,50.3782504954454,1.01134668871948,21.4001264572144,2.35410994398409
200,200,0.00843409291347266,0.5304002245,0.356181607334781,2.57875235264017,22.6390799172705,1.09409051909185,21.9500949382782,1.03138870154911
5,149,0.00908417334224542,1.76217845,1.73299507147467e-20,2.57969746727367,38.234382707441,1.0263105065059,19.852959394455,1.92587825058062
32,186,0.0104080527935739,1.36088467,5.73886840478426e-11,2.58159425832577,45.7556313744533,1.01876005432953,18.9249563217163,2.41774039509666
104,168,0.00399446295935468,1.57114962,3.68713203825534e-06,2.58769142748826,48.9471224541896,1.04311821344146,19.5461390018463,2.50418368812204
162,158,0.00354509159517834,1.74866429,0.00277514499632639,2.59060124828243,30.305214683251,1.06959659338368,19.6154668331146,1.54496525324037
183,169,0.0104483164154433,1.44561895,0.0150342447479042,2.61589667728068,15.964790730254,1.07184574030358,21.3712167739868,0.747023012264161
125,180,0.00236480399951042,1.438734505,1.36605608539551e-05,2.62224907986419,44.0791301276093,1.0194575472386,20.3428225517273,2.16681485646969
178,190,0.0507302616480576,0.880482005,0.179617082095394,2.63282469898568,23.3574890791303,1.08905672709659,22.3441846370697,1.04534980615849
26,47,3.10842265,2.9391049,3.00053336377102,2.64455308119698,151.385127640636,0.999164687298748,10.5800428390503,14.3085552623552
196,171,0.00193678613579441,1.46916231,0.0204575618729836,2.65617214502915,22.0777883184469,1.12219879511801,20.2672655582428,1.08933236479293
18,176,0.0040627689669675,1.549917225,1.34746699062577e-11,2.66284064400838,38.7218095346443,1.0031282986119,20.5661616325378,1.88279224030712
72,167,0.00346095481296862,1.589612645,2.04161083075434e-07,2.67862157506044,19.4544380150322,1.08851908457222,20.9289531707764,0.929546636006476
52,178,0.00346463361159515,1.487017833,3.21683835829719e-10,2.68792683075309,47.2465314879369,0.998699752911287,20.9568643569946,2.25446568165469
59,178,0.00378981517945707,1.374185825,3.15437061810061e-10,2.69193201006396,38.5461432338116,1.05089356793498,19.5723812580109,1.96941510211155
124,138,0.525682251125,2.07824737,0.640163545272913,2.69279152824421,5.63692043792815,1.20225082341227,24.1310102939606,0.233596536956389
128,180,0.00625367513134291,1.266699095,6.61062145293393e-05,2.69917015426929,53.5607649089511,1.00970628853906,20.4048190116882,2.62490762002204
200,200,0.00868103788808193,0.645017868,0.194019323720833,2.70084859663636,2.68828174094825,1.35359666372599,19.465304851532,0.138106326176375
87,153,68.3302385,2.46399595,68.2735465951706,2.70766931190837,131.281517723286,1.01533640970746,37.8296415805817,3.47033469623658
89,115,9.232148,2.6738984,9.20655556137482,2.75305665460817,136.552004893142,1.02199592214339,12.8995170593262,10.5858230401283
180,186,0.00394609563295078,1.466756345,0.0119241073863492,2.75841271936738,38.5614989196677,0.99831638055872,18.6331536769867,2.06951005654475
85,170,0.00357815426943873,1.55331221,1.16534636414995e-07,2.75939395233451,36.5019793138426,1.00084103820383,18.4410135746002,1.97939116340756
59,174,0.00666989505614878,1.648232945,1.97075038589923e-08,2.77146219549439,46.2526127223307,1.04879297162416,19.7152743339539,2.34602937493362
1,181,0.00308449651057423,1.51918691,9.14066603762422e-23,2.78100794380562,44.8589678275099,1.03152901821011,19.7294931411743,2.2737009768331
100,168,0.00533528933468003,1.644474655,3.22117460954722e-06,2.78251425122395,42.4756313143671,1.02564904137298,21.3798313140869,1.98671498808227
87,182,0.0031353279527529,1.368389165,3.87252502524592e-09,2.80215567964821,19.2439113806023,1.19605576559379,21.0869195461273,0.912599459513587
170,82,13.6587165,2.9036198,13.8738811191842,2.80785736383178,160.516376202619,0.99716101401726,14.2441749572754,11.2689135512642
124,169,94.7179715,2.43550915,94.8539894434108,2.80900220753052,126.200294536868,1.01491109935647,50.0470004081726,2.52163553275133
156,177,0.00656795183745267,1.59608394,0.00387352662898623,2.8244789238729,56.2292176562283,0.999251626045599,20.3083434104919,2.76877421854007
7,170,0.00448117564791756,1.56587818,1.4962894311278e-17,2.82560852092547,34.3368573133819,1.02841284797832,21.8363649845123,1.57246214458019
196,199,0.0613743393569095,0.8183594625,0.356692244433171,2.83733410607898,16.5030106454801,1.08101568302369,23.3501727581024,0.706761822126287
166,28,13.6879025,3.32500745,13.9116855286942,2.84162318313864,108.939352727712,1.02194719489497,14.8306820392609,7.34553896033368
118,177,0.00553749402948626,1.476540335,0.000311121326257319,2.84619115121366,38.2021335998095,1.01790541685613,20.8308446407318,1.83392148799913
47,182,0.0050964738458761,1.419758195,3.72675918020421e-09,2.84754837573035,34.8210131343007,1.01755657555238,18.2860286235809,1.90424142120159
142,181,0.00232986213638331,1.59535228,4.402497674495e-05,2.85914621105953,26.7631721627652,1.1583147314031,20.4235105514526,1.31040998536178
43,178,0.00586717792248322,1.630423555,2.11192571828587e-08,2.86346692481795,28.438500239857,1.26598809670362,21.929838180542,1.29679480558548
92,176,0.00615928353234817,1.496978245,7.06774750713511e-06,2.86475940667993,33.7603797867275,1.00030490754402,21.0963208675385,1.60029703751215
190,179,0.00583241813296017,1.460183565,0.0361419182539217,2.8660267955859,29.8410049828529,1.04023825533157,20.9357624053955,1.42536031910461
114,176,0.00192306298451001,1.393141615,1.2524373802899e-06,2.90095367103547,45.3273287271135,0.999048234533491,20.2738642692566,2.23575180957722
39,178,54.0805825,2.4621405,53.6195066176963,2.92523071896746,169.111933776408,1.02795549907149,31.5164957046509,5.36582288085576
29,179,0.00705166590805353,1.478319995,1.03202962213735e-15,2.92677394009654,42.7238572048125,1.04166034163898,21.2878816127777,2.00695672692806
75,191,0.0036871534647768,1.253208825,1.36972155163166e-08,2.93171279253815,23.5334357163979,1.03620640951116,21.9385786056519,1.07269646495399
118,74,44.283196,3.0425064,44.3872955529882,2.93439521810175,155.78887906839,1.02339564361238,27.4617283344269,5.67294516831586
104,165,20.579601,2.60862815,20.595416365548,2.94267476933393,172.070540001222,0.9976676504132,17.7516889572144,9.69319259795233
100,182,0.00547370159978011,1.388635365,1.61551056962764e-06,2.94788479155024,6.30221938920275,1.22087470867852,20.2830901145935,0.310712980793215
119,54,54.4490385,3.2671093,54.5680637293524,2.95807284603767,163.180285125066,1.00327741454183,32.2650594711304,5.05749215404588
178,183,0.00562057935573677,1.50075983,0.00277157071533385,2.97219581522278,45.5079031424501,1.05585666774934,21.8074016571045,2.08680996746003
18,176,0.00813252323523592,1.535359755,4.18993942187464e-15,2.97303743131068,38.3782604373985,1.04428632175181,20.3055393695831,1.89003895631
40,114,50.29254,2.9407549,49.9832266460116,2.99131513790369,193.407025659812,1.00244912995152,29.7443537712097,6.50231056110607
176,73,8.52348185,3.1201316,8.71210753939551,2.99282232542199,140.981609101383,1.0280783104467,12.1833128929138,11.5716973158739
159,182,0.0051101549547039,1.334606435,0.000256450768721676,3.00092381438869,34.1568154511212,1.04974747438642,19.5669021606445,1.74564247169497
105,179,0.00747737234190164,1.536226175,9.31816235752181e-05,3.01857907974709,40.1017186947849,1.03039202373601,19.9261853694916,2.0125135820619
118,185,6.61541875,2.5277276,6.64259428948859,3.02277253908323,108.055472818841,1.03831850054071,11.5134284496307,9.38516909116737
123,158,0.971562345,2.64626305,1.00148959491177,3.023790771738,81.9390545206528,1.01372375030044,10.8882143497467,7.52548139563022
26,94,1.2199228,3.11257475,1.14315679093627,3.03578464993629,118.221032701292,1.02414221163171,9.14867281913757,12.922205771092
175,194,0.00374523608764226,1.272334145,0.00301508756601667,3.06645571572432,61.3058146416396,1.0011952554295,19.4634985923767,3.14978390707472
73,105,1.6613755,3.108406,1.63744849694267,3.06815829189661,171.680941316752,0.99666434903758,9.19651436805725,18.6680447010511
163,181,0.00503021553223101,1.544223299,0.00261621034591572,3.07051310910618,46.1805333787743,1.037458376449,20.0717287063599,2.30077508790469
173,166,0.00699606305771367,2.048795685,0.00340911488217543,3.08781406179063,37.9991433325517,1.01973858843741,19.3544414043427,1.96332937431228
131,190,0.00296143084318547,1.23041655,7.85596852442073e-06,3.1049927314953,29.5483399662833,1.03429219173965,19.6458914279938,1.50404679139066
199,180,0.00473856681554761,1.635469265,0.0680232447223813,3.11762206944303,24.7782088464768,1.10296213989994,19.6247789859772,1.26259810947079
200,182,0.00228793111645138,1.402377155,0.126607246703417,3.14876521494029,50.2928076304905,1.01013676036206,20.2515304088593,2.48340775314884
181,186,0.00804336910744867,1.51790358,0.0315035048022149,3.15033170018405,29.883409241509,1.01529315532289,21.364670753479,1.3987301553263
45,147,2.178621,2.94073145,2.11940721478041,3.1841428639816,105.997998152981,1.01026622118359,8.99796462059021,11.7802194854627
120,188,0.0239206111320194,1.52567526,0.0423901441550784,3.19043163721197,32.87579837552,1.70300690626283,20.3602786064148,1.61470277548962
198,200,0.32008770750335,1.169927615,0.716227920651224,3.19256164213897,4.76674487498101,1.168901575465,25.3131940364838,0.188310683673926
155,169,0.0152917286239282,1.785998275,0.00105975838302834,3.20732948922497,16.1538964768877,1.06985792084304,20.0112252235413,0.807241750389386
113,128,1.01515103,3.0035176,1.03941788218929,3.2100578869611,52.6135685847744,1.02192726828531,9.26269721984863,5.68015636655282
133,175,0.00881870760055295,1.671571975,0.00139984313290951,3.22263981563677,30.6904286584074,1.070580074356,18.9584007263184,1.6188300427579
200,200,0.024139968727396,0.70958796,0.385279573205854,3.23491537070927,26.0111474073484,1.05008943157629,20.0950334072113,1.29440677605512
101,183,0.00408961872148009,1.57980775,3.65737283424269e-06,3.248715830855,54.1001474542692,1.01827036869899,22.1062204837799,2.44728163703806
94,174,0.0074891606388036,1.803241665,3.95473341114339e-07,3.2954586964912,25.0754755432489,1.13657204363297,17.8088266849518,1.40803636235268
108,197,0.0026241545342681,1.23246021,5.6969521871316e-05,3.31822359681306,56.2314597230336,1.01557782944343,20.9098844528198,2.6892286205556
23,179,0.00824418766842614,1.6566115,8.35084170278755e-13,3.33390408432478,18.022484406396,1.06428199222698,19.2416777610779,0.936637887307933
141,187,0.00423438137308825,1.600658197,0.000547049735684557,3.34705764351583,54.8690446802073,1.00812013066403,20.0360152721405,2.73852080540691
40,102,4.68368715,3.38167755,4.59544329950697,3.35172112363421,103.899162924365,1.00530712594601,10.0088496208191,10.3807297402339
185,186,28.702115,2.7917918,29.1239361706872,3.38947525320718,192.177243357392,1.01647776819014,20.8075432777405,9.23594106195996
67,148,2.3264099,3.1122799,2.29461581350937,3.38988664682227,199.640162835905,1.00460927414734,8.49992537498474,23.4872841852759
0,195,0.00439676154183126,1.36796385,4.6880798372836e-33,3.39361093498134,10.5130607092443,1.22046028861453,19.3680171966553,0.542805213486687
176,7,87.6154025,4.46825815,88.1606727722077,3.39885746502572,113.501850113538,1.01306244493506,45.9988698959351,2.46749214427045
105,187,0.00527869275958331,1.41776599,3.14035729942534e-06,3.43983471325693,19.8582996450092,1.12115382193055,20.6906504631042,0.959771645672556
45,187,0.00602074250024539,1.68209318,7.68062550129206e-10,3.45109194202758,48.020717662252,1.01093826409421,21.3807356357574,2.24598060985055
182,70,4.10374075,3.7123096,4.25188007096297,3.47320873198165,114.505862639358,1.03119599757134,9.65835738182068,11.8556249383446
106,191,0.00575417398127802,1.49692421,8.09978084412619e-06,3.47735482936339,47.4693082696887,1.03346052685784,18.7388105392456,2.53320818684149
167,172,16.061736,3.04688055,16.2779777301187,3.4806254470799,113.827505992916,1.0127315408912,15.5293953418732,7.32980927377086
78,168,12.7269675,3.0791809,12.6658338814939,3.52792906807873,171.750253744132,1.0301075228849,13.758082151413,12.4835897804618
36,197,21.8535325,2.7184191,21.5601954921885,3.53845339325272,177.547477285392,1.01589312916442,18.4179866313934,9.63989608846618
73,194,0.00976114628325303,1.49101384,3.61685606287074e-07,3.54095520343948,43.7512763288319,1.0153958173473,19.5176374912262,2.24162767386675
200,200,0.0802913310122105,0.89270096,0.449894997961019,3.54429914059419,1.52189203675634,1.8336383685009,23.0622718334198,0.0659905514837853
197,194,0.00484721411812665,1.394420265,0.0761111252504659,3.57603263586853,31.1953682192806,1.05467856013589,19.4151499271393,1.60675391827258
30,172,9.2411527,3.1097097,9.07200095158098,3.59632963139318,114.647763580166,1.00232810334203,12.5515885353088,9.13412380095561
8,176,37.8805295,3.09817795,37.3797901117,3.60997379902822,172.833209172595,0.998280473025041,25.0088205337524,6.91089005734341
168,191,0.00357597283867556,1.59255036,0.0017350205409577,3.61228835310648,42.3125357887754,1.01930163470005,21.1347053050995,2.00204049112367
12,198,0.00112331868232904,1.20901854,2.54558660515877e-16,3.6147076195011,26.2212386387198,1.06819606767268,21.5318670272827,1.21778750563039
14,37,1.61430935,4.13788345,1.51571127083252,3.61767759917252,151.207789226805,1.01124266670359,8.37030172348022,18.0647955380915
190,198,0.0042116059035735,1.2741732,0.0287570104514543,3.62781025062451,53.5038996467968,1.01526623468807,19.3959033489227,2.75851548052638
68,188,0.00182917681888848,1.590237865,1.50160564013942e-08,3.66073175945307,25.3329991916975,1.0143486249912,20.4404120445251,1.23935853819947
9,196,0.00128405045040201,1.18969356,8.41774905266129e-17,3.66403665995528,45.9398260684419,1.00853901708127,19.1509692668915,2.39882511575346
40,188,0.00392076161772714,1.568595605,7.41384419732732e-13,3.6787615907446,32.9936985910624,1.02636695861027,20.1388876438141,1.63830789339534
159,188,0.00535580375293266,1.3163655,7.16901099329866e-05,3.68237281643309,12.0589259152219,1.1939175264068,19.2597813606262,0.626119564361963
87,180,0.0157263484946409,1.87996065,1.86057238085845e-06,3.74465825762702,25.3210479217869,0.998693709636651,19.5280947685242,1.29664712415263
198,189,0.00360287943793593,1.659295525,0.0728805499455184,3.75960581832489,56.0194112613848,1.01556757912022,21.0546674728394,2.66066473543931
60,154,0.990943475,3.23055865,0.958498766798806,3.76591007701868,88.6874896112366,0.998928673056199,9.6438992023468,9.19622735061922
87,195,0.0038760079246666,1.53682711,2.16397013441868e-05,3.77492358989097,45.987912641462,1.07067911086572,18.8200862407684,2.44355483036216
96,46,17.5216665,4.1466719,17.5099645193671,3.80293754876256,166.804302136656,1.01541321179454,15.9985177516937,10.4262347753433
19,55,4.0544014,4.25429975,3.94847349579509,3.86431252865139,148.086385423703,1.05082274354119,9.65434145927429,15.338838599027
71,187,0.00474479003728743,1.728107965,2.01929139360815e-07,3.92147684300614,42.5396700191974,1.08254434404186,21.3585011959076,1.99169734004314
158,187,1.5271651,3.14381905,1.59751619278385,3.9485384619288,84.5964630770418,1.02576242206041,8.88524079322815,9.52100962097918
72,191,0.00396520444589987,1.557440625,1.66670061750716e-07,3.9766002549673,13.5451384233448,1.10308146791296,17.691198348999,0.765642787794034
126,106,7.1249281,4.0821383,7.16125207914645,4.0812111639696,152.33925157092,1.03405903393858,11.5556676387787,13.1830765934889
88,60,15.4373425,4.43128905,15.4097157191887,4.09835225342875,125.23424802644,1.00412671801954,15.7567074298859,7.94799602542009
129,199,0.00407342590839454,1.294424975,0.000137587845500007,4.11000745934545,41.430342079812,1.01097835911321,19.6813819408417,2.10505249094517
137,199,0.00297372194602581,1.35740275,4.37287651397505e-05,4.11837200248479,50.0265892083898,1.03446851551043,20.7282130718231,2.41345402206394
158,96,15.704267,4.2092859,15.8770539297387,4.17598692857058,141.111561667694,1.0410290094759,15.6072175502777,9.04142978805233
200,194,0.00725938271711066,1.551420575,0.39103813430604,4.25815081311872,25.8934944523174,1.1708206365724,19.7725238800049,1.30956951219072
3,189,0.00568721363717883,1.783979175,3.88341652817447e-15,4.28922885577502,49.9098923847233,1.00783183351729,20.1923332214355,2.47172487881393
198,191,0.00234510028043166,1.57552579,0.0383799453810434,4.36153484062418,13.2501616468958,1.20374138792369,19.7335214614868,0.671454492942662
200,200,0.0372594209943309,0.90886127,0.358892957190673,4.40735146468371,5.74010622903025,1.15803521870953,19.8975365161896,0.288483261450975
173,190,0.00476847569401505,1.759144015,0.00596447175301796,4.41371375419421,42.2819757626367,1.00687558178914,19.5437204837799,2.16345581680459
196,196,0.00153657232139595,1.393349995,0.0232833923025461,4.47762302961486,33.828719639271,1.07227604211392,19.175176858902,1.76419335728662
171,199,0.00322273494021447,1.205141995,0.00266034987787752,4.48751825094981,37.0814978304214,1.01145278652132,18.9663381576538,1.95512162243386
194,128,3.19376995,4.24502385,3.36559906190628,4.48764329543316,128.847485962637,1.04822496278266,9.77755546569824,13.1778834100877
200,199,0.00319598732676049,1.54022897,0.203574779535789,4.4995676279908,51.7114827094587,1.01584218394537,19.6341934204102,2.63374622029054
163,196,0.0032728123432112,1.55414207,0.000383328778849598,4.53471342663008,35.9736991546295,1.14632968978881,18.7352914810181,1.92010352179878
149,199,0.00631826750081138,1.52013601,0.00102102463468729,4.5457086556243,41.4152729671551,1.0631964214797,20.2225112915039,2.04797872876228
148,151,15.984728,4.2891157,16.0847805725212,4.57017357302787,146.697179614658,1.01256696305583,15.6164691448212,9.39374824451317
199,133,3.34937105,4.43972305,3.56136172377868,4.73807017907947,151.496714666847,1.00664486969944,10.1377608776093,14.9438043070684
190,200,0.00779980367066305,1.557345985,0.0498037891234502,4.78330674487822,38.2358644151197,1.00394691738751,20.9239175319672,1.8273759852429
200,200,0.216197073843304,1.012287072,0.745423027850836,4.8151423729202,18.1110499738884,1.04731338189165,28.1257336139679,0.643931647169338
81,198,0.00461278837411164,1.47557554,5.80384496443914e-07,4.82543388587649,45.9631132559049,1.01071632432218,19.3128094673157,2.37992889298117
145,198,0.00133121305949959,1.467233095,6.5078741051111e-05,4.87163894116433,35.9674978532214,1.0802777480829,20.7364265918732,1.73450800184239
80,2,0.8650845385,7.062956195,0.839963939211671,4.89366203881468,6.49951823188029,1.46882040390802,18.2780497074127,0.355591451819085
181,200,0.0031243716205881,1.353393985,0.00324804585584525,5.06639119439878,51.4537507065076,1.0094734217396,19.7428860664368,2.60619194850037
69,196,0.0050459784786539,1.945628485,2.44197584300101e-06,5.06886133480277,37.7929226042055,1.00910910712038,18.0834410190582,2.08991875851368
31,197,10.8256485,3.723543,10.6368111205016,5.07113680278573,152.92865699665,1.00783183786021,13.1759738922119,11.6066302383191
200,200,0.0361892254643501,1.14153298,0.251402771408431,5.18963237563927,2.28210988397369,1.48696643235901,18.6621234416962,0.122285649385152
140,196,3.44027775,3.97620695,3.50030116813876,5.2662808049446,79.7264723125255,1.00536968128587,10.1272044181824,7.87250548328862
5,199,0.00434755798708621,1.469551005,1.90168319189755e-19,5.28115330842656,37.4603641164382,1.03597005054205,20.4822118282318,1.82892181911743
193,200,0.00408756725269565,1.312515345,0.0402741334290818,5.34355829190566,29.0560597185767,1.04856814049598,21.6459486484528,1.34233247017583
9,192,0.00482538266461714,1.95315565,1.19197553247623e-15,5.4207604649429,30.7479610905805,1.06896223437258,20.3955543041229,1.50758153625493
93,159,2.90553075,4.82938375,2.90390386169454,5.43584755397181,116.126559220884,1.04168555560012,8.31779885292053,13.9612127287869
170,200,0.00246025689943913,1.205520575,0.000128045119264912,5.44340889777929,36.411258725247,1.01216639182183,19.4424483776093,1.87277126923889
191,184,2.8239639,4.3383216,2.97027705109208,5.46772078934635,169.539810900872,1.0156640237769,9.50356245040894,17.8396061251301
129,172,22.128061,4.77111035,22.2037216744081,5.51457274808965,214.285571983875,1.00359566501635,18.1056890487671,11.8352619116955
17,184,2.000243,4.6283781,1.91346328786301,5.54617091073963,137.180338688767,1.00200609430565,8.72811889648438,15.7170565978452
117,134,1.32439485,5.50333225,1.33548687543859,5.80495000390708,126.496077739613,1.01267846209577,8.45429944992065,14.962337032053
172,199,0.00239257961611415,1.575333655,0.00321500328008457,6.03107569263948,48.7985060484083,1.01407503546257,19.5642347335815,2.49427113878606
117,200,0.00620868112668524,1.55795279,0.00026400230583079,6.30968398005251,54.2351337695447,1.01097607937023,19.7108926773071,2.7515310776353
114,145,4.9179756,6.1987989,4.92806386387869,6.79045780475018,138.580538789188,1.00093475476446,9.41864013671875,14.7134338691771
166,200,0.00748845342933724,1.703512425,0.00279435161642043,6.98955233702053,40.0529486110263,0.997651147022623,20.63210105896,1.94129276977501
57,200,0.00544359588765892,1.33793535,2.64586432766151e-07,7.34653974468378,42.1319043292176,1.04075536892399,19.3127303123474,2.18156126284645
