"rank_mu","rank_nu","mu_mean","nu_mean","mu_sim","nu_sim","ess_mean","rhat_max","time_sec","ess_per_sec"
186,28,15.1574185,7.9064762,15.2949760249192,7.15054698416229,182.880105019499,1.01645940497392,97.2630605697632,1.88026270146338
200,200,0.0118505807101771,0.77988907,0.409465058083125,6.13590616376453,3.74631586505419,1.25363447280756,99.6214828491211,0.0376055019250021
90,200,0.00597701047776025,1.57110392,6.57998300622205e-07,5.72628875018964,10.3283628605666,1.19803915946363,100.987805604935,0.102273366558446
173,200,0.00410755402600196,1.57385162,0.00316001067275927,5.31722357108389,31.5659536380492,1.11794425957525,98.3376722335815,0.320995534275721
140,196,0.00548865613222411,1.930274215,0.000465958699674974,4.93947179754845,32.0642363118007,1.05656224237495,100.521803855896,0.318977924011061
147,190,11.838748,4.1275705,11.9152676281382,4.86412667667819,194.684862398413,0.999809575202596,96.261442899704,2.02245942439547
37,197,0.0161218977399307,1.946554355,2.33681352592373e-10,4.8360671521174,36.1566293139264,1.01808736794868,99.5006611347198,0.363380794676046
162,193,0.00342257895380479,1.77908833,0.00157920203745555,4.8223442891253,47.0950248491521,1.03460272455138,102.004776954651,0.461694307415519
177,198,0.0028800801419845,1.594749755,0.00595070613971933,4.75189747771724,21.8437179292719,1.0842190243749,100.624414920807,0.217081688837279
29,199,0.00217509098699608,1.771934085,3.63304990256674e-12,4.70757767228492,27.3749672317395,1.04280825107396,103.814563274384,0.263691011822562
24,165,12.5026435,4.06817305,12.3645657803282,4.53033449350928,174.31401643283,1.02869233647974,96.0004591941833,1.81576231922223
193,199,0.00331015283211167,1.461816185,0.0282353996760106,4.48203754320387,39.0913419815089,1.04255838401469,101.216948270798,0.386213402491875
200,200,0.00499684613336218,0.61640947,0.405770408569844,4.42211491896963,4.19625559893635,1.25352452765484,99.837085723877,0.0420310305385124
153,198,0.00348261100854354,1.466093365,0.00035493806685007,4.41221820464599,42.3232275345235,1.02460288079826,102.440237760544,0.413150422722123
111,170,77.082996,3.8631285,77.1212620305186,4.25793028124295,160.073318668635,1.00856759923522,107.805940628052,1.48482836600735
68,191,0.00491597485194561,1.69756862,1.74054744789981e-07,4.21428105389482,35.0625625746864,1.02238573050086,99.6600885391235,0.351821507372251
1,170,25.61446,3.86474055,25.2656732109978,4.2121161610655,204.21437727867,1.02284766841124,100.848955392838,2.02495282656317
200,200,0.00556373042114155,0.63463287,0.291740459008768,4.16378746167514,18.5475510121229,1.09689198318374,100.354133605957,0.184820996860481
200,74,34.2472565,4.29568605,34.8561680863097,4.13776007724274,155.921767518092,1.09012573661267,103.296900749207,1.50945252362075
139,59,3.10040005,4.31757125,3.1305062549999,4.10050133405513,125.138789793934,1.0083145118305,93.2409057617188,1.34210182506948
156,57,4.982439,4.2643857,5.053548574602,3.99117223181303,119.977602109782,1.01792468824257,93.2835280895233,1.28616063914993
57,197,0.00479456112977234,1.4836233,9.49264409501802e-09,3.99062952542579,7.26470934891156,1.29828324687985,100.504009246826,0.0722827815860587
93,29,11.5258725,4.3586791,11.5041300838969,3.9240400602297,171.898199798068,1.00162925594826,96.2671678066254,1.78563682421161
200,200,0.019130361298473,0.92722878,0.297816439437979,3.9038161723336,20.0835729920665,1.0669341343421,99.1808927059174,0.202494376125617
196,192,0.00118144803982316,1.610636335,0.0161145223029322,3.85971517329941,32.4621767744637,1.01937039988769,99.4342849254608,0.326468650111965
76,190,110.393915,3.328233,110.269836843301,3.84483389161358,170.266609188812,1.02147300354507,108.124547958374,1.57472666849309
48,53,50.5021225,4.05343745,50.316632372062,3.81302035380173,137.012408351495,1.00475599284533,106.534153223038,1.28608905413317
72,188,0.00903159419344255,1.87493057,1.00760051971473e-05,3.80787469769689,40.7625205833233,1.05487998158383,100.823013305664,0.40429778129864
200,200,0.180914142453656,1.1527522895,0.597714262883994,3.76864913583576,6.18263154005247,1.18305576656519,104.881776094437,0.0589485778204744
177,191,0.00220285006416205,1.541392684,0.00495259271099497,3.76356099358942,43.4553826278114,1.04976761605607,102.867616653442,0.422439870209214
110,196,0.00258280297864308,1.44092987,2.03799749473619e-05,3.695339010324,45.7289886655567,0.999121147284271,100.08177947998,0.456916222944497
35,175,139.12991,3.32820575,138.71494033208,3.69072957090933,179.516812704394,1.00693202605154,108.6033411026,1.65295847145992
175,181,1.5808713,3.223796,1.64135870412388,3.65915093623244,122.03812614375,1.01136462565917,93.3959498405457,1.30667471503962
164,193,0.00410338009123245,1.521820675,0.00126858113923927,3.53816684264155,35.0416774021803,1.03888485928509,101.110901832581,0.346566757560943
11,162,3.84478745,3.1686894,3.72073821507247,3.51045836084114,136.608415613888,0.997488738867993,94.3161895275116,1.44840897727362
114,133,1.23391595,3.2985888,1.2415902692018,3.4777401168541,112.700747070326,1.01244665440416,93.2545609474182,1.20852798968055
39,197,0.00359308633389489,1.395786065,2.48620810013944e-10,3.46960485975514,35.3022645113862,1.08408603371774,102.632883310318,0.34396641088848
93,198,0.0031638600693518,1.23963478,1.11549263418383e-06,3.43512790352892,50.2826225685602,1.0392854311261,103.582751274109,0.485434321352388
194,192,0.00512025901156548,1.412567985,0.0573223899335776,3.43275122107714,23.9420241685423,1.05806004382965,101.213983535767,0.236548580859697
168,185,0.00511424771252945,1.616730635,0.000906353058925937,3.39231921827364,14.8517484269057,1.12689080921065,101.761839389801,0.145946147553562
176,188,0.00119316760636789,1.382867565,0.00149525774668268,3.38390029704387,58.1578241745472,1.00915632166985,101.509809494019,0.572928118616695
66,186,0.00678370448493256,1.629142065,1.90086347990061e-10,3.37283748835269,30.4755194058761,1.06742011220089,100.867861509323,0.302133097201225
191,187,0.00322093082777229,1.640356825,0.0169316188043839,3.35818562341905,25.5867038870648,1.08578266520614,101.354382514954,0.252447928270786
81,191,0.00241279972203285,1.29390983,4.99037058023947e-10,3.34121438505864,44.2805725510704,1.03241971172353,102.776503324509,0.430843345694083
47,193,97.8948255,2.8421604,97.5553871590503,3.33405329935797,126.653815097018,1.03996562893393,107.683502435684,1.17616730726848
200,179,0.00330147461465072,1.640543725,0.170431912210673,3.31923907768159,52.2550013188829,1.03093725177269,100.736597776413,0.518729066419972
167,162,74.774379,3.0378628,75.0978692327684,3.30411493472718,87.3572954700911,1.0162786474664,107.177232265472,0.815073254119043
195,193,0.00275959077120887,1.440680215,0.0261249687209213,3.28544606822621,56.5846161639327,1.01865744651406,101.931293487549,0.555125067365546
8,193,0.000396942621285444,1.303983975,3.11482074041708e-15,3.28057191833645,38.7923769385402,1.00207414208562,102.039616823196,0.380169762943697
148,185,0.0051465638245836,1.721508055,0.000561523876008194,3.25206673206687,23.5289084177617,1.01673988965795,101.118226051331,0.23268711622589
196,190,0.00854626350868398,1.564454035,0.15433313679584,3.21220363449787,51.0391372407662,1.00142208447019,100.892408370972,0.505876884741419
114,134,6.6188788,3.08813815,6.63115475983494,3.19761229836537,136.805494118134,1.00754579474484,95.2456889152527,1.43634316341457
143,195,0.0016587707838718,1.326142085,4.50056767298766e-05,3.18396036873108,50.3361597609129,1.0452410231598,102.159882068634,0.492719438801775
196,193,75.182896,2.7118234,75.9442699100525,3.15787582520653,130.792170315343,1.01157736387691,106.980855464935,1.2225754762095
200,200,0.0338335948311498,0.906144929,0.331211128502985,3.15399985956829,8.23458548724221,1.00538727980838,101.608784198761,0.0810420629690265
200,200,0.00407747888711318,0.3429125835,0.503649180054455,3.11069589725755,16.5494489157504,1.02320190604873,104.221150398254,0.158791654597084
68,125,1.37211595,2.9770053,1.35230792374577,3.09024340217801,138.257452330984,0.997016300366535,94.0325560569763,1.47031473064723
151,188,2.70033305,2.6669542,2.75596366135402,3.09007097950246,163.873916806333,1.02357291103364,94.7402753829956,1.7297175477257
122,169,0.00496421755894419,1.76215245,3.24510250730023e-05,3.08377465122896,48.9654680401557,1.0426573275335,104.062705516815,0.470538102934903
141,176,0.00492566961330581,1.65081924,9.97022430265063e-05,3.07994337328597,25.5918600382045,1.07033988016035,101.624738454819,0.251827069149923
162,120,1.6970514,3.00962255,1.7383418936482,3.07747080264441,169.884292138643,0.998339501035652,93.8167350292206,1.81081010851348
128,153,0.0071029015334744,1.946098315,7.74565676753448e-05,3.06265062026832,44.7150487072277,1.08055434133558,102.998316287994,0.434133783140683
121,131,19.5969335,2.9607809,19.6383902588852,3.04999219179769,113.942180020028,1.02414664101637,100.068852186203,1.1386378231661
72,200,132.681165,2.23228475,132.463575500438,3.04154334764696,192.502957173958,1.00275454847048,107.697015047073,1.78744932800428
127,191,0.00292697668167844,1.23312821,7.01160962122727e-05,3.03789933648186,43.2508442358452,1.03883084400499,102.058318376541,0.423785585769427
138,178,0.00545602799998651,1.528874465,5.84560103056305e-05,3.03461402324099,31.1964769885097,1.01780698139218,101.567506790161,0.307150170112591
119,178,0.00640240387665283,1.6733953665,7.50286831945526e-05,3.02203071254881,3.25799955200106,1.41660388491147,102.926971673965,0.0316535063551777
1,171,0.00695764483277958,1.702398975,5.08161763268874e-19,3.02044045226986,21.2676216033649,1.07756034379583,103.141787528992,0.206197915635182
200,200,0.00456311120741205,0.78915329,0.251387294821564,2.97141648979226,17.9573639085224,1.09876890702078,102.132594585419,0.17582402543885
70,29,3.37009575,3.3173663,3.34124677710481,2.94294320851504,161.631978334865,0.99741845765254,94.5484080314636,1.70951559841259
75,37,3.49593645,3.2739436,3.47865586595358,2.94004023945065,164.889355787734,1.00504379838988,94.3050649166107,1.74846765583097
113,167,2.4337697,2.67203525,2.44240989033783,2.93791167256985,111.022022845553,0.997143468001253,94.7045783996582,1.17229836953641
200,200,0.0852099186665902,0.6691099875,0.53466492705683,2.91020333997104,11.6766751753601,1.07313027137613,105.506613969803,0.110672447309342
175,44,24.545982,3.17144065,24.7585708668258,2.88554987789782,200.47224636854,1.01610722004079,101.084132909775,1.98322170451298
107,133,32.877606,2.79126605,32.8878284838727,2.87818430441369,144.061234307287,1.05165066454901,104.275545835495,1.3815438044751
81,46,14.763257,3.12545055,14.731331958691,2.86581234780883,164.551331514009,1.00036865591098,97.8129386901855,1.68230638724813
110,171,0.00468790179666782,1.558529995,4.31712178901473e-05,2.83318849254226,5.05210573521955,1.27782133904883,102.381441831589,0.049345913134628
200,190,0.000878851818758593,1.386976645,0.0810099133585422,2.81799431241215,43.2210048324709,1.06076791672504,103.646031856537,0.417005881057712
84,163,0.00440806986544899,1.615673065,6.25520491227881e-07,2.81018536972977,49.6490013036297,1.01516614165034,103.238872528076,0.48091382720329
171,184,3.8963556,2.4469799,3.98804236036044,2.80501953165931,119.619500054588,1.01148348150394,94.3499879837036,1.26782740105117
129,179,0.00229149094930402,1.516278375,2.97440309416765e-05,2.79854144812096,14.6083071066084,1.09974161003769,101.967895030975,0.1432637900603
200,200,0.0987226399746003,0.807253422,0.507208100179335,2.76491600646162,14.7389681903505,1.07601006593567,105.023844242096,0.140339256258559
194,171,0.00555805489002126,1.612875535,0.0606204511030594,2.76445604006279,28.4998401695897,1.12072448181734,103.473120689392,0.275432305314741
200,200,0.0136885246444421,0.4612298825,0.423844315362621,2.76113432900456,13.8737387993911,1.08108905338195,103.892666101456,0.133539154590978
200,172,0.00306309067008734,1.72074211,0.151197914805479,2.74201238758369,46.2374353825068,1.01422882988282,103.096738576889,0.448485917408756
92,177,0.00280732219854204,1.6288811765,1.89259380032866e-06,2.73677426296544,47.5581403036795,1.02279404404564,103.482178688049,0.459578073312944
168,188,1.060963045,2.223869,1.1207673954268,2.72629369712551,47.0359850825521,1.00567707239842,94.5840678215027,0.497292896847253
73,188,0.00235481218630607,1.445245175,4.6569164375072e-08,2.72572168057773,50.2841651885581,1.0214139327339,102.48180437088,0.490664323264454
158,172,0.00528212515113114,1.55805182,0.000466067264941576,2.71660541470858,44.9952946237709,1.05226772381141,103.420472383499,0.435071447526573
115,127,0.4411309684,2.246760255,0.531611184562951,2.68849712562454,23.7255345294587,1.04773473684204,103.192938804626,0.229914321699645
21,119,3.40434585,2.60565615,3.31245406094977,2.68129643644241,130.025151397898,1.00032867013245,94.6051359176636,1.37439844186748
185,15,2.3622177,3.07590895,2.44176899320461,2.65410876574844,153.036914818478,1.00402025431918,94.987401008606,1.61112856224599
116,174,16.2247435,2.39127235,16.248463640919,2.6444897738085,158.690850579087,1.01543961297854,99.277902841568,1.59845087413191
185,166,187.75611,2.44299985,188.59989265068,2.63034705451816,158.054732812478,1.0499861781768,108.134244918823,1.46165290127221
142,160,0.00613996747988258,1.88396653,0.0006361147552585,2.6251188170837,40.4917922013238,1.02642512397654,103.326492071152,0.391881998407927
77,120,17.212013,2.5527089,17.1698267314219,2.60796034518691,117.163967313281,1.02912919271967,99.4685015678406,1.17790019419737
99,40,1.4610533,2.8372377,1.46509877668425,2.59905748872033,124.52487489378,1.01524186407239,94.1764860153198,1.32225017265482
64,181,0.00365001438987236,1.262917305,5.64478841221819e-09,2.57968468506655,43.7876704200385,1.04453267952666,103.390727519989,0.423516416513974
90,25,5.1456437,2.845191,5.13190081039844,2.56468026472717,148.190214806846,1.04544113912088,95.3560280799866,1.55407285507468
113,40,30.077578,2.7895425,30.1255468989062,2.55006606608333,153.027811113695,1.04140759027711,102.423264741898,1.49407277242449
88,31,11.618352,2.80719725,11.596362979099,2.54807226785315,167.079970144271,1.00201157528318,97.9208905696869,1.70627502642417
136,66,41.2715795,2.62949275,41.3751039795076,2.51834562814536,83.2944873346727,1.0373692203774,104.550799131393,0.796689150409965
118,152,0.0140121758020458,2.070395525,8.18291587367874e-05,2.51519850550984,32.6448123871723,1.04504500616009,102.868000268936,0.317346621902111
42,157,86.725974,2.28706685,86.3926020375959,2.48532891618102,191.302058185425,1.00799922420294,105.737169265747,1.80922242872447
162,148,5.8272265,2.31379265,5.91235751759515,2.46699654338575,123.93194074986,1.00830559935332,96.0094971656799,1.29083001586807
197,156,0.00165030150828015,1.90873989,0.0219906599978995,2.45649827679616,36.2008015762516,1.02740583105362,101.87749004364,0.355336606356759
76,114,1.1896242,2.39769965,1.17311921104098,2.44519073515294,117.581239695811,1.00936276965906,94.8904905319214,1.23912563879366
200,200,0.0657095014795221,0.8598073115,0.25809484966127,2.44307882523208,1.37356173508086,2.14572514336186,103.127257347107,0.0133190949746459
117,158,0.00311679605109493,1.512769835,2.3133051891259e-05,2.44216691458933,63.0769766113433,1.03995144585103,102.772122859955,0.613755703940229
194,55,5.9892434,2.5593312,6.19323246141222,2.41520749123124,165.995011160904,1.05046097167237,97.4919006824493,1.70265437435242
182,187,0.00108703869633095,1.279100525,0.0024090278543202,2.41117148290776,32.2996799395234,1.08248307487863,102.515296697617,0.315071808598437
60,197,35.988591,2.00135925,35.7951705745044,2.39991837968537,188.546188879215,1.00327906342119,103.667324066162,1.81876199253375
142,69,2.39155655,2.4614678,2.43160070175363,2.36165526336207,131.986779640288,1.02455084266595,93.9705696105957,1.40455442791533
73,167,0.0021327190761469,1.522685265,3.36114036351591e-11,2.35910491550709,50.4223864813871,1.05312700864224,102.295451164246,0.492909370920403
130,148,0.00824159709376748,1.9800141,0.00071870046967221,2.35549059355663,48.9309355282096,1.02001654521365,101.632513284683,0.481449626175719
152,165,0.00177608467840405,1.482974525,2.51081746759632e-06,2.35402412418431,40.5587506247311,1.01134578441007,102.398482322693,0.396087419508001
98,178,56.433978,2.0853843,56.4502512618353,2.35171586243435,196.314680917845,1.00232448122005,104.440731287003,1.87967547238226
153,164,0.000840987139669002,1.55033185,4.86325480053761e-05,2.34125178609722,21.6792948342315,1.07127542023944,102.590752840042,0.21131821566836
193,151,0.00597298186895931,1.782450735,0.0685586401177169,2.33043445043202,36.3703436920636,1.00402859026883,102.771095991135,0.353896621820604
161,156,0.00354949178837335,1.71052534,0.000797215417394505,2.30606182236212,39.8154003414034,1.01533632254182,101.513615608215,0.39221734052965
192,161,0.0022425844014837,1.618254955,0.0181039764860485,2.30414774745373,27.4198433742309,1.25459254763844,101.991639614105,0.268844029549641
183,185,0.0206120095977819,1.113192185,0.0806388261703136,2.28689041239023,12.2469175671291,1.06788477164113,101.696544647217,0.120426093232699
116,154,0.00371571083308256,1.80775637,6.85394172904287e-06,2.28636589212865,30.0170005694465,1.11359025040772,102.322314977646,0.293357324607093
119,179,0.00251022951403332,1.225061915,1.25606848405518e-07,2.28417272174371,28.3921969001698,1.0157185970812,102.153203487396,0.277937410975788
190,165,0.00243790798763914,1.498439545,0.0121264281126826,2.26760996047566,45.132351081851,1.03819076083525,101.222882032394,0.445871034055395
31,154,0.00457428667916853,1.658551805,1.02968590374561e-09,2.25680125551563,33.9171630825901,1.06163923395489,102.512373685837,0.330859211069816
177,139,0.0103405863583888,1.8382973,0.00939247260909194,2.25373130295992,31.8478325097202,1.00748023396933,101.829955816269,0.312755045943289
186,47,62.6488245,2.40994885,63.1423927480779,2.24493404070478,186.560813480444,1.00518354181554,104.103366851807,1.79207281303416
73,41,6.31343325,2.42457685,6.27846711807635,2.22632010274104,223.238273770826,1.00714745564811,95.9742364883423,2.3260229196816
91,152,0.00373104020080821,1.709769825,9.67387908644644e-07,2.22018667820062,33.3531135978386,1.10342582518092,101.792949914932,0.327656420466365
60,163,0.00368816175426475,1.472060655,3.11336149652061e-08,2.21903667532243,63.3367748549678,1.04197459715488,102.370701789856,0.618700211560374
19,136,27.1069445,2.1152665,26.782025556595,2.21349119144574,172.127310996692,1.00192713000354,101.656876325607,1.69321857230167
32,157,8.26316735,2.0225751,8.11858745418157,2.19534102041344,170.303401009397,1.06402786149843,97.3517069816589,1.7493622483834
169,54,5.2248613,2.29594325,5.32589111352474,2.15747187107805,129.387077183281,1.02180778092882,95.9504730701447,1.34847774110184
133,147,0.00235505569578833,1.55511324,9.95172052696988e-05,2.15235531326165,36.3074182360108,1.06459515247206,101.304901123047,0.358397450009957
148,127,25.7489505,2.0878397,25.8996073829448,2.15208862256426,172.040674599414,1.04125152023834,101.390717029572,1.69680893517339
47,181,7.3365486,1.88982905,7.22797790974022,2.14037182464152,123.522275440023,1.00787656057949,97.0477051734924,1.27279954965655
200,200,0.0058557029655869,0.606830635,0.112770482439523,2.13311756604062,3.94019733843981,1.28043378570963,101.568112134933,0.0387936455213941
136,143,0.00462077498122382,1.74178881,4.49819947614925e-05,2.12277403008523,35.74424783329,1.11107761372172,101.836351633072,0.350996940287891
170,182,22.5807775,1.85439875,22.8367136688823,2.11420420636221,134.35923898981,1.01960778363015,100.73960185051,1.33372811210024
165,144,0.0112411461724086,1.7120438,0.0118513761660013,2.11259582608549,43.829287605246,1.01720669226403,101.617396354675,0.431316774268341
30,91,17.3865245,2.1340861,17.1934028668897,2.10685849949517,132.471310853936,1.00004910849153,100.204318523407,1.32201199315568
165,150,0.00300848122806502,1.55638083,0.000465449221408185,2.10514906188151,49.032640169027,1.03016757927056,101.285201787949,0.484104679691334
59,121,3.9875416,2.04224125,3.93811506538444,2.10400616789472,159.231949640299,0.997398960870451,95.0340614318848,1.67552504061323
188,160,0.00124056745965644,1.422548005,0.00230027206427709,2.10001721144136,44.0354064427315,1.03744723724312,101.115782499313,0.435494888674086
169,147,0.0028912447889741,1.57147538,0.00515858992877288,2.08336206297657,28.514282705958,1.04673499332921,101.576204776764,0.280718134415678
10,141,30.5275035,1.98520925,30.1252665694043,2.07774466477159,154.12321652326,1.00929906474763,101.983088254929,1.51126249616991
64,15,10.574192,2.41383715,10.5061161051219,2.06482275379884,147.596172018425,0.999425591168902,97.7707922458649,1.50961415600749
102,125,0.778662775,1.957678145,0.793450146446281,2.05960755970293,33.1833528313057,1.01387893956978,96.9818563461304,0.342160421356275
180,69,4.28108195,2.12532585,4.44061021819475,2.04422139163667,103.29092569386,1.03769500124195,96.0587615966797,1.07528895831018
33,40,1.6781851,2.2454743,1.61390743098555,2.03300756697726,121.254762655275,1.04967776469019,94.5172097682953,1.28288555018209
51,177,5.1197742,1.7582232,5.03903828717585,2.02055078973799,135.150611603328,1.01080017149902,95.6020300388336,1.41367930731628
52,22,1.69106365,2.3211889,1.64850717245914,2.01789104855804,114.3293650341,1.01209148596938,94.1901137828827,1.21381491583756
177,152,0.2590930088,1.40716662,0.499429646412747,2.01426226004727,16.6140929357188,1.22576767230281,106.446550607681,0.156079204453995
32,25,59.155768,2.31201485,58.8197109622409,2.01096396943227,205.890494712625,1.02948139169671,109.337754487991,1.88306862233244
154,146,0.00386414974678875,1.58180061,0.000822212210374061,1.99601052535131,38.6307651504189,1.1181544700859,102.853899240494,0.375588727658172
189,194,1.145647,1.534501345,1.2595238881013,1.98817873799463,89.8595292163894,0.996313707209136,94.6992340087891,0.948893939396062
43,155,0.0131881771178904,1.532446445,4.86476840892594e-08,1.97285735921087,32.1014999876278,1.05889384203331,103.312469005585,0.310722416147972
29,23,5.60487255,2.2080631,5.48118609835934,1.96377852653453,145.134864345211,0.999299549938725,95.8662369251251,1.51393096256158
192,146,0.00743980069452675,1.66595955,0.0549308382354311,1.96122895546819,14.3918866368537,1.08913083502382,104.447637557983,0.137790446709377
181,158,0.00149829920727921,1.440965985,0.000601915268445331,1.95909114717491,38.3616293255425,1.00273713649528,103.405533075333,0.370982366075086
2,133,0.00729810922012139,1.87748252,7.54531460245447e-20,1.95823844883186,19.575071840842,1.17031219545888,102.032185792923,0.191851930728703
177,155,1.41204575,1.75131385,1.50532745639241,1.95532169313839,45.4708590123826,1.05111758596673,94.5554625988007,0.480890873595698
13,95,31.3901195,1.9563689,31.0031638047859,1.9383632008921,146.455099101613,1.01881621827001,104.820775270462,1.39719534342047
16,41,0.34129096058,2.178674405,0.242847578218198,1.92580573702124,3.75923718500572,1.24697163955952,106.729547977448,0.0352220847576349
88,141,19.7059675,1.84541045,19.6717941929795,1.9249939730487,160.363730243772,1.00133731786372,101.98109292984,1.57248491496456
125,10,1.8601794,2.29472575,1.88152457989335,1.91269866264282,123.594619399932,1.00315457260977,94.772810459137,1.30411474347089
199,200,0.0487838597826945,0.6574662295,0.276014063062315,1.89572685445236,11.8722018617493,1.12223171498327,107.501599550247,0.110437443827988
196,196,0.141396213003289,0.97534659,0.339767469738964,1.89212932102379,11.8660002718649,0.997387991862028,106.641475200653,0.111270031191319
141,128,0.00616758092414448,1.62931744,0.000623396725924337,1.88735751794335,32.9675892323297,1.03564828274292,104.874784231186,0.314351914752511
69,66,78.483731,1.9864354,78.3426077343592,1.8851772076742,147.284221053684,1.00477394365152,110.184378862381,1.33670691412292
127,144,0.00209276558074989,1.552672845,0.000143096096214211,1.87882498358432,49.1115991908061,1.01324721390361,103.060120105743,0.476533494628337
140,139,0.00153355004157704,1.50281736,5.43164225479527e-05,1.8699928650882,50.1086256840899,1.08583928077757,105.939721107483,0.472991859524072
196,200,0.102694260677342,0.8199382845,0.326919821718894,1.86972681759523,2.24641315269487,1.62279459438513,105.263821601868,0.021340790392271
200,200,0.0143241917281985,0.681611145,0.123716885535155,1.86055575336756,20.0787016935324,1.01956184040111,103.69497179985,0.193632355986246
132,134,134.30311,1.78935905,134.523468245982,1.86016343167906,278.994870973853,1.05664670500449,111.057831764221,2.5121584542202
154,152,0.00443334811886394,1.37466004,0.00028147909145746,1.84789497095876,38.7934577828197,0.999789691528379,105.876643657684,0.366402413626229
171,157,0.00590583005794662,1.341960095,0.00340827826234222,1.83985754710757,35.2718590931438,1.02871843282202,102.309187889099,0.344757492664077
181,133,0.96377024,1.715078515,1.0739088890579,1.83724377914934,61.9903996567315,1.00016316817433,96.0403027534485,0.645462351528308
181,133,0.00238089548315824,1.590219395,0.00647119149613451,1.83384905839595,41.8700501322305,1.08867259031673,104.020317792892,0.402517998604802
58,74,0.5398168705,2.108625285,0.494718504616294,1.83332527340995,18.4533549732607,1.10534544904816,102.26858830452,0.180440106578113
200,147,0.00130882842060926,1.40877158,0.0460336258116896,1.82937787279387,68.7085394663527,1.00103393162485,102.950245141983,0.667395588729234
60,66,1.52439905,1.91123725,1.49474612087236,1.80933856176954,89.434816921177,1.01419554842654,95.9418025016785,0.932177784752506
193,159,0.00327412713948611,1.27453992,0.050743878303074,1.80745739593515,30.7122483941063,1.06293337309027,104.794056415558,0.293072426477297
165,162,0.20160791034515,1.15741474,0.381910389401481,1.80271257976343,30.2243079615287,1.05983930193001,107.731063842773,0.280553323093877
68,67,11.2409535,1.88340575,11.175652164898,1.79760182011062,149.343830178928,0.998265061967553,97.9107563495636,1.52530565330061
200,200,0.032406862624605,0.42902383,0.393821441104808,1.78323312721212,36.544081166286,1.01037716930828,108.089266061783,0.338091676424167
52,135,0.00284510928191532,1.537124895,5.8559345345624e-09,1.78212328071568,29.2043386801911,0.996223620261857,102.525929450989,0.284848319216183
181,176,0.0226352680528443,0.98245474,0.0835010707513499,1.78082634473731,39.0558671829575,1.0196479895364,105.088563919067,0.371647168126075
134,137,44.273472,1.6953395,44.4596475489979,1.78020349068504,135.960943994797,0.998965630911059,108.486876726151,1.25324784063973
181,145,0.0103249906797824,1.477680605,0.0104704280193429,1.77468272345781,22.6227753745598,1.0623339463317,102.861751794815,0.219933794435923
171,176,0.0316752575501925,0.89399682,0.0790502124775911,1.77110174341781,19.5475156799505,1.09368971755354,104.961060285568,0.186235882400268
99,137,0.00471739521647621,1.40497765,7.19250969083617e-08,1.76880636904697,31.1252152568859,1.04857360987109,103.249265670776,0.301457013322813
6,128,0.00607337564054364,1.625072065,2.0767658036338e-15,1.76780155977401,33.0334661422311,1.06336650135256,102.81365942955,0.321294527648501
24,45,2.905654,1.91897075,2.81229184135253,1.75331422062712,136.815982190127,1.01768872051099,95.5935654640198,1.43122585213774
200,200,0.0119071765407234,0.613540415,0.100676581560381,1.75221931167348,8.19098032721628,1.09494596825789,106.059084892273,0.0772303507571848
10,139,0.00777038098796532,1.65405834,1.49960506494228e-16,1.75068913523516,28.2039618130235,1.18115380704002,105.51805973053,0.267290375553249
50,154,0.00186024483600355,1.428018605,1.17128618228179e-10,1.74434638496308,38.7728736515426,1.05730146748672,102.647125720978,0.377729755014647
198,200,0.0833742871831816,0.5652980495,0.396905390184394,1.74188378489528,14.51785955023,1.03858761351399,108.490540027618,0.133816824458005
195,189,0.0126700595545591,0.8520904,0.0778257396497865,1.7398835114223,29.2519014825537,1.01114867101861,102.50588965416,0.285368007450553
152,21,10.807837,2.006191,10.941308557738,1.73593326482611,177.078717728124,0.997068852838362,98.5919721126556,1.79607643435497
121,144,0.00301575648477505,1.71802472,4.21171540084407e-05,1.73493748483395,46.1742458546181,1.05430182404609,102.432939767838,0.450775365417328
181,127,0.00384957879062725,1.750649205,0.00608375976426414,1.7336742757393,46.0608932481413,1.02499391855152,105.31587600708,0.437359446595162
131,113,0.00595018389727044,1.856119195,0.000214855758076114,1.72439213428926,28.9482945240387,1.04398540869583,103.599046945572,0.279426262861736
135,71,133.75863,1.80533445,134.009684915772,1.72399649527327,126.866897228757,1.00584973083507,110.409320831299,1.14905966519444
36,141,0.000745974554953717,1.38912006,1.29675365452476e-12,1.71999138541926,63.5108266513875,1.01429290603824,105.606418848038,0.601391727360592
11,184,90.950199,1.5007032,90.0033180942904,1.71564247650136,148.936952172134,1.01070688935392,109.792601585388,1.3565299484802
58,159,159.66323,1.5720571,159.253391524938,1.71496511799676,123.919320364292,1.0165697368726,110.610349655151,1.12032301453376
82,160,13.956422,1.5729688,13.8896665887796,1.7133701028833,174.387707802956,1.01302091206365,100.174741983414,1.74083510823347
198,145,0.00148574031700978,1.3557836955,0.0197011272040016,1.71098314116214,32.8602004115873,1.01211672684389,105.026458740234,0.312875448774881
78,81,0.95361163,1.7759249,0.939910824971833,1.69537448150354,81.8758450059844,1.01133337296738,96.4391100406647,0.848990051561659
110,164,0.92673149,1.474010785,0.944273669447969,1.6945372198462,59.5916536725356,1.02769238366556,97.8297233581543,0.609136483544687
78,86,0.00608227153255598,1.92218307,9.70577955316116e-07,1.6769059811747,39.0916612129811,1.13112993459515,104.274992465973,0.374890089066538
0,113,0.00638752505570923,2.087103385,1.99665504117938e-22,1.66806171653714,36.3669746322044,1.02004960678452,105.197156667709,0.345703018828525
21,37,15.1809605,1.82757165,14.9464569286772,1.66752021706708,168.573145709822,1.00655081496427,100.26348233223,1.68130152462931
181,122,0.00264723104472839,1.677266635,0.00971588976980153,1.66195067974209,37.0226963461662,1.02002496082418,103.864902019501,0.356450500855575
36,11,19.0817045,1.9414471,18.8718851468591,1.65841050252969,139.521029668185,1.0151405011954,102.220561265945,1.36490181564544
9,188,1.3979027,1.36083594,1.24763280434158,1.65707746460769,87.6037897254181,1.00639891124616,96.5518305301666,0.907323965215213
155,136,0.00371940376001582,1.43847474,0.000405459279365269,1.65267025524773,38.9131835437533,1.00330905355696,104.732393264771,0.371548690245034
200,200,0.11899082815954,0.7045144975,0.371290689037426,1.63398549427857,9.09223534372274,1.02534373697245,107.566926956177,0.0845263093499637
121,128,0.0026575509113193,1.605809845,6.68237635203004e-06,1.60228491345858,47.8027520789911,1.02094024464761,102.621055603027,0.465818167607905
200,200,0.0223316707236259,0.54892937,0.219242983466451,1.59626028937484,21.7910326093403,1.03056296945501,106.385716915131,0.204830434396791
167,161,0.0821828368087076,1.058931225,0.172154345788171,1.58724224329809,29.9632135447597,1.04278500221031,108.033035755157,0.277352324086007
33,137,4.0079535,1.5104318,3.8889399453299,1.58223037196772,143.794203691363,1.01881575177965,97.5350713729858,1.4742820368837
173,182,0.0341010490031323,0.689357365,0.10516836999648,1.58026533466314,22.000499981541,1.05187667761731,106.028359413147,0.207496372699822
178,132,0.00451422979429987,1.51541676,0.0073802802799633,1.57655315902785,54.4981652608374,1.01830639766424,104.749792098999,0.520269913369672
106,112,0.00140901039520858,1.56411361,3.52953036322865e-06,1.56627868278739,44.4472418769789,1.02380587952993,105.755823373795,0.420281743917589
149,132,0.00483322103175083,1.4312479,0.000225336410719589,1.56469900898595,25.7824865346032,1.17832228828842,104.760901451111,0.246107910274476
200,200,0.0237458696056752,0.382690214,0.35585442377665,1.5624014616472,31.157112706001,0.998930710385593,107.149480104446,0.290781744117003
145,48,14.9556585,1.6816623,15.0622615283294,1.56068479178839,153.772539363405,1.00725916582395,101.124150753021,1.52063120647578
137,31,96.6605175,1.7249809,96.8199650997871,1.55941330415719,238.595576844006,1.01745366252678,109.078847885132,2.18736795877479
146,127,1.573565,1.48866525,1.63817340532819,1.55906499801689,74.0481551817479,1.01955170497028,96.8992800712585,0.764176525638723
179,153,0.00441256770299311,1.2962906,0.00300751852068449,1.55545969957955,50.3852464925571,1.03131712847122,105.332243919373,0.478345895024556
112,155,2.1472185,1.412468255,2.17047763816384,1.54664042840833,54.3659933170981,1.02249175176284,97.7481110095978,0.556184592782156
2,49,2.7328198,1.6654507,2.47886433564438,1.5376443194606,135.041221215707,1.00345208163044,97.0506806373596,1.39145053212252
185,187,0.0433140344459772,0.547163984,0.172196457857311,1.534957238194,1.83936522999819,1.58455693615491,107.686727523804,0.0170807050440976
87,133,6.72398105,1.47192265,6.71018317709749,1.53054224632143,155.775511218963,1.03805332837207,98.7170805931091,1.57799957497767
186,83,11.41413,1.57844915,11.7189073226003,1.52573337588299,169.187256050202,1.0376099994579,100.244678020477,1.68774302427947
49,136,6.45576425,1.474238,6.36351586541103,1.52497752590256,116.809900078838,1.01861247021276,98.9141936302185,1.18092152189524
82,95,314.48013,1.52576165,314.204265131125,1.5223387819062,183.865790015972,1.010363501392,182.937594413757,1.00507383736617
147,122,0.0024752966564346,1.40681709,0.000516845364880428,1.521421381475,39.0326521217867,1.14780309611998,105.788186788559,0.368969856717575
127,170,45.500418,1.380503245,45.6215025293795,1.51585663031871,125.517965089535,1.01291778921414,107.594794511795,1.16658027610969
109,150,6.74190005,1.422239275,6.75630572779234,1.51037536982826,132.980407231344,1.00675360400637,98.1400346755981,1.35500672758992
111,84,0.00776317328502902,1.89565926,0.000281621511870008,1.50978927425241,25.524828759711,1.1374391169466,105.128425836563,0.242796641884402
174,125,0.0026918603176883,1.417151705,0.00178621518992755,1.50890975079474,41.6866963737215,1.00794352390201,104.253796339035,0.399857826166404
200,200,0.0490521637251824,0.439733177,0.396944494863533,1.50801013467206,2.67454821639029,1.34857639234138,106.294167280197,0.0251617589640647
154,153,8.95446495,1.41585846,9.08828563609614,1.50768493470513,175.245973443867,1.00342591467713,100.166961193085,1.74953868377876
125,14,8.9905162,1.77135735,9.04732262918615,1.50510519075852,131.37556469249,1.00384903297321,99.2888841629028,1.32316488195136
84,102,0.00450670139121528,1.61244844,1.73260665001344e-06,1.50172504343447,50.2645090550531,0.996787104946203,106.012214422226,0.474138846443292
127,117,0.4205427145,1.476781225,0.476778113692094,1.50024996606232,2.63595551153951,1.35503096548094,105.232258319855,0.025048930371973
168,52,14.012394,1.6037067,14.2029732804232,1.49955086659147,114.470565306394,1.00396449422652,100.937213420868,1.13407693185562
126,130,0.00356342419250628,1.446817315,5.02659242060036e-05,1.49639668201039,36.0179034205281,1.00877298772395,104.973359107971,0.343114707641979
11,130,0.0125886838983434,1.5342099,1.22475755510794e-18,1.49588568427496,37.6284926397781,1.0413062792399,103.836461305618,0.362382270800114
165,127,0.0016192338740816,1.407465075,0.0003259515591211,1.48909976939448,34.5165362378371,1.31080899777065,104.267068624496,0.33103967238346
156,141,0.048125732231838,1.330221025,0.0480814361977533,1.48859545226412,9.77848702910644,1.20411073298965,103.870891094208,0.0941407831019535
134,133,0.00339661174977758,1.3898932,2.91696968897793e-05,1.48362045464439,44.6183483305303,1.00941847378334,104.514350652695,0.426911214124066
188,16,145.46014,1.69647635,146.410378011588,1.48233149345409,169.682616027448,1.00717316477654,108.940716266632,1.55756838987684
115,107,0.2799427823994,1.4230022,0.36078192882721,1.48191000095446,10.5294122542512,1.1484378086598,106.401220798492,0.0989595060586032
189,191,0.0345682543407161,0.58639405,0.189074615864756,1.46603100530429,26.9714582622295,1.06915396186201,106.445910215378,0.253381818123934
151,103,0.00595406534783548,1.67181025,0.00115411180296359,1.46306935387924,39.761121762121,1.05452144131933,103.932647228241,0.382566237101646
107,109,0.24502319029,1.237871115,0.319674168312386,1.45671505618965,7.33913035294062,1.13136735011228,106.786786079407,0.0687269522980421
65,116,0.00155636294089594,1.495260835,1.11986712316411e-09,1.45189747896081,11.2512737345411,1.14172377858027,105.069939374924,0.107083660669041
29,27,20.273668,1.5928771,20.0478593667141,1.44258929182649,197.075570421953,1.01769322329327,102.908121109009,1.91506334289395
198,200,0.0164329017453301,0.4339166305,0.160975735680953,1.43772445159958,10.1614662737052,1.17360557864845,106.299776315689,0.095592546154826
32,0,8.6300536,2.03708425,8.50483083968751,1.43282942664373,173.740390757647,1.01282544226844,100.280958175659,1.73253620546097
67,112,0.00327345937004012,1.51977967,6.39152756407996e-11,1.43161489888916,40.1891278059606,1.02623939125515,105.54664349556,0.380771254063151
15,110,0.00246450943212144,1.772380385,2.22712590551767e-14,1.41369335505235,28.7802345233993,1.07156843325135,105.084775447845,0.273876347936654
19,106,0.00318615533787482,1.474730135,4.67827360655342e-13,1.41040015452937,26.9180935401788,1.11625360923046,105.390497207642,0.255412909639703
147,134,0.00141595066260146,1.37795433,0.00018312374990142,1.40109003735952,12.2531366379185,1.15008071124538,103.99925661087,0.117819463688722
123,111,0.00136427827132714,1.522524135,1.2294067905415e-05,1.3977944528584,26.2502974044773,1.03342607222571,105.45792222023,0.248917263414865
145,139,0.0231505593870991,1.15754893,0.0342247105366287,1.39017471873297,1.66302509265127,1.69302219915491,102.889278411865,0.0161632496438957
162,50,35.1427545,1.48857075,35.4267071592487,1.3868809490461,145.67252348054,1.00295023355384,105.556536912918,1.38004265525229
162,174,0.0841720495701316,0.9098779555,0.158912901900959,1.37801766084605,3.03621144439461,1.3295048340492,105.441478729248,0.028795228225042
36,77,0.00809313947016253,1.996462345,1.46105561801664e-07,1.3777058946933,34.1213282005961,1.01688677749528,104.490901231766,0.326548319503086
42,129,0.0054753532129247,1.33462752,4.13954903057735e-11,1.37113696682173,42.481708962451,1.02267665912172,104.08707857132,0.408136240785573
26,192,12.2381535,1.158026405,11.9301698649174,1.37075054448536,151.137497378139,0.996143905629037,100.709446907043,1.50072810465975
200,200,0.0109862883216295,0.269859644,0.338464855657051,1.37045577318389,10.4820508763253,1.10203551007288,106.105888366699,0.0987885878689367
200,200,0.00740558773350936,0.3184357195,0.236752179298097,1.36991629996016,4.67555610638846,1.20174452233686,105.966907501221,0.0441227947162146
173,102,0.0074425731555529,1.601323855,0.00719569870102396,1.36066644898383,12.0310001278667,1.16107385819183,104.919151067734,0.114669247753441
99,81,0.70862814,1.41275844,0.746319429821215,1.36009294214381,68.2695800284346,1.01803704923553,99.8309891223907,0.683851583847752
182,101,0.00363017310812505,1.567372895,0.00887659771899467,1.3587015872582,46.3337997414436,1.01929072746864,103.99197101593,0.445551702586211
171,184,0.0125396643762045,0.704294965,0.0291363192647586,1.35676264446523,27.7148530782515,1.00088776099765,104.28902554512,0.265750427078837
54,40,2.10864215,1.48617741,2.05476381353854,1.35167000537198,83.3754621506153,1.02042314549247,97.8358180522919,0.852197730958331
19,104,0.00201820909990493,1.433068445,4.27624561292843e-14,1.34754951511674,51.6682520029357,1.02658524794841,103.866173744202,0.497450229852335
96,136,53.2033605,1.28405933,53.1547371590052,1.34028496654209,212.645817432377,1.00247470308299,106.135702133179,2.00352768350795
200,200,0.0215024475425607,0.679170655,0.119075107982896,1.33949741743987,16.0579083260276,1.01030210546655,104.345897674561,0.15389113212778
144,145,0.66257308,1.164794005,0.752905333478588,1.33795067532721,40.788412543816,1.01349941389421,100.193970918655,0.407094480534472
56,70,0.0115962738789023,2.29337064,1.03094854423303e-07,1.3344854985133,16.6047054474827,1.09708503801577,104.449658632278,0.158973285934238
94,99,0.00165394874233388,1.572311225,8.76933226042491e-07,1.33446634597155,19.3216883041065,1.16309040835596,103.696254491806,0.186329664449291
141,157,0.00861139336702918,0.863240228,0.00664690560606851,1.32734906793902,13.6710552869091,1.20578057762503,102.645620346069,0.133186932290118
154,88,0.00615340317726286,1.58454246,0.00131244993524052,1.32470513282776,27.8862261027543,1.01228700765458,103.801815271378,0.268648732489399
164,22,2.53215,1.5200646,2.61626040765813,1.32066277440642,149.225008668477,1.02439000293765,97.1904585361481,1.53538743325277
95,102,0.428600832,1.326957795,0.442888321993073,1.31797739532433,34.4108173970022,1.07905900948888,103.586848020554,0.332192918836322
166,175,0.0201340728933641,0.681623985,0.0401102790623188,1.3171556862752,19.7614345668656,1.03214575795187,104.158103466034,0.189725368543311
125,107,0.00359515823838137,1.59395924,3.16794135876437e-06,1.31583940547342,43.0648615918905,1.03719217664151,103.486332178116,0.416140573208927
196,49,9.3093421,1.3945534,9.73471913467645,1.30580855106176,248.555161011875,1.00445821741116,99.2696237564087,2.50383905575978
48,85,0.00330947858331172,1.618292464,6.23622373501478e-10,1.30061620713619,34.9466455209089,1.09521462390537,103.596333742142,0.337334771015097
126,100,9.08557895,1.30415405,9.15235835002219,1.30058134008186,133.064103823808,1.01971103724588,100.511247634888,1.32387277001247
196,173,1.8836842,1.14697533,2.11697457608817,1.29774296925329,64.6792548231406,1.0143174144606,97.5566320419312,0.662991879376695
166,98,0.00270307170725058,1.62499117,0.00239447794742171,1.29748046191203,23.7120797741573,1.06585843609394,103.62659907341,0.228822329268564
106,130,0.00137490728695294,1.14716315,1.0393630928542e-05,1.2940631228507,45.0454886623918,1.03422108097471,112.90514087677,0.398967560844342
9,118,0.00607616253236067,1.368569055,3.09526419080358e-17,1.28831307497855,40.8369331662454,1.02305047106126,114.675529241562,0.3561085214634
123,152,0.00899815435829794,0.835026935,0.00119321991059584,1.28652643975178,21.1457752758666,1.03955579161271,109.633035421371,0.192877768955256
33,99,0.00397378748111474,1.432136645,3.86424981591266e-12,1.28108809742261,43.3640019738526,1.05830507490094,111.974954605103,0.387265189137898
200,200,0.0383884862941804,0.445098015,0.307441092598547,1.28069739313344,19.0738535748845,1.0683854683091,116.631993770599,0.163538776610476
38,90,0.00588268928713499,1.786641225,5.33239466410846e-08,1.26723985199495,30.288255473502,1.00206636685864,112.256375312805,0.269813232336275
59,134,30.3660945,1.20258231,30.1660987797545,1.26222794785213,135.311070761802,1.01361773385726,113.870801210403,1.18828592864454
110,83,19.6875345,1.282921,19.7135040649762,1.24929527599846,180.268304768145,0.997547465193935,110.520675420761,1.6310821851373
157,140,0.3212651748131,0.9496871595,0.494381360479722,1.24845627692492,24.5310569843343,1.00341307316501,115.558736801147,0.212282149003993
151,88,0.0029962670514221,1.67261821,9.302266916006e-05,1.24049594430939,32.44359090638,1.03396084910356,111.72304558754,0.290393004735617
85,114,0.00235343372883841,1.426728845,2.95801455697904e-07,1.23870524461807,18.125305922435,1.07151133101156,113.315875768661,0.159953808762318
176,90,0.00514082961952927,1.84609046,0.00362393537164827,1.2377416792362,31.6470686207072,1.03085801953378,113.025584697723,0.279999158644871
187,113,0.00155254422878423,1.2666441,0.00200887089427917,1.23751845460094,33.2815986862182,1.07503959447552,112.931938648224,0.294704926565446
79,80,0.39328259655,1.5366846,0.350202810042319,1.23734445675178,9.23897728316717,1.02861871183516,115.321314096451,0.0801150884860712
166,95,0.00409069477036001,1.732369365,0.000156299758251668,1.2369657882717,35.5367284434239,1.02413582227574,111.402629137039,0.318993624465624
36,33,0.2101502552745,2.389403585,0.0657599260834814,1.23648138422255,2.79506301880585,1.3752051432655,114.24903011322,0.024464654238517
162,171,0.0811144587840545,0.715548965,0.179344055419782,1.23093022279911,16.5218969631372,1.00729713345999,117.513349294662,0.140595915802798
71,69,0.00477324116175681,1.74191847,3.11442536131358e-06,1.22234811072123,37.9077988794217,1.04601996813935,115.979319572449,0.326849640256269
41,41,0.0602872574892606,1.61942263,0.0123078451416672,1.21409688121959,7.65392179885729,1.79334629269866,111.018774747849,0.0689425893614956
200,111,16.74833,1.1954457,17.6621988721937,1.2111869579829,170.325057815776,1.00400197212608,109.100183725357,1.56118030235901
152,155,22.33167,1.127866095,22.5617177096411,1.20915268608383,129.036662913173,1.03010254695606,113.657244205475,1.13531402081062
7,148,24.4824975,1.13476714,23.864624426052,1.19851685861221,122.879750377663,1.00644351963426,112.602179527283,1.0912732852377
62,85,0.00406608669818767,1.636203315,5.76771926329434e-07,1.18901576420867,37.5646106861209,1.02191740685232,112.609926223755,0.333581700528605
154,173,20.5319135,1.075864945,20.7535390481446,1.18298768702411,124.588395671258,0.998893211254631,111.524235010147,1.11714189888792
156,161,161.40032,1.07888172,162.101893901468,1.1791867981127,155.878524289622,1.01779456558396,120.685244083405,1.29161212270404
45,54,9.90338885,1.261946305,9.725944371648,1.17885622329929,150.428123957161,0.997683167900172,107.543586015701,1.39876425485011
151,155,0.4830440945,0.926766925,0.625335412718546,1.17591745197612,22.4524615509452,1.01688543955892,110.285316944122,0.203585229412916
101,103,0.0214530640717754,1.2340245,0.00604849111086842,1.16381806493712,16.97811006048,1.27609023253058,110.989696502686,0.152970145837539
104,90,4.80501895,1.18476179,4.81497476175581,1.16236385567819,66.0186008710867,1.0285475308079,104.431379318237,0.6321720665003
181,200,0.064345770053645,0.564426485,0.192620654238391,1.15986585865644,2.21336083863838,1.46994348605314,117.538442373276,0.0188309526138626
151,89,0.3519279022,1.080488055,0.462180477511322,1.15727284451512,2.79928006812945,1.29198510311031,114.576518058777,0.024431533751911
176,26,21.022107,1.28612955,21.3541935728155,1.15624921954855,125.724089291412,1.01700110201346,112.710790395737,1.11545743624
183,106,51.755328,1.1553763,52.3282660782725,1.15313074234566,142.658199650869,1.00943354165048,119.134336709976,1.197456615704
146,134,0.0286300386742326,0.93287599,0.0281508953705257,1.14504794755497,2.71605020971351,1.3298400163583,113.132069349289,0.0240077833397341
157,199,7.68040275,0.94368776,7.83709388300973,1.14455591009101,163.503182453116,0.997905775187524,107.866754055023,1.51578847333918
86,79,0.00501770075503924,1.88675455,3.32991053600682e-06,1.13341142550267,21.6722451403745,1.12073298087594,116.653652429581,0.18578282538952
116,66,0.004918613508812,1.90596597,7.15653798897162e-05,1.13333932071157,38.3745438521584,1.0396978318837,112.052429437637,0.342469538989476
121,91,0.00474131133372713,1.503058185,6.12180738947204e-05,1.13241738908648,24.5820377112053,1.02036555621263,112.721172571182,0.218078264717146
114,101,0.0754140713398585,1.154512285,0.0551317380930168,1.13107998469959,1.80494740982588,1.66858988259332,115.160875558853,0.0156732692510961
157,171,0.00667388877069915,0.637872643,0.00756064609954239,1.12961757691914,21.8127928772014,1.06032228060158,114.657239675522,0.190243485181845
22,95,0.00217629694869919,1.357506205,5.08270330449228e-13,1.12300794615691,39.6797230108388,1.06580119283573,114.360052585602,0.346971884969512
174,106,0.00309356855755743,1.432529545,0.00285422006801385,1.12271153368485,19.6906517735902,1.02786217052065,115.395812511444,0.17063575657598
111,118,0.0243135050558421,0.96889379,0.00970733058343054,1.11924566206118,2.08201919693877,1.51087254475755,112.872484922409,0.0184457638047926
200,200,0.0343532407309046,0.4818893335,0.186001962862543,1.11800269629065,5.21403626132558,1.16876456404628,116.786895751953,0.0446457303942714
72,152,41.9066305,1.05020935,41.7666284151664,1.11564723008208,149.110136560976,1.00995378419589,118.030220270157,1.26332168337635
120,149,0.602612195,0.889434265,0.666522989423025,1.11074442569676,34.0507872320512,1.04390904295426,109.184506893158,0.311864642713196
176,185,0.301851188335,0.62587147,0.573883096728688,1.10919184674435,40.1689066720501,1.0194148174414,116.715757846832,0.344160098114295
176,179,0.00544215678688931,0.70321198,0.00528532897899118,1.10401451953416,39.9130896177194,1.00365742733684,112.638725757599,0.354346068363853
189,185,0.062756184889,0.650532235,0.179969384143107,1.09833260303462,14.4438910635831,1.15433233372585,117.226511716843,0.12321351929734
23,66,0.00360604517455785,1.71468931,3.21493176630895e-14,1.09417315484444,37.0812721832366,1.03626916561493,113.079298734665,0.327922728546859
121,92,0.00311339853630715,1.480185535,7.53546240827426e-05,1.09305961148932,56.7244465857042,1.01158813076197,115.273225307465,0.49208692161085
71,86,0.00879637408233531,1.706071505,2.81707498670942e-07,1.0876908899074,39.2294360842369,1.01926697630839,114.478142976761,0.342680576956952
196,91,0.000603650667549271,1.3090173,0.0113982579599489,1.0827379220104,42.739362015557,1.06952757551415,113.636256456375,0.376106740474723
166,75,0.00244888546158536,1.61109825,0.000402456687331667,1.08011546473861,49.415186156199,1.0384651390378,116.212902784348,0.42521256222209
152,79,0.00238671989581628,1.515200245,0.000101429682885516,1.07837416661809,41.4774162538897,1.02995535913991,113.996701002121,0.363847513912863
0,50,0.00463842973130116,1.79581984,1.84988437122292e-20,1.07672309917333,49.2888306877192,1.00151737800544,115.244926929474,0.427687638848367
58,7,2.34673855,1.313807615,2.28901444476471,1.07619033167701,98.2061143486924,1.02678813275243,105.691428422928,0.929177661936002
29,21,0.532522802,1.691642605,0.40201807994771,1.0726689395665,26.3203152877957,1.0016310665025,111.997919559479,0.235007180413005
67,165,7.5466561,0.979486505,7.47232140540419,1.07223027625372,201.850705107168,1.00400940286314,108.528228282928,1.85989127714267
176,60,0.0115407550228091,1.752244765,0.0173256452988207,1.07197616678126,20.053162719655,1.10442252271613,114.167822599411,0.175646362198016
70,167,60.39515,0.97450384,60.128705915047,1.07033691418804,181.088515672025,1.01534376672472,119.042299509048,1.52121150564855
27,143,20.9864995,1.0207722,20.6402383682469,1.06671576509629,160.789570745187,1.00181774103116,112.560319185257,1.42847472278888
171,142,0.0122960340692516,0.84888686,0.0232401659646318,1.06531903047534,15.9920010380285,1.02197417369343,113.574234724045,0.140806592946761
185,186,2.60521285,0.88724056,2.81921231328102,1.06123115362725,113.962826137103,0.999285657559554,107.130773067474,1.06377302127117
166,86,24.599798,1.083532185,25.0178571110223,1.06082126936567,188.608527766592,1.01004283650283,114.26141667366,1.65067555835819
42,97,1.601915,1.064086845,1.51625920710073,1.05539899286018,82.4670292150418,1.01913879282654,107.536291599274,0.766876260921748
182,158,0.00391740150442515,0.67624803,0.0126408742498849,1.04840970975432,12.8448700409288,1.05529723015251,111.429512262344,0.115273501428306
155,77,0.0037771461027861,1.64172023,0.000479388648433188,1.04527187949485,43.5317157516606,1.01630577877309,113.516086339951,0.383484994552179
90,83,1.6171542,1.0928174,1.60929231113849,1.04278878784736,69.4546463322967,1.03801190305496,108.293919563293,0.641353149026093
84,75,0.00838581689485206,1.56431539,3.92799435216738e-07,1.04209332947593,27.4402958980938,1.03129968816883,115.595473051071,0.237382097878266
52,195,12.5623305,0.84669183,12.3611149205761,1.04123973360304,141.534831988366,1.00600582692317,112.202265024185,1.2614258006098
164,152,0.0175090122497054,0.692671238,0.0336262040541847,1.03904694522663,20.2172167764959,1.01579784027786,114.990833759308,0.175815898672527
130,40,0.00365096856627907,2.04073845,2.91060932156378e-05,1.03856671459062,42.0375111667223,1.0579340780162,113.502187490463,0.370367409617144
83,156,7.58647265,0.95417566,7.54760300999946,1.03225883976631,145.869668318817,1.01245531856783,108.651515960693,1.34254609361906
48,103,0.00183447643453647,1.182646995,2.05588178916559e-12,1.02865208775965,20.7731176763057,1.31768387636673,115.484407424927,0.179878116357914
113,130,9.4270193,0.988800775,9.45809414320282,1.02753179474536,145.305741263363,1.02339740762642,108.775388240814,1.33583289026443
174,193,0.0208214519719577,0.571752319,0.056899365817853,1.02400811031553,8.94124916240104,1.11465140890597,116.016634464264,0.0770686824668679
105,116,0.419488665,0.98629589,0.444592281014643,1.02295899503549,3.75441589024686,1.28422288133109,114.538916110992,0.0327785177101615
147,154,9.6817234,0.953000995,9.84252597667823,1.01845224135842,189.475062168542,1.00212877599281,110.863720178604,1.7090808594849
93,175,9.9413593,0.910761485,9.88408908758318,1.01289684616947,114.810583437248,1.01276875888657,109.366763353348,1.04977581778033
137,140,0.0121813688801573,0.833772595,0.00839653875310386,1.00551860112092,58.6868882586599,1.00365028649147,114.242450475693,0.513704739475513
67,85,0.00181319376920387,1.42427067,6.36004954539906e-09,0.999239714250728,47.2092550395175,1.00537158880986,113.188594818115,0.417084911385099
104,122,0.0369655550923648,0.946685684,0.012318807068827,0.987345117239917,13.1764576027223,1.02005339128072,116.388167142868,0.113211316289121
145,82,78.957493,1.00563687,79.39710606851,0.983783646263362,185.920698128948,1.01285945597981,118.760288953781,1.56551234227212
113,84,0.00665128415924393,1.438020455,1.13707507402878e-05,0.983518779118215,53.9311093404794,1.07302901438316,115.049428701401,0.468764686180686
58,139,1.163734395,0.92077098,1.09559123119291,0.978257111200978,79.0600779889979,1.03542226714975,108.818708181381,0.726530201564413
128,87,0.00134823674543812,1.34816773,5.27107456771662e-06,0.976266090513768,42.3385288537431,1.02648528837276,113.99079990387,0.37142057858571
116,62,0.00947642712285258,1.782580305,3.74702340186472e-05,0.975122248500493,39.4315412760756,1.0012702911553,115.941201448441,0.340099470968575
87,140,8.6934682,0.918453785,8.65534498458323,0.971755906908881,115.675057504183,1.01203990611663,108.935133218765,1.0618709876811
7,77,0.00271487981079848,1.414619375,9.01414265559341e-21,0.970465797405582,42.9583180828478,1.02145978442219,115.366049051285,0.372365340029553
28,26,39.2376995,1.10276502,38.8216693563411,0.969735208790616,141.680588525882,1.01973403864078,117.076638698578,1.21015251292487
54,67,0.00798823227714441,1.748087855,2.06658804606368e-09,0.964099171852255,24.4775258898096,1.07245521891614,115.375051736832,0.212156142262387
59,118,3.8411203,0.949832285,3.77075957921777,0.959182794528792,108.275816037607,0.999402066824021,107.772234678268,1.00467264468294
44,76,0.00296127183233133,1.5686544,3.59471492792588e-10,0.959171751178906,33.4584232287722,1.01453480536658,115.226905345917,0.290369884779326
193,157,4.58954105,0.88804642,4.90865524907439,0.9574495100686,125.821449744314,1.00173958752567,108.671903848648,1.1578103013595
163,160,0.00440705616692756,0.637899555,0.00235945528235428,0.955854512879687,30.5297234195107,1.01984846714572,113.430758476257,0.269148543390027
194,182,0.790014055,0.700147535,1.10622759985047,0.953617719174052,40.6679184087531,1.01223154249516,110.9292345047,0.366611367962069
4,90,0.0032099883168403,1.308815885,7.3152591232848e-19,0.953572478326428,39.4196042105364,1.002291738792,116.195300579071,0.339252999166789
51,59,0.0102003513622781,1.903803775,4.1278253162068e-09,0.950439853991949,25.7855328205874,1.01475501147791,113.946926832199,0.22629423660157
193,200,48.4507965,0.71905194,49.5459436850453,0.946320151013816,175.229904030786,0.998181547815906,117.490550994873,1.49143826926501
200,200,0.00480469901687224,0.38323985,0.0675027421616489,0.944654892779593,26.320575359428,1.01683858557989,116.217849493027,0.226476186525954
65,67,0.00304872580795956,1.42241771,5.78556678793238e-08,0.944471973009962,43.6492850234577,1.02621088602274,115.414587974548,0.378195562532211
120,52,4.60148885,1.01340927,4.64946506408299,0.940615132080553,81.0896234227522,1.03961849857596,108.458147287369,0.747658202273164
162,148,7.23068415,0.880488055,7.40784159758438,0.939905836428837,106.758866015293,1.01870539698601,109.152650356293,0.978069388757985
7,5,2.16650925,1.16975982,1.97919051385503,0.938853925941485,115.450117779367,1.0071389307042,107.294350147247,1.07601302045193
190,157,6.0041254,0.84300501,6.33278353483719,0.934294665524983,86.171548161466,1.03941522670505,109.657267570496,0.785826147875413
73,50,0.6567744,1.095902805,0.625422283642357,0.929046781882171,12.5342556432367,1.11908653294971,113.857884883881,0.11008684779293
162,160,0.016979435663181,0.551191312,0.0288977059364829,0.923676986101223,2.63201861813908,1.34352494155619,114.913130760193,0.0229044200669436
130,50,0.00397711013819866,1.93428372,0.000446162086120136,0.923355144136071,32.5170059784139,1.03198863521655,114.799322366714,0.283250852949652
120,106,0.258584587,0.90576229,0.308284801271774,0.922880931902031,2.01034443580775,1.53623132125779,115.777183055878,0.017363908697256
77,88,0.0078714200603928,1.50651184,9.34711232954166e-09,0.921184690326677,30.8406380209553,1.00863462161158,115.205762863159,0.267700480032303
184,167,0.0203408739195744,0.597168155,0.0633364876526629,0.91734195705018,5.10355473919436,1.20399959706461,114.989785671234,0.0443826789432052
174,180,2.30623285,0.75982968,2.49310185727786,0.916011318036221,86.1604050945363,1.01857335793403,110.133721828461,0.782325373773673
200,200,0.0199254074709392,0.3698023145,0.14827331985933,0.913516434347716,2.46746398021594,1.35666430243302,116.344903230667,0.0212081828399815
190,171,0.013618464566585,0.52798509,0.0844238385049502,0.904164587202024,4.75026340226073,1.17507568262003,114.609824419022,0.0414472618411265
164,164,0.0363040230162621,0.639837582,0.0517158311771298,0.90088826899034,23.5599646757778,1.04323272278769,116.404795408249,0.20239685653112
42,0,6.74685885,1.217901515,6.61637943502935,0.899044565062427,205.096482783433,1.02256388050622,110.422522068024,1.85737908301974
133,121,0.262877798157775,0.674272821,0.436920164402623,0.898081205424213,6.11792851090027,1.28060016693002,116.083553791046,0.0527028016553725
165,66,0.00268345234117723,1.511871785,0.000820365237169814,0.896418870670783,66.1409181300471,1.01710537965058,114.637621879578,0.576956474197672
11,187,39.706927,0.77044334,38.8674580870071,0.894675504257427,158.464548509634,1.01851605234978,116.175089597702,1.36401485945373
140,154,0.00573551139034142,0.6443658915,0.00131647342014675,0.892424300660473,11.1471904753085,1.09656899873114,114.153274536133,0.0976510793983409
103,47,0.00471212786330057,1.9510034,2.26518022460045e-05,0.887296290849611,38.9276621843425,1.00866984993833,114.582227706909,0.339735602661836
37,74,0.00710410589634079,1.56546155,4.66800959191236e-10,0.887027848439515,22.4915422500673,1.05019597982979,114.084723949432,0.197147711555462
116,169,0.06329029099937,0.70119039,0.077729409837946,0.886275807828137,1.63301845350395,1.76158219893915,115.955045938492,0.0140832030230938
28,49,50.1331645,0.93651612,49.4949065476543,0.878061296196952,138.724247520669,1.02225209683262,116.354459285736,1.192255529975
155,170,8.5215972,0.782066625,8.68517441647863,0.874164783051292,90.6266769644323,1.02746009750888,110.21476483345,0.822273468544634
123,64,0.00436563612381717,1.721604835,1.37510522011933e-05,0.872988976119302,43.4556619423086,1.03068829521475,113.642194986343,0.382390202402644
44,51,0.00803288315253972,1.73009261,2.08080960235769e-11,0.870684527022947,5.08677068714921,1.30180296611334,113.676288366318,0.0447478604399651
71,114,39.1457885,0.855472535,38.9375323204496,0.868541301531472,198.427018522487,1.0725404107452,115.756185531616,1.71418069463157
193,180,10.7771335,0.75471659,11.3290244689432,0.867740995440558,147.523441180425,1.00073077871968,112.841540336609,1.30735047341927
97,44,0.00642351731592194,1.73705411,6.49880410117205e-06,0.866436782891638,33.3677936401595,1.03040572013886,113.513553142548,0.293954269921029
50,48,0.00323736649211081,1.688953045,7.10539099656859e-08,0.864604246000137,48.5566220849892,1.01208915926539,114.740133285522,0.423187778282945
93,73,0.0283436685946474,1.27605046,0.00498081269341341,0.86418575418289,1.69241065995167,1.68321023480346,113.803246736526,0.0148713741346052
200,200,0.00486752776473335,0.3843016505,0.0518011788556037,0.860109777684685,4.3652834423483,1.22584089394203,114.472503185272,0.0381339039584305
149,141,0.00936863721694113,0.76951758,0.00250778336187934,0.856869223456624,25.7733549693676,1.02644443441977,113.612675666809,0.226852812136499
172,111,27.960658,0.85050325,28.4463089260612,0.855212665567493,78.3934717557893,1.04125259822024,114.372140645981,0.685424538817042
136,89,69.390208,0.878369285,69.7831457882768,0.854769304166634,113.427140372136,1.00847890876792,115.728638887405,0.980112973440319
200,200,0.00435242661255583,0.241682617,0.0794320089087784,0.853782176261167,1.97309287938439,1.53965663011778,114.586007595062,0.0172193177927722
160,42,0.00482357146175559,1.674784935,0.00169567804901652,0.852745244190952,42.1081258578346,1.02773777750289,113.005306720734,0.37262078286195
134,146,0.00819581127659889,0.69888682,0.00290773854907047,0.852471864061432,17.1182190297325,1.06192646314544,113.860193014145,0.150344194723137
3,39,0.00900806443096887,1.943465795,4.89654043067654e-16,0.849695975423553,33.4138062181227,1.0063925963632,113.763172388077,0.293713734565517
128,129,0.00622978209716207,0.757958505,0.000625541470560736,0.841090109551895,25.5529412863759,1.0096482277592,112.591199874878,0.226953272678263
7,77,69.667302,0.87064968,68.6338923468978,0.840700285737463,173.619616174976,1.00680183613061,115.428246021271,1.50413457848941
102,117,0.019827131203309,0.841958525,0.00291994354421417,0.840213893167735,7.27674582969869,1.11034657773063,113.403455495834,0.0641668792003078
135,116,0.0995708169391213,0.8609295395,0.101750613387237,0.839880930651985,7.33383084599662,1.15431337286839,114.587914943695,0.0640017828197698
137,123,0.0092801641092026,0.79891821,0.00287806129731556,0.83961651149555,12.4354071190711,1.08021662496185,112.981512784958,0.110065857789848
178,181,0.10734145512836,0.381112417,0.34017901484749,0.838111362315144,10.3889524745016,1.10792373377964,114.767882823944,0.0905214265426368
152,64,0.00559886660903832,1.54257691,0.000496298250666573,0.837810764663473,30.3582117486949,1.05393599301925,112.864596605301,0.268979048007948
11,68,0.00292439637266224,1.48419122,8.9613663360415e-18,0.835595619907272,16.9901530512074,1.22587060689676,114.008347034454,0.149025518684811
59,67,0.00242344091080055,1.461541745,2.92153164529698e-09,0.827990598092383,26.1791374074183,1.01442440254091,114.057157754898,0.229526475345596
3,26,0.00979584718399423,1.706541995,1.77592567419778e-15,0.81936949632067,34.8926585990341,1.01721429906057,117.829940319061,0.29612727040811
148,60,0.00236587421176341,1.402042835,6.10575267921022e-05,0.81721768457002,48.274885528639,1.0462569441559,116.934663057327,0.412836401683325
48,51,0.68020411,1.01589306,0.566642072169149,0.816033618210471,34.8326428322112,1.05178610086952,109.434698343277,0.318296147013148
167,177,0.0152649962631121,0.4686384095,0.0390432513200166,0.814315720658351,17.9253366264405,1.05483939861607,121.90602350235,0.147042255267189
124,65,0.00217239694367351,1.502045445,1.65122028979352e-05,0.813198517389557,52.0396806428649,1.05404826010862,115.63375878334,0.450038822489288
125,38,10.31237595,0.895067565,10.383904329582,0.810016365204243,138.013512463918,1.03338541489464,111.065841197968,1.24262789508718
53,66,0.00339926776315164,1.410956695,6.3109095529743e-12,0.808591600199951,47.2202180266048,1.03669612139366,118.075788497925,0.3999144839709
72,15,13.2371665,0.94345625,13.1647801502572,0.808445348779451,150.352589259115,1.005331707221,113.212228059769,1.32805962603031
100,87,0.48826544,0.88740803,0.51550591137114,0.805348918762044,47.8252077056989,1.00915407731868,113.037404537201,0.423091877432124
177,184,0.0076936488747244,0.52284158,0.0189224599725917,0.804636594981602,12.1659140289282,1.12973568171842,118.861643075943,0.102353574408821
105,133,0.00737890120537204,0.707565925,0.00027496104911805,0.803957230601866,8.73191178960543,1.14309517146689,114.968341112137,0.0759505765251372
52,46,23.9787905,0.86978823,23.7118114256688,0.802421225252908,151.680132496174,1.00620429434069,116.330854892731,1.30386845894014
76,41,0.00278409027790942,1.691396045,4.67037285983436e-08,0.801878658039242,24.4108234911183,1.10733372210573,115.54119181633,0.211273772646581
86,0,23.9662045,1.020247485,23.9079979272624,0.798534658758179,190.160989060929,1.02474273145098,115.510532855988,1.64626536090879
167,157,0.0231403051661034,0.5474013,0.0473933851791333,0.795211848327454,3.99101627530635,1.19537661661161,119.401942491531,0.0334250531610021
199,198,0.0341223213697007,0.3295150405,0.248208340697141,0.794583269820916,23.1314349670916,1.01494297555381,121.345478773117,0.190624613302166
163,188,0.249733577,0.520256455,0.390892309121282,0.792245197107198,70.7183640351162,1.01535183427265,120.519344568253,0.586780191084319
19,54,0.00737386093986804,1.54774571,1.26783645604518e-14,0.78936745955289,49.3837567679892,0.997019750560925,117.583668231964,0.419988230598207
174,48,72.648658,0.842524395,73.2289021217276,0.786779948370337,184.852577375272,1.00483278355965,124.085680007935,1.48971724507978
142,147,0.0179233309637866,0.65753119,0.00411305093779434,0.784277434518866,19.9942101426554,1.01202013067962,118.680862188339,0.168470381609849
50,63,2.9858445,0.843588745,2.84954254228773,0.781824191972647,60.9318628416661,1.01162552012253,109.473714590073,0.556588977270271
92,122,0.0029389479929229,0.71564756,0.0001701181037722,0.780410974496847,4.06819015962354,1.2773941681482,114.060051202774,0.0356670904205643
65,45,0.00398632557092689,1.63672287,5.48207403361686e-08,0.778409834986368,40.1252307509298,1.04555984425712,116.405877590179,0.344701071643439
196,197,0.133766681861355,0.30791818,0.574426253597969,0.775462189766004,18.7014632472537,1.02621846816839,119.428038597107,0.156591898074651
44,121,3.0061577,0.74783464,2.86897862172935,0.775389097423589,68.232359637149,1.02317449154389,108.867116928101,0.626749027277096
105,65,0.00302990404131142,1.49396525,1.18300356435289e-06,0.771920729513029,17.4505565288263,1.09141344875628,115.382379770279,0.15124108692826
135,114,0.79642307,0.726933355,0.912296642862963,0.770372699075177,37.2528306466898,1.04510269564451,111.769218444824,0.333301343294979
115,108,0.107363264667825,0.88507072,0.072369005426646,0.768372817104943,23.2181910026154,1.1148427518609,120.890564680099,0.192059579372926
171,65,0.00394521980319708,1.435094445,0.000498134370468453,0.763407307744175,27.4989324496171,1.00503228874459,118.521912336349,0.232015598698566
182,59,7.0321001,0.8055457,7.36157615426134,0.7612452992748,149.333220620573,1.01282938080321,110.26519036293,1.3543097339156
126,133,0.0141649375261138,0.606160305,0.00738583064509279,0.760462515369934,17.7510683076586,1.04517945534912,117.568577289581,0.150984801525124
102,50,0.00458226301660015,1.56977155,8.87645198118181e-05,0.759080579040977,41.7497065498416,1.00900996831438,118.329645395279,0.352825417589795
111,58,0.00301396616157824,1.369165425,1.23528494400889e-05,0.758399492488245,31.9921200863059,1.06709447300757,114.85396695137,0.278546061015476
187,191,18.794362,0.627418065,19.4596656101231,0.754814584957354,174.64235452155,1.00733086464304,115.507418632507,1.51195790356274
50,21,0.0100994871042091,2.01960398,1.54766347801475e-09,0.753410375618061,20.9550804646266,1.13358922034094,118.013048410416,0.177565792485512
34,44,30.399096,0.800781695,30.0197840460208,0.749568903297365,244.765751230097,1.02201948142771,120.363291501999,2.03355814032414
200,100,11.982455,0.748331305,12.7897842256022,0.748243392858899,160.653984854243,1.00497310110725,113.173599004745,1.41953588351915
185,183,0.00980072531137442,0.432637178,0.0497473937034589,0.747578693627821,29.6960225336838,1.16423720616585,118.756403923035,0.250058283618369
56,117,3.54135435,0.73012116,3.42174421946271,0.746027130852084,80.3830590943462,1.00036861730226,109.784942865372,0.732186554880474
169,64,0.00266737108675133,1.261935955,0.000617803089068215,0.739286777051132,23.4540282200687,1.08846729769112,116.701659917831,0.200974246952293
131,66,1.4885885,0.800149695,1.54316098306621,0.738399782101224,78.1093688826356,1.02295570745842,109.786818742752,0.711463997018241
153,117,2.9204142,0.71112048,3.08844289833874,0.738385981389739,48.8312905565627,1.01781708900757,109.794035196304,0.444753583099989
81,46,0.00131988651411888,1.3937608,6.52346914568791e-07,0.735988006123144,33.1585284275359,0.996977958717463,117.814090490341,0.281447900582438
134,112,22.053961,0.72288072,22.2229794471955,0.733102249912331,148.14686900871,1.00825698817779,116.979527711868,1.26643415225278
105,148,3.13498915,0.668009035,3.17794482115923,0.733080610576053,87.1584204456065,0.997432417785203,111.424530506134,0.782219319656979
146,8,10.0580876,0.885384375,10.1930486480813,0.731042250721553,173.017931819165,1.00476868346071,111.866059064865,1.54665260638923
87,82,0.298731071183,0.896883935,0.238598148248562,0.728589844968329,20.4462667516465,1.04502779745583,119.902377128601,0.170524281847364
182,160,8.27573395,0.672088745,8.61742311615036,0.728238957645846,136.973992617781,1.01746119170425,112.697477340698,1.21541312059446
124,130,0.0182572695448991,0.676047885,0.00400372519120779,0.727392913923893,16.7692876785703,1.02039593686156,118.572821617126,0.141426065854439
136,125,0.162017046857695,0.635431334,0.24488078980299,0.725572000388226,7.92194605430335,1.10043161462555,120.773280620575,0.0655935320593897
13,9,2.72580075,0.91075594,2.48765702930304,0.724446957233293,70.8157381374487,1.02039032888018,109.986628770828,0.64385770278497
143,146,0.21226168039615,0.549015412,0.33289661597248,0.72380519750515,24.4508831148842,1.04299100173763,121.358244657516,0.201476901580826
42,123,10.979174,0.702774665,10.7251846172401,0.720794569978667,115.262876712608,1.00862472342087,113.884630918503,1.01210212285002
93,58,0.472761635,0.830274905,0.465427380559759,0.714740755084345,51.1747371180963,1.02901333273511,114.858641624451,0.445545379906377
130,130,0.0558174331308979,0.5713793875,0.0700436203857586,0.713465259990558,16.9682178263713,1.00191005199463,122.208516359329,0.138846443209242
126,40,0.00566321970806857,1.636197595,1.25816930961389e-05,0.712848436124816,30.4147380057229,1.01187166873147,118.385372161865,0.256912973708759
109,107,0.0338323556412025,0.799752015,0.00481292572071213,0.710381878426593,20.7595622066374,1.02332333916688,118.556873083115,0.175102140152464
162,146,1.183294025,0.62285855,1.39354716853371,0.706807063979111,51.284718670645,1.02348549966779,112.147651910782,0.457296410552083
67,126,1.7835516,0.673579535,1.70754625047828,0.706529620094002,79.4125913165564,1.00951208748569,110.855079650879,0.716364027400947
60,46,0.26664913405,0.96919803,0.179723257124863,0.704632929229814,18.7899039888796,1.09003192813138,120.492577314377,0.15594241909072
36,33,0.00309960797018958,1.516763165,4.29939296545256e-10,0.704241952187705,37.6054792955652,1.05927695824373,120.179183721542,0.312911755023215
105,123,0.00871500811921967,0.670290585,0.000589043145423218,0.699452563609928,30.8581699572615,1.00001130435167,119.638152599335,0.257929174655553
155,139,0.20936700775,0.569963925,0.347067363310812,0.697560171963339,6.53385565086989,1.19267976467293,122.013953447342,0.0535500692032714
23,28,0.00126823608227503,1.680925995,1.78548483604638e-14,0.69456788476359,32.2544427139731,1.093616083776,117.724344491959,0.27398277606189
131,124,0.00629703953807364,0.678353975,0.00211312370011979,0.694499841942355,19.8621548893945,1.05356991102219,118.22659778595,0.16800073131898
70,189,22.939278,0.597651715,22.7663261037847,0.690459776959455,197.981002652629,0.998525295021488,119.021058797836,1.66341153954033
39,41,0.59485687,0.98455374,0.446752376322095,0.689849610908381,21.2607542212576,1.03586202724967,113.846429347992,0.186749416235711
28,72,69.305517,0.718651185,68.5356302400349,0.687770976750475,137.541666175487,1.01053554362069,123.185536623001,1.11654070718076
17,45,0.00340368647820667,1.38621101,1.40419974696946e-14,0.685289907125585,51.7356597611928,1.02499280036726,119.838896989822,0.431710079621199
77,42,0.00863043883533613,1.9514007,5.39699755975293e-06,0.676883399435508,32.2378280528355,1.02063424311022,117.329215288162,0.274763859739955
68,110,9.77571065,0.66188647,9.65454207398381,0.669731240403221,135.843206110251,1.00165345308085,113.695876121521,1.1947944881049
193,154,72.18424,0.6305944,73.2987951548821,0.669216568373072,249.471281218992,1.00712976992541,123.147034168243,2.02580015754309
70,122,59.145739,0.649228295,58.879679492097,0.669016734632367,213.336398693085,1.00184389476401,122.803019523621,1.73722437380337
170,29,0.00189842930532739,1.431689215,0.000763181303302832,0.66790420094379,39.6806378187953,1.08832213435276,118.12310218811,0.335926140473386
48,36,0.00309965767032299,1.658606495,1.40992966521099e-10,0.663288864434415,35.1835679854772,1.00993118522109,117.804609537125,0.298660367567277
112,35,0.00148182425448463,1.517659215,4.17538472467118e-06,0.661936598899006,56.5400914423733,1.00722713107381,120.123329401016,0.470683685877716
118,82,5.53272085,0.679616045,5.56577308887704,0.657931249513943,133.530490736745,1.00543925810938,110.620293140411,1.20710664332857
199,200,0.0369269660159064,0.350972359,0.118295304217919,0.656723252329247,19.3292248292038,1.00576955089386,121.631421089172,0.158916377496181
200,200,0.0315391704208334,0.211415488,0.336095240568171,0.649955948410103,30.6953749164179,1.05316790908562,122.31718993187,0.250948987084442
35,75,37.523416,0.675569455,36.9819768410105,0.648795417210352,165.544505097605,1.02755883939991,121.833515882492,1.35877639168907
186,18,8.48372755,0.74292406,8.85406746750978,0.648136918020544,148.576164625416,1.01569658065427,113.684755086899,1.30691370634389
82,28,0.0104416928519179,1.82940265,1.53730779814656e-07,0.647518867469645,52.344672762732,1.04749860400838,118.694883584976,0.441001930173825
80,49,0.00127644586341743,1.289142225,1.59249631187844e-08,0.645607006638671,20.6205181574892,1.15888226420065,117.406753063202,0.17563315243365
189,196,0.00102448540674352,0.3044708725,0.00677122039828354,0.644616176570141,14.1591452205559,1.09311196916001,118.630178689957,0.119355339230848
130,35,0.00357363770077829,1.461155925,0.000156919912400188,0.644204657387507,30.5311217046132,1.07347634997089,116.966418027878,0.261024678872669
81,52,0.00196507799553264,1.27941836,3.27301742269297e-08,0.642912162596398,48.1179216207098,1.03785141570183,118.045495271683,0.407621836902509
161,189,3.44665145,0.514798465,3.66692190236868,0.63962467756075,30.9816635748497,1.06679623725803,114.22937297821,0.271223265672302
33,20,0.0105325982442773,1.94724017,5.28837408397123e-09,0.638776441922703,54.1720191545691,1.04736964421624,118.805492639542,0.455972345646747
103,37,0.00840295056709083,1.709152365,3.18425048297744e-05,0.637310818217475,32.5654297073614,1.02267876752543,119.477854251862,0.272564567812817
177,200,7.56497395,0.4778838,7.99843599839845,0.63643249071693,54.3723329645774,1.024094229368,115.071129560471,0.472510639047863
182,33,0.00401627179942277,1.629059965,0.00565674034867008,0.636245244855959,30.5078329195027,1.04788951223402,118.218366622925,0.258063393963241
189,186,0.000342377953759607,0.3214238205,0.00156118782776757,0.63441565914614,4.34246284672057,1.21232395714311,118.728507518768,0.0365747278178674
128,130,0.0384142580273842,0.5736187965,0.0167126295433901,0.633991291611003,27.3407525392493,1.01344064912224,121.458052873611,0.225104485807129
104,100,0.0166861410198739,0.5941778385,0.00978775924099601,0.632191429533727,14.3036821364404,1.02417181337953,120.048914194107,0.119148783914137
142,132,0.01098728606983,0.638429091,0.00111459873596497,0.631332836051049,15.2551830586702,1.14284845602493,116.90976691246,0.130486814417251
100,25,0.00314995057264093,1.7547124,3.42118544243241e-06,0.629557024475434,29.9327181648571,1.07064162073256,118.302541971207,0.253018385455677
83,175,164.303385,0.5667876,164.033915138723,0.629164346063378,178.460422022826,0.999699523691115,123.316476583481,1.4471741892659
189,121,5.98272975,0.611829585,6.34069285803862,0.627026681061914,120.622241952972,1.01723678224309,113.270105361938,1.06490800522822
94,85,0.00431331860932134,0.764226615,0.000261166889685508,0.625532383655894,5.67514083502944,1.16389092859227,115.92747426033,0.0489542351477888
147,131,6.425638,0.602251115,6.61002122179334,0.624397368118611,82.7571221107556,1.01367606988448,115.27335691452,0.717920639477197
81,86,0.587174948,0.656830275,0.555195485192793,0.624048403925355,39.9893353563704,1.04530303315148,116.847473859787,0.342235343524467
106,109,0.0177154651296157,0.65125504,0.00304849742144936,0.623752358418784,8.30662506175903,1.0675650354949,117.879929542542,0.0704668309015341
125,138,0.012022562630343,0.483128011,0.00476839263428616,0.618987256234002,13.8098646131935,1.03576101387847,119.766611337662,0.115306465290722
52,49,0.0483662506953523,1.19728776,0.00135800005404683,0.617525581213862,8.68890298563575,1.10225143040259,117.73383641243,0.0738012388825751
108,27,0.00636057200836547,1.64079659,6.64797037296791e-05,0.616382632644655,31.005414816236,1.15869860334385,118.785596609116,0.261019986440482
133,142,0.0443500008545132,0.395083292,0.0557821692902578,0.61516346255555,3.10539470412907,1.28814430248509,120.871574163437,0.0256916874428234
25,42,0.00361807161379679,1.531678465,2.2374468925604e-17,0.61482762224405,26.1873180956471,1.09715391936611,119.141114473343,0.21980084886235
80,26,0.00975154447100618,1.69956017,2.33898701854644e-06,0.611447965581168,27.6417578603682,1.11484342475405,118.576605081558,0.233113081972248
104,113,0.115570605912684,0.5752469885,0.100957025185306,0.611332640269408,35.9746307061283,1.02638911204545,120.853406429291,0.297671631847436
49,51,0.164650174547533,2.29098868,0.000739971721742562,0.610637675976541,1.35652243999964,2.13691164390253,117.555542945862,0.0115394170789918
116,122,0.00868395741356236,0.5749881025,0.0024573094619587,0.61030184623025,37.2705043966895,0.997258831297023,117.683449983597,0.316701323779039
60,37,0.0019580423701878,1.40260899,5.22315171491354e-08,0.605568948708929,20.6784260503755,1.08843252143537,118.883726596832,0.173938239003071
176,105,3.30923445,0.60305231,3.53363802311269,0.603354928034102,95.7987314574509,1.02966951727165,113.662785291672,0.842832869277489
99,104,0.00329850212495758,0.643340105,5.59066128484006e-05,0.601092144941627,22.6169256950744,1.0199224142951,117.896584033966,0.191836989005198
166,177,0.00388515329036038,0.3293401255,0.00748812419488751,0.600248990477613,26.2974520948651,1.05562121813174,120.020952701569,0.219107176729829
33,31,0.2911757107,1.011980145,0.135280524420217,0.598581749624269,41.2971521549426,1.01768883320016,120.015487909317,0.344098523235155
118,98,0.0102550372247441,0.797508472,0.000613661057949143,0.598167893828743,22.9662764829104,1.00608270790264,118.150768041611,0.194381101905508
119,178,4.9913305,0.50879818,5.06140909620309,0.596905559827842,29.6243944618333,1.10503045331416,114.49816942215,0.258732472417175
155,182,29.705915,0.530931705,30.176375727159,0.596267890800343,149.56806929406,1.00201813814801,119.50475525856,1.25156583912042
78,97,5.7123243,0.591908625,5.64457093872986,0.591130409146412,123.30577252928,1.00542015025175,114.293219089508,1.07885466444614
138,32,0.00266711270879993,1.491192925,1.48857973414613e-05,0.590918003131142,59.4660783597704,1.05328971876188,118.582613706589,0.501473837529913
4,145,139.880775,0.55948567,137.714993526743,0.590007019508222,192.894623253068,1.039752903646,121.895434617996,1.58245978495892
114,37,0.00997856213600948,1.7700684175,1.59739144752288e-06,0.586864686001112,34.8509749303711,1.02400127566585,117.915788173676,0.295558173083997
200,200,0.0116888657207388,0.2399171185,0.152697146161451,0.585938903969819,6.45841914429157,1.16352945700263,120.360794782639,0.0536588276602438
183,153,0.0258444248980113,0.3756829245,0.0773438811687828,0.581324779888743,10.8859024216315,1.05145798805919,119.636234283447,0.0909916839729358
40,182,41.5302,0.514212915,41.0518330071592,0.580705429961394,92.4897646599766,1.0423050487348,120.229550600052,0.769276473199565
161,143,0.00265776885947491,0.4653734705,0.00120340796390329,0.578510038305491,16.9024138813819,1.06300630504652,118.953106164932,0.142093085471397
174,105,23.341866,0.577345855,23.9383504239432,0.57586649829845,154.830844239545,1.03228501538049,118.772776842117,1.30358865352925
11,16,0.00826249804768297,1.8843716,9.68959320423872e-12,0.574914469602854,11.767012051494,1.11165860992632,119.230074167252,0.098691644148335
195,195,0.0305768625008,0.33527611,0.106999950116124,0.574430856936037,5.40290418224467,1.2089881367219,119.363532781601,0.0452642784302501
193,198,0.682026475,0.30842462,1.35685550799013,0.571846864758509,48.5238433753769,1.00633515786592,117.851254224777,0.41173803108474
106,30,0.0048046170977678,1.608880885,2.97638775138594e-06,0.566627337235405,41.1300023242556,1.10780341790783,118.301329135895,0.347671514975194
103,101,0.21180540890932,0.571455803,0.214737120572774,0.55771178629996,13.4207808779565,1.17704509221914,119.54248547554,0.112267875513619
148,153,0.0345109708603569,0.431362699,0.0373254286889048,0.557702164960917,15.9026832299426,1.01883717968737,119.616674423218,0.132947043600937
2,0,1.65365715,0.9726939,1.31994693339058,0.556903276859724,72.9730438670824,1.0145205097544,112.135355949402,0.650758569848475
86,79,0.230090272653,0.688521395,0.188259816605064,0.555943298326729,22.5859311102599,1.0733711215788,118.934212446213,0.189902725596929
36,38,0.00407936164226643,1.600269443,4.89257270571893e-11,0.554461413311834,31.9032550296416,1.0298185216987,118.155161857605,0.270011521528698
17,31,0.00471348668695667,1.42642947,7.98511280210766e-16,0.55306186998186,45.3049885004643,1.04508791111746,118.481476306915,0.382380351027243
187,157,14.444514,0.499488605,15.0490767239549,0.545994501466798,113.696677085335,1.02287970818611,116.335110425949,0.977320403694517
157,139,13.3795545,0.51286653,13.6635093237888,0.544452941674939,98.7625155016194,1.01270212974455,116.751497745514,0.845920758266369
180,153,0.6605456008,0.4290233005,1.05561870420063,0.544442660330553,4.73875666905019,1.21340992517051,116.299810409546,0.0407460395022384
124,111,0.0092502879014702,0.4648027615,0.00731476083398801,0.542809701884597,16.3739883375745,1.06232470090235,118.451030015945,0.138234241908832
119,49,6.0047721,0.57441283,6.03693362252479,0.540412238669554,115.956513192401,1.00030592435419,115.085060358047,1.00757224987885
134,135,0.00956200013750939,0.4580739945,0.00519903770496935,0.540233671277784,26.4541478105958,1.02065999408279,118.672988653183,0.222916335981956
7,27,83.282489,0.598792565,81.9732560396092,0.539819935800336,240.852712663815,1.01803275744402,120.236346960068,2.00316059788315
180,133,5.59808655,0.510957875,5.90522577765822,0.535976089007688,88.7597711178918,1.02563834042528,113.856462240219,0.77957605015535
133,125,0.00235486731793461,0.464936,0.00125382855354986,0.53330382888329,50.0286882267162,1.00162268650772,118.121208190918,0.423536882097036
187,135,2.19664565,0.503573985,2.53724198954944,0.531580658094869,123.366760640763,1.0089351590198,114.129078626633,1.08094065180664
165,148,0.596686671,0.438912095,0.842306453671655,0.531444729015179,47.8028231879378,1.02388796507201,116.418000936508,0.410613674890435
169,159,0.155912933720843,0.3601488015,0.333087456148734,0.525418503818726,14.1301496073569,1.09461905003436,118.818094015121,0.118922540581729
127,87,0.2918735080545,0.551585509,0.366513986849129,0.524982688626435,42.6746564006921,0.999546424410962,120.96813249588,0.352776020594891
127,94,1.22038723,0.517944615,1.40054033284503,0.52470310738378,25.5455036104769,1.20082464214766,115.330073356628,0.221499066696022
108,44,28.7568315,0.56479826,28.7654097198122,0.519655479614233,168.433906867952,1.01737388520319,122.094465732574,1.37953760522509
99,68,9.41645255,0.54728609,9.42308665628615,0.516933206364944,88.9171153947839,1.03802710048127,114.836632013321,0.774292260543392
49,119,80.1491075,0.508848255,79.5917581564711,0.516545470050612,175.282786998615,1.00141544743151,128.027512073517,1.36910250117149
107,108,0.1027050246912,0.508212715,0.0775257758141817,0.515158014370626,19.1669700207988,1.03066119066641,124.588578701019,0.153842111537324
1,19,0.00224295252878426,1.68084766,4.25205260449516e-19,0.514710832147737,31.1391706014701,1.00549210646459,118.634958267212,0.262478876852914
100,17,0.00358268869604329,1.696535315,2.89381087486808e-06,0.514699489828783,17.9831855736809,1.16190229973344,118.717867136002,0.151478341108332
10,15,1.22576383,0.721577675,0.936928761076811,0.513949509096088,70.6395072668828,1.03586959576289,113.331514120102,0.623299775136007
111,72,2.46631725,0.54483074,2.51992525937437,0.5122671176241,76.4660232597554,0.998431495654248,114.670868396759,0.666830419345778
146,144,0.834770505,0.450497815,1.00657690210218,0.51101788544416,26.7196244363855,1.08200865625134,116.529055118561,0.229295813041649
79,88,0.0133874474824646,0.628046463,0.000311110527196789,0.510416329909677,35.2866607345934,1.02483876021134,121.548539400101,0.290309212342243
97,115,0.00182872834622839,0.500243825,2.36970353839834e-05,0.507085265043626,23.8707050205076,1.00186271724458,116.63769030571,0.204656873416663
160,162,0.0286657645173341,0.288465538,0.0577309876920404,0.505871026165462,9.38576136223973,1.08767644721119,121.416555643082,0.0773021546569834
152,148,0.0501942834083147,0.396519075,0.0304417562467516,0.505602118531178,2.79417329263879,1.30069549488735,124.729367017746,0.0224018878588652
68,54,0.0148388170061841,0.956946405,0.000111828509841284,0.505323617020252,13.3297475589068,1.01603252034978,118.44512963295,0.112539431551255
195,198,0.159467003704703,0.2308852495,0.515596537467186,0.498640203609242,35.681340501948,1.05951372655616,126.238562345505,0.282650085987917
158,32,25.538358,0.553649225,25.9750159037523,0.498217776000985,141.289366878612,1.00052452013552,120.561713457108,1.17192567048973
65,28,0.00104319123508864,1.365877965,1.23420904312013e-09,0.493088249399021,31.7191706588432,1.01708324130803,118.999928712845,0.266547812271247
74,72,0.00298933885189883,0.62509861,6.71549366365201e-05,0.492815276963574,29.3699954832525,1.01319624449204,116.404339313507,0.252310142873209
189,180,0.185586334110207,0.2879786375,0.498010735112816,0.490296778119161,17.6692365896955,1.04793464935286,124.888300180435,0.14148031932669
15,50,2.4260312,0.56810604,2.06358133989147,0.489831236040818,51.7041027958737,1.02225334264252,113.532922744751,0.455410655745354
15,14,0.000358066764453651,1.3432123,1.1778958706465e-13,0.489123220582698,46.8419657127022,1.00936700045705,119.52988910675,0.391884959174255
106,119,0.00665479319827185,0.4762018885,0.000119434103866423,0.48825042990886,4.1727963618989,1.20608068742606,118.494090557098,0.0352152275466274
40,14,0.0029885701858865,1.50448438,1.93201746038281e-09,0.487084924520613,50.4925056778683,1.02672205158345,119.828066110611,0.421374618791391
102,102,0.034610891476632,0.5790518825,0.00596047061636444,0.485518022426363,16.9050542388375,1.12207430505593,123.368861436844,0.137028534120757
34,29,0.525226589,0.66849063,0.370635691635969,0.482648162308102,64.5710191380481,1.02004189109608,117.157463788986,0.551147293990144
43,54,0.102431816142,0.60301175,0.0262733613585188,0.48228226784799,1.35828277066798,2.16880763084487,124.142237663269,0.0109413427390625
167,126,7.9917909,0.46515652,8.32107513496131,0.48125263660439,99.0718560429176,1.003885358038,114.539100646973,0.864961008802335
118,120,0.00323887274115404,0.465933818,0.000318159473546143,0.480658749916863,19.8669669451378,1.00596488103046,120.05784869194,0.165478285356545
117,95,0.00756496304522616,0.5353977855,0.00173040144722235,0.480247058571371,13.868188201928,1.21158160532793,120.077747106552,0.115493407697114
147,41,0.000763262540173823,1.164667965,9.61189154202249e-06,0.476756084420386,23.8568747951999,1.05135341575038,117.497386217117,0.2030417489553
104,101,9.89922015,0.46913716,9.96328043636667,0.473728514473193,109.539714609303,1.0150292242172,115.607726335526,0.947512057207914
143,124,0.0117584651753249,0.441442592,0.0054399105000447,0.472704010751952,15.3421402703352,1.02940824383414,123.273669719696,0.124455938605711
173,190,1.307140265,0.28413646,1.79890988040267,0.471323381072687,36.5797440635489,1.04263323471316,119.483185052872,0.306149723472489
99,62,3.7109367,0.50594535,3.71824570516282,0.47080611900955,108.493024058181,1.01335525838575,114.294678449631,0.949239505546998
197,200,0.02357452065898,0.2682655705,0.0739931308112249,0.470012884859103,20.0521784943826,1.05680589023429,124.454187393188,0.161120962776702
147,41,9.20189125,0.51871358,9.41393503536744,0.469728356496117,125.474442454058,1.0069743311554,116.320842981339,1.07869268514662
1,6,0.0101167902373397,1.633167575,7.34282451041856e-19,0.469601252678528,30.0685460231022,1.00605998088702,122.305124998093,0.245848618556018
60,129,5.55030445,0.44959856,5.41332588881078,0.468089854649975,58.6015105586405,1.03866234333649,117.023261547089,0.500768050590181
145,136,0.00597630795878229,0.425834936,0.00229954460267979,0.467456971137899,41.0107253562651,1.00731574819822,122.442937374115,0.334937451157023
48,71,0.0193200396306034,0.622424935,0.000498290892758784,0.464778636413206,20.4923020339379,1.08281643867053,121.944784879684,0.168045743441644
99,60,9.0300975,0.488684525,9.03323828569434,0.463070088751984,144.019719903891,1.03993951139035,116.987883806229,1.23106526264238
143,59,10.26672665,0.490405915,10.4654325848902,0.463060843181301,81.5670130484897,1.00553781854842,115.320209026337,0.707308924751095
91,85,0.0344667720483401,0.5164729085,0.0134887734170071,0.461299480537541,12.1241713765977,1.07696077096199,123.228679656982,0.0983875783652504
144,107,37.4481525,0.45726396,37.7936293298293,0.46117717842499,112.041793878176,1.0483302161391,124.331042289734,0.901157038618565
7,111,63.0215375,0.45906556,61.3057585206107,0.460501791089266,174.754927909422,1.01739147761749,127.100611209869,1.37493381224473
34,141,14.269706,0.43957568,13.8889511007394,0.45993464623281,110.300716606597,1.00690287310049,118.698044538498,0.929254707063208
106,50,61.2147375,0.49361214,61.3253499373817,0.459403175523936,173.608024155381,1.00300985525544,126.834273099899,1.36877848480781
104,91,0.0100380660326201,0.574116985,0.000849245454449852,0.459370703187087,12.4106469792847,1.08827751253223,120.188015699387,0.103260270227991
62,19,0.00252433087300609,1.423720285,3.91348844672081e-09,0.457004052772508,26.2789144205802,1.0709730226121,120.570003032684,0.217955658618143
51,13,0.00319584950937062,2.144980655,8.85622042635236e-09,0.454612583735908,23.5324147171207,1.13723157928132,121.788372755051,0.193223820835924
5,18,0.05647877760482,1.28424635,1.47423956770853e-05,0.453638290639438,5.0489847115531,1.2765677612517,117.693688869476,0.0428993666529773
182,183,0.149232897433926,0.2855278105,0.318041773286726,0.453301429714338,3.42151034697851,1.25221965145968,125.464736700058,0.0272706932399511
88,135,5.62361985,0.42068775,5.60782448567322,0.447516143450064,99.6772607401448,1.01867450653703,115.152781248093,0.865608799542528
166,164,0.218271304076533,0.258709276,0.481344605009005,0.44697861607582,3.86391784291743,1.22329958725364,125.06218457222,0.0308959727205639
157,123,14.649019,0.43234424,14.9972682610855,0.444660254207418,169.642110695667,1.02354781132101,117.866009712219,1.43927932327449
51,57,0.15622852194259,0.927767629,0.00895469968868183,0.442514543377905,1.60233391511557,1.77459224808963,124.062954902649,0.0129154904973278
165,168,0.0208762127594065,0.286963708,0.0347939525514703,0.441004230928892,31.4249823519427,1.00967492114797,125.372690439224,0.25065253239641
3,30,50.9098715,0.488643705,49.3723736716202,0.440132140532718,209.741582244642,1.00116274656812,126.238935947418,1.66146506757633
3,8,0.97718055,0.780077965,0.512520245425355,0.438947782923609,28.2284387256554,1.0208233038313,115.387962341309,0.244639372711669
159,174,14.0552695,0.388072795,14.4651113218915,0.43508238784252,141.371779284236,1.00708552948736,119.439669370651,1.18362500523611
64,6,0.0036502473051634,1.559138235,3.22195845896976e-07,0.434870178801526,41.3474206877711,0.99572092045907,121.956260681152,0.339034834758271
66,50,0.00773273954341094,0.7781612985,2.5770584363933e-05,0.430404976559735,14.9869066233964,1.04566329583836,119.459436655045,0.125456029620106
21,3,3.84222645,0.562563175,3.58736736601598,0.429958606801633,95.3906974987862,1.01411293391125,114.806521177292,0.830882222722153
55,15,0.00468816405433535,1.54487194,8.76714658215469e-08,0.428394986928559,39.2244664514619,1.01901678742736,122.041280031204,0.321403269790622
182,163,0.175314565449116,0.307545691,0.480223487504031,0.428224273611497,23.5083158580309,1.03474673597543,123.90306353569,0.189731514195041
121,142,1.278132875,0.38679907,1.37705544829248,0.427780518363228,55.4070006424642,1.04715049898943,118.025012254715,0.469451344117533
79,42,0.0174788512023536,0.922976345,8.10348148083958e-05,0.426389610432071,20.4178372341046,1.00362277479993,119.398765087128,0.171005430577153
142,198,7.81841915,0.340905365,8.05191220125368,0.424837378007361,101.759766333453,0.998950961183928,119.28319644928,0.853093892204021
151,37,141.86018,0.466230605,142.845379221907,0.424001055447381,199.588163356977,1.01709527237821,127.644535303116,1.56362481858716
68,72,0.00312975225304624,0.5178341655,6.02729123049659e-05,0.423427196824989,10.6708984824148,1.06723884928845,122.134758234024,0.0873698743642504
64,56,0.00497177811996574,0.727975995,8.4317549944989e-06,0.420648489935034,6.15002611233316,1.16538465465456,122.396339893341,0.0502468138973145
59,56,0.0590214103418091,0.9195075535,0.00130674316779427,0.419458300992097,1.69107770460484,1.66946684249638,121.753797531128,0.0138893220490515
35,24,8.46110505,0.48661304,8.17130577565644,0.418697143351286,108.767146361575,1.00783499040494,116.472910165787,0.933840720616982
157,127,5.36537915,0.40318218,5.5814334450219,0.416844263771137,99.3037446830828,1.0109085380594,116.65231013298,0.851279709504933
113,89,0.147643619535285,0.4462800285,0.160499179678418,0.416040329074922,26.0468768030711,1.02436871746636,124.598330497742,0.209046756076264
42,33,0.00971888750445607,0.9168527,8.88913880282633e-06,0.415508486534007,18.3671591605147,1.00397043661981,118.229200839996,0.155352138304408
124,119,0.5333345805,0.400408235,0.598710774967416,0.413920300219323,54.2120371093199,1.03126635793652,121.541514396667,0.44603720283089
70,60,0.0209933242313131,0.695549345,0.000255756355524565,0.413459866465798,28.3060205551734,1.01132039579622,123.614437103271,0.228986364525736
163,32,75.997283,0.457976935,76.7978466401363,0.412232023965204,146.385090570799,1.00072296665112,126.777588367462,1.15466063407442
7,165,28.52194,0.370669155,27.4668892518402,0.411477065697718,167.87708851255,1.00442335445679,123.337252140045,1.3611223340855
38,27,0.3614928295,0.73165316,0.156560838709205,0.411427398708333,34.1734832875609,1.02565142615679,121.060966968536,0.282283250690064
3,8,0.00571882105003245,1.832198175,3.69306416738562e-16,0.40735434183929,4.82549531419917,1.18340330872703,119.09379696846,0.0405184437563706
147,154,0.0119129824237876,0.2749781455,0.012134537762697,0.406699093505968,20.7804740791273,1.00171275755776,124.681738138199,0.166668145547458
178,171,0.0989054827621,0.2976450745,0.223194992659698,0.406582249376153,44.5793264558118,1.0008678432009,125.356451034546,0.355620521224924
58,58,0.0209183964000955,0.65047414,0.000790806898560771,0.40657879315416,12.1453968584615,1.01929604809131,122.39749288559,0.0992291310232506
156,167,4.35421065,0.357397695,4.61403796309283,0.405479235673316,65.7671435995762,1.04249347245537,117.872458219528,0.557951743715144
14,23,0.605556592,0.597880185,0.280258691989887,0.402221153266216,33.6884417548789,0.999430295858658,119.213271141052,0.282589693516748
135,142,0.110516293144748,0.2923860535,0.132936320312583,0.398971895458316,31.313412194395,1.06026888117379,125.451108455658,0.249606500730626
114,104,0.0308102086945947,0.4033414575,0.0147704517510018,0.397019329766816,2.29744931818546,1.40232248227529,125.296389579773,0.0183361174722655
122,129,0.0107591590359361,0.369038571,0.00133277866947161,0.393820329661726,11.7063765724686,1.06619323461731,124.828126192093,0.0937799591291963
200,200,0.0198475851016141,0.161863982,0.162563932959979,0.393163573852133,2.42766285978143,1.38661937964015,124.914777994156,0.0194345528908918
26,9,0.00651470510138888,1.69516677,7.8225983018243e-13,0.391621076298179,18.2389660829004,1.10368674274102,120.655621051788,0.151165490044362
105,169,3.24903975,0.335621205,3.26640644932163,0.391060898590643,40.4895583716862,1.02878623626048,119.272706985474,0.339470440430412
165,150,0.046924416896281,0.2822913325,0.101510827172822,0.389564672985282,42.7770799413521,1.0146683840677,125.386827230453,0.341160876993325
104,106,0.0873249392599783,0.3951619945,0.0592436665918042,0.388503433029949,23.3448355528864,1.13861951781468,123.922928571701,0.188381890437485
32,33,4.551152,0.443189355,4.28568251957683,0.386163494763188,79.9769130640979,1.02964238194623,116.024475097656,0.689310707906952
75,3,0.002924254729082,1.639480215,2.5722707635914e-06,0.38382817982455,37.9905156106343,1.02930759869886,120.891165018082,0.314253863009361
72,4,8.04187945,0.479085365,7.9265054587935,0.382809507725673,71.8896940159287,1.02625887217064,117.932862281799,0.609581524818324
3,22,0.000981127674679151,1.21017574,5.44664721808152e-21,0.381236490284405,40.2967921573306,1.02015685950168,121.437791824341,0.331830738618993
180,141,0.32445527694432,0.2860866725,0.675042046786134,0.379396027105998,24.8587755438473,1.02397140582643,123.011451482773,0.202085051791529
2,16,0.00545781663536169,1.700406925,1.55011527310539e-20,0.379284775137232,38.5997650212025,1.00785899819267,119.942818164825,0.321818059737088
42,46,0.0915018284180768,1.056732995,0.000288147375213707,0.378531034627236,3.17280414304373,1.28845315636407,123.278939247131,0.0257367897746375
200,193,0.00178433869769101,0.1835616465,0.0413916038769768,0.37798526052098,20.1841496403924,1.05216705916178,124.483787298203,0.162142798499864
117,123,0.023905806484472,0.3395351935,0.0116512185843652,0.376475188985326,4.97015530981385,1.15205808900976,123.867962598801,0.0401246230707113
200,200,0.0202219722332466,0.1461059325,0.215932786353618,0.374343686593642,17.6519627916716,1.02520485930487,124.652936220169,0.141608880840911
71,14,0.00201943893996542,1.50093516,1.84386547783435e-08,0.373870939155978,42.7286677247509,1.0074906439718,120.175215959549,0.355553076261027
135,150,3.21351025,0.338895805,3.41076712787445,0.37371808855075,111.837586004962,1.00526108585157,118.873183488846,0.940814258713411
119,114,2.56109145,0.365460205,2.65486634684385,0.373612434621513,62.5165777261487,1.01678169755845,118.481705665588,0.527647516339782
125,142,0.00701349943265425,0.313989473,0.00245640257718767,0.369716275877349,36.0373425420772,0.999518835896227,123.897634744644,0.290863845918858
133,55,12.571473,0.395643195,12.7389603640769,0.368879518268275,144.203494620477,0.997704714369965,118.767874717712,1.21416245734143
70,182,43.465424,0.32345506,43.1095948004782,0.368489948916787,46.9492850360457,1.03669581556602,124.693124771118,0.376518634224814
112,112,0.52288055765,0.348354882,0.578111715896418,0.367255649537308,13.0947057752517,1.11873504079134,122.88192820549,0.106563316237632
110,105,17.157258,0.35880105,17.184940463406,0.36432211376992,122.486546286907,0.999619156833632,121.935429096222,1.00451974618673
51,3,0.00753558665646051,1.47289638,5.27065561232723e-08,0.363755446505342,37.2338977394513,1.01733967807139,122.171845197678,0.304766598877227
73,79,0.0136128189269217,0.52987247,9.96342233690701e-05,0.361740355276193,5.94233996006173,1.16435250438837,122.253544092178,0.0486066886991943
43,6,0.0041037838340531,1.79345598,2.71138685667365e-10,0.361140287643099,31.6845487099601,1.05507151733645,120.296431303024,0.263387270651009
200,199,1.773758755,0.23055385,2.65289945646303,0.360877091537799,61.5974974316772,1.03713371607965,121.624933242798,0.50645452202396
28,21,0.3889801336,0.49959594,0.227093274508289,0.360055133969932,13.8322776054847,1.00065009030393,122.932575464249,0.112519220826928
58,16,0.00328411223454529,1.51342949,3.29427259675976e-10,0.359539770069454,26.6717095496559,1.08614172227405,122.017572641373,0.218589084934905
49,59,0.0069552874624144,0.597769155,9.97881703064998e-06,0.359366587985646,21.0880545526822,1.018092887201,121.202225923538,0.173990653983416
158,174,0.79657075,0.263487564,1.07442714782725,0.358365999230743,33.7021469125057,1.1038745357795,122.048259496689,0.276137874079392
20,37,0.00452838800256016,0.72833243,6.97332937344435e-09,0.354271493771753,5.49671857778096,1.15245020332777,120.4643471241,0.0456294223893345
19,2,0.00563570716965126,1.677949265,4.21206742868146e-11,0.352364938122477,47.0029067855053,0.999885501470794,121.885149478912,0.385632761550146
81,76,0.0151173691602819,0.5122132065,0.000362319849591253,0.351006670201221,13.8939607089498,1.01800703959365,122.272310256958,0.113631292970185
86,89,0.03353800828162,0.45190885,0.00363799303550156,0.350584133121618,21.3194791795515,1.03341307883006,123.141825914383,0.173129471008285
19,17,0.519803057,0.726621155,0.166926623092236,0.346498628337629,28.6242129891269,1.08854145869917,122.193563938141,0.234253033192629
190,190,0.0375610438044573,0.2099530065,0.0969856851561918,0.343439125577471,1.34605371404751,2.1565807360014,123.845140218735,0.0108688456540977
83,80,0.0680930281788517,0.6075267825,0.00321701501395364,0.34260537477653,4.07072333272195,1.20161472685118,123.395200967789,0.0329893164466305
50,8,0.00664284361865083,1.57410503,3.23987958276951e-09,0.34039904485687,22.6971371938021,1.0842056154943,121.219644069672,0.187239761079952
29,191,12.070831,0.28110829,11.4227507644925,0.338684304509548,126.039841948935,1.00224742954227,120.222222805023,1.04839054717319
158,129,23.4178965,0.325727465,23.8736428868368,0.338210871619902,174.986922987193,0.997782643731153,121.574747085571,1.43933610541691
66,66,0.014587066619812,0.51395665,0.000146816888812277,0.337466874913036,20.9922537236146,1.02626386630779,121.740092515945,0.172435007151527
72,63,0.0103075163599836,0.487563497,0.000222531843194145,0.336364476838298,23.6192433355985,1.06456325892349,121.758051156998,0.193985063912885
186,200,0.345516044596,0.15583943,1.13246657183607,0.335712499564751,1.7045497838206,1.63040449215614,123.520535707474,0.0137997279080572
22,54,3.2920531,0.372054905,2.92334531858767,0.331930783830007,41.3572109690293,1.05659703206838,117.40318107605,0.352266527959234
34,3,0.00671359633505158,1.758646695,1.39977713557645e-10,0.329199620123321,35.7878858103907,1.06620792779385,119.632073879242,0.299149589653653
80,65,13.407873,0.33960461,13.2921469435045,0.328340649080329,141.527485025712,1.00314505210496,120.170728445053,1.17772012250408
88,81,0.0326632042583579,0.4778567835,0.00290710561653018,0.327420549647521,6.76107432368453,1.15357414242805,122.419360160828,0.0552287997160107
91,111,0.162617404805,0.321235875,0.116054407222972,0.326445156510403,7.50691821814536,1.09726920352806,122.270200490952,0.0613961389447538
107,102,0.5299106908,0.3278935905,0.543172528959896,0.323385573245349,44.8300218136413,1.01554902107964,122.057889938354,0.367284915676347
55,61,0.0123556678741085,0.5478021475,1.13821920237878e-05,0.322741205984188,27.8234984141652,1.00202741968936,121.474384784698,0.229048276008803
59,47,0.00610282720599756,0.720921735,1.82930528776682e-06,0.320464389311095,6.8652313888524,1.13175667635573,119.399845600128,0.0574978246776311
16,133,70.824254,0.305691715,69.4528535015716,0.317232358007344,145.81722635686,1.03269839085432,123.532788515091,1.18039289899982
16,12,0.0144079002927016,0.896702765,1.29489604793812e-07,0.316887536977242,9.06837357347701,1.11669234992063,120.589664697647,0.0752002553138698
6,3,0.288410168,1.158225265,0.011632587655154,0.314297446434471,41.5968174357817,1.01441813660712,122.307574510574,0.340100092755787
176,20,35.9335655,0.36034526,36.9138795874976,0.31404113764975,182.910573785182,1.04321952234887,122.262859344482,1.49604364535448
200,200,0.0805502347163676,0.1477406275,0.395287651372798,0.312354112705198,12.7296899830362,1.05190685868087,122.780266523361,0.10367863129385
65,48,18.3086475,0.33929853,18.0613821110109,0.311821170860529,132.803496458098,1.00752228029992,120.302531480789,1.10391273419966
59,1,0.00380925330817097,1.6799822,2.05752557481699e-09,0.309638583910337,37.4005171062779,1.0271485237981,126.890431404114,0.294746551748782
146,19,59.55254,0.34902285,60.0855301829898,0.309292082730456,142.430399218366,0.996330241493834,136.082016468048,1.04665115137979
36,8,0.00905206659943464,1.62333583,2.77553901818496e-11,0.307873489805745,43.6116240847945,1.00274850124145,124.237015962601,0.351035669577922
118,154,15.6207925,0.28615441,15.7945940761548,0.307458193879394,96.9849263693223,1.01430329177518,124.50144982338,0.778986321098326
149,151,0.0144170739242074,0.252772907,0.0148876105787942,0.305191927787775,39.0473808050027,1.05024450322801,130.661853313446,0.298843004402605
24,33,0.0111947828228009,0.634743135,2.12748187570177e-06,0.304056930256753,24.5268538031994,1.01981585562609,127.20272231102,0.192817051063023
96,113,0.16329987168595,0.3077771575,0.12545466356725,0.30347496770864,18.7791814714827,1.08627207358318,130.717979431152,0.143661809593481
45,49,0.0207856245220544,0.583780565,3.04321451954963e-05,0.300459168878581,12.6989480982283,1.04337427921393,125.18869805336,0.101438454874062
137,104,0.2021304130459,0.2834746625,0.28246208945098,0.300195629772246,29.3892294909071,1.03145941088576,127.805883407593,0.229952085986373
88,62,0.41776401664755,0.386418478,0.347912924349611,0.300088551914993,39.5109106427352,1.12289338373833,129.053991317749,0.306157990460394
174,154,0.0147214527327629,0.211967059,0.0362002561324234,0.29895071187836,8.15941862871067,1.10333730789693,131.687605381012,0.0619604146123169
44,76,1.313759875,0.32701708,1.0567635608737,0.297479528418663,23.9750216112639,1.00916162821168,124.643202543259,0.192349210563192
35,37,0.0580339306696427,0.936193914,9.92807582589284e-06,0.296089867425964,2.91266804748636,1.2536219691843,125.288065671921,0.0232477693056055
178,159,0.00721620613926205,0.186368375,0.0266525567062508,0.295084675083245,9.0415868545988,1.18128777454755,132.452923774719,0.0682626445451446
106,55,1.75037823,0.33758817,1.80575861285117,0.29424915243024,31.4939642640623,1.06049088681623,121.386459112167,0.259452038509174
38,44,0.169619348516561,0.589852467,0.0111404473795397,0.293610757193977,26.2223922456856,0.998295456176017,131.457854747772,0.199473757547606
46,41,0.00503408204043301,0.48533375,1.59138546390684e-05,0.291488283119392,12.0832159821212,0.998229378304389,125.7200319767,0.096112097588081
55,64,3.3230693,0.310729675,3.1562459272355,0.291126533078175,86.119538730694,1.02498588667773,122.284140825272,0.704257626127887
68,60,0.0988570349449192,0.463766504,0.0148937704988027,0.285631321885432,23.7227639822634,1.03823162327743,131.937791347504,0.179802645928651
29,13,0.00212011360234809,1.5473641035,1.3091866001197e-15,0.285017345807081,43.2865221350278,1.05803266099542,125.014120101929,0.346253064051762
23,20,11.4440035,0.33384017,10.7783696127556,0.284720278157397,91.0430325956824,1.02502917728793,123.074103832245,0.739741584629191
60,145,3.2381333,0.25693753,3.0728106598704,0.284238728960425,60.9306513100535,1.00217108846802,123.050168037415,0.495169184096742
41,128,50.8933515,0.27393831,50.1028905372392,0.284235736414718,140.640950421925,1.00400140046964,135.784994363785,1.03576209640021
73,92,46.8534535,0.289309495,46.4858584125893,0.283234808604391,134.460785704551,1.00550330486141,134.195874214172,1.00197406583421
160,117,92.9506465,0.276471125,93.9015400228164,0.280481868908968,121.485676753029,1.01457495423007,138.301400661469,0.878412482968259
147,143,0.0244303178448478,0.2248905415,0.0345885366292468,0.279310889617624,27.6781556260684,1.15615393529664,131.009943246841,0.211267594963527
93,163,16.1521855,0.254754745,16.1210264401157,0.278285260480636,108.40803501627,1.05873523348995,126.64675116539,0.85598749291798
156,161,0.2354797236335,0.192435798,0.407763343975739,0.277712281979477,33.3564552727904,1.02585043530888,130.230496406555,0.256133979315089
43,33,0.00685926717618545,0.648902585,3.28394400866355e-07,0.275538272544782,24.8177173171457,1.036305313127,128.444930791855,0.193216790761192
4,2,75.0349815,0.350980535,72.8947308001108,0.273371726867258,139.794678771314,1.00113759653231,137.343426942825,1.0178476093327
12,10,0.0400143594875444,1.477106078,3.38441454509956e-09,0.272333320975839,8.48921291505533,1.04231047183307,124.167758226395,0.0683688989502168
76,78,0.309256369033091,0.322048043,0.158835384083047,0.269229762641955,1.53004287161266,1.91325993625012,134.640271902084,0.0113639318310748
126,124,1.03551653,0.24698447,1.20553301853928,0.268374329248794,48.1579661083087,1.07350867203828,125.943698883057,0.38237693934196
71,63,0.063401071657605,0.400208994,0.00705231177275482,0.262574293384301,24.3273692655759,1.00002869688207,131.69305229187,0.18472781093766
11,2,0.00384395150664887,1.791833805,1.40829092285755e-14,0.261569338790482,39.277760936795,1.03463990917629,126.771980762482,0.309829985305549
74,60,0.0240453944059246,0.3230444015,0.00752845073852926,0.259287800225313,14.1449760041858,1.05828513711045,132.342069625854,0.106881931378096
174,177,0.00538242379947144,0.141032598,0.00725189431053327,0.258563801667762,28.2630526645817,1.00931190877362,131.462388038635,0.214989649026271
175,148,26.2258905,0.244282585,26.9772709324123,0.258459043940423,205.234318220659,1.00545736040057,129.941994667053,1.57943025845128
82,86,0.1253585030854,0.320279158,0.0447330053205943,0.258450620358661,28.2844043540022,1.00360343193719,127.982973337173,0.221001306787008
147,145,0.00814694097072118,0.206549324,0.00619153911524717,0.257815102737767,25.3751663298427,1.01289425333366,130.938957929611,0.193793861896195
92,86,0.0283650639337427,0.3004038795,0.00804496926958311,0.254421396724415,21.2770791250682,1.02963927456313,132.429880619049,0.160666754554241
61,62,0.159592102937959,0.427151172,0.0248260046955835,0.250642902031974,6.9013463070441,1.13824257359281,129.983537912369,0.0530940026551423
61,55,123.451795,0.26292749,122.703582867001,0.247487087799475,256.405509539628,1.01499472066774,138.48001742363,1.85157045983933
163,160,0.00449962716426359,0.160765019,0.00949345511642993,0.246094670521526,18.2874085384785,1.05326457231659,131.502726316452,0.139064862385219
103,112,0.0472460940494491,0.223545751,0.0289120579461366,0.243861779419897,33.5886918006369,1.02412004505874,132.794505596161,0.252937360998827
137,141,0.377500507035,0.1979316295,0.495054207731979,0.241120472740407,25.1775596060048,1.10977914272702,131.247687101364,0.191832406056496
131,136,1.997064585,0.215546685,2.25679829314823,0.238712946241705,6.56075308118396,1.12989934262396,126.286098480225,0.0519515066197989
18,0,0.00253032450930468,1.531026555,7.64940916014887e-12,0.236872213797813,49.7305025651647,1.01295055346711,123.430764198303,0.402902006547314
30,42,0.975019895,0.323045515,0.550396110516849,0.235891878981407,28.4116144008428,1.05645395144949,124.854109764099,0.22755850371705
77,77,0.0122546966911559,0.3611607985,7.26961138936667e-05,0.235245381746468,18.8273833980234,1.0098213246522,128.6724421978,0.146320246017258
78,9,126.283775,0.29011654,125.742595252813,0.233982003113467,144.464614247786,1.04544888465717,138.286773920059,1.04467412285789
75,61,0.0153462017863023,0.3358868475,0.00122330600551667,0.233454689845814,41.5216978885323,1.00016263489876,129.893070936203,0.319660606907398
200,200,0.0499906817520043,0.1195260895,0.281788193510187,0.232077712913583,8.19312300161206,1.15255899279059,133.448931217194,0.0613951938534256
150,141,2.7171992,0.2140803,3.04754476655707,0.231305581327383,53.010921361035,1.05873951027201,127.818362236023,0.41473635269358
199,138,52.5720235,0.21932708,55.3293923912564,0.22923514982523,188.896201735118,1.0000305878842,135.642096757889,1.39260750349712
127,73,58.8943125,0.24000113,59.2433255039855,0.228963312656589,140.563869533671,1.01515795658942,136.52646946907,1.02957228792556
109,115,0.440948703856,0.216338071,0.436804621534831,0.227089516941682,20.8657186805005,0.99985151577396,129.173125743866,0.16153297027026
28,17,0.0265639102296399,0.692782395,1.63535341856707e-06,0.226063017275268,27.0299005789108,1.04759996503663,130.453011512756,0.207200280510717
8,8,0.0296226605220107,1.090932435,3.97475040713546e-09,0.225674158142419,14.734425244483,1.05488396248699,125.671396493912,0.117245655380274
186,192,0.260247725114745,0.117020513,0.693737435948167,0.224992347751183,26.7374818100048,1.01206145055032,135.907456874847,0.196733000711112
59,57,0.108544427636145,0.413296209,0.00884212554104864,0.223399774814203,28.8467253324993,1.06943652613782,131.229068517685,0.219819630348224
170,160,0.00229107513387233,0.15681371,0.00408360544154247,0.221420416332496,30.7660921688091,1.02211451289784,130.260472774506,0.236189010476481
101,89,1.83859448,0.2237636855,1.9212654177575,0.22105320987382,33.1845457147226,1.02937290596044,125.400982141495,0.264627478573328
200,200,0.185287007051319,0.0941951085,0.874254140210597,0.215907064731804,12.8651525333673,1.12481483328968,135.72929930687,0.094785375000578
137,147,0.0132870859708187,0.167052364,0.0063992190515521,0.213452884184379,21.4382329127045,1.08718980972608,134.746162176132,0.159100879509145
110,103,0.0408944671624795,0.2229453605,0.0167213493879772,0.212329804581368,17.9416878939153,1.11366064956191,133.431862354279,0.134463295178163
85,21,77.861912,0.240565885,77.6411194231333,0.211026984288597,227.243900983317,1.00686484002512,137.008672475815,1.6586096111794
30,2,0.00725851157821065,1.86604503,3.06741263686351e-12,0.209545686501866,25.3014440384538,1.05086603444067,129.900923490524,0.194774935840232
193,184,20.9921905,0.17819011,22.3917462604805,0.20668579819247,134.989649291645,1.00914247025797,129.598104715347,1.04160203259253
52,49,0.00364555501968684,0.3500728025,8.83898258163028e-07,0.204966119202304,31.399922835835,1.03016447530975,129.524428606033,0.242424716123182
24,12,4.20132275,0.26916098,3.63835708163953,0.202718264866513,28.1241929210367,1.11978761240088,124.108364105225,0.226609972049843
14,28,0.147274599843686,0.55033709,0.000671263769708393,0.202564667196787,27.2310636693657,1.06572098663968,132.677094221115,0.205243141849213
186,97,5.776831,0.202091055,6.53374524909938,0.201636549382913,59.0258017511285,1.00047240059538,126.036636829376,0.468322570611238
33,34,0.006589620187167,0.427262623,4.00647809585457e-07,0.19760326686822,11.7205407311353,1.13573784937067,130.589409351349,0.0897510815720237
57,61,0.00981597715089315,0.308514445,3.03242382036676e-05,0.19702333509105,18.5827105182053,1.09564000079524,131.24790763855,0.141584813446178
3,6,0.0521740840710639,0.95782958,3.69884600147035e-12,0.195051276279984,2.16736210169346,1.42287671505204,125.188344717026,0.0173128106022373
67,27,6.3570607,0.229547945,6.11485087571097,0.192737757891878,90.4810811078842,1.01504539866317,128.925204992294,0.701810643723949
106,91,0.0316208417757451,0.2151605595,0.00900014510529217,0.189837811038496,11.0857161050513,1.09659100656181,135.154061079025,0.0820228117198004
170,117,1.4783775695,0.1731562135,2.06666536049421,0.188727759299764,28.4117797856258,1.01427737169718,128.620231866837,0.220896661226992
108,98,68.881418,0.190542845,69.0246412734297,0.188452058219412,183.159822894909,1.01769218796763,136.426515817642,1.34255296191639
71,60,8.9020014,0.20275285,8.69540215821151,0.188174366615352,93.7556032767472,1.01132633640947,128.880557060242,0.727461188990079
21,68,20.1542575,0.19485126,19.2059410882558,0.185724835593606,88.8471014240534,1.01516557645081,132.006566047668,0.673050622284729
176,187,3.9028124,0.1348675995,5.00882635378107,0.184866414501718,33.3895561305047,1.05157322986678,129.128506660461,0.258576181154958
190,193,0.216635115536689,0.101383645,0.645812942929516,0.183461610176204,37.2896423605773,1.07207393108089,135.664098739624,0.274867431450278
180,178,1.69631665,0.1349543065,2.57214642826078,0.179892836951545,41.6005004320381,1.01162664101626,129.49865603447,0.321242719468571
61,44,1.843498445,0.2315811865,1.56641812048614,0.179000636589737,29.5159388079828,1.08393630432051,126.371527194977,0.233564786808686
155,150,3.23945305,0.153088923,3.87105815839973,0.178592097373157,18.0146356934005,1.00271715673167,130.427523136139,0.138119894177527
31,11,5.308508,0.23349304,4.72983576891163,0.178051203961584,52.1890690459497,1.00584178614227,124.869172096252,0.417949988534568
163,164,0.00993493861817883,0.1101983245,0.0124747218711546,0.17789510257446,26.5073034568819,1.02885628077292,133.5759973526,0.198443612492076
143,143,0.00312107163007369,0.132927152,0.00173310528106203,0.177588446911438,2.80861172377106,1.36204099492899,132.291136980057,0.0212305358309413
36,124,177.933375,0.172107705,175.93749203072,0.176687379765101,126.767389150297,1.02760164467327,137.918110609055,0.919149693905204
14,1,0.00497860148614074,1.891831175,3.29837238946676e-16,0.175881703001824,46.9523908341166,1.0176168032051,125.330044269562,0.374629970872193
59,70,0.032161563987116,0.2148184775,0.00358874171754626,0.173448910748146,23.0150542889493,1.07348914136065,132.215024471283,0.174072911766152
32,97,17.143474,0.17330718,16.3090099051435,0.172580959417092,144.460215381861,1.01046074927252,131.41968536377,1.09922813299998
107,20,40.38819,0.19808993,40.5207439651888,0.171899502110401,151.894401947281,1.02540731421246,133.818499565125,1.13507775412891
7,6,0.00545449864876004,0.4889813,1.34342454775283e-09,0.170828681074716,22.972229640601,1.01537476674431,130.089319944382,0.176588129220927
14,22,3.53195705,0.20978676,2.69589725067552,0.170121590759401,58.3536719889455,1.01930211263183,127.457830667496,0.457827280468746
48,35,0.00804357370979278,0.326126009,6.93581306391597e-06,0.167355086680136,6.30823391067135,1.137567252256,131.980719804764,0.0477966321141678
174,133,6.60197505,0.1540637325,7.48616107331004,0.167349236841368,64.2547296009885,1.00044293808537,128.282023191452,0.500886468754026
85,85,0.00877116154608754,0.1843686785,0.000663456341922736,0.166738923346799,4.99170234459816,1.18980516773572,133.33632349968,0.0374369280146693
39,49,0.0411615017576998,0.2993728835,0.000344631147483026,0.165522902342571,16.6462884023418,1.11026026387117,133.098064899445,0.125067846891073
100,93,0.258001682017107,0.179984204,0.223800946258611,0.165351517299667,33.8827612971368,1.01184196580795,131.708472490311,0.257255745636481
16,17,0.72348417325,0.2848066495,0.22132648816342,0.16506303121252,44.6827504504842,1.07087331061927,130.814054965973,0.34157453847071
48,54,0.00859720938934864,0.3348920985,9.97273731601763e-08,0.160542830218862,4.70736567642862,1.23329753816316,131.936227321625,0.0356790986978379
165,193,2.60217652,0.1129832175,3.52992917417924,0.160392426253988,60.2949828678625,1.03101434807542,132.676533460617,0.454450996684806
49,43,1.490218575,0.20440868,1.09700717908545,0.157970147017389,20.9987819288407,1.10652538839574,128.696401596069,0.163165260787541
39,26,0.00878365146266448,0.408818174,4.09694155325982e-07,0.15690146495052,16.2856733639334,1.09638285001639,130.275601148605,0.125009389481584
64,71,0.07172046263125,0.2210670865,0.006432109527201,0.15650183513867,23.971320018086,1.02890105679565,132.946238279343,0.180308373733134
44,41,0.0452234051089426,0.446895905,2.98283499635361e-05,0.156284056224371,15.1030825886042,1.03908101028016,132.681781768799,0.113829362157057
183,187,0.608644567618206,0.0920705945,1.32826217416776,0.154083205677874,12.2764577592742,1.08916935920738,134.667799949646,0.0911610478812642
95,85,0.0765610797132634,0.1754979125,0.0322149948622652,0.152668956357699,28.6617730063149,1.01612483839892,133.279893398285,0.215049489277906
21,24,0.0593175078200479,0.4182308715,4.18005618495871e-05,0.151880722169266,23.8331770439413,1.00277256431887,132.365026950836,0.180056451412906
200,200,0.0406023827597813,0.06720023,0.349963387917523,0.151334848987976,13.2566501045249,1.0311554598938,134.697591304779,0.0984178705507007
65,85,0.0214739450175422,0.203263888,0.000442643448807986,0.150935384322109,25.844071118852,1.03506033755543,133.607216119766,0.193433198216518
43,46,63.4738685,0.1611553,62.421537454009,0.149731901581078,152.689248132018,1.01438572000558,135.576658248901,1.12622076767595
9,14,0.022833149151937,0.525817365,1.38421725313282e-08,0.14967795013604,3.68620065466758,1.22517599783543,130.620177507401,0.0282207598015148
18,19,3.57846325,0.196845955,2.91981745854681,0.149064364511645,60.7149847374191,1.00296211048788,127.456410884857,0.476358814091104
70,88,0.6418513015,0.169785751,0.423701397115599,0.149013441332344,50.732394904071,1.0371420747497,131.114705324173,0.386931387891528
146,117,5.01799165,0.1414634995,5.51756261428045,0.148624774687606,42.4353017526543,1.0712263337194,131.333659648895,0.323110631852489
67,76,0.0258992486102665,0.201016177,0.000462292656350373,0.148275894103273,9.62473584617211,1.15437484685722,133.417669534683,0.0721398888148774
40,29,0.0141541731483165,0.501659083,1.96842630579472e-07,0.147081878798123,18.3053155090118,0.9972232460148,129.634863138199,0.141206733018241
0,0,0.09483643583135,0.91025852,3.16350376651721e-07,0.144001139084022,11.8944401677912,1.06941625564895,132.602612257004,0.0896998932776527
145,143,1.02485236424,0.1190929835,1.42470529414742,0.142568643968579,5.04562806317777,1.1917601907247,131.668954372406,0.0383205599773122
33,185,145.02782,0.118926258,142.579066646906,0.135159322191415,147.268588072506,1.00425708739936,136.228164196014,1.08104362223223
124,127,0.221271433312705,0.118872593,0.23370806579962,0.133807700796575,14.1124859642257,1.03423267839819,133.646710395813,0.105595460766896
33,35,0.113495387704013,0.2606043315,0.00357425930242088,0.131421415411011,23.2530625936928,1.02871824896335,132.506177902222,0.175486629844924
90,94,0.131255237749355,0.1448701815,0.0456794632822398,0.130669905772359,21.9212177273106,1.00274274661762,133.513927221298,0.164186749528956
89,122,80.0100075,0.1267578165,79.5344521911558,0.130492460531012,149.799654701034,1.00762825071613,135.197416305542,1.10800678588776
35,33,0.00944034733222719,0.317400842,8.25234060861449e-07,0.129081196866411,16.1283724367127,1.02931590606231,130.737953186035,0.123364119168691
94,89,0.00159469921535981,0.13963325,8.31747639826327e-05,0.128001771783893,18.0724098778574,1.05556761593466,130.862665891647,0.138102106928046
192,192,0.0126403167943099,0.062371333,0.0783903975708751,0.127416705857752,21.5765709844318,1.02988808555693,133.836604356766,0.161215768198329
2,1,0.0392293511676842,0.5543636525,1.72241101698326e-08,0.125567046784341,23.2370005916118,1.04253800048928,131.225902557373,0.177076325167224
120,129,0.00258377716245804,0.1139941305,0.000428147042971864,0.124949293071268,31.060844780431,1.02808758367449,133.16487622261,0.233251031814927
13,20,0.0552616836476888,0.5248796935,3.54420959538843e-09,0.123669127695349,5.64349635708808,1.20924880076427,131.137628316879,0.0430349124772274
13,0,0.00228281933683557,1.493557575,3.50119060027061e-16,0.122722135718845,49.3154323203594,1.06078654653671,128.780059099197,0.382943078806731
142,133,2.67078673,0.109196832,3.23175089838684,0.120556676946572,48.6431071009411,1.07323959618685,131.553686857224,0.36975860018073
56,59,0.031811833534325,0.256617158,5.46669219386243e-06,0.120051757087249,7.95949609041399,1.16873112438713,132.539356470108,0.0600538308197469
80,106,2.179686895,0.1211226515,1.99663944458644,0.118697277896599,41.3778625308593,1.04857936922904,132.208055496216,0.312975350674026
200,200,0.0340938749007236,0.0615693105,0.205976855496953,0.117713163028627,20.4131289253428,1.10257439102365,133.659740686417,0.152724588724399
0,2,0.0166041956694884,0.50437047,6.92426330832234e-12,0.116928012760397,12.1774205486643,1.11700020536155,127.688896656036,0.095367889202359
3,3,0.0995912672256573,0.523040647,4.87630044634055e-06,0.116926806522285,16.1271557261733,1.01302204842969,132.05212187767,0.122127198691385
36,35,0.0880866905039349,0.270011548,0.00105461326450644,0.116579237448626,17.4906683045112,1.11043429806966,131.834046602249,0.132671860989609
132,128,0.00706092538253144,0.102457246,0.00291754278465128,0.115352100890974,23.8523392262877,1.03076924773936,132.336771726608,0.180239693889191
59,62,0.062705564759128,0.1773201355,0.00302616041249989,0.115294415587686,4.82201716853445,1.222620598434,132.520576953888,0.0363869315948747
10,18,0.103461701849077,0.3833907215,1.43785432943681e-05,0.113693981643506,38.542922923545,1.03537481353251,130.962203025818,0.294305700675688
0,2,0.0360840588353885,0.440696897,4.54662602157317e-08,0.113400371172509,11.8227779069473,1.07130278095057,131.139163970947,0.0901544401302311
165,165,0.0901872728496502,0.06430579055,0.205807794637689,0.113339848453201,7.7777234867375,1.16984555936335,133.8144967556,0.0581231755550582
131,131,3.7181527,0.1045921975,4.07265321913732,0.112878668195419,51.0475714208847,1.06056637740282,131.780045032501,0.387369509611981
148,115,25.8930125,0.108222908,26.6317942782761,0.110587586952344,146.602828318544,0.998850979174326,132.587946176529,1.10570253591043
158,168,4.9496325,0.0865780685,5.97968065519392,0.107731205447278,40.1616412102565,1.04407270710091,132.169998407364,0.303863521935391
66,55,2.508895805,0.128842482,2.26408348911033,0.107695309903286,51.0739628672536,1.06704567026678,84.7300758361816,0.60278434030911
22,25,0.0464365178396721,0.273511205,1.86866948982673e-05,0.106444994800789,21.3298582299684,1.00050391335995,89.4469709396362,0.238463728909982
59,81,0.133410356478309,0.134761765,0.0171004648680518,0.105385269643989,27.4150762503864,1.0537453123661,92.8211662769318,0.295353714567576
84,80,0.00908990171486673,0.151796997,3.03514220157258e-05,0.104919426737151,2.97965514298506,1.32202114647355,90.5329055786133,0.032912399352937
11,10,0.00252522875510722,0.349504553,6.34399401134696e-14,0.10485719890541,15.9462328039093,1.17502438866059,77.1203923225403,0.206770639044696
69,56,0.0403803425535413,0.181455069,0.000609458794543282,0.104392426936447,20.5566812998517,1.02666848571741,93.5792517662048,0.219671357826304
64,66,0.0283019506271728,0.229376272,2.3732567765575e-06,0.104327922489041,2.30879133566667,1.38984237402711,84.875598192215,0.0272020626050615
28,27,0.00434855561583213,0.397115891,5.65500864485392e-16,0.104097733601648,13.0321312080224,1.00174565432456,76.9384133815765,0.169383934958334
46,61,0.00130603000433448,0.187925609,7.83272506369858e-10,0.103305382670014,15.3747264187525,1.09308417390336,85.7180798053741,0.179363868785458
83,85,0.00904682899110846,0.132247257,5.91080159152341e-05,0.102150952802337,22.0909528327899,1.03797532256488,92.7013816833496,0.238302303931655
128,175,53.605894,0.08564924,54.3009424808451,0.0982350873801955,123.166205539793,1.04246722003656,102.829792261124,1.19776771722953
124,122,0.062095566972882,0.118527741,0.00559584154033748,0.0981976160968823,15.342523901383,1.07434245827548,94.2460427284241,0.162792234636243
26,32,0.18427680641587,0.1812878625,0.00656944168216656,0.0949040169263237,36.3902388530016,0.997744699824484,91.6995282173157,0.396842160046469
13,13,0.0271509251851401,0.326177511,4.64244886244243e-08,0.0919223627860495,44.0740628918992,1.00338922017135,88.3224170207977,0.499013323893988
106,115,0.2826791299691,0.083782684,0.243419378368671,0.0889958424777504,32.6054543256743,1.01468582437023,99.0512216091156,0.3291777102391
176,182,0.559948025805,0.0528087765,1.35758014603967,0.0876861437612681,28.2751636874338,1.0262283322849,102.84187746048,0.274938229305464
29,24,0.00786334846942064,0.1702465245,2.50324207669724e-05,0.0876066783956405,5.48486384681965,1.30909356230606,89.9688642024994,0.0609640223363771
35,32,0.0938290657947693,0.14907495,0.0032418386534117,0.0848327685689669,27.1113180237877,1.081161046929,90.5946035385132,0.299259745777929
5,6,0.00738522909231586,0.232800891,9.38002388222341e-09,0.0824989206821765,26.0033883078338,0.997334978755115,87.62260222435,0.296765761889317
9,10,0.0173200081687139,0.2056088895,3.67601213534148e-06,0.082166425172125,3.06104737089079,1.27744562315033,90.2002456188202,0.0339361312143933
58,1,2.5740123,0.143072186,2.15199602651418,0.0792458135916471,31.6662910661201,1.03082806185285,81.7292470932007,0.387453600667692
15,19,0.0847658792782628,0.3509243935,7.8546374079962e-08,0.0782221503691439,17.9767700431559,1.1111008947112,85.9706478118896,0.209103577798907
80,75,1.99214156,0.086942371,1.719280189935,0.0769746196334046,53.3147242403451,1.08306534984671,96.2577295303345,0.553874732974494
25,29,1.59759193,0.1161688835,0.684199272478925,0.0761615523401995,31.8594791638549,1.09631664281899,92.6155257225037,0.3439971745052
1,6,0.00652830762081536,0.2336271925,3.35824367753923e-11,0.0761267212513736,11.1643101857355,1.03182204838022,83.728031873703,0.133340172172875
112,119,0.0084749256079181,0.0742370145,0.000699674529459909,0.075417679543664,15.6393667931401,1.06239057864319,92.8246910572052,0.168482831615373
109,88,3.096728055,0.0793609825,3.37310031297558,0.075402831143888,38.7399994658736,1.02744758711732,92.9850342273712,0.416626178478837
126,134,0.00215807541240052,0.065151792,0.000309804748703724,0.0752484833379262,5.22408442428561,1.14910117210448,93.5172600746155,0.0558622485316339
0,0,0.01139356662754,0.309448275,1.16140891993498e-09,0.0734074487586244,7.95259817868573,1.18137103529138,86.443469285965,0.0919976748316014
17,19,0.00101415946812266,0.186241603,1.5679321479052e-12,0.0732052221220783,22.6309153488815,1.04995626221968,87.8421652317047,0.257631574645126
72,63,0.0176885388831335,0.1073728155,0.000241233346437117,0.072137244518419,23.7668306513019,0.999662573024468,92.1359891891479,0.257953823044223
0,0,0.93695897,0.1865345925,0.12765831993981,0.0718509166295771,41.5729435289479,1.01986647284569,88.4397060871124,0.470071027689745
1,2,0.0251245060475825,0.2657027385,5.05778399029924e-10,0.0710378410662987,29.4963028914717,1.04477586682555,88.8324553966522,0.332044214693443
33,24,6.2660592,0.1021927895,4.80570079914247,0.0709808683588834,19.0012687946353,1.05872954366086,90.6934523582458,0.209510921687917
60,69,0.0425436624736899,0.096333025,0.00242486894844977,0.0705204637602708,23.6063943594677,1.10099861558671,96.1132464408875,0.245610207059089
119,111,0.0140432481038028,0.077205811,0.000857093034680058,0.0698479052078118,38.9188623978386,1.00456810062322,97.6888628005981,0.398396104551647
119,155,0.39299913282,0.053080768,0.424637458247815,0.0697564541968815,15.2818049370275,1.05890347486882,101.19146490097,0.151018714394369
21,6,1.92705293,0.108023968,1.12369184882486,0.067983416837727,48.3597384222413,1.00944654950734,91.335330247879,0.529474610657186
110,55,3.56181845,0.080099266,3.59938514562198,0.067838651468568,8.0031005585317,1.15359315827799,97.5935971736908,0.0820043608423234
10,10,0.0105615575278103,0.2030010785,1.50848810679843e-09,0.0678012220482201,17.8798178892183,1.03429046703379,88.5222954750061,0.201980956246967
108,76,64.127776,0.0702161955,64.1176610420229,0.0673583524654173,119.753625308256,1.00943564553532,103.764440774918,1.15409117433612
8,5,21.323227,0.0916833165,18.610759236822,0.0662777605010892,74.7506292013968,1.05127824438588,96.8264527320862,0.772006276097173
94,106,0.0491677300386971,0.0595699005,0.0208728317312712,0.0654094193105418,27.4530475471375,1.0001927437285,100.727811813354,0.272546847319658
78,83,0.220850576242949,0.08689985775,0.026637156836617,0.0650597081835031,3.15169819587289,1.29628042517095,95.3842442035675,0.0330421257953943
130,110,67.898159,0.0616552555,69.1819959305,0.06213209090071,40.3886111190978,1.04612215063622,104.329247713089,0.387126448281968
125,120,0.278633968503297,0.05603460875,0.243233494454784,0.0607399765215001,14.511381456119,1.01845837730508,101.385166168213,0.143131209471437
155,145,5.10396437,0.050640705,6.72759217852724,0.0606714667968036,39.3535715743679,1.05754398364499,101.725892543793,0.386858946038997
81,79,0.135457046006941,0.07783104,0.0169992054359399,0.0587426471294186,17.0578974810837,1.15960270581727,100.399228096008,0.169900683546808
41,52,0.251479191421,0.0868187415,0.0229264121786295,0.058357379423891,32.1228701053834,0.997109690994958,98.2015552520752,0.32711162285492
145,149,3.936497115,0.0502192615,5.08208106882226,0.0580005112679472,27.5263506403248,1.02304816294891,102.190487146378,0.269363141413506
66,72,0.0899641627857224,0.07875231485,0.00661047123515673,0.057869529525739,7.22113674031235,1.11750800702443,95.2018990516663,0.0758507636112745
147,145,1.498721263568,0.04418920935,2.26653557428821,0.0574977617346026,8.63607186080649,1.06706228011012,102.135350465775,0.0845551694043526
134,51,18.4315735,0.0585335275,19.3315203188561,0.0522688344553616,69.9265118274585,1.09988621075865,101.282509803772,0.690410535470896
114,108,2.038600363,0.052511666,2.11363172825005,0.0517784214736361,15.4578746567164,1.08105020686494,101.659468173981,0.152055435016261
49,53,0.261774989139915,0.10572732,0.00472676078547228,0.0509524349217942,7.70014214211634,1.10621924536503,95.6572346687317,0.0804972270919447
124,128,4.425151829,0.0444780805,5.17451232210792,0.0500064897688261,19.0510830439164,1.06462714006619,102.852247714996,0.185227678219604
46,58,0.248717715759,0.070811509,0.0273919194579038,0.0499468258698601,23.1370264023224,1.09574890760873,97.2066404819489,0.238018990139042
116,179,16.9537057,0.0391901755,18.0989071171413,0.0495774584885733,35.0524687484333,1.01633115020488,103.888998508453,0.337403086483514
116,119,0.00287597213920297,0.0462027645,0.000182313193631817,0.0494722611209005,13.1379063511627,1.02770911497149,96.2142159938812,0.136548494580034
68,56,0.000400949563130814,0.0616047675,1.92985226207574e-06,0.0473929592963586,57.3029376348401,0.999065060767437,95.0085802078247,0.603134343335032
176,179,0.00343287914230569,0.0260614994,0.00375963072812071,0.0444727151002073,20.6633391412563,1.03697738338626,100.763543128967,0.205067611753283
160,199,69.468002,0.03267738,72.7575216095941,0.0428114634110369,26.6423768253835,1.0877929187865,105.958867788315,0.251440746598102
146,159,1.11527872072,0.03234855115,1.64855825853486,0.0423243663433449,14.7792375559339,1.04013780875412,103.744228124619,0.142458407789018
2,2,0.0661180404922474,0.156256797,1.05117712500096e-07,0.0408310061892844,12.7852879468453,1.03378088605981,94.6597969532013,0.135065659956636
48,52,0.590019734179845,0.0700992076,0.056769877988642,0.0402182132971572,20.3138327455643,1.1046479226746,100.25205540657,0.202627593650643
148,149,0.038799525663326,0.0301152917,0.0387720627458099,0.0386035758479858,27.2133208723076,0.997581030372772,102.357839584351,0.265864549142635
116,125,0.00568733773767891,0.0365349719,9.60082637876779e-05,0.0366190286938699,36.4810152143911,1.00734099675874,99.4819977283478,0.366709716807342
91,90,0.0942878912737975,0.04033822685,0.0191768975998748,0.0361695184319457,2.26215956184404,1.49710573065219,102.414198637009,0.022088339233722
3,0,4.77168345,0.0776349105,1.43321635449024,0.0333233452965498,55.6726474855877,1.12483847220849,96.6470563411713,0.576040798273867
6,5,0.00978837721662295,0.0983568095,1.77995264849221e-08,0.0329936334630049,7.89207417891732,1.11982048518064,94.4545617103577,0.0835541877068696
12,9,0.61710401615,0.081811449,0.0232755271423085,0.0328587743137067,14.2018922289584,1.10898562416502,98.8176553249359,0.14371816637684
49,44,0.0203814712612166,0.0644560075,1.12885622010042e-06,0.0289958207955036,18.4469991023611,1.04924568318603,98.2282302379608,0.187797327282317
200,200,0.143457345854434,0.0118811441,1.71550774632564,0.0282398105124258,23.0127332432053,1.06046820190844,134.190321445465,0.171493241802522
176,182,5.302823175,0.01856585405,9.74283880322685,0.0281985609983139,28.0386486467907,1.03786483913304,129.720146179199,0.216147217472738
195,200,3.22621995972,0.00913639475,13.8538846666811,0.0260261223532228,16.0683811913137,1.13245289867549,261.51652264595,0.0614430821759876
3,3,0.123521759119936,0.1263373435,8.93280476438712e-09,0.0259923712604191,10.9209196595925,1.22886388193487,97.4447631835938,0.112072925242956
16,16,0.15896454706727,0.074112696,5.7130563893736e-05,0.0259377708870135,7.86045003721384,1.11630055778733,98.6647946834564,0.0796682348798506
62,61,0.00400518658011791,0.04035382335,6.01256178751382e-07,0.0256065879836541,32.4682092543988,1.00133515660886,98.5316421985626,0.329520634487836
43,42,1.229654999485,0.0391530161,0.190416819755425,0.0232023570907809,32.3743951447631,1.0797598833668,103.318606138229,0.313345256530558
199,183,27.81354,0.01660593795,39.9347073002981,0.0217586500419568,63.5390706912857,1.00590595722973,155.478902578354,0.408666832847402
40,31,0.778813121617432,0.04218987495,0.0513307777134993,0.0202529954964812,19.023879277121,1.05418176470602,102.921833753586,0.18483812990223
30,33,0.3625940001085,0.046583742,0.00114415061462597,0.0201828844679117,15.826265374662,1.10668850611124,102.454162836075,0.154471667490796
64,63,0.0502129828839618,0.0379415405,6.75296428713027e-06,0.0191435857673357,11.4591930339494,0.997985413993276,99.2221341133118,0.115490289907118
5,6,9.5807627,0.0289825005,4.21131401698793,0.0185689676921326,42.6318705752156,1.06007403442528,104.590644598007,0.407606920667433
118,111,0.0884688940573918,0.0153197645,0.024347475119662,0.0159441967686851,17.8336864206881,1.05900458538841,105.420952320099,0.169166432556387
83,101,89.8046165,0.01445236005,87.6156774660561,0.0145502841996626,44.7645963078718,1.00689326256852,215.182502508163,0.208030837944984
0,0,0.07037632520245,0.1465295375,7.82382680514409e-19,0.0143201983382217,29.3722727996059,1.0262231151583,94.2507803440094,0.311639571496373
28,27,0.107603874781394,0.0334604225,1.85929739687484e-06,0.0130351233823358,18.3384378446094,1.00453631322311,102.019662857056,0.179753954591128
135,144,0.621857446711929,0.0092157459,0.512006246016963,0.011604402724408,6.42191639853473,1.13260267289252,177.540845155716,0.0361714871465338
76,80,18.398727954,0.01215291725,15.0020084445145,0.0106121657696512,31.7805789661267,1.00218229378348,210.496128082275,0.150979399268118
14,15,0.229396699763694,0.0389011779,5.52490761129342e-07,0.0105043178942218,35.9121418365223,1.01706375425572,102.760732650757,0.349473392317798
0,1,0.211700541723929,0.0681502165,4.36735451690117e-11,0.0103449695105314,27.6379093890715,1.03678145477299,98.8825516700745,0.279502388664953
23,22,0.9292890944334,0.0224690514,0.0136295196470355,0.0102598638650793,23.108143441027,1.01846719388811,110.967550516129,0.208242349529634
7,6,84.614834,0.0125510536,60.6183480968399,0.00839623683937378,8.60691614380213,1.13126587291846,218.79945731163,0.0393370086450605
66,51,0.0267489189024493,0.0127821471,1.22018107993131e-06,0.00583292632275082,2.08940780201513,1.44718158065183,103.629358530045,0.0201623153096076
64,56,0.702718646801688,0.0092688916,0.041325787504449,0.0058073921636495,1.4557265156011,2.06114297424299,191.320535182953,0.0076088356861904
171,172,2.02825940957492,0.001967086485,5.44088377906823,0.00322190100590264,5.34973064536688,1.17754321175347,838.281359672546,0.00638178409150911
0,3,12.85077198,0.00618549425,0.240879046707238,0.00237399302602172,5.957275359058,1.18150410908847,397.364785432816,0.0149919559494162
7,18,4.443874973141,0.0039104755,0.00121751167191598,0.0013097845980168,23.4687417535922,1.06572283916719,559.37882065773,0.0419550059582111
0,0,0.48773095,0.000195037635,0.0113094288553735,5.92948076326817e-05,10.7188475212693,1.1866187987882,4024.47271323204,0.00266341662251227
