"rank_mu","rank_nu","mu_mean","nu_mean","mu_sim","nu_sim","ess_mean","rhat_max","time_sec","ess_per_sec"
20,13,1.58689214908259,0.004533113635,0.000551947848417277,0.00158398597010649,18.7343465151234,1.06896404894002,89.8238880634308,0.20856753052032
14,15,0.871360353665112,0.01017524065,4.12843138699916e-06,0.00306086444529374,21.21998640608,1.02038886375867,125.769945383072,0.168720645790597
0,0,0.0701412572742,0.01791478115,1.70762434766706e-12,0.00386641882130206,2.29938362407452,1.42270476185784,209.516425609589,0.0109747176975956
71,66,20.8647856855,0.00605466135,15.1759776092798,0.00490661712623223,43.8934664188808,1.03080248181992,101.465909004211,0.432593240918572
0,0,6.247406131e-05,0.0181074425,2.56576582962765e-14,0.00708580100174964,3.57443340919616,1.27930532088713,157.74129486084,0.0226600993249709
60,67,1.21394519400814,0.01315872865,0.0434522829924038,0.00823277293520171,23.823038480574,1.05481809857113,114.027969360352,0.208922763548374
165,171,1.84005023386775,0.00562907502,3.19710123092644,0.00925945329450615,13.3033133773526,1.01597005745806,79.9012660980225,0.166496903328567
160,165,1.51844265774458,0.006548372745,2.97365330516681,0.0112054931463058,17.3889824417648,1.02229018355674,78.6472208499908,0.221101041509552
135,131,0.657256865629239,0.0117702681,0.305061115374446,0.0121920462335511,38.978649800105,1.00959402461939,161.849184751511,0.240833155013722
55,50,10.19362838,0.0218701253,5.41797392831385,0.0140917279828152,50.3361916374563,1.00578030272759,36.7378408908844,1.37014561598654
157,91,374.324505,0.0155237715,388.370916517968,0.0149697514047574,175.241312371996,1.02147615174759,114.227657318115,1.53414082444116
119,130,0.3602733111234,0.0132843973,0.151554209030441,0.0151942933614408,20.1428787178004,1.0757115081239,227.852072477341,0.0884033157951793
50,16,0.59027376765,0.0256587475,0.235266020266553,0.0159006765997249,7.47202120667544,1.01711455462101,244.261401891708,0.0305902657923339
0,0,0.04107198953065,0.120142368,9.72685703714159e-17,0.0166928823254202,1.39674739646347,2.06637545578094,123.223243951797,0.0113350967858779
41,33,14.617960155,0.0264154891,9.56415565691849,0.0174630644068498,30.0175085310506,1.00009701128187,34.0872850418091,0.880607196913254
171,185,3.20451524973,0.01038702905,7.21680076941441,0.0187600185944051,24.0124120622738,1.02880188396463,66.6811604499817,0.360107891047964
0,0,8.74993325e-05,0.055066315,3.93287720948485e-09,0.0215547628895094,10.3630205120782,1.11683093981801,120.096932172775,0.0862888029243716
59,70,0.7210529641016,0.0268504149,0.120954755047826,0.0219320440439581,17.4798074056097,1.0015232814562,208.273686408997,0.0839271043164032
200,200,0.00321423055,0.019230107,0.0222853437874947,0.0248530853759781,2.41201696895437,1.60304474918164,201.512009382248,0.0119695941514782
193,196,0.000801170185300094,0.01003018615,0.00726739128457756,0.0250213776140867,2.18323398698256,1.62335114301034,180.639896154404,0.0120861118360942
136,146,5.2616177918,0.0213289141,6.82735231035009,0.0261800489384431,30.6466066301979,1.00295979114926,39.5126237869263,0.775615580363917
120,116,0.102463905711,0.026451558,0.0586843164792133,0.0262222699036091,1.3984207359964,2.01819715786986,194.80521440506,0.00717855905586107
43,48,10.156343075,0.0342130138,7.1676325884218,0.0266279857759584,16.4898652667528,1.12983713362401,22.5181503295898,0.73229217433034
188,176,3.2921173876,0.016764122,8.82452177743624,0.0274784866909105,9.81449605346808,1.12895046708026,63.9701635837555,0.153423025730082
0,18,1.191754275,0.041765057,0.209585286235158,0.0278708533922961,1.61989027704647,1.77985044164533,217.980286836624,0.00743136134259965
200,200,0.0009835305663,0.0142583287,0.0488903524585315,0.0282081560857104,1.73080610852324,1.78617947955547,188.656744241714,0.00917436646900714
52,113,62.6070445,0.0272751305,57.4235620956412,0.0289044734599865,41.8104297797496,1.04344122256818,34.7745814323425,1.20232733386298
200,200,0.0005328227825,0.021247258,0.0299342277065575,0.0302401169956522,4.1647692138594,1.41443338294481,167.613634586334,0.0248474369292089
200,200,6.1323300215e-14,0.00831303715,0.000834416291729209,0.0306641487551492,4.72924249494186,1.71601548147661,141.53501534462,0.0334139398891981
70,59,41.2023695,0.034257679,40.3012169033161,0.030717059765036,36.9703400514006,1.0283444585902,27.3236877918243,1.35305088877727
199,200,0.05421851563,0.01704168495,0.334267017079834,0.0317220539587223,1.49012932164719,2.01276948018611,227.041633844376,0.00656324259306814
200,0,3.46973045e-06,0.041807167,6.61346921780885e-06,0.032376967987742,4.43189400731996,1.74720250713115,128.750118494034,0.0344224460463338
16,25,0.66478709437036,0.102618306,0.00321058327811282,0.0356758476132753,26.4268454374553,1.04186473137039,89.4353806972504,0.295485357488592
0,0,0.00185088357,0.0782125655,1.16831830377925e-05,0.0360496984377166,7.15304364315692,1.18485599615276,47.2598679065704,0.151355557262623
26,34,0.00599627707444383,0.078915374,3.71707246568182e-09,0.0373026533882966,28.3661331859175,1.03085350622659,29.3106195926666,0.967776648195268
200,200,2.37386228e-15,0.0163860685,9.56171875103348e-05,0.0377970638325754,8.79871920615087,1.21394761366958,104.313259601593,0.084349000690383
0,0,0.000146283381,0.0581831485,6.47765926867145e-06,0.0383366435295474,1.66021698244214,2.02049382431792,128.3327729702,0.0129368121954917
150,158,3.883519883,0.02901894985,5.47163548066203,0.0385538482498767,12.6586079419871,1.1224443434628,52.8753612041473,0.23940466133391
195,193,60.7229785,0.028030156,75.2968473474899,0.0393426506551668,86.1020745894298,1.00111952903097,34.7002580165863,2.48130934785194
58,39,7.07007988,0.0531186835,6.00759582617817,0.0403138547795374,6.03017434613705,1.19016069559069,37.3787612915039,0.161326222105378
84,107,31.798236,0.040576096,31.0689725139665,0.0404380129562844,57.0341263879726,0.995914270645562,22.4175310134888,2.54417519724428
124,129,1.7105470298,0.0359725835,2.00712842864562,0.0404670036906982,35.8359220684051,1.02527989979607,147.070499658585,0.243664923635917
165,149,0.15037694155,0.0292952045,0.422861728286968,0.0407331450101684,1.78067932058994,1.78080953736432,197.351594686508,0.00902287779036466
0,11,0.00236991193618,0.063323528,2.71436815324567e-07,0.0408477756278072,1.49567579227978,1.8580193950941,126.021199941635,0.0118684458882512
0,3,3.37227255,0.0737759465,1.01227015640924,0.0415660943201577,34.8971425555443,1.02346118751914,177.903129339218,0.196158115290956
89,60,16.49919835,0.049846686,15.9379638822194,0.0422594719498404,55.0025408569318,1.04486804697385,19.7565019130707,2.78402224740721
79,46,4.354903825,0.064437627,3.58032274292465,0.0457079197304701,33.3506345415133,1.00602436341219,88.0110704898834,0.378936812788192
0,0,0.25683763366309,1.170996732,1.39872729933919e-14,0.0459828714650954,1.62790268632815,1.78121524167838,11.6179640293121,0.140119446249011
0,0,0.257473485,0.24622102,0.0472904532384819,0.046012316915936,13.467994404936,1.11368096387377,130.56768655777,0.103149521600638
200,200,0.000312034436,0.021641053,0.0314507472730124,0.0471288853869907,11.0520599802136,1.04664093845292,168.182445526123,0.0657147061076414
200,200,7.717948595e-05,0.027185874,0.0331481131948547,0.0484761680549252,1.44712640487267,2.01068302037889,149.363466501236,0.00968862358895969
0,0,0.65891518,0.153137835,0.0216258608596251,0.0488759793952349,12.4032904342084,1.05401885844508,145.792981624603,0.0850746743498613
107,114,96.5354105,0.0497521985,97.2879382270218,0.0503152065983683,94.3320023790369,1.0286763834916,31.5489580631256,2.99001958132152
92,116,0.00416684366670716,0.058098175,4.11775936868999e-07,0.0519318013079908,1.73122448916259,1.73923552336498,116.286416053772,0.0148875900377053
146,157,1.15164654094206,0.0291253365,2.08000070752658,0.0520542900892221,2.88749037673897,1.28482367363297,208.377691745758,0.0138570033699289
102,60,0.000102277744,0.0555536295,0.000102853723141141,0.0525323793104306,1.39231612678203,2.12909019075308,126.774106025696,0.0109826538749153
30,11,57.035377,0.072821662,54.3501298202088,0.0538297748819258,99.1924065346972,1.02498345056522,21.1650154590607,4.68662102924349
200,200,1.3549135745e-09,0.0257097415,0.000170825437064688,0.0569045025938238,1.39244655907432,2.05568895802002,130.317151069641,0.0106850598531747
97,103,12.2471761,0.0618384055,12.5666424823529,0.0581715711821915,40.885033595931,1.01122767372477,17.5662145614624,2.32748116863075
41,54,4.9942014,0.07284483,3.43880240735472,0.0584527820999983,6.00722818558078,1.22155546008261,108.48866724968,0.0553719419536747
71,59,6.3834992,0.0746800175,5.62848864113267,0.0618351997470704,30.0889297344052,1.00407558100485,33.8858017921448,0.887950945324252
0,0,0.136794934,0.209055495,3.67192461828595e-06,0.0627216156474055,1.65147106777229,1.7557119253853,118.052167654037,0.0139893328567424
97,112,2.9053152285,0.061223465,2.62646397041629,0.0636925309425628,25.5002970677472,1.0148681064273,163.5176820755,0.155948254305446
200,200,0.20060230935,0.0226253055,2.68768981310499,0.0645220579688186,7.62541103572815,1.22972307701746,216.335445165634,0.0352480890493459
8,20,0.1306170350274,0.177809891,1.58822468955793e-05,0.0648090139472624,32.2769358713512,1.05158378547583,85.0530350208282,0.379491876609072
200,200,0.000928085921,0.0169846955,1.74800463302788,0.0682247347007635,1.73516357669092,1.84981981740205,158.553074836731,0.0109437396813508
77,96,0.0105440385771527,0.0871235265,1.46539277972968e-05,0.0683704962738517,14.8608998588819,1.07966548094379,15.3302812576294,0.969382075197484
139,151,0.0641821474612444,0.05678551065,0.0203940823429373,0.0692257761712301,23.4621553694503,1.03484748295784,32.6618111133575,0.718336019029118
0,0,0.0076444993,0.0978899985,0.00292894975585876,0.0709850560099559,1.78435311291859,1.70028636954743,128.984989643097,0.0138338043663524
111,166,0.094631497,0.068078685,0.0568702105764799,0.0728212890172889,1.61175275443425,2.05973718015948,148.292775630951,0.010868720661385
9,2,45.190806,0.1145097795,41.8509621848471,0.0739551731305586,159.058757665677,1.02275943137571,16.0966293811798,9.88149468432493
30,114,0.0633367725,0.0732074005,0.0267370772218807,0.0763714646657353,1.59736344598128,1.98301209427061,147.614100217819,0.0108212118193602
125,42,22.883233,0.0919681445,23.8565642144646,0.0770975901202606,79.0666667397103,0.999319913675907,13.2890758514404,5.94974907387108
200,200,1.831705669e-06,0.020824827,0.167042911590982,0.0801108738327328,1.94924739433643,1.60189035896071,147.496062755585,0.0132155893379101
200,200,4.1344319e-05,0.02628401,0.358652852659487,0.0831102020837575,1.39691802732882,2.02262366845497,144.115214824677,0.0096930641849873
174,172,1.8607693009786,0.042310409,4.48769028399395,0.0831230453712381,7.87181969975041,1.20447269694777,192.902408838272,0.0408072649126434
0,0,0.107876373,0.179984455,0.0296269425273863,0.0846157829950689,7.37627476602837,1.0445380589465,123.644181489944,0.0596572736148386
92,85,13.6648493,0.0912553855,13.4669537332348,0.0853874138568235,56.3223799896561,1.02225332169008,16.0849256515503,3.50156296707704
34,47,0.0475837759687755,0.148585,0.000141800797155449,0.0860711835148407,32.2245452616185,1.02277858182101,13.8454878330231,2.32744022097649
59,71,0.0158363127101356,0.130376238,7.81365583742493e-05,0.0864393549869502,8.97342441640113,1.12426753878403,12.5397918224335,0.71559596390969
88,45,87.1804635,0.097667069,86.8962759743121,0.0869858325897185,107.687218187257,1.0163786153806,25.1425132751465,4.2830729374102
35,54,0.03259596626256,0.157984863,2.51066008048399e-05,0.0883004343925498,28.5488240155822,1.00725086431048,12.0690400600433,2.36545937983072
45,42,0.0836223849540038,0.332643092,1.22758859216602e-06,0.0883693744541247,3.85360729402967,1.22985637984966,12.1411983966827,0.317399252373848
200,200,0.03706066255,0.034116989,0.712754696036278,0.0897674749975695,2.99676125980861,1.28969815913777,161.718252182007,0.0185307546883198
190,183,16.5606408,0.0676031875,20.6784033497709,0.0902747291354691,53.7047152894138,1.0467594965047,15.900741815567,3.37749747227744
200,200,0.4816462475,0.0392315115,2.30515037212001,0.0906710301303897,6.75880607280806,1.11496963078893,203.497383594513,0.0332132332781025
67,39,8.0418315,0.114145185,7.75912569771617,0.0910289982668684,56.4647004445703,1.02509712512698,13.1667330265045,4.28843664794504
140,103,20.066346,0.0926906435,21.0127335699947,0.0926082041878204,118.846696620677,1.01118831836309,13.242250919342,8.9748108040368
200,200,0.0003976090165,0.0649250585,0.00257827000287556,0.0934456221304444,6.52269141724461,1.38109919522345,129.315468072891,0.0504401485332595
200,200,0.00221924345,0.0808739225,0.0587365013587945,0.0944986563743665,1.64304303128084,1.90929694193896,125.893748998642,0.0130510294939152
3,0,0.0117782877055007,1.627916564,1.2802746002347e-24,0.0947271618367159,18.9936316954016,1.06293144024865,11.5403294563293,1.64584830678161
0,0,0.319665035,0.27544086,0.0383997713974088,0.0955467097747288,2.37343474316459,1.43218993793139,130.777994155884,0.0181485788835048
200,200,0.00141960934,0.0376779345,0.17267142151663,0.0965697557697727,1.49588550142646,1.99212355793861,148.953058004379,0.0100426639202163
177,200,0.0016371183,0.0802499775,0.00206353496178348,0.097116556105973,4.75109852560347,2.06489325119258,127.827015399933,0.0371681878884419
135,101,0.2555275958694,0.104493657,0.278034116226696,0.0971655945431638,25.6552957220122,1.00335449952832,128.529803276062,0.199605811789104
0,0,0.534966855,0.36457803,0.0371733762001119,0.0987770785441587,5.38846058886089,1.41018955713611,59.7570958137512,0.0901727320493527
111,110,0.169934877305,0.105154953,0.0937159160986064,0.0991985941554278,48.8082643394576,1.02925912185178,73.8064177036285,0.661301088144507
0,0,0.0950057173579,1.036677015,1.43666403765532e-10,0.102139808161208,6.46107838538528,1.23201773158255,10.2283244132996,0.631684929447892
200,200,0.0503546785,0.044148207,1.56091431210033,0.103708020904164,2.2547434847571,1.43772909532865,170.548538923264,0.0132205382643096
3,5,0.0199964637330615,0.5089501,4.64709162507844e-11,0.10380793755099,37.1701316937691,1.01420886987685,10.8248279094696,3.43378499913634
65,80,0.00535746445329096,0.1390499715,2.04128429787991e-05,0.104577262375677,11.7526785472352,1.13582392188621,11.5457170009613,1.01792539573391
81,104,0.0280196811281967,0.1284641855,0.000386322020185452,0.106006420872434,14.8507044611373,1.09015229999664,11.835186958313,1.25479255320983
186,193,13.1606861,0.072162268,16.5098422715938,0.106509016134051,50.6060424802331,1.00185473625574,14.3273019790649,3.53214042351998
172,200,28.306417,0.0670523425,31.6646734381143,0.107109937012542,71.4231293929303,1.00586155713712,16.4168796539307,4.35059103182435
11,12,1.973351935,0.1839545835,0.896606329017541,0.114907213892245,8.86185408085433,1.09903501652369,154.887581110001,0.0572147490285917
200,200,1.33357378e-07,0.017531978,0.459464623438787,0.115285412456777,13.1733474843317,1.05045101241966,125.980429887772,0.104566617974451
0,0,0.029298448,0.13023353,0.0138712723945231,0.117851874481177,3.25921987491057,2.08631423544739,121.56560254097,0.0268103789788082
3,51,33.62489,0.133999691,30.2340078357629,0.118518156687282,130.384365758688,1.0268755444546,14.8187921047211,8.79858255904337
0,0,0.1302288429736,1.963012335,3.95010859652698e-16,0.118973993501808,1.37095607085859,2.14515882063442,9.50099563598633,0.144296042581675
200,200,0.0115331183,0.106248915,0.0563820543226863,0.119902593765843,8.59482268127102,1.15618418641367,120.174557924271,0.0715194865679235
136,87,96.402915,0.124814649,97.4431105241153,0.120320812725287,169.737955573106,1.00840878338703,25.4041576385498,6.68150300388371
9,14,0.072018097709955,0.365024705,1.98156650153036e-05,0.120439034891888,29.8884000898659,1.11551991415164,10.2553970813751,2.91440690718319
200,200,0.0234955426,0.057143097,0.444810372405348,0.121182943981895,2.33106824740359,1.39031644786585,138.321733474731,0.0168525089213795
137,153,0.00885510283552916,0.081708356,0.000311949932037416,0.122680289529876,8.87957525389637,1.15065622584914,11.5686411857605,0.767555593722275
134,150,259.99297,0.111948057,262.386856980954,0.122846808146452,124.56284999876,1.04605502029186,61.9936408996582,2.00928431031136
187,182,0.0577825790312108,0.049698224,0.269824044935363,0.123960483806523,19.6572227853498,1.06443404188106,88.7425088882446,0.221508531048007
141,141,5.471876355,0.1084325335,6.42364417365247,0.12540368278449,29.6777221284125,1.01687576612369,29.217747926712,1.01574297248557
148,156,6.63547195,0.105539371,7.92857185774471,0.128723661433036,32.0322004898294,1.00486346158669,16.6454408168793,1.92438282904153
200,200,0.007732097805,0.0317162565,0.960266110981718,0.129585008377379,4.83671996752123,1.3923974460569,156.767881155014,0.0308527482280546
149,163,16.504507,0.113147695,17.4821751629313,0.129682781653995,96.8651901226807,1.01239368789448,11.7138638496399,8.26927744474839
13,4,0.0254881255597324,0.45841935,1.84659471480198e-07,0.129955454254512,20.1677985891856,1.01460788232121,10.482973575592,1.92386238921208
18,19,0.00601156670380423,0.3459910775,3.85629551460351e-09,0.130934593556834,10.7325124751735,1.14779318934522,9.15900778770447,1.17179859695953
0,0,0.0236565396784384,0.56845603,3.51031045810657e-09,0.131782564579822,26.5071520858508,1.06457110285044,10.553715467453,2.51164172159058
108,137,0.0197724705,0.121352557,0.0166958299722446,0.133260738229316,3.37757284230896,1.2326610689578,117.179323196411,0.0288239661245322
48,43,0.0206732320946518,0.254009296,7.59244983451921e-05,0.136189877645742,9.18378730731108,1.11786439118947,11.4005806446075,0.805554347940602
91,101,0.06612736415,0.155768057,0.0182269383808707,0.136655522798177,2.31329293597898,1.39232393161601,112.845364809036,0.0204996717401169
43,82,5.5762233,0.1467434835,4.69631913307927,0.136816600086418,32.5946723430645,1.05841560022736,19.1698513031006,1.70030908574614
200,200,0.143303655,0.0872698945,0.661628069566927,0.136852051073559,1.40593555143157,2.10521198029659,132.494877099991,0.0106112446171827
144,109,67.527073,0.136504189,68.9219997960527,0.137523933014426,138.78948841981,1.01130217223008,19.6455402374268,7.06468169072807
100,79,55.98541,0.144418195,55.9178368065553,0.137669464360001,118.921913923627,1.02510601190843,17.9558486938477,6.6230182683804
0,0,1.9368099,0.35904072,0.730870460607186,0.138572230251021,21.4068957485904,0.997154273840253,139.856547355652,0.153063236247018
188,168,21.8706925,0.119752925,23.8963761869235,0.13901446726895,109.449785474511,1.02476382257422,11.9367945194244,9.16911029141081
74,71,32.1093775,0.1461001095,31.7640918785073,0.139463254349291,81.6309542106133,1.05339432497413,13.2482311725616,6.16164929093922
2,1,0.0160459206353328,0.760032715,1.9449647284296e-10,0.140112461397078,23.1182106610451,1.00638839335789,8.91424560546875,2.59340068517547
159,174,20.9466235,0.1144346545,22.3923367597615,0.140356485691305,67.5590870553026,1.01716702406158,11.4725496768951,5.88875960078531
200,200,0.0023589253455,0.0788013805,0.0252334333132835,0.141396316946747,1.57834749732296,1.79099020613287,120.038504600525,0.0131486767731365
78,104,10.98730075,0.1433995925,10.7465181273467,0.141622572546728,53.475474886925,1.05654993174053,11.2642393112183,4.74736672485889
128,109,25.9390265,0.14068789,26.541463479886,0.141735395689133,128.218099313381,1.01285142996126,11.9613568782806,10.7193607395996
69,84,0.590583768807883,0.2038996375,0.185778602477242,0.142850198124143,21.9279912905326,1.02687639208754,15.0533223152161,1.45668782155601
84,87,0.00528559181191762,0.186294981,1.04052746709497e-05,0.143071076254359,30.3968616671813,1.08023725956188,11.5985441207886,2.62074803101362
153,189,1.13406477,0.091130677,1.75017614775657,0.146204993634608,1.37619469927357,2.12543804262708,155.151706218719,0.00886999397437194
8,14,0.0199023220769544,0.5504313165,5.68849744855647e-10,0.146348363926763,46.313105693853,1.00048059600729,10.5336835384369,4.39666765427865
24,11,0.80190575,0.17289453,0.708869340865839,0.14739328445714,1.83655645877674,2.04113954464225,137.156486749649,0.0133902267570399
192,194,0.040893721543973,0.04359720755,0.328212866562243,0.148144522264631,12.2393692584628,1.01950435211497,90.8334932327271,0.134745112434507
12,5,0.00734350129826492,0.627899205,6.99370159271715e-11,0.148586805023942,40.6870584545256,1.06336328527636,9.0043249130249,4.5186128718735
49,88,0.0834463107771157,0.193519692,0.00228294112894283,0.151490146776581,9.98992868749691,1.12303547288787,13.2162554264069,0.75588193214974
187,189,0.6616462685,0.0985492305,1.34806116346714,0.151981692060328,2.87320927800337,1.26348295908093,146.809965133667,0.019570941763983
21,2,0.00753594047632944,1.38177508,7.46962749467191e-16,0.153356073985969,33.3107136030428,1.00270002734691,8.99049067497253,3.70510518361052
50,65,0.0230193369365257,0.271570724,1.3908972802449e-06,0.154208597462728,7.98926855584744,1.13804628827462,11.6334362030029,0.686750536680226
28,34,1.006654293,0.3113131215,0.282178117812435,0.156433903780093,3.95236738884326,1.23469737401545,7.77761197090149,0.508172354654658
0,0,1.622408875,0.30075856,0.548274845085055,0.15656727596544,9.66433605386816,1.05269996102702,138.320180416107,0.0698693135361379
0,0,0.18744204,0.220834585,0.166937022318924,0.158571321950611,2.62656626228506,1.83272657716622,121.384447813034,0.0216384084584766
200,0,0.0895190785,0.16986593,0.155781124249839,0.15916669049565,2.0674436468857,1.60545460392395,118.057482481003,0.0175121779953115
191,150,75.562702,0.146224187,79.2897796585069,0.159364471486564,218.582537904018,1.01725696158844,20.5996775627136,10.6109688968949
20,167,21.294613,0.144828684,19.6643892448921,0.165424368711915,94.5478857013827,1.00288510021992,13.8608536720276,6.82121663921671
200,200,0.00208609225,0.079361988,0.241881964728581,0.165691674221618,4.4851065824724,1.46030657489697,121.387869596481,0.0369485566999556
66,194,70.182296,0.1312191385,69.1580578766269,0.166757206140598,153.074744623491,1.01041466728781,20.1627366542816,7.59196270070737
8,8,0.37496434017224,1.17412563,0.000288486836702008,0.166814990518033,6.23522763927899,1.17528986821254,11.1755969524384,0.557932400910231
66,79,0.0150268776929942,0.1896030495,0.000896520358623149,0.16690761517076,9.71576612747306,1.10891386833134,10.6710472106934,0.910479162507779
123,168,111.0281235,0.1457709015,111.875449266135,0.166968089985447,114.708094713204,1.02128009729333,29.0053489208221,3.95472211095719
95,183,74.410685,0.13800969,74.6089472641055,0.167020787071549,119.084581902339,1.01142223428424,22.0865573883057,5.39172220499115
0,0,0.352085685,0.294378855,0.103435362162914,0.168372234837606,6.77847046337377,1.56234790837055,122.578496217728,0.055299017956083
13,1,0.00541745058352518,1.44119115,1.77771830602711e-17,0.169147637266282,33.7755516093224,1.01792532049564,9.52822232246399,3.5447904620878
0,1,0.00295788581680874,1.367212375,8.30399019019003e-36,0.169280970830653,43.8183910168278,1.01436547146754,9.04292559623718,4.84559897684671
5,3,0.019301615582872,0.570132705,5.45765830779853e-07,0.169471699695701,7.97295879245735,1.14335296853203,9.33596134185791,0.854005120684303
180,186,0.0142541872400654,0.0972758095,0.0386521463124686,0.171579551427004,17.0281290726298,1.0017068860827,35.7976145744324,0.475677758841276
172,187,11.4414552,0.13310451,12.8301404596735,0.172663973960343,94.6795914117915,1.02765357950896,12.3130691051483,7.68935759259276
50,75,0.00378314849098057,0.245432104,1.00904381034506e-06,0.172788385642733,11.9294112615764,1.01962329636769,10.7804567813873,1.10657753224082
8,11,0.0215161102130164,0.501292335,1.95195852207081e-07,0.172794297716422,13.8645316778208,1.04383713328161,9.88235354423523,1.40295847702276
185,196,0.03011526375,0.128075261,0.0740049134005827,0.173632291875343,1.41243157908156,2.07930632066563,120.425828456879,0.0117286432419048
3,6,0.0182067145137688,0.748956245,1.1232710362888e-12,0.174950141899425,13.8190408452594,1.0110539488757,9.02795672416687,1.53069418335461
103,103,2.9490509,0.1734379525,3.21400303540489,0.177109849116379,4.52508848774631,1.21022151896459,114.694330215454,0.0394534627757615
200,127,0.10085645,0.17687204,0.285054117177659,0.17988282220302,13.0426379545666,1.02319697823467,120.295842409134,0.108421352669926
79,107,29.687621,0.183004725,29.3435442147794,0.17990576948179,113.813660633985,1.00376614680249,11.338033914566,10.0382183976155
0,0,0.410551385,0.32436576,0.14938102825775,0.179968228430186,1.69257021773338,1.67390996221522,121.755705356598,0.0139013626735288
41,42,0.0481556426133495,0.464160674,7.37715517468991e-05,0.180032395529745,4.30353371358137,1.24495066520372,10.0958597660065,0.426267184105676
48,30,38.252836,0.21760109,37.3289035776872,0.180900086758487,132.84425205207,1.00470972314428,12.9084618091583,10.2912534441415
32,24,0.0136099662547409,0.4796626575,3.22814691941467e-06,0.186760217029576,14.3037111575828,1.04931473182479,10.0201263427734,1.42749808418322
50,36,0.123455545,0.194218565,0.116299059322059,0.187368033704447,1.75572358934882,2.04005203794886,119.937567949295,0.0146386459169413
127,129,0.0542885258298285,0.1607260015,0.0390850676468124,0.188873298029677,22.3927046135803,1.00425245923282,13.1792840957642,1.69908353525647
52,1,0.00144920957760665,1.02009083,9.76945928069838e-12,0.18963896310847,46.2607640974532,1.01535338869379,9.77032971382141,4.73482118336409
184,184,51.6433855,0.154663095,54.1154770147193,0.190626289512265,103.135917615928,1.00711525466601,16.5988726615906,6.21342905139471
165,113,61.5275845,0.18998577,63.3490419716079,0.192185699984905,153.201147857669,1.01495120648009,17.8696839809418,8.57324326614057
130,121,28.6788015,0.1846737,29.3109095148725,0.193190925530651,86.5858239269886,1.00787948774793,11.6351108551025,7.44177043135061
1,93,18.775912,0.195089955,16.2068093340819,0.194415932778573,90.1626602155501,1.00930225071731,9.61607241630554,9.37624596739365
90,78,0.0158262801977978,0.363039726,1.66805800310761e-05,0.195792721313525,2.97563477701317,1.31588459527427,10.3159554004669,0.288449752010219
21,21,0.00701572417978529,0.541453296,9.63293474253016e-10,0.197280465653101,4.66523025067624,1.19895093491989,8.93749737739563,0.521983957441527
18,21,0.0939168701685095,0.454664769,0.00090843268825637,0.198603776869078,23.6795008644037,1.05923214925573,10.2152154445648,2.31806181601415
31,0,0.00425607270850531,1.588166725,7.66042418674738e-11,0.200460864386987,34.9620128896916,1.00955449783046,9.66950130462646,3.61569969207861
82,103,6.15538175,0.2064280175,6.02085877343286,0.203294443703772,73.1587372954683,1.03700142285783,34.6390082836151,2.11203325154299
174,177,0.0171682937470326,0.1099364425,0.0384035928215778,0.204808377837707,29.298745370196,1.06578711181589,13.3287000656128,2.19816975593779
10,9,0.0241056360772497,0.895849565,3.49074214026377e-10,0.205927696335702,12.4948878438823,1.00715993714217,8.69848465919495,1.43644420073493
79,72,0.0386756043219234,0.2908244385,0.00425698478213149,0.206511667478894,6.95545815242596,1.20320151945272,10.1882486343384,0.682694190342327
62,60,0.171564711576115,0.4815259435,0.00830251268405842,0.208737279373983,2.8493444478245,1.28745819487454,11.996529340744,0.237514064851008
56,58,0.0140896262064976,0.421580014,7.63381617100224e-06,0.209206018726299,31.9010447710023,1.00050283201417,9.3107635974884,3.42625440298018
109,111,9.16133505,0.21107146,9.2178889497496,0.211328826752512,60.6508286015517,1.04498288626042,9.85460114479065,6.15456959753394
13,113,71.490704,0.20509421,68.4438926355195,0.211511592912423,172.433921164114,0.999241457041794,19.0911345481873,9.03214634671812
186,152,1.76477411,0.1666555465,2.98807461947238,0.213421997967826,5.94314013737937,1.16152295102107,152.180606603622,0.0390532030987311
160,158,0.0029459537580735,0.154935798,0.00128850482890014,0.213569451794023,21.9495361215512,1.0515599681357,10.7881515026093,2.03459657720253
115,167,19.656069,0.183620205,19.8188793684147,0.214436462652571,68.997323105516,1.00957945159737,9.67290186882019,7.13305314591511
186,190,0.0164853517476803,0.0859176065,0.0780662215393919,0.214907218549622,20.7237571365173,0.999880722605715,26.5096859931946,0.781742837008231
64,64,0.0126546854418169,0.3346100985,6.50556260418158e-05,0.215645962595673,13.0026367585034,1.09998806175836,11.2433469295502,1.15647385426926
14,18,0.0183296785155122,0.5759379715,5.90983974354397e-08,0.216453767329759,25.539424331806,1.07991288925313,11.5491979122162,2.21135913731218
0,0,0.458469055,0.337661815,0.255592889565988,0.216839148810937,4.37710055627574,1.28563128166593,119.345844984055,0.0366757682838523
184,179,1.932036932,0.1473557755,3.03112371704034,0.216848185802631,22.4819302835188,1.0627683975858,82.4813501834869,0.272569862562941
74,71,0.109199124699947,0.525261803,0.00191133430629005,0.217208450324203,5.14577908021965,1.19799989880381,11.5506706237793,0.445496131594824
16,6,0.0050702982450185,1.549642,8.79068784807228e-17,0.217687232347849,44.4840884329254,1.11220153159694,8.85635828971863,5.02284200545128
74,3,0.00300052223859903,1.4299119,3.03810265787675e-09,0.224867416630652,50.8915412468448,1.0026096827641,10.0687055587769,5.05442739881124
143,145,0.0065759678927409,0.1689558305,0.00846841240067821,0.225285163795086,15.0957089623358,1.23815209114416,11.0956377983093,1.36050844816113
84,82,0.0753793647496526,0.332391521,0.00649374285905988,0.225932616356236,2.28787513218356,1.45338732120998,10.1014666557312,0.226489401010446
11,9,0.00129728141815209,1.268478325,6.41423670369121e-20,0.22648131660221,23.2431917579972,1.08328248099915,9.84012913703918,2.36208198432149
49,6,0.00694999002069028,1.4591729,2.41164427420623e-11,0.228907115799403,17.9238126334218,1.25725071416077,9.62121057510376,1.86294775418409
35,33,0.032792729553507,0.57351341,3.7453735339516e-05,0.229573081206612,12.0204601734653,1.11989010902692,10.8008239269257,1.11292066742234
4,186,80.657922,0.191349745,76.4295085100549,0.230997125810869,131.787985173246,1.01057134336876,22.2518343925476,5.92256722966548
113,124,0.20101423,0.23207257,0.191892540930712,0.234752929303409,1.47554654611683,1.98306975013136,118.601711034775,0.0124411910523297
20,13,0.0178370470942874,0.79217589,8.71332723431451e-07,0.235565145035664,20.6638643217125,1.00524829686321,9.97228026390076,2.07213032274221
88,185,30.5670315,0.19890325,30.4359015848985,0.237136108091816,126.800644371716,0.996225433608877,11.6512594223022,10.8829989768317
53,73,0.074271885960806,0.3682271235,0.00159859491607602,0.237359180165557,28.9372396403679,1.00756686515744,12.4066751003265,2.33239279713275
200,200,0.0034471275,0.08697862,0.2482372664247,0.237430948255664,6.48714515280037,1.25545130854663,118.593608140945,0.0547006306199114
2,0,0.00174144006974214,1.59675351,1.31223826158419e-14,0.237868673980079,22.5495768585748,1.20384049428694,9.49380493164062,2.37518855937542
103,110,0.0122517426247466,0.262401604,0.000383564602581102,0.239511203921415,22.5417187026006,1.02495932340223,10.5534038543701,2.13596665243377
3,11,0.379446175,0.324259325,0.158124951946981,0.239671065120124,4.20590587926938,1.29200530480394,115.855461359024,0.0363030437230379
46,32,0.0168696773448119,0.85613088,1.74014297753206e-06,0.240073720822213,14.9079992065038,1.08338903007581,8.88178396224976,1.67849153614491
72,76,0.0980372163615884,0.395917005,0.00668224756014201,0.240401298842942,9.60005739864296,0.996533357207649,11.4836089611053,0.835979127394365
25,23,0.297158592408733,0.9759531795,0.00472886886564845,0.24184277488556,12.4252756122957,1.01020067462816,10.7463524341583,1.1562319110995
79,71,0.0117999915254432,0.3759928145,0.000187280650460413,0.242727013191183,16.7741998768289,1.00819992056305,11.0113139152527,1.52336042782265
191,107,1.28455807,0.241703985,1.76390571029711,0.243147153272311,8.20622379500252,1.23513636128514,139.113544464111,0.0589893947898048
162,90,94.7246075,0.248864815,96.5144446590671,0.24367869505158,156.335362617645,1.00383173824698,23.4137270450592,6.67708145383181
139,100,9.3683324,0.24146886,9.83429855200574,0.243807721269644,53.5619952263556,1.0444070248865,8.12929177284241,6.58876526062093
200,0,0.397619055,0.30731259,0.818252308443852,0.244938398499505,1.49372669390158,1.8438646777074,119.157468318939,0.0125357370794707
200,200,1.9082189,0.16744548,2.71903956438502,0.245360297658287,1.48949354662552,2.00628299920954,145.037488222122,0.0102697141606892
40,68,5.42355745,0.275101715,4.98927534987015,0.245458739230546,71.7678691389037,1.00122346136114,7.71131539344788,9.3068258107927
91,84,36.853221,0.25625827,36.5519687997002,0.247191032604507,124.376981427418,0.998636122851814,12.5020241737366,9.948547507107
200,200,0.024680214,0.122307845,0.656085655988645,0.25036807126975,1.69096859393203,1.69262198876304,118.621812820435,0.0142551235200878
68,73,0.043908628241163,0.4264784455,0.000903334624755262,0.25285845128436,3.96082040448387,1.42113403271855,11.3076198101044,0.350278880171097
175,160,17.5233605,0.225607845,18.5395340749292,0.25569962026437,131.209764297936,1.00336327082255,8.59149932861328,15.2720449923045
175,144,0.162138968638359,0.2008745185,0.399993939595903,0.256411159153825,6.77293415762682,1.07160440264906,88.4310598373413,0.0765899919110418
37,46,0.0387664380397665,0.4545619795,0.000310007683335854,0.257970544036121,29.0729101833129,0.999134064769444,9.86707329750061,2.94645730367456
86,92,0.00784927662864379,0.2892767345,0.000597693841464109,0.260074365350604,36.7976397043964,1.01304075091367,10.3946576118469,3.54005308096513
22,3,0.00466381006066834,1.630531355,1.61326946649644e-14,0.262117189288352,45.1069766610673,1.00111840094262,9.64870476722717,4.67492557283728
39,32,0.0190212092397252,0.5174072865,6.32482544484377e-05,0.264197933875846,14.0360370543187,1.0948958971547,9.64580392837524,1.45514434655142
90,109,0.017567489315211,0.2743379805,0.000643037442833763,0.264244716967287,16.2356364669034,1.07966365707267,9.9546217918396,1.63096467212976
16,13,0.0507745005827996,0.712755661,0.000141827410635317,0.265527071543885,33.1706813357698,1.0322269307015,10.2543151378632,3.23480221641424
68,71,0.0389073750034548,0.403911616,0.00114915548860739,0.266293410501286,22.0211449930123,1.00067248984054,10.639396905899,2.06977380276156
187,185,0.019836341400023,0.1203367535,0.0842901692839587,0.266583956837487,18.8296386254884,1.03266153625638,11.8763527870178,1.58547316361899
70,54,0.084927172678239,0.509456966,0.0133246755755179,0.267149181849833,18.4230864368872,1.04546485509472,10.9950580596924,1.6755788224917
27,32,0.0356057775924097,0.678583326,1.98441073080081e-05,0.270026343708935,10.694391968895,1.05935744588252,10.1221079826355,1.05653802421801
79,91,0.33660156976414,0.354739855,0.187816000584631,0.274140801320295,26.1039223281222,0.996448795715999,27.3857028484344,0.953195266617539
129,125,0.0470548159488512,0.271953419,0.0255055631372257,0.274761134475077,29.1243156172253,1.00013281910705,12.2751758098602,2.37261902137734
42,54,0.00308903980602703,0.41447008,1.76320153672137e-06,0.275605268945344,28.3953370966506,1.01317201663991,8.90989422798157,3.18694435310746
4,32,0.00695892146666604,0.671782015,1.5981130047238e-12,0.277586916588257,14.5993612508179,1.09611889285679,8.73827505111694,1.67073720676162
44,26,0.0715214337028226,1.20120161,2.0374276677826e-05,0.279645410097433,1.35003809781365,2.18140016866113,9.04231071472168,0.149302334370756
58,59,0.121004528479531,0.6930970725,0.00302023851184604,0.280356578378864,13.1083303695961,1.11609735467302,11.9660410881042,1.09546091920305
200,200,0.00923822682,0.09829412,0.150111254773805,0.284009875639758,11.7927707106587,1.01702809893591,99.2957162857056,0.118764143628585
134,124,0.0118147670758487,0.2353694185,0.00681426324333706,0.284159127374509,20.2408079447735,1.0671498574374,11.0745117664337,1.8276930280685
200,200,0.707825395,0.1167580025,1.59457794388657,0.284202650186246,2.90752959717452,1.31361728915815,119.425359249115,0.0243459983328128
194,200,0.746977,0.179634216,1.26439984500301,0.284532163637773,7.75589051556561,1.25974831595564,129.637021064758,0.0598277440492193
126,129,6.15407145,0.256581906,6.57321479020946,0.2847066751805,60.2167219458205,1.07549906519637,8.63050127029419,6.97719866551482
155,168,0.0149118611481795,0.1817859285,0.015884397036581,0.284798749718762,22.4668409906683,1.26580735299205,10.4606578350067,2.147746474938
59,8,0.004877793074539,1.535221345,2.28678786855891e-08,0.2882705407685,22.7119235565909,1.05733192780623,9.78212141990662,2.32177894565612
61,46,0.00362567905315309,0.556677989,1.11791683487842e-06,0.28923121293745,15.9991960970793,1.04272152779168,8.59281921386719,1.86192630135399
34,46,4.5319306,0.361496735,4.03116049841517,0.289499179413719,42.4693272906845,1.01241135624181,6.08073687553406,6.98424025903185
126,117,0.0128376917676628,0.2918417165,0.00197121766824828,0.290377440090388,27.8741773393012,1.00662144576277,12.0178632736206,2.31939544531892
178,82,1.95207925,0.29918949,2.2458488749166,0.290977673764536,6.97299865152802,1.71569694011046,127.831858158112,0.0545482069336998
57,55,0.20377062948684,0.9018049145,0.00261914646835384,0.295504131762328,1.34636980039837,2.22108310726963,10.8716428279877,0.123842350388141
2,17,0.0214537518672943,0.8887896,3.18696863320923e-10,0.296073270388398,3.96190341181113,1.24038676367481,8.24985194206238,0.480239335158382
55,44,0.0137558558782345,0.688965985,6.30765367000745e-06,0.296767370763655,36.0635075109062,1.018937468426,9.67810297012329,3.72629921610008
26,125,66.5001465,0.292317795,64.8401120255021,0.300313044163296,155.979367903844,0.998588909603135,18.3261547088623,8.51129821731858
19,17,7.7426301,0.38268792,7.08582898084425,0.301367182860566,46.6080228710831,1.0408300343196,6.87569046020508,6.77866799572198
195,196,0.00405863154742857,0.113368093,0.0451997516811587,0.306335748142484,31.0038283014746,0.996030177985262,10.9923574924469,2.82048944667038
80,90,0.111300882011708,0.305233393,0.0443912998444339,0.307038208296499,4.10862449591016,1.31928227923392,10.6346611976624,0.386342772895604
76,81,0.0597268239438046,0.4137227135,0.0075284753946684,0.309335891096877,30.3810826597719,1.21216501326177,11.9823231697083,2.53549184323257
17,22,0.48244655035,0.64712045,0.128825011959795,0.309579104946265,26.9815097409652,1.01775254309987,9.5458767414093,2.8265093371593
91,97,0.0691523320124892,0.414874231,0.00895267236628519,0.309705106173626,35.2898931957591,1.12821967487329,10.4052169322968,3.3915576604869
107,82,20.755545,0.31945163,20.7613220222422,0.309974379169114,144.581323936051,1.0421852136088,9.02172350883484,16.0259094389741
9,20,0.00960833134280551,0.74397565,3.27587621359037e-09,0.317189666233704,23.4070380209567,1.005333313797,9.6231529712677,2.43236682310301
77,56,0.110789331736643,0.567003302,0.0300058146121873,0.318387308363537,5.56221162105029,1.27380340173345,11.2146422863007,0.495977622741018
63,73,0.00293109999935523,0.501936304,2.68995960627512e-08,0.319018216210897,15.5253891877402,1.01138627499826,8.08822107315063,1.91950603814202
97,178,36.502165,0.27494051,36.4728018978222,0.319135532606043,126.586394816107,0.998215586095742,13.27556848526,9.53528995437426
103,92,3.5155683,0.3336353,3.61686079290744,0.31970098898782,19.254669839499,1.02640496611644,115.903583526611,0.166126613635532
200,200,0.000978867455,0.0716233335,0.993981001213416,0.320187568781287,1.41259478642435,2.00168775692775,82.6454553604126,0.0170922258249301
75,50,0.00428348270819635,0.5211919935,3.30838552014978e-05,0.321508180918543,33.7066592176471,1.03608715966498,8.93903923034668,3.77072505770174
111,106,0.0208517638377716,0.3479341375,0.00571272670389531,0.32507724136501,8.26207021519594,1.14032951404127,10.0200638771057,0.824552649217485
77,80,16.891578,0.344645505,16.609970868201,0.325555392610294,118.508667798394,0.997528868216361,8.65192294120789,13.6973790224083
81,40,0.0104820563718135,0.7297913,3.56873482755225e-05,0.326605004579629,13.8083749884205,1.06248755116519,8.56645178794861,1.611912998547
200,200,1.64376895,0.27693096,2.20330609269249,0.330833529640304,11.4028022572431,1.24679093057071,136.417847633362,0.0835873198050256
124,127,0.0414623093582795,0.244215407,0.0354529380167087,0.333245539738791,2.40811795114065,1.57675635548566,10.5087368488312,0.229153892211935
124,118,3.891006,0.321565905,4.12337657920012,0.334155922765203,27.4650540428747,1.03748512547287,21.9554572105408,1.25094429961079
122,74,0.00179727851037286,0.40814346,0.000584827571454625,0.334835907441394,38.6665036256723,1.01395767028755,9.40346121788025,4.11194375451347
85,54,68.2847605,0.363383535,68.0232854743707,0.334929156788978,173.340009789874,0.999200721344709,18.404926776886,9.41813091088008
200,0,0.59669271,0.400831715,0.755800391853945,0.336232419450346,7.3086214759637,1.03030539001943,118.963532924652,0.0614358139531108
200,200,0.03012890965,0.13398186,0.351378831044195,0.336996645411814,3.79238186164029,1.2329893237455,117.3381524086,0.032320108880139
200,200,0.0078517721,0.099069221,0.433515823702483,0.337137068171253,1.40238435548245,2.12216851866255,119.4959025383,0.0117358363399362
185,173,13.339256,0.288274695,14.6154822406573,0.34150228694114,98.9152151166532,1.01375336750942,8.37995195388794,11.8037926304292
4,15,0.0205692628445743,0.9223584255,6.30998675488655e-11,0.341527009185856,23.0137854782611,1.11478906360401,8.97066354751587,2.56544962993669
173,198,0.1759229025,0.232101525,0.27698970775288,0.342614041745455,3.91714195686879,1.27395945635965,105.471821069717,0.0371392274935647
45,5,0.00701405126360047,1.53770365,5.95009008779993e-08,0.345137192642794,48.7350888320598,1.01519700979977,10.5785393714905,4.60697711854271
98,162,52.987009,0.30913596,52.8705752887667,0.346770680728312,105.202890953066,0.997389200100678,15.6219892501831,6.73428263636992
200,200,0.223941215,0.239470615,0.768346934434052,0.348257529990202,1.79454031963305,1.93996563070129,119.480694532394,0.0150195002352159
96,120,0.0180398213680561,0.3152109665,0.00183616179808921,0.352251588646413,12.3206314037266,1.06184035553384,10.478259563446,1.17582803986912
56,200,0.395740875,0.3203977,0.364582967269633,0.353728198046827,2.2830028183953,1.65539270523959,121.94105219841,0.0187221840162625
84,74,0.0351917159744951,0.636605948,0.000664805340319756,0.353949728222839,6.76736540686744,1.16078449631629,10.8434915542603,0.624094681404407
200,200,0.0689853875,0.15954027,0.373245356447061,0.354560471066959,2.49335820454875,1.95629139215624,120.187652587891,0.0207455437464793
60,42,0.0370683000006611,0.9668241345,0.000268065459955886,0.356933663149048,10.9444682204761,1.05492190283512,8.9249963760376,1.22627144699583
200,200,0.079779395,0.16474106,0.963039653257291,0.357172600176537,8.59432233835799,1.34076684180273,119.08393740654,0.0721702903475377
187,187,0.00141001410886708,0.1966931745,0.00590485300363406,0.360779303258254,53.5430784777642,1.03908866613563,10.515860080719,5.09164995224084
183,187,0.0116250843715742,0.181991743,0.0437100750387593,0.364216946876057,34.2636912070151,1.00683137434756,11.3974506855011,3.00625921993263
85,89,0.0107307187268962,0.4895374395,5.60184697524038e-05,0.364652219385661,5.57499749020746,1.17010336644993,9.39580869674683,0.593349403988795
170,164,1.436639525,0.29726511,1.87347885235246,0.364900445651816,19.3002442769097,1.0713282946694,91.0919530391693,0.211876500974906
156,152,0.007103565294849,0.2642040245,0.00606161446142255,0.365124275093515,28.0081487616846,0.998493155079087,10.9787890911102,2.55111456548186
153,166,1.464211105,0.295100105,1.73223196620365,0.368963319077985,7.28000479043622,1.08050345975243,131.554381370544,0.0553383681683007
200,200,0.00923961299676107,0.128651722,0.100887980979528,0.371560002708424,6.92185720451115,1.1591244521593,11.0194187164307,0.62815084739363
157,134,27.08056,0.356657525,27.7766185451751,0.373937937918917,168.973408706012,1.00170499380512,10.1643936634064,16.6240519898738
81,197,75.9727875,0.277739325,75.6357695023505,0.374977949863856,164.844719336537,1.02595567651741,20.4179227352142,8.07353037203113
200,200,0.00119354944,0.0746937565,0.414020439978963,0.377079800400007,2.25537587062053,1.43725845750062,120.805904150009,0.0186694175792927
200,200,0.109183306,0.194080105,0.386210795603846,0.377697214686604,1.9099263923116,1.61408992634652,113.06244802475,0.0168926679519049
69,69,0.0277209686652791,0.6478315045,0.000172428203136129,0.378044009292648,2.82107167247045,1.37054415201759,11.1557672023773,0.252880113155218
69,0,271.620445,0.617833395,270.805902147039,0.38022370840268,145.425669379557,1.02253781985446,63.6554028987885,2.28457699986257
160,174,0.0582374295543348,0.212437221,0.0726064956189179,0.381177410425824,20.4868137314742,1.05964011872833,12.1104915142059,1.69165832017988
121,100,0.00742423472862622,0.428623638,0.00202282563584528,0.383249686876522,3.158095768055,1.32796644885842,8.94325947761536,0.353125812346113
89,86,0.0136300931028009,0.518788195,0.000417411924429741,0.384498575196188,26.2557672338049,1.0150060180026,9.9166214466095,2.64765246663538
49,5,0.0401103302183349,1.81960778,2.7879155533132e-10,0.385501983003015,5.97198426084346,1.34049729492733,10.1488456726074,0.588439754972562
194,183,0.0219481442162351,0.2172733955,0.129643581908224,0.388273975331805,24.7991267444014,0.998712939516383,10.8250846862793,2.29089447917522
44,32,0.08371948457053,0.83766314,0.00357879661992841,0.389236709181655,1.35522915609488,2.1743915675066,9.80351638793945,0.138239087126137
153,45,9.7972643,0.44861934,10.2166417182115,0.390559993385264,113.75096129979,1.00258784343727,9.37066531181335,12.1390485642879
74,79,0.129279792682778,0.8025731895,0.00623615631998559,0.391422323875625,6.44178748360174,1.1637295569364,11.2340521812439,0.573416197439139
39,10,0.0157315935019072,1.929108025,5.26579101967342e-11,0.391848316609438,29.2174146594859,1.0060920737619,9.45387315750122,3.09052323558024
65,29,10.98931925,0.49567358,10.7977551299965,0.3965839838217,144.137592542167,1.00348680741556,8.3150806427002,17.3344792114199
106,163,21.216207,0.35473072,21.2865774548613,0.397623954599325,197.353173428171,1.00099866195808,8.85183334350586,22.2951749959187
68,26,0.00445415464933161,1.39020264,6.93985090406495e-10,0.400134388287803,40.2557002473683,1.06540141394111,10.7904515266418,3.73067801175661
11,95,21.1262615,0.403319,20.0325369366869,0.400871102739963,129.439661215763,1.00257461934175,8.73963332176208,14.8106512539207
16,54,33.314756,0.44994141,32.1234606294959,0.401571063455585,172.837855245172,1.01542186768059,14.9164679050446,11.5870497188359
80,1,0.00449337004121204,1.5699381,2.14728246556346e-06,0.404143962725037,21.3701537385302,1.1100662608544,9.73257255554199,2.19573536355107
200,0,1.0213862,0.62905148,3.77802312985352,0.405283154724796,1.3877615965684,2.08391634415619,121.665781736374,0.0114063426607114
51,54,0.0302871977863256,0.69961759,0.00039947270480752,0.408017995660313,27.729415934822,1.09592198785871,9.95406055450439,2.78573912454992
77,77,0.0162488145080167,0.622119125,0.000169530548191381,0.408520313142668,18.7768773395017,1.0883500770046,9.65713357925415,1.94435307178923
74,28,0.00659583419087356,1.327140235,7.16937163947464e-09,0.409322888121721,45.447022626633,1.04405806222021,8.97835302352905,5.06184402724337
200,200,0.0225515783325,0.096319889,0.35883959860795,0.410274704533095,2.15819073866126,1.47847363132084,106.330216169357,0.0202970596356524
20,18,0.228754395317366,2.789275275,0.000109522102107839,0.410926277358007,8.14620902988417,1.11510351212827,9.59783840179443,0.848754551687507
197,200,0.00263310384830654,0.160257194,0.0348638394494931,0.41135665686189,29.2840625335236,1.00013801367896,11.5632157325745,2.53251891262637
200,0,0.79985879,0.493102705,1.15182811997574,0.415688512421103,1.46922892296375,2.01079234826287,114.678605794907,0.0128117089737849
60,7,0.00628304636226247,1.569974205,3.79592828964921e-08,0.415818087383253,44.902068148877,1.03781066678079,9.27058410644531,4.84349935595311
3,19,34.463772,0.514615745,32.5127233030636,0.419028872702939,202.162065445298,1.0078964123306,11.7238883972168,17.2436020026675
123,112,0.0189794985674245,0.39392295,0.0117915288299037,0.420058628173396,16.7819258703873,1.02297999436201,10.2833449840546,1.63195204443783
42,14,0.00787816965197178,1.545013,6.89791229298979e-10,0.42479738402661,46.3852732551797,1.01873401791909,10.3798112869263,4.46879735796387
200,200,5.39278535e-05,0.052228971,1.17936991186437,0.426889916930305,10.4547258103471,1.23790329134306,114.2975730896,0.091469359565067
200,200,0.58048067,0.38571416,1.02494950088988,0.428028146362251,8.28011905010283,1.4616704772637,120.629228591919,0.0686410677308892
70,98,178.10406,0.434356335,177.509298527906,0.428510279647359,140.811226141822,1.0188463782829,39.4368109703064,3.57055306139851
138,175,1.047416444,0.2783584775,1.33075445045355,0.429322199209739,27.0283988197101,1.07081642229507,11.3480100631714,2.38177430838095
200,200,0.052172454,0.149892935,0.38767924186272,0.432115316859049,2.32359049208328,1.45421169259546,120.048949956894,0.0193553587342298
56,51,0.0327301108410402,0.903766205,0.000126069606609671,0.432336548202032,26.0382863573978,1.01067488906388,9.18453788757324,2.83501322288929
154,75,23.283015,0.458826975,23.8387453417233,0.433430321561486,108.918355030881,1.01242775943346,9.45477509498596,11.5199308219021
124,88,0.00378808227992147,0.54236603,0.000257893714342511,0.436863555203898,19.2199340881506,1.05798014154278,8.89740633964539,2.16017267891989
156,169,0.0385969311249049,0.2369113215,0.0683591895816726,0.439793744307057,2.36977752474165,1.45028580917274,10.9784104824066,0.215857981311532
199,200,1.5316862,0.24436203,2.37060725389533,0.440561366776385,6.01042545365323,1.23130838549335,137.57071685791,0.0436897153037379
200,200,0.12482202795,0.205097085,0.451121387118702,0.445019910360967,5.41011533731094,1.14223787665016,93.0261132717133,0.0581569534299355
61,80,0.118209045174627,0.5806184505,0.0313737563334262,0.445211959404658,30.0302537318759,1.04376930870683,11.267226934433,2.66527459743467
151,146,0.0123033028963138,0.333127259,0.00643945592090249,0.445940748383002,42.5529358666255,1.00863997703087,11.1545407772064,3.81485322583424
92,11,0.00442414943793218,1.438689025,1.31674124427044e-05,0.446383847534631,38.9320608922986,1.03551545078456,9.65690159797668,4.03152714121635
65,185,33.444988,0.35492971,32.9176336153978,0.447140528460125,98.7717490367501,1.01919238087714,11.4488124847412,8.62724838653716
5,11,0.00425350799266042,1.35626036,2.51249767597367e-20,0.447808354893493,46.1346962723067,1.04034561844473,10.0802283287048,4.57675111792179
58,61,0.0790084334413678,0.7300051005,0.00936606200902002,0.450547835616465,7.02961673099907,1.17563577958562,9.7305691242218,0.722426061750141
62,82,0.0165445831587946,0.660737405,2.53932891466542e-05,0.453009741874856,24.7240962889525,1.03949245917132,9.40859127044678,2.62782127294796
64,70,5.0292189,0.48505693,4.88655984523363,0.453848839542178,69.9372798913062,0.997018343029606,5.98573565483093,11.6839907280004
178,179,0.0755082638671,0.2071232755,0.235859026063216,0.454758758397246,25.6034938311727,1.01980777169194,11.2374849319458,2.27840072633934
151,145,0.0586584067406595,0.352132534,0.0998104100335328,0.455499324719419,4.18691509956415,1.24373031371788,10.5889384746552,0.395404611102956
130,199,2.35244685,0.375301865,2.50899767249605,0.455534409886753,2.96370927160978,2.07253977819585,100.531106472015,0.0294805197676282
157,142,0.126864272968624,0.329731627,0.260500823498563,0.456243945017909,5.43904007187882,1.19655304466329,12.6598172187805,0.429630221185985
74,121,0.20031672400983,0.385054027,0.117096038524925,0.460599591188732,12.5939088506352,1.06465829217585,11.1100838184357,1.13355660105258
60,77,0.027941147011011,0.535109105,0.00211572192734995,0.461301398004748,28.1781773005917,1.03292012974531,10.3783481121063,2.71509270995853
162,75,83.2103015,0.488612825,84.5805724316325,0.461429860882508,128.168857150815,1.02086040015276,22.1554369926453,5.78498438976231
2,42,0.88033567,0.576472975,0.633758277536283,0.462950408294544,1.54739048948746,1.85608892368379,121.401066303253,0.0127461029512061
71,146,31.340284,0.437690155,31.0168198563131,0.464191066965859,117.374405510796,0.999630632291122,11.193598985672,10.4858504991145
13,162,8.0801422,0.41540481,7.37187000112023,0.465768965536749,78.469449712926,1.04719361571133,10.4993412494659,7.47374981424834
133,140,26.106154,0.434282395,26.4423501947644,0.466082823242384,143.224653810076,0.998747051223308,10.0961494445801,14.186067133442
106,121,0.0118837441054303,0.4685950685,0.000901080122732433,0.467385241714277,22.4023531838965,1.0106355760574,9.78014707565308,2.29059471300441
117,84,0.0131943249147597,0.57221487,0.00730843923005475,0.469244817417633,1.79513959799924,1.67169331052573,8.83825731277466,0.203110130704678
190,190,2.31566293,0.2816049585,3.50874010638518,0.474610194146787,20.9681063342787,1.03677373228698,18.4678003787994,1.13538731761199
29,48,0.0237944472946802,0.964395125,4.97517075776177e-07,0.475605427090381,5.3960603695072,1.224610810056,8.74653267860413,0.616937084418275
191,200,0.06843480523356,0.202407114,0.243853124918391,0.475704312380324,9.12658602288295,1.08532803000599,11.6217443943024,0.785302594278129
159,146,0.207601202698167,0.317025243,0.43856398064538,0.478714737850638,15.1424823737593,1.02762559847335,11.7960994243622,1.28368554968991
25,18,0.00425308115353544,1.79668777,5.37597766785831e-10,0.479252211928191,11.7632424575911,1.17487384508473,9.63594555854797,1.22076680343591
144,188,2.54860365,0.344619975,2.84285919587207,0.485478132648298,72.63701148761,1.04806700693641,42.5904898643494,1.70547490106262
118,109,0.0126314319916848,0.5092771255,0.004068345773947,0.486233210343264,16.4290358255504,1.07421132449299,10.1449666023254,1.619427295284
78,100,0.00760380758907467,0.52402567,0.00011205553242898,0.489099111646128,24.8185347334761,1.00780720906919,10.0601990222931,2.4670023603389
200,200,0.716543075,0.452950915,1.01482136784479,0.489280379170091,13.391347694767,1.15919642289271,120.829892635345,0.110828102241065
36,173,11.0308648,0.411036445,10.4722966083229,0.490593746908768,90.6406188520602,1.04219594835146,8.0219612121582,11.29905972553
166,161,0.0167835982557281,0.3094216195,0.026467383280277,0.491409453326464,16.7694270313696,1.11876039615065,10.7334623336792,1.56235020071304
47,50,3.39266055,0.583050945,3.15396120596894,0.494828665755112,61.6921300425801,1.03038680891051,7.31415438652039,8.43462234763263
95,87,0.00983589620877165,0.70042261,4.00189938832307e-05,0.495324032621472,23.5916437996754,1.02818856509201,9.16268920898438,2.57475106506317
199,200,1.81594055,0.330658145,2.1761052437937,0.495358267080045,8.64736501275549,1.32956787317419,132.556182146072,0.0652354712753147
42,29,0.00219000882177008,1.488312705,2.21236791396443e-10,0.495647968846617,32.5169876645089,1.03727725569624,10.9970920085907,2.95687147466869
182,166,0.0198874192951578,0.3064716155,0.0763958218398082,0.496931882204697,9.09404041596856,1.11836071847601,12.3227007389069,0.737990851896261
14,20,0.0108858969200244,2.172218465,7.63279375176689e-16,0.49707284097947,52.4326091947425,1.0127602053569,9.60721349716187,5.45762922935271
140,92,2.7151425,0.51192222,2.99690400991909,0.497320992352538,24.0802978430311,1.03414807493488,116.945529222488,0.205910375566546
46,55,0.0718945444144742,1.078158495,0.000408484350176391,0.497338049469162,4.87482708753079,1.31624379078073,9.17254662513733,0.531458414631695
16,59,0.88125834,0.58886625,0.648435300449914,0.49809772165065,6.48274790019289,1.15080675132251,120.414994716644,0.0538367162283055
60,34,0.00273701885992478,1.4222304,6.9853984409094e-09,0.498931925474523,53.0942106143167,1.0353971876399,11.3660645484924,4.67129237105722
200,200,0.515665635,0.360531035,1.19383886635058,0.499041874276508,2.23350323219167,1.46041778229423,119.72946023941,0.0186545836565668
34,78,12.944565,0.52941298,12.4133346025499,0.499564510388233,127.329558518434,0.998999361447826,7.03025341033936,18.1116598629534
43,48,0.237171085462214,0.9492985425,0.0487225786203147,0.500156833270958,14.6202764018556,1.05229845660038,11.2913219928741,1.29482415000496
77,66,0.0150878165991936,0.841438705,0.000214528572033134,0.501197588675832,8.08271506364693,1.15270022261849,8.12897992134094,0.994308651498504
196,198,0.015473810935601,0.194765259,0.12486428548968,0.504361071392778,8.70673968803676,1.14150699341035,10.9059216976166,0.798349734157688
196,200,0.0947229895764167,0.154317993,0.490876913839446,0.504787944137923,7.00280026650234,1.10449132912147,77.5940864086151,0.0902491490089228
182,193,0.144209413150837,0.1962128165,0.451418519910876,0.505923232547304,28.1630337580307,1.01149897754314,27.1176924705505,1.03854831264185
132,21,0.00427770238940898,1.565652105,0.000141526352022525,0.512761221243217,45.7022059427542,1.00059230310448,10.0430541038513,4.55062827205404
27,24,0.187467910459758,1.0701340185,0.0330400895951547,0.515430428008864,1.36582052600375,2.16107425256807,10.5783936977386,0.129114170357993
62,85,0.00900980460442817,0.72440198,4.70206979656026e-06,0.515879295311308,10.2659656485513,1.11569027432788,8.2095890045166,1.25048472498482
74,57,0.0238667588397587,0.858292735,0.000736903370472569,0.517305197882047,27.3508215193442,1.02996781839632,9.52813291549683,2.87053316341337
159,166,0.0107704751212845,0.341152342,0.0151359003681952,0.518283970338304,20.7699817850283,1.01337111974009,11.0210297107697,1.88457724278994
59,51,3.99236145,0.590469445,3.82256456334689,0.518427147063007,107.229805550536,1.00094450639192,5.23604202270508,20.4791720703453
130,16,0.00137676338684394,1.502271145,7.69470795616775e-06,0.520996370599356,51.3914196003811,1.01637187259105,9.82503128051758,5.23066218652016
176,188,8.28681275,0.418357145,8.88369456377963,0.522360205057084,88.2974335362134,1.00666054607525,6.59566450119019,13.3871929841611
84,15,0.0110573046686313,1.95855634,3.36174055461613e-06,0.525860643710591,46.4215306316292,0.997121178424392,8.78599381446838,5.28358335003427
6,49,0.00336056531501004,1.526711805,1.09759992437315e-16,0.525887491045295,35.6264840346619,1.01799821802411,9.3295042514801,3.81868994046601
135,94,0.0186533816754783,0.664294398,0.0115980460661065,0.530644205008921,15.0368871455059,1.0970413372987,10.0277717113495,1.49952427900677
23,27,0.00133177447457455,1.27308382,9.58022548981021e-15,0.536653513093802,65.840195597661,1.01505533134884,9.51890993118286,6.91677892465145
200,200,0.34452805,0.282753445,0.711755234767944,0.536798015225716,5.33285876127396,1.31814993040688,109.740564823151,0.0485951459231869
104,148,2.196519535,0.467496025,2.23935261327963,0.537045524761661,48.8243729453759,1.03027629503698,96.9492948055267,0.5036073036252
44,83,1.66522971,0.569221225,1.47364376191237,0.537518710803222,60.8124278193795,1.01909720082827,6.31374192237854,9.63175697819305
62,187,23.3257675,0.434416495,22.9777120265752,0.537580527044784,130.920475609778,1.00522530673929,9.25895547866821,14.1398752711801
29,151,42.719733,0.50091927,41.7782015624334,0.540113792140208,120.84482691406,1.00954710783343,13.3136713504791,9.07674703189295
104,179,77.278591,0.469959055,77.365057549577,0.540283596760939,181.555342176567,1.00239849541836,19.8112359046936,9.16426128334344
179,150,21.6921165,0.49739149,22.5264003677916,0.541292549945426,147.084951619578,1.01115124237538,8.86380457878113,16.5938847491834
136,75,0.00842950262505622,0.70668346,0.00215431650052072,0.541506940033319,19.5341229300019,1.03718080799716,8.36931848526001,2.33401596132412
85,161,1.1767811655,0.4008671805,1.22870986933895,0.542456666271383,10.668091872577,1.08033302166084,6.99336266517639,1.52545955119688
123,116,0.00664069709374457,0.5417603005,0.00109179697437815,0.542712054693193,24.848314683641,1.00726755592522,9.40612602233887,2.64171611401208
44,174,2.066077255,0.42536979,1.75617210599037,0.544128071043508,29.2983198086058,1.03432773091221,117.948159694672,0.248399974060209
152,145,0.00939368793636772,0.485968401,0.00738067042160622,0.548422927923091,28.8596429210166,1.02902005917398,9.56693267822266,3.01660353340942
41,47,0.00159023933231447,1.34222702,4.49473159936532e-10,0.548602223207956,25.2730199537044,1.11513706710262,8.98835825920105,2.81175040256471
197,200,1.458278495,0.299997055,2.33695713086231,0.549433856335309,21.0607925371376,1.01876358452569,94.7656915187836,0.222240688582567
123,56,1.81501535,0.64040075,1.88780368104142,0.549537964428486,71.7718743684746,1.02650706093235,6.48705220222473,11.0638657021845
200,198,0.0564488689538765,0.1479033395,0.525799944695065,0.550455472780267,22.4523670909174,1.02192378592256,19.1720914840698,1.17109638818348
127,64,92.661699,0.5875079,93.1224802026618,0.551340644437538,146.73854714661,1.03405658792954,23.0481328964233,6.36661320055914
59,125,60.7987035,0.53595583,60.0400289296736,0.551704292854527,203.379105602444,1.00391361083929,16.6929440498352,12.1835372475505
200,0,0.917102515,0.56954718,1.06261149012403,0.552877440044501,2.48720725188831,1.74133463719487,101.366357088089,0.0245368120482705
66,83,0.00885401961638607,0.73348936,8.89943352137287e-05,0.554883918510286,14.7124036914027,1.06586097718565,9.14216661453247,1.60929069789821
46,69,0.0502861129602628,0.646926242,0.00634515749779442,0.555744822638579,3.02149276932548,1.31268227839769,10.2593960762024,0.294509808070878
63,122,6.86219185,0.536587605,6.65272560809577,0.557510651455801,70.9768223429231,1.03952809515764,6.55748534202576,10.8237866561508
171,92,122.09256,0.571433325,123.819865774033,0.559566930391618,158.410565516469,1.01191381086758,27.274450302124,5.8080204646373
155,180,6.1118193,0.438330795,6.42632928348744,0.559643772810033,103.773550693377,1.00830562218471,8.70091533660889,11.9267395071358
148,137,0.0317742462088866,0.4310692425,0.0513534014357872,0.568718094468822,20.9810186298393,1.00672491425425,11.5874297618866,1.81067061988588
109,97,10.47290925,0.581261575,10.5737621959805,0.573661372081848,155.511010672066,1.0024009612968,6.49072551727295,23.9589565539668
200,200,0.44444033,0.33789464,0.821486296062542,0.574030556004646,9.04521839143303,1.21318514563268,107.045952558517,0.0844984623448364
140,21,0.00603428839100851,1.592852325,0.000350345840405992,0.574107579729595,46.9504791233005,1.04308150957971,9.98978853225708,4.69984714608294
89,32,0.0139181449525777,1.636223735,9.20366420632704e-07,0.574226911894513,40.1440936673919,1.01698986435666,9.77525281906128,4.10670643618678
71,89,0.0407095628710437,0.71679944,0.00119952710630379,0.574497003421097,24.3593379782031,1.01110379160532,10.8220736980438,2.25089374346122
200,200,0.001236669395,0.077847745,0.840897899996681,0.574950129160587,5.27785809200771,1.24495559406322,100.01843380928,0.0527688536102431
46,30,0.00625553632298951,1.45287012,4.18549469621531e-07,0.57565890829603,46.2241505389107,1.02132348592855,9.26188731193542,4.99079172333952
42,35,0.00572733730090666,1.459937975,9.84292333034339e-11,0.575996820124318,21.9812903171131,1.15345074450061,10.6413621902466,2.06564628889901
12,26,0.00452241723380734,1.625384875,2.50311689030304e-12,0.57747683815359,28.410099679615,1.10743429330937,10.249764919281,2.77178061188235
197,175,4.45830005,0.483951265,5.26230688636584,0.578099442424374,119.231401524374,1.01057158930487,14.2602043151855,8.36112855672102
26,27,0.00592304285696404,1.711247205,1.80141084355633e-10,0.580397528516393,27.6173830404406,1.03644910957462,9.31083273887634,2.96615606949176
192,138,40.480026,0.555014215,42.0616894129733,0.581666387301628,147.183712692281,1.01747453074889,12.4573194980621,11.8150387581516
60,19,0.00565210024889572,1.6870396,7.3851784578433e-09,0.583090068770269,29.5198911945158,1.16279022208151,9.12493109703064,3.23508099739207
46,17,0.00678748095170188,1.6600947,1.64377953344857e-09,0.586819966246167,35.0310752292141,1.02672003142733,10.0596680641174,3.4823291390865
121,127,0.0288892414163243,0.4758731165,0.0202127264753859,0.58899149873568,14.0879807128105,1.0594784364918,10.0833113193512,1.39715816229672
165,66,1.87085265,0.6501849,2.08077089016588,0.591126870839953,78.4129880322496,1.00484158388613,5.81788778305054,13.4779134552394
108,81,7.43081495,0.61984549,7.50723760633308,0.59192759079998,86.1272775098051,1.00764690217797,6.04101967811584,14.2570761392831
90,33,0.00805231382088945,1.57067623,1.31175771365178e-05,0.59375946444799,35.2653770852752,1.04158285384676,9.90006160736084,3.56213713448559
131,122,0.0200941419940834,0.599981735,0.00440616307370361,0.596724916053349,14.7522752875366,1.02620051478495,9.77638721466064,1.50897002784567
149,116,0.00727890510325334,0.5806129885,0.00455244332298771,0.597026799470368,23.5010712183175,1.1217293558639,9.21742868423462,2.549634179271
200,186,0.0134796545641981,0.3257951145,0.0993045030289558,0.597669269644877,12.7996342981818,1.05525435846872,10.2426462173462,1.24964135503434
142,120,0.00582695613879468,0.627067202,0.00118984608449583,0.598899379566964,21.4071751040339,1.09738220453935,8.86218810081482,2.4155631612091
106,33,0.00551241018524211,1.3412075,1.11519356718613e-05,0.599140701552792,35.5467385457406,1.04768335120417,9.28824710845947,3.82706641314115
24,56,6.609695,0.664174515,6.19582206245277,0.60030866269695,117.048936082824,1.00363559384654,5.89063382148743,19.8703466604665
40,31,0.00327775182983879,1.421463545,1.18430845951343e-08,0.601354815634468,49.8248417162176,1.01562105793952,11.1996765136719,4.44877507447599
62,43,0.00358436931757684,1.404308895,6.62538960821556e-08,0.602272259945628,49.4676826860064,1.03177956842285,9.2574610710144,5.34354747014733
142,123,30.09912,0.58026389,30.4769219494128,0.603350570714047,123.862414664696,1.02855576931396,11.6754446029663,10.6087963993445
80,76,0.0856997127391605,1.0231255685,0.0126294631896048,0.60501616374391,1.46208427405806,1.95846474153014,10.089515209198,0.144911251308206
5,32,0.00520170084209144,1.698147625,6.0695068056364e-22,0.606885875248114,27.0655001052455,1.04103790147511,9.16406273841858,2.95343897982917
198,186,14.189585,0.506328435,15.3333959561088,0.614424026103009,135.907163117923,1.00971752045252,7.78291749954224,17.462238694669
180,194,0.188257467538102,0.303503512,0.427275839577344,0.615433532492299,26.5309679439293,1.15471513651336,10.5989484786987,2.5031698188976
43,9,17.257218,0.846931255,16.9235917220469,0.617542997865665,148.359971506112,0.999445260509407,7.71421980857849,19.2320124636753
200,200,0.136859533,0.19930113,0.937180918337922,0.617696423638914,2.03032595264063,1.52545283758846,108.751606225967,0.0186693881874439
143,32,0.00380831969190193,1.39908885,5.75072739629806e-05,0.619808012853922,34.9458134735355,1.05955996074312,10.2679872512817,3.40337523005526
192,199,0.0468380453190043,0.108029326,0.354205170150875,0.621812236557773,2.34164845642551,1.38797839609337,19.6965074539185,0.118886480859816
140,53,2.1021131,0.765181135,2.2527605756269,0.623071300183782,60.3227868057647,1.06232793465531,5.70238304138184,10.5785224121224
200,200,0.0220135492850236,0.110823147,0.433733218574053,0.623764211472732,11.2002098391272,1.07602233299399,10.92755651474,1.02495098735197
182,135,6.6468206,0.58316709,7.15773856816844,0.625284184640913,83.2692942151172,1.00749099633017,14.2768471240997,5.83247081735268
139,97,5.24685685,0.648621605,5.44890055016089,0.626969414692141,25.2843687647821,1.07679012718415,5.82580041885376,4.3400677927372
138,42,0.00678144683909168,1.427561615,0.000168039844131819,0.631967671568343,56.8295261261632,1.01771093938584,10.154217004776,5.59664286270755
101,145,49.708814,0.585710905,49.6459358432786,0.632017890774412,158.920482773602,1.00527495004134,14.5603954792023,10.9145718604004
99,105,0.0522945305723574,0.680394525,0.0168167530842601,0.636258045020562,12.0713624014511,1.1966063458815,9.8938136100769,1.22009195616505
130,197,15.4759265,0.46800869,15.7260326081102,0.638107054739284,107.696996276247,1.00265856257544,9.68966126441956,11.1146296384695
200,200,0.0418445208394206,0.3252933445,0.156128388325727,0.640005347548467,1.56713700336111,1.83597664030028,10.18514752388,0.15386492926949
79,74,0.0365308121605983,0.722465146,0.00921075845480899,0.642979724515681,7.84563915244749,1.09899451517875,9.28129410743713,0.845317372947028
186,169,5.1906048,0.550689005,5.64433131314553,0.647267166922963,86.8455136454578,1.02775460074094,5.90500020980835,14.7071144047049
130,41,0.00793791912583526,1.650067335,0.000216793808269665,0.647377445505754,55.8094548250887,1.05796600232165,9.00869679450989,6.19506418054832
128,130,0.0598056126744001,0.545013091,0.0549820724125598,0.648511211315082,29.3236595375189,1.00177914504956,10.5608100891113,2.7766486936218
197,186,0.0502945903884466,0.29394852,0.263250904067069,0.649580237513932,34.1926783019265,1.00133020198342,10.8493795394897,3.151579145837
193,127,2.71106015,0.608753375,3.28444644131096,0.651247310561351,11.6624483509738,1.01827963341208,94.3109333515167,0.123659558192531
192,190,0.0691953561208717,0.303325684,0.289832878766481,0.652470101917164,22.8172629349325,1.02525400284121,11.1803200244904,2.04084166508218
176,44,46.914591,0.72775735,47.7455748959947,0.652936671016497,238.497272344206,1.00131674699307,13.5593616962433,17.5891223854795
183,126,21.348058,0.6258325,22.2281761811184,0.654324991206232,167.001842555933,1.03120862441385,9.38833165168762,17.7882342413748
74,155,22.4075035,0.592910985,22.2600083798213,0.65646902793956,166.541620983134,1.01836365635417,8.62590718269348,19.3071427104239
142,124,0.0193225911064543,0.597554181,0.0158766023038437,0.658508910490767,5.61769349804485,1.18020645838948,9.98589754104614,0.562562701545236
139,41,0.00379988467122538,1.36453188,0.000294726177868973,0.659755994511813,46.7277172743205,1.00065566672429,9.37548875808716,4.98403000419726
118,106,0.0264980873560514,0.676377905,0.0135704165373075,0.66090038880379,6.69184559820681,1.16933992545841,9.54475736618042,0.70110169818646
48,49,0.0876243517601597,1.435761745,0.0027354246403262,0.662258893263455,2.58264078063223,1.37013460864704,8.92299318313599,0.289436596848834
196,186,6.6369886,0.516772655,7.53502053671286,0.662494798665777,146.035676664484,1.00878835465518,6.12861037254333,23.8285137718554
44,38,0.00414976520042568,1.72579285,6.12491139149205e-10,0.665867965596134,44.783808941861,1.02563228268779,10.375052690506,4.31648978350171
41,50,86.4920665,0.77270081,85.5004722232676,0.668251205887341,140.110132516031,1.01310917617854,21.6693286895752,6.46582709243947
86,93,0.165531659844379,0.916270741,0.060629960595464,0.6695270481444,17.5138633091425,1.09802292394588,11.423330783844,1.53316608269038
168,46,0.00501836107372093,1.5435872955,0.00122676953903059,0.670295279226226,21.4834135360361,1.05413375200923,9.31656455993652,2.305937279544
84,69,0.0936580692748306,1.46495495,0.00819559545534512,0.671400416128819,1.36821850732611,2.17532925572189,8.83720970153809,0.154824718834948
6,42,3.88707745,0.7864179,3.45582688224122,0.671953783513924,102.645111303457,1.02373777444351,5.89265155792236,17.4191720475065
139,158,4.0767923,0.594912245,4.22540077691219,0.673317860778945,115.562700737596,1.01802603668471,5.86462211608887,19.7050548952785
76,28,0.0089709969985176,1.727396405,9.41398412209088e-08,0.674962518862173,21.7282275695344,1.03152363686333,9.98189067840576,2.17676473020687
161,161,0.0220402591077972,0.3969921915,0.0456814777756598,0.676593251799872,18.9097427612208,1.03864868559341,10.2566757202148,1.8436522004836
107,97,0.201342320528149,0.811119103,0.190957611512793,0.678057352668797,14.0788414399811,1.00728758272932,12.5829124450684,1.11888575092955
49,106,0.0190898499223664,0.86468999,2.09199727962744e-05,0.679519715203305,5.93973067680395,1.30882707513982,8.55881905555725,0.693989514002785
137,51,0.00508323231868649,1.336587895,0.00032184273693582,0.680304160061261,63.3689160185705,1.037394368147,10.4783244132996,6.04761921077189
49,83,3.27767565,0.73342656,3.14640091414792,0.683698834030011,10.5999749352448,1.32765003992728,35.8666627407074,0.295538366975364
125,149,0.00578063469089546,0.506790345,0.000609748913850204,0.684186451538047,8.15793556279538,1.17808290167007,9.28631591796875,0.878489988372032
105,176,0.72341028,0.51063499,0.739865041022408,0.693628220981432,1.36889528951889,2.12909019075308,103.460306406021,0.0132311157493269
87,52,0.00312900653373932,1.467704115,3.49672624836191e-07,0.694029484677706,42.7534221910729,1.01525038206174,9.48301219940186,4.50842214394384
156,146,0.00300019845346877,0.556804023,0.00149418726810836,0.694413228192087,39.8205741837573,1.0120027320203,7.9827036857605,4.98835679630563
27,97,17.782063,0.71172031,17.2581533120814,0.695499510782356,157.118476348387,1.01038966796039,7.668532371521,20.4887283167619
169,38,0.00309697794031909,1.66949136,0.00185817751238689,0.695942536167829,35.8988532233258,1.05642221569279,9.55893611907959,3.75552810230333
100,39,0.00229886674032199,1.51499031,1.26499334251287e-06,0.704696000877993,49.0976937220135,1.01149179962691,9.12512707710266,5.3804942448651
180,36,0.00293575397603604,1.50618248,0.00429610025317549,0.707066224635724,47.6887641374744,1.02618100576062,9.6428370475769,4.94551177233238
97,57,41.919868,0.77070175,41.9803405251043,0.709888208703733,161.984525927583,1.02324962350188,13.0737903118134,12.3900201903357
190,200,0.153436049393741,0.2095396305,0.523965171212076,0.710852577301464,21.1537967411437,1.0638671381045,19.1683957576752,1.1035767942486
182,18,84.9468175,0.841935015,86.5631996399049,0.711691560228477,133.807905122683,1.03610994315216,20.6842486858368,6.4690725370318
129,56,0.00197312181345126,1.40561002,5.2599137230111e-05,0.712005590765199,50.8080280284867,1.0012488784929,10.0364253520966,5.06236296749551
92,28,0.00658568396776412,1.49546114,4.32482918440468e-07,0.714634930824854,33.0437084810969,1.05948429042511,8.98762559890747,3.67657821495298
0,31,8.4609016,0.836793585,7.3727866450414,0.717097555668692,163.442306540905,1.0061635631076,5.8224515914917,28.0710460143185
28,35,0.00450710491731286,1.55566992,3.3427032154702e-12,0.717578919116682,32.9766926269452,1.01786109661541,9.79850172996521,3.36548316627815
196,190,22.393334,0.5782064,23.4687687924826,0.718386804226114,121.822534141004,1.0035348623416,9.37910389900208,12.9887178405142
150,62,4.6725925,0.802925975,4.89809188482699,0.721034312775298,130.102022224261,1.00679318197304,5.34519577026367,24.3399919883277
148,154,0.0153067315585669,0.529915085,0.022007117929449,0.722180552804207,42.0038323103215,1.01696608468756,10.6397893428802,3.94780676164692
95,64,0.00860034650047344,1.481492196,2.45975005308104e-08,0.722627580149183,36.7890471668116,1.05021268132934,10.791136264801,3.40919123473694
159,76,11.41180055,0.751680845,11.7564585744079,0.72419864860235,168.482348788622,1.02885967981801,7.30366826057434,23.0681820117844
150,139,0.00830179682730334,0.6121450995,0.00321216596624783,0.724318220364158,15.4858214866118,1.086554928753,8.60606169700623,1.79940860661025
121,116,0.00760705579621972,0.695807657,0.0016905022331315,0.724344545582759,28.4418048940609,1.02268449650568,9.06567931175232,3.13730542588135
188,196,0.032795607659593,0.2681649815,0.165585401976521,0.724400348926385,27.8841489753518,1.0409778886706,11.3400893211365,2.45890029484859
142,73,0.00406626073594854,1.20300435,1.38426397093877e-05,0.725151026227504,24.6056119405176,1.05825126546155,9.29217338562012,2.64799320023402
152,125,2.0780241,0.67616064,2.24712185242295,0.727852677351093,81.9646934118703,1.00055759698088,6.04864096641541,13.5509272028168
184,14,330.765035,0.928331825,333.433962754897,0.728476632370931,185.444607643171,1.00726728224266,71.908616065979,2.57889273620588
68,111,26.859232,0.7178216,26.5758638868397,0.729015176541023,144.557051457269,1.02175204935189,10.1317443847656,14.2677357390332
200,200,0.507605905,0.353818495,1.29684911360112,0.729501758149317,4.05190862689401,1.31918355141411,85.1525812149048,0.0475840963254885
27,42,0.00169101556685829,1.597433595,4.30374264224749e-13,0.732066631733459,43.2405751456187,1.02150746464806,9.63984131813049,4.48561067745923
78,127,80.6312865,0.70958508,80.2894178220263,0.735025302598611,99.5192698617004,1.05543688940301,19.4774446487427,5.10946233740804
92,43,0.00266684363653922,1.38028965,2.08061271117041e-06,0.735073624077253,46.5077057609437,1.00407698205478,10.4385044574738,4.45539932951268
137,40,0.00725770887139748,1.66878296,0.00124718036048389,0.736051802839526,50.4069416411375,1.07803191256326,9.82359099388123,5.13121338953691
9,46,0.00649274481116645,1.65063739,1.64209400855856e-13,0.736121006136664,30.1524408812253,1.02833115271714,10.324610710144,2.92044336854272
187,23,8.04851585,0.89581113,8.48591614694426,0.741379269010932,29.7383078757074,1.05403021909373,6.06564235687256,4.90274667150678
148,146,0.0355528548822155,0.56031863,0.0352896674300706,0.742881307557559,7.67003884257986,1.13630901397132,11.5198457241058,0.665810899405531
83,92,14.9218865,0.769073165,14.8281165352144,0.743908631718558,104.878509007782,0.998633095431153,7.3440215587616,14.2808008076528
178,191,0.308096284311678,0.337065184,0.703067960460198,0.746874531799394,11.0093387496236,1.08038731325524,14.1281778812408,0.779246895258984
92,45,0.00359014505734514,1.55258604,1.19780428707675e-08,0.748771044964872,40.9811193913349,1.0033512364559,9.12246131896973,4.49233139592674
189,138,6.1370912,0.69856846,6.67215310527151,0.752108680785179,125.376328059855,1.03520193861099,5.60091137886047,22.3849869385656
157,159,0.091754706153,0.536750675,0.160605463474639,0.753508200346071,35.4436580338725,1.02375802941468,11.652702331543,3.04166853536877
88,122,0.546676903895,0.6825743425,0.530451586247206,0.753726584631726,37.5635528916231,1.03216072284375,9.96444201469421,3.7697597955038
55,61,0.00555812597386814,1.583599685,5.63205513840273e-08,0.75591105595293,38.375541034959,1.02435081904276,11.3003096580505,3.39597251723271
95,43,0.00202760039970078,1.54205911,8.38246286117975e-07,0.760028964649203,42.1759108139457,1.00436298660601,8.79524040222168,4.79531074594528
27,124,12.697488,0.73804787,12.2405045003497,0.762241465334776,126.633792240333,1.00853533097593,6.76410698890686,18.7214354308725
151,48,0.0121695213432698,1.715670485,0.00135046852641933,0.765687805254426,17.7930582173839,1.37070799940855,9.8205451965332,1.81181979832088
200,200,0.16793172,0.218123895,0.965042981654818,0.771626209807593,1.80331028562718,1.70655442698549,108.907526254654,0.0165581787379007
84,98,3.74614055,0.781130905,3.72945689082008,0.776800625869552,75.3975960389266,1.01816604998388,5.70589399337769,13.2139847193856
23,33,0.00720959071885352,1.736524865,5.11646522624873e-11,0.787658326442977,50.2564433248085,1.01546525371403,9.37012648582458,5.3634754451648
175,52,18.3635025,0.8777526,18.9567553144445,0.788245760565205,119.24345725048,1.0113838307714,10.0362572669983,11.881267496259
19,70,0.0036992187178742,1.46006114,9.94849723450274e-12,0.789064628989922,28.7357746056209,1.00343669917533,9.9115686416626,2.89921561808411
147,142,0.0118573841925256,0.62170553,0.0122953934930942,0.789616332996562,11.2440429510916,1.08129962219477,9.25193214416504,1.21531835468367
93,56,4.67631945,0.87589264,4.66918650256123,0.792741799172372,131.429900386814,1.05206964545431,5.52830457687378,23.7739977165181
14,74,0.00168943524442581,1.31106873,2.44856525173137e-17,0.794200104387166,40.4432847164861,1.07345662332587,9.84635043144226,4.10743909614865
84,94,0.4076087086,0.971696015,0.346351196469274,0.795396685518545,21.0218870699763,1.00409252307263,9.14592504501343,2.29849763326433
22,95,3.0841441,0.81672642,2.79672534852219,0.797373850122658,39.8008569166108,1.00410399550621,70.4393126964569,0.565037553505442
88,48,0.00266703891853607,1.5373692545,5.82549150153687e-06,0.798881006256964,40.4702156811345,1.02106184941647,10.4123256206512,3.88676047557215
160,23,1.23618,0.879884675,1.28112237703643,0.798885355846206,8.38456229606078,1.17460997820009,108.863034963608,0.0770193693282911
115,102,0.0228716932566506,0.974115668,0.00566078118699051,0.799557248361374,9.37685990481462,1.06612512661,8.8978009223938,1.05384015517982
192,200,0.308753737250884,0.309074316,0.762947000373251,0.802973242936811,20.6018282548901,1.00876466486714,33.1375682353973,0.621706098303357
186,189,0.0508221746583844,0.360100906,0.190534493945725,0.806347130856797,26.2879849132455,1.0027520703796,11.9468524456024,2.20041094781597
117,64,0.00267947894919737,1.27892706,4.21678760120689e-05,0.808479862572787,33.0348448008833,1.15699361270275,9.55771517753601,3.45635376104603
179,167,0.273905956729468,0.423750101,0.733356084840712,0.811140846156977,14.2356667887168,1.09530155922798,12.0203931331635,1.1842929454147
91,90,0.00197562405218771,1.299631565,6.18041972156029e-09,0.811684088374119,35.2737880663873,1.07591742553346,10.3899402618408,3.39499430963405
93,32,0.00500056018752554,1.755837085,4.17482266967632e-05,0.811822653470914,39.8989323424159,1.04116925278491,10.1823101043701,3.91845582519548
49,52,0.0156673170069883,1.617160615,8.77214320872627e-09,0.81476342875895,44.6140623109629,1.03686496211103,9.45078444480896,4.72067293159649
150,42,0.00656756061753457,1.69556997,0.000861232510007914,0.819290108665117,31.5591569433206,1.00858471955427,9.27081418037415,3.40414081539136
88,11,28.444643,1.07203303,28.3377175991519,0.827339005008214,144.67580507555,1.01608319064231,9.92327165603638,14.5794461837133
200,174,1.068927125,0.69844585,1.36425310535649,0.830744317537754,1.37720722010149,2.11599055180774,108.825716733932,0.0126551633330256
128,56,0.00679617095127183,1.561778725,9.38716619901799e-05,0.831273892805085,34.7514574399283,1.03748670766523,9.97002196311951,3.48559487315863
199,200,0.117736188031739,0.341232085,0.483441039552315,0.835504858132181,25.300387989207,1.1666042275795,10.707421541214,2.36288334141167
70,52,0.00476867974443571,1.632316555,2.55077177503816e-08,0.847732228622454,42.1577489388323,1.00191195985488,8.45089602470398,4.98855373626598
27,61,0.00522964837895713,1.59192655,8.26667902378673e-11,0.847928934301299,52.5097589040228,1.0400240115287,9.92398166656494,5.29119870111554
79,68,0.51012011021,1.17188578,0.489772602030837,0.854938055650559,18.5001336084066,1.1007901980745,7.71999478340149,2.39639198308568
83,58,0.00366061156308063,1.47322988,3.45874936102999e-06,0.856099431649413,32.2912824809525,1.00607657640023,9.35504770278931,3.45174963365762
196,29,12.6562355,0.987316545,13.3531305870148,0.857653054777406,185.766789839453,1.00408595936746,6.7835648059845,27.3848330711853
126,47,23.0093505,0.956887545,23.1354876156907,0.859824246231602,180.717767212423,1.00784546727602,9.08915162086487,19.8827981698062
91,59,0.00534720161193524,1.541043045,5.74128773106295e-06,0.860461418542962,45.356458221326,1.0108912920225,9.83657360076904,4.61100176364054
170,58,0.00432185384611158,1.676315795,0.00462324027765294,0.861091162456664,39.5569658928017,1.02629667357707,10.7284071445465,3.68712385350787
42,75,0.00298270437801951,1.34113939,1.98987341441457e-10,0.863447631764557,35.8799902597071,1.03135840401022,9.35939884185791,3.83357850925654
200,200,0.0156623713402901,0.306561027,0.177942800844433,0.869314362351334,18.1537069926215,1.02693871261032,10.1037931442261,1.796721957139
48,73,0.00173318623996754,1.383120875,3.39523257956033e-10,0.870759872216809,31.5999064677409,1.0900924713896,9.22971963882446,3.42371249661984
115,118,0.0552214333759332,0.892509255,0.021006286229352,0.872323238676619,3.03795945592609,1.35550168500446,10.2559976577759,0.29621296311654
119,120,0.179917773680716,0.838366822,0.195223062630094,0.876283382656137,20.2888252763972,1.00054783705581,11.4791574478149,1.76744899341538
67,59,0.00529920847697934,1.61616315,5.38746159300697e-08,0.879450328854548,35.3070208039847,1.02043810336212,10.3216590881348,3.42067302383313
141,63,2.9074415,0.962226665,3.00444100880543,0.88240027762523,110.864454362177,1.01151732509721,5.27288460731506,21.0253898233189
33,56,0.012091584202735,1.73904157,1.83748426572296e-12,0.882917055820999,29.7514913496813,1.08752209247273,10.2397284507751,2.9054961264553
9,56,26.336088,0.968365425,25.4575106483428,0.885310414043833,156.420982388591,1.0418498527142,13.59494805336,11.5058168501006
178,200,0.41213244,0.676594315,0.497706548724639,0.887638821460442,6.83711419302377,1.083493273584,11.6828446388245,0.585226835106807
200,200,0.0424678260234941,0.2492707415,0.442015847864832,0.889381764644341,10.1264497036539,1.0546160436401,11.1059114933014,0.911807167719794
155,160,0.00890247276069432,0.65521143,0.00368127516569522,0.893318107355238,34.1997939705346,1.00735503020903,9.55779266357422,3.57821049005109
132,87,0.00292068015134542,1.24702126,1.57170176178112e-05,0.89704811292087,34.6261107651826,1.02330644084842,8.67615699768066,3.99095022997382
118,65,0.00737203734681226,1.78164301,4.14257242778954e-05,0.899517602787,28.7106465742381,1.03054404475641,10.1056084632874,2.84106065246253
12,63,0.00689288487162163,1.552982205,5.11783100906446e-18,0.907825366272335,30.1587436840499,1.0415881762903,9.68209433555603,3.11489876454689
117,182,270.8035,0.77150163,271.355825773865,0.918699649614535,190.184315123696,1.0051200693027,58.1501748561859,3.27057168089435
74,90,0.00321982203936045,1.292926185,1.40784256754219e-07,0.919770287917691,19.3266941806774,1.14506232484833,10.1408543586731,1.905825041669
15,192,33.7431175,0.74429023,32.8885116088034,0.922296919173612,139.151939590722,1.01265804089339,11.0768160820007,12.5624492237293
81,200,42.984202,0.648965665,42.8427574452948,0.922873388452414,228.270833247069,1.01236805965547,13.2883775234222,17.1782320937764
127,156,101.303953,0.83360966,101.750616263002,0.930444362616297,265.579450259735,1.04829888281664,22.7464179992676,11.6756603289488
75,65,0.00853117174708546,1.60589704,1.15403575428294e-07,0.93066737331573,23.1608053021046,1.07159564543263,10.6470339298248,2.17532934099381
190,196,0.0120486344969937,0.480882483,0.0495873802674925,0.934548462630132,29.2606726314396,1.03412220827927,9.87211179733276,2.96397298087175
159,72,0.00529159223096916,1.881106305,0.00267561704396149,0.938582677572363,30.5310718544728,1.05769661950278,10.5763704776764,2.88672488533897
65,80,0.00427720648348933,1.371647908,9.2160490232554e-10,0.939155772906366,46.1857530264997,1.05327903845133,9.93266725540161,4.64988424950839
134,172,2.4494737,0.753420055,2.56331540805373,0.940126413496036,80.3725886008655,1.01423435618837,5.88550066947937,13.6560325305298
192,197,0.31840945551,0.4569678625,0.714860104243552,0.940300523697134,30.4227307162745,1.02667360616345,10.6427595615387,2.85853782004223
95,178,27.0181585,0.795891205,26.9235485979186,0.948414859376,162.916302471564,1.01081984561099,9.94047880172729,16.389180614042
34,168,9.3912785,0.842090645,9.04731451993365,0.952307358192489,115.752091108955,1.00346182765116,6.04933404922485,19.1346832836562
53,73,0.00152933385493544,1.55427644,1.09475984892501e-08,0.953564776763196,25.7573850187215,1.0526508718389,8.96018433570862,2.87464900873432
53,59,0.0108353659267717,1.898926205,3.18137124963982e-08,0.956812410273878,31.7164049716962,1.06529806738417,9.83120441436768,3.22609556621004
124,59,3.5958733,1.05982771,3.6724176349226,0.956977913085606,58.1393062795593,1.01655230465051,11.9863092899323,4.85047606175094
47,192,38.100026,0.75388198,37.6517204837406,0.957002656262569,166.000704068576,1.01373543794844,11.951119184494,13.8899714332992
192,187,2.14553655,0.70967965,2.47070101805502,0.961860773474351,90.0804001151538,1.02132451812233,5.72339153289795,15.7389896527912
68,80,5.98564415,1.029066815,5.88132954690263,0.966827233497955,149.474447124773,1.00398252529117,5.74480223655701,26.0190761961472
118,136,0.8008388,0.82674026,0.918772089735828,0.970079691369471,35.8123176469276,0.999173867716952,7.86970615386963,4.55065499863908
135,60,0.00473048472055285,1.579418315,3.10567552185156e-05,0.971335540412953,32.9797026733809,1.07998303083278,9.59973526000977,3.43548043567061
71,97,2.08367305,0.97418801,2.03985510006323,0.97207991869416,43.9991776711653,1.00002878205308,4.57797145843506,9.61106421712076
153,90,0.00101736419305974,1.3405056,5.22904427618606e-05,0.973016855368173,25.6399202756501,1.09128828358891,10.3432581424713,2.47890170799933
70,9,30.6105255,1.25467544,30.3967737669816,0.973335865162813,181.206640610527,1.02981897199588,10.2273290157318,17.7178851224785
11,188,39.788789,0.798452865,38.7039090881238,0.973654590870815,149.96268460799,0.99911788360444,12.4977369308472,11.9991871678663
170,166,0.00505799699978766,0.58950264,0.0120062353981666,0.976837869387913,34.7672309642659,1.01647100397124,8.56059670448303,4.06130929471995
186,188,0.00648029458487328,0.5107866685,0.0235118693162084,0.97968101733247,14.2705037178542,1.08974473717987,9.51171016693115,1.50030893155972
143,87,0.00720039481074854,1.47405427,9.86114883923209e-05,0.983853464786391,36.5550106252963,1.08315947251175,10.2245373725891,3.5752239239006
160,193,0.8118284725,0.60493206,1.00759676332389,0.985169976956234,2.42046464521097,1.37346589596117,84.7377388477325,0.0285641873163546
124,177,16.3157225,0.843363455,16.5109069791794,0.987069403418379,107.65175652853,1.00907835677231,7.66133546829224,14.0513043677653
166,70,0.00996052373414251,1.642492365,0.00343680435219805,0.98810835420565,37.1113008494062,1.0295592753701,10.1059067249298,3.67223860852168
197,92,2.88519305,1.01697914,3.22445995935065,0.988257057426624,72.4128037088029,1.0420062586015,5.26944804191589,13.7420092451419
179,115,18.0490555,0.9734728,18.582969292154,0.995436022509738,154.872268979321,1.01389241189352,8.05784273147583,19.2200659829651
147,143,0.0285359635833272,0.84166613,0.0222468431174203,0.996889250213532,37.1000808151358,1.02752975328339,9.64905667304993,3.8449438190945
181,80,0.00364749425375466,1.66559213,0.00401346360841287,0.998423136572852,37.4095699151466,1.10155716949221,10.149581193924,3.68582399612132
188,122,8.0613348,0.955192085,8.57274541053423,0.998544520958267,125.940095641353,1.00650993629469,6.20419764518738,20.2991753073898
109,99,16.4057485,1.0048223,16.4576817097193,1.00158837280428,87.791933101619,1.0306828728458,7.64159154891968,11.4886974185411
98,95,0.0346003791652252,1.1062155,0.00689961757461297,1.00193433140293,5.71510538576299,1.14396398370196,8.69893479347229,0.656989105154763
147,173,0.0073341169437176,0.581919965,0.000909292584332659,1.00221515743811,26.2606989037737,1.05229511797998,8.53800845146179,3.0757405609358
113,25,34.490467,1.202335485,34.5728892361424,1.00699572323111,222.148604107408,1.01512690307995,11.1948945522308,19.8437424373185
157,83,2.1893636,1.06797793,2.32166220612954,1.01002232047746,82.2259027879313,1.01585404361906,5.41355848312378,15.18888233022
141,167,0.0190351860422932,0.5889873445,0.00961206126046978,1.0133156587545,7.46334233704789,1.11495946686138,10.5136897563934,0.709868990808806
60,61,6.32170395,1.095687465,6.18518396317474,1.0153086997911,140.316192917107,1.02464941235376,6.15715074539185,22.7891436671617
116,31,167.3681,1.200025325,167.680649901609,1.01548488715386,128.646401418401,1.00052483805366,36.9431853294373,3.4822769144352
196,197,0.00448676782794583,0.497417865,0.0358388891192664,1.02401858431086,9.32393102139304,1.13733732842558,9.70464563369751,0.960769859439019
200,200,0.0126109824887943,0.414212065,0.0952751058026036,1.02712823962155,17.348586668818,1.07047720394764,10.0566449165344,1.72508692638582
101,135,0.017948197343409,0.864478635,0.00214513027274958,1.03194175998135,10.1938954550087,1.19684142285845,8.83178329467773,1.15422844004243
59,70,0.261227863929673,1.2209682685,0.0922026876205366,1.03688984061852,1.42872434697031,2.07869809494353,10.5212507247925,0.135794154548911
22,87,0.0060549358445195,1.5931823875,8.00694700714131e-14,1.03767130695086,50.7240530069071,1.00833878963747,9.05873870849609,5.59946087851431
50,87,36.8971945,1.08505222,36.5520685240476,1.04120685585084,283.932192320841,1.0022087324274,11.4587638378143,24.7786058199275
117,131,24.594095,0.99562468,24.6615750416828,1.04180620425756,173.527395889429,1.00732178483211,9.1969587802887,18.8679105816306
200,200,0.109693539,0.186894255,0.955761807438646,1.04211552086624,1.63068356795931,1.71143886108088,103.532958984375,0.0157503811728728
200,200,0.0353295332444,0.391365975,0.250292412715347,1.04294490172539,7.10532456365946,1.19391099362821,10.5162971019745,0.67564889949005
79,75,0.00215234553108795,1.50311151,1.64472924921758e-07,1.04530233440361,49.3482274642205,1.02133467168644,10.4494442939758,4.72256955259047
139,106,0.00438949255190496,1.262760755,9.42979070196597e-05,1.04584365744663,58.4052201631835,1.00408405118586,9.64479684829712,6.05561953059649
143,134,30.4338085,0.997387645,30.7473719454023,1.04603925736054,141.235568475905,1.01520435435666,10.4458940029144,13.5206779272794
125,71,0.00622721791799186,1.59676159,7.84752426259867e-05,1.05309795851015,39.4712073738412,1.01505188959929,10.8513476848602,3.63744748764352
121,109,0.0035275824077685,1.295356735,4.70167529170392e-06,1.06488563337055,34.7041412904873,1.01474727835793,7.77468752861023,4.46373454402879
158,144,2.32449075,0.96128034,2.46992279343184,1.06636997811473,87.3314571657226,1.02060438272187,5.10942244529724,17.0922365689498
182,85,0.00298956913066019,1.445452235,0.00242554538521228,1.0708923563225,44.2707885375714,1.01333564597604,9.69521975517273,4.56624910579788
78,46,11.653517,1.21603268,11.5766750187155,1.07317101846807,25.5644044080519,1.10264825157076,6.72342371940613,3.80228964809465
113,76,0.00943362365226573,1.61191479,0.000256679776870281,1.07382537981587,2.61536041613835,1.44361709385507,9.88330578804016,0.264624051125
70,63,0.0157002118876966,1.76951288,1.73956671553004e-07,1.08351208186198,31.6315681804256,1.01705770892125,10.0267634391785,3.15471371916771
37,19,178.299475,1.29802935,177.23970443373,1.09605883248888,182.558652788954,1.00671395405737,41.1376156806946,4.43775483260754
180,127,5.6236739,1.049753755,5.93149770376148,1.10096380457525,105.873365985134,1.06402083314521,5.51171731948853,19.2087801039402
121,70,0.0106088956818655,1.661291565,6.3838977636366e-05,1.1010690293064,28.1240997669969,1.04691205598473,8.98190474510193,3.13119550531124
191,1,103.739905,1.50070295,105.101449238896,1.1031094788904,214.29042944094,1.02254384112555,24.8687555789948,8.61685373682062
178,136,5.6292944,1.053548195,5.92869520436816,1.10330444509771,109.050668285573,1.0243640710221,6.0195517539978,18.1160778646265
173,102,0.00361664474203608,1.2566183,0.000918162233640286,1.10527059716829,24.0945726462727,1.11404542720028,10.0482409000397,2.39788962923626
76,82,0.774458945,1.3702876,0.740184385567714,1.10665714122469,47.1209398603028,1.00193619923224,7.73738360404968,6.09003537521909
170,152,0.0181714477570407,0.7629952,0.0395436250008434,1.1082126602267,31.0029250276392,1.01556402171685,9.06646800041199,3.4195151878582
170,186,0.00621119092327767,0.5690837125,0.0143504714241916,1.10871300754714,18.6258889168065,1.04562072895345,8.95378518104553,2.0802251271603
76,25,483.781745,1.308829495,483.162831439119,1.11089899747316,167.156090899143,1.00113797803526,106.420065641403,1.57071967482521
143,84,0.0062921630526579,1.67659309,9.40598096105496e-05,1.11106499938317,31.8377676364832,1.0718583391587,9.30377769470215,3.42202583522741
70,80,0.00844683350503442,1.750333975,1.55115668192991e-06,1.11635747806971,14.5116128530111,1.15258124679764,9.44836640357971,1.53588591224754
200,200,0.9770861,0.617582295,1.73706079835447,1.1277697241142,7.49377984328866,1.47834982971533,107.021687984467,0.07002113295369
178,86,0.00447546153596146,1.680326555,0.0114407066745419,1.13073203067676,35.8047077041877,1.00978819015357,9.79050636291504,3.65708436080595
37,55,8.07506755,1.23615845,7.84411676068135,1.13244406790548,172.67723299919,0.999897569334484,8.01270031929016,21.5504419382163
143,90,4.48670755,1.173481895,4.60461992570118,1.14300010096075,131.906342633877,1.0212420976881,13.0833473205566,10.0820026711838
103,95,0.00278036494120054,1.48288403,3.48412807551616e-06,1.14481522188001,57.2479069443878,1.09876568252649,10.023407459259,5.71142170734619
200,199,0.00634385529008549,0.449309265,0.116449806363519,1.14511444191751,7.56325846962368,1.10949292590734,9.49838519096375,0.79626782000997
25,91,0.00357410102800859,1.30543747,2.49884954154435e-12,1.14869912653821,29.5808300025132,1.04768745286804,9.92313647270203,2.98099598689269
144,83,0.00480769577791892,1.63747336,0.000328232851308892,1.15684411590843,38.1745531035672,1.0450436532122,10.9483425617218,3.48678833242167
88,107,173.497675,1.15215041,173.20993614319,1.15871663772466,128.658308474927,1.00953400901687,39.0554704666138,3.29424551638443
200,200,0.034614212805,0.1353883445,1.10164231913132,1.1590659213544,9.42827409665147,1.29301035325861,103.80326461792,0.0908283003560163
185,103,0.00572294274210229,1.505881125,0.0172608299850199,1.17214011320715,29.7860703355014,1.15506280248593,11.0317642688751,2.70002781146615
130,145,0.2330508730585,0.90277898,0.280519244468485,1.17488237663044,7.93464589698212,1.14674587957233,12.2734229564667,0.646490056207301
193,195,0.0101914138006109,0.510700465,0.0569962853004539,1.17674164424231,28.1563426574516,1.02147797798714,10.1586730480194,2.77165556213477
193,194,0.0340949995415486,0.50711984,0.184625619517511,1.17911109238674,30.1057665862367,1.00083017804373,10.9100077152252,2.75946336355228
24,70,0.00656028740988065,1.73055969,4.26095236345619e-10,1.18437638141503,57.4420751125607,1.01803634773215,10.6162307262421,5.41077870232894
154,88,0.00326311223079561,1.654280265,0.000618462588495253,1.18631878372278,32.7178154888539,1.01999788200541,10.0962650775909,3.24058602239677
178,199,0.0140855407255001,0.5131708225,0.0564459685096458,1.18970081645272,11.1599246812773,1.08203943366596,9.87993216514587,1.12955478790097
190,79,7.8188014,1.23549654,8.24321343849487,1.19121617711786,147.5961424261,1.00238986781687,5.86172938346863,25.1796240956388
134,130,0.2927552088585,1.04248537,0.38793162800885,1.19229178721796,10.1694791719104,1.04939278233165,10.4313640594482,0.974894473431725
50,26,40.8875785,1.40315566,40.49503999889,1.19270310920575,135.878855469352,1.01576757364043,12.7472460269928,10.6594675572765
125,133,0.0782029671559892,0.92621885,0.0827751295638881,1.19273186951225,6.25719537908451,1.18579253306568,10.8403406143188,0.577213908834144
107,84,0.00520139879737527,1.68665349,1.35511182209816e-05,1.19600205520383,3.85362280425102,1.25794776627116,10.095311164856,0.381724024284298
111,122,66.609505,1.1591555,66.7589069773472,1.19848590287753,215.564285477333,1.00615411040966,16.8313035964966,12.8073434265782
166,164,0.0189917653132536,0.756246295,0.0554566592815906,1.20017466614136,23.8420331851425,1.11006051291206,8.94681811332703,2.66486172884501
180,102,0.00299750978018164,1.452161095,0.0045420153424752,1.20306140712378,26.4298265195575,1.18191136915502,9.97697257995605,2.64908280620672
193,200,0.0883997524102944,0.595810123,0.260136609307944,1.20603602725507,12.2355875546228,1.12446906139966,10.5036799907684,1.16488578911167
29,105,0.00386674157775157,1.36493704,1.08784230098731e-11,1.20894295383366,42.1415268796397,1.04739684877277,9.46589255332947,4.45193378672116
56,99,0.0027457853447126,1.342466591,6.59343729748921e-09,1.21182105704166,39.4142395106525,1.0327102838663,11.6479666233063,3.38378712656929
81,92,0.0108928370954684,1.633489065,1.6104468305634e-06,1.21578359817164,28.2462913060459,1.05232369578347,9.73049688339233,2.90286217081634
104,132,6.6330411,1.12951002,6.63926107054355,1.21793117951801,151.046565474061,0.999178550907559,5.62168169021606,26.8685731063253
134,73,3.01515005,1.299718455,3.07799130180321,1.22548188896799,127.63367217017,1.02419314789555,4.56874370574951,27.9362731618212
85,89,134.060545,1.26521618,133.844188074416,1.22616333432401,213.25278198422,1.00393883491458,31.1934099197388,6.83646906615608
192,193,0.00278444514310027,0.509362345,0.0238832641095743,1.22962929392786,3.31259896499089,1.30097708838309,9.16011881828308,0.361632750699601
108,95,0.00876574755986237,1.6191034,2.22613950382608e-05,1.23189102921365,25.6191385397903,1.05770908669242,10.0909330844879,2.53882751231131
58,29,79.0380665,1.4631253,78.6207589712209,1.23240149684044,187.039767132506,1.0219537621159,19.9334139823914,9.38322794568618
162,158,0.0162938710068367,0.80960787,0.0303758664876681,1.23666319017495,9.37839667671638,1.25071178874513,7.92755174636841,1.18301298771245
185,102,0.00316632440774968,1.71091481,0.00511866777883292,1.2371331139941,31.7333619226851,1.05213056059655,10.5684659481049,3.0026459921911
128,101,0.00816083563014447,1.64119888,1.66097185074571e-05,1.23904759929535,27.9624291170738,1.03778245150932,9.80960011482239,2.85051671727396
90,92,0.0803336279943452,1.83267781,0.0154955469422402,1.24014477803931,1.45303768078887,2.10304702419908,8.21455860137939,0.176885667422821
123,92,0.00449794764048111,1.659436625,7.47335642254851e-05,1.25034526035789,45.77028394559,1.02976005229477,10.0690135955811,4.5456571799324
141,136,0.79313058,1.0512869,0.9563106410665,1.25486970933649,40.5110010911876,0.996453466277428,7.64153861999512,5.30141940069308
148,160,0.0645766112454259,0.999323735,0.060024274115781,1.26196217107832,6.46199017996552,1.152090142634,11.7686474323273,0.549085204321365
75,171,2.46872475,1.01370274,2.41945556067942,1.26395019788876,107.241353229665,1.03889165307533,4.9535436630249,21.6494212073176
186,92,0.0035166406823801,1.552216335,0.0144522415180383,1.26597445342067,34.4071301191031,1.09469001711323,9.47071576118469,3.63300208629629
169,118,0.00255017587176352,1.352670485,0.00206506976084482,1.28825125558819,27.845006795426,1.20820584487502,9.30088019371033,2.99380340521492
127,84,0.0115123819966604,1.748924415,0.000338999081687768,1.28972841935085,41.0928008968075,1.07489539264306,9.67767286300659,4.24614486132165
121,109,0.00140142838628046,1.496295245,7.95029924083058e-06,1.29639538132424,39.8102532697184,1.02981694184868,10.1493656635284,3.92243757782575
179,109,0.00318783166418115,1.628249915,0.00231711604659696,1.29771833486636,36.832577726211,1.02099757107102,9.46923494338989,3.88970998675267
169,105,0.00232176851610713,1.612992105,0.0034029801368842,1.29842804962938,32.4403439237406,1.03153142840235,9.64309573173523,3.36410057788601
16,91,0.00652973699978718,1.75434027,1.34745081724033e-10,1.30212330277941,25.5731936344849,1.09269759764055,10.3282852172852,2.47603480117748
131,104,0.00426873344187451,1.74086172,0.000224510660402231,1.30372094397723,31.8076922839309,1.06301551879644,9.05562257766724,3.51247989976683
194,200,0.0723554196832857,0.4544113965,0.344276606271121,1.30534707038275,22.5225948060692,1.00935232342563,11.2620894908905,1.99985933554221
146,135,0.0749734633187185,0.888989914,0.123365488581108,1.30804493134703,9.15045516768489,1.02821555210734,9.24560642242432,0.989708489590402
36,106,0.00920835665554856,1.533121325,3.68235544757097e-11,1.31326494584658,42.718326702604,1.05031628710331,10.5151431560516,4.06255303124608
200,200,0.0551523582979165,0.4801818955,0.294886845687366,1.31726220457076,2.33539954176465,1.43755140308645,9.98899674415588,0.233797207225138
29,26,6.0591438,1.57058196,5.86913958019589,1.32604388980397,184.966074103258,1.00597839926846,5.19358134269714,35.6143597063988
133,72,17.004133,1.40431089,17.1493006778096,1.32641424970839,187.94568471593,1.0046469718284,7.17985200881958,26.1768187540721
150,200,0.19458684820276,0.7480329795,0.339722242999001,1.33841082586249,1.48198583954408,1.95679087007665,10.3536567687988,0.143136465949896
193,6,2.2704447,1.78517135,2.51332787095431,1.3397302784478,100.035977851414,1.00863675557402,4.83947253227234,20.6708431929963
199,121,7.20618185,1.28694519,7.88042850755614,1.34792262805498,141.868105556636,1.01780248291194,13.0015892982483,10.9115972134076
10,84,0.00803933579488091,1.744253395,1.08904902762295e-13,1.34984898633225,46.6297916262722,1.01532016851742,10.2368016242981,4.55511333887643
65,99,3.45325925,1.367676665,3.36843843092284,1.35238350114727,65.0978177558054,1.01652151582198,5.418701171875,12.0135463630448
185,134,0.00157556488415495,1.26032976,0.0041530613333597,1.35253831397904,54.295847818141,0.997382897473545,10.2577986717224,5.29312862883709
62,194,16.20132,1.062686305,16.0308465136118,1.35735169416242,152.256824805522,1.02618000974476,7.46574115753174,20.3940669242087
182,92,0.00316745323343622,1.79139363,0.00851048953415658,1.36577916213695,29.2500939614477,1.05713080870395,9.75907254219055,2.99722067184082
102,144,153.8404,1.26461687,153.812996201359,1.36655266447649,194.169687255536,1.00718341166967,33.903272151947,5.72716658101053
190,118,0.00376949517595633,1.332987265,0.0189901427300177,1.36741054394285,47.9036022069554,1.00054343040349,8.97621917724609,5.3367237654342
113,86,1.058059705,1.460772795,1.09179776124362,1.36973308152894,68.0830131285924,0.999300877174807,5.58344125747681,12.1937367994016
9,33,6.47464885,1.6183554,6.13423895390675,1.36977932303666,192.166018116839,0.99993874896044,11.3101761341095,16.9905416006123
190,182,0.958765715,0.83347531,1.35243301067744,1.37273699382823,35.5890163317121,1.04675605199908,35.8721599578857,0.992106869881656
25,117,0.00117399384259801,1.56401093,4.34499179558212e-13,1.37510671485165,48.5793868707961,1.06660525434134,10.291499376297,4.72034104016781
144,114,0.0053664631528988,1.60105785,0.000340464843345976,1.37618272771531,47.2376498631395,0.998112778280259,9.74648261070251,4.84663562742812
18,38,15.7620595,1.5905686,15.383351560082,1.37799675796769,141.116329896479,1.03849440312817,7.374018907547,19.1369633934695
193,163,0.4777761305,0.844427185,0.933042731807377,1.38331713215351,12.9102636553066,1.09727355477418,7.67204999923706,1.68276583919427
57,104,0.00300279758474669,1.462270995,1.26405339803644e-07,1.39716181323543,26.6868147397339,1.19738547367592,9.93401527404785,2.6864076613061
109,120,25.50278,1.368291815,25.5350235180126,1.39829100883432,190.079141044472,0.997499894244826,8.9931468963623,21.1359986926665
37,97,3.25014405,1.43887426,3.08819142354379,1.40600349569966,77.0491988769723,1.01788823948703,10.1422505378723,7.59685422769452
158,168,0.0174524988872465,0.921171555,0.0260625686899309,1.4087388085738,15.4612959901575,1.00177572707358,9.17010450363159,1.68605450287229
79,57,31.841299,1.53759555,31.7067267847827,1.41567287551026,163.479097819921,1.00953385740448,11.0011143684387,14.8602307316183
53,6,155.328475,1.863353,154.81402560355,1.41714129057741,180.394799548798,1.0006568929861,35.091472864151,5.14070185218947
25,129,0.00147182212425165,1.306803785,1.33536201379352e-10,1.42458218842781,44.6188281543743,1.00218018849798,10.5644996166229,4.22346819760094
189,193,0.0102402709239293,0.5917713805,0.0631932722292157,1.42974937533063,19.5009335739461,1.0893142680182,9.43488764762878,2.0668962156478
175,135,0.00118242489236394,1.311532655,0.00138359500505482,1.43155664721672,45.4260399125099,1.04179696506657,10.2939691543579,4.41287896158878
147,97,1.5697458,1.4860704,1.66582294129396,1.43355122136427,6.50388681342168,1.20149890334016,106.806125879288,0.0608943238028535
194,200,0.0295607681872712,0.540736525,0.168605984248467,1.43578660689056,15.7829523293592,1.01482006734391,10.6972146034241,1.47542635297858
34,128,20.12153,1.37703911,19.8074267523016,1.43901188511219,134.842579447661,1.01263701422147,7.98282670974731,16.8915829380355
132,15,14.3933925,1.7447317,14.4718704507958,1.44282441134024,158.715399242928,1.03166579104921,13.2887949943542,11.9435508870713
147,113,0.00314481484921045,1.527346745,0.000280748125892568,1.4441964087597,37.1571971832626,1.07582851888994,9.44815492630005,3.93274639049696
149,53,21.8710705,1.58606615,22.0702505680081,1.44423059823898,143.338951465287,1.00112617791498,8.80668473243713,16.2761533789594
143,122,0.00509765785844141,1.472940724,3.93999290385566e-05,1.45130310979693,21.9817029152438,1.02345757030382,11.0392060279846,1.99123948402808
126,186,12.5304045,1.206239385,12.6537714305855,1.46571534090477,173.518224598323,1.01257369518366,7.60421347618103,22.8186945489945
182,200,6.2243036,0.991936575,6.58938060896444,1.46893758247285,65.4580337310581,1.06631755157541,7.31506276130676,8.94838989998832
145,76,15.3503425,1.5461756,15.5064303048044,1.47294245952153,185.775821167041,1.00749346587888,7.67231464385986,24.213790725556
150,138,0.00235812988013589,1.32790558,0.000290284561050283,1.47491709043425,54.1513951384887,1.00534635431219,10.5532548427582,5.13125059001568
186,120,0.00779334552572222,1.543178135,0.0405064031707663,1.4872701142449,19.0959786302119,1.0580518173253,9.36075925827026,2.04000317744958
2,17,8.5136437,1.8798258,8.02363781193396,1.49500987178928,165.517710780366,1.0117424694035,6.08598589897156,27.1965320866642
200,200,0.051926701130722,0.602418166,0.269117244918792,1.50092799142275,6.74093974905573,1.09157471881114,9.74747252464294,0.691557707089064
102,92,3.04045655,1.537109895,3.04930602049234,1.50703370510839,70.5480935573475,1.00509591999322,4.6947877407074,15.0268973708101
111,100,0.0100389018926526,1.810409685,0.000181739477843076,1.50752729043286,37.6418513677979,1.0728197560888,10.4280800819397,3.60966266772246
120,124,0.00415846999164559,1.49491303,5.94734246070707e-05,1.52186426450344,39.9312337819577,1.02951529413244,9.35788726806641,4.2671206264925
117,60,49.5508955,1.67340025,49.6763116486074,1.52209394560064,144.800236791136,1.0094815163471,13.269944190979,10.9118949339344
130,111,0.00396139443629403,1.463473755,0.000196410985393518,1.52408781123769,27.8126491560875,1.00635776905648,10.6994016170502,2.59945837641671
56,87,0.86353164,1.63567001,0.792498469682473,1.52467757968186,19.0939561934576,1.00229423181674,5.47909736633301,3.48487258335338
101,76,0.0160756706298195,2.04571447,2.54158797377087e-05,1.52504506712823,39.213336020867,1.05005240931329,9.51429748535156,4.12151670485822
0,131,0.00198184553275598,1.485493165,6.93562960729264e-28,1.53353042245627,40.7832700438229,1.0020361310922,10.033967256546,4.06452094182553
48,126,0.00565504075489684,1.41742806,1.30321743571897e-08,1.54034773507467,36.8193712473737,1.04326865693603,9.99283576011658,3.68457684397529
118,81,5.41454265,1.59535885,5.46096803191876,1.54136084531129,107.728301698815,1.01018658636565,4.66082358360291,23.11357633827
184,191,0.047999751771707,0.7693624935,0.158183211458908,1.54220947143364,6.02415498323248,1.14151778528966,9.82745218276978,0.612992550988391
179,191,0.109236250879998,0.7948767365,0.264670128708553,1.55078840639803,5.76409909140248,1.23540470567388,11.4472553730011,0.503535467986272
200,200,0.0621610423335502,0.6346665725,0.419343017383015,1.56291096180867,11.0132110990142,1.05716944681461,10.3231906890869,1.06684177699601
138,120,0.00952212488979487,1.58667974,0.000983597437870397,1.56385053207468,34.3687977637748,1.00203681365459,10.4711427688599,3.28223943865842
165,144,0.00310063802868648,1.393544555,0.00241044586888346,1.56553620561744,46.3605631661462,1.01037505985373,9.27059721946716,5.00081732262022
136,115,0.00405869777632068,1.58331326,0.000135201929487674,1.5789183427361,28.2658779746919,1.029862333124,10.4593598842621,2.70244816962679
183,200,0.0142820095258377,0.74084703,0.0548208433063128,1.5837400025611,12.922736374362,1.08407752015919,9.6569287776947,1.33818283968404
149,123,0.00403354883435864,1.475876075,0.00011523388348957,1.58947694301534,33.7752199079752,1.01765018882267,7.77068161964417,4.34649385487522
3,126,0.00518606741450398,1.506528765,1.96920909832606e-14,1.59289261796395,18.3782903958108,1.09388594646907,9.40035629272461,1.95506317244961
77,126,0.00318136111209832,1.491264775,4.13895497795434e-07,1.59546726645895,28.6162240552203,1.01900894010599,9.16242098808289,3.12321646128682
166,166,0.0810933994585358,0.919811865,0.189029932365556,1.60365258225848,8.97440443607888,1.10959404069637,11.7935600280762,0.7609580495384
63,132,6.36301915,1.512195415,6.27012594208909,1.60678405876417,100.882031184093,1.01303855606478,5.0352578163147,20.0351272693973
85,137,0.00233518224654012,1.276517615,1.2155507834638e-06,1.6095643580922,41.481673142421,1.02467604238189,9.81596207618713,4.22594064855372
116,114,28.4901735,1.61444915,28.5839175230331,1.61077674373073,131.521469956054,1.00468886808351,10.145806312561,12.9631362855039
84,131,0.0106229980664029,1.585033795,5.28296254441239e-06,1.61884594359032,36.4168375783445,1.05108487076565,10.1651980876923,3.5825015178442
192,143,0.00246891377256893,1.299357955,0.0124662477983651,1.62280591334744,36.555027099393,1.04444215945709,10.0363347530365,3.64226861687064
198,166,1.45435925,1.331133505,1.72712166099577,1.62580832192853,28.1996344505832,1.00354168501608,51.0348896980286,0.552555998796888
60,110,12.7942855,1.621327,12.6435950201083,1.64188420207519,152.324527186087,1.00133844467165,6.70409488677979,22.7211174302537
121,145,0.00268995647900187,1.35010737,5.68559167493976e-06,1.64425276949367,46.9624575568735,1.03951906504799,9.70844602584839,4.83727853374656
183,102,0.0113443721928759,1.97311871,0.0395590165681829,1.64628038627655,37.0391265401781,1.02986547416692,9.08637475967407,4.07633710030982
108,62,12.129931,1.8122763,12.1588212642935,1.64836195291361,133.018826641025,0.998594419253889,6.56575155258179,20.2594974201726
57,112,19.9769965,1.6304155,19.8030524715807,1.65003422474163,165.192391915061,1.03957019888918,7.8748345375061,20.9772524271191
168,133,0.0015747717576943,1.342817955,9.91276877955637e-05,1.65278150155135,33.5352845105969,1.068341502645,9.92573237419128,3.3786206645864
154,39,17.41378,1.89669775,17.6304491677121,1.65592979421292,180.910328193129,1.03039116990916,7.77587294578552,23.2655972460535
56,127,0.00532898096408606,1.611056505,4.46175370525784e-09,1.66221847159475,24.2736005579788,1.12001028244234,9.01815342903137,2.69163756738013
184,141,0.0039029808687745,1.274517665,0.0121156497871164,1.6717107388387,37.2291180346925,1.03015349042453,9.45302295684814,3.93832937935713
163,139,0.00725165975268875,1.560132025,0.00212805446941426,1.67356750389101,49.1433797699832,0.998990451493741,9.62501382827759,5.10579835486611
200,200,1.53582325,1.23657585,1.76019325440837,1.67451175339644,16.3836047799333,1.07979394215746,107.336691856384,0.152637504441207
61,110,94.883441,1.65282415,94.5566361652513,1.6794305266179,154.465589386402,0.999302744619356,23.0781922340393,6.69314077203032
71,124,22.07679,1.6149048,21.9455761701478,1.68061358277026,93.3749712718303,1.03987541830515,8.63398790359497,10.8148137702337
33,46,4.5645036,1.8962889,4.39418690155393,1.68265764523739,100.067681619439,1.00695153311357,5.15704822540283,19.4040616348167
102,157,3.82822135,1.53600182,3.8409163697299,1.69797229572774,79.1277736455347,1.00973006083739,4.5643367767334,17.3360944899786
119,141,1.52169645,1.54198282,1.56372079992138,1.70818176679867,50.743411397198,1.00354985219515,13.6401326656342,3.72015526836072
114,124,0.00382915197653146,1.542307725,1.64839851585895e-06,1.70872831036439,31.6548310285502,1.0404483711239,9.32462906837463,3.39475498665256
75,126,0.00464809665677531,1.494107075,2.19808061414812e-08,1.71598981147671,32.11905244315,1.21708285168385,9.16882801055908,3.50307066575584
5,132,0.00398938205780776,1.553416115,4.01846214427217e-19,1.71984247006983,39.2336577607968,1.00068948680625,10.4539937973022,3.75298268982342
91,76,3.1667755,1.8374893,3.16027395021912,1.73059285475796,109.39588338565,1.0282903855277,5.02160239219666,21.7850548174914
55,160,4.18272655,1.528542385,4.06743911490196,1.73689336955373,161.98709387234,1.00968428815278,4.89050459861755,33.122777129814
72,151,0.000259968702075086,1.18311442,4.4427513797485e-09,1.74325767798324,52.4501543147523,1.0313761889375,9.1633734703064,5.7238913686881
184,141,0.00772839071677978,1.49508105,0.0244331765210381,1.74861455049892,46.8494334120186,1.02655757101508,8.99184131622314,5.21021576832017
69,146,0.00667193343506031,1.37565071,4.03262418307881e-09,1.7658650180612,47.6023179016933,1.06150123543647,10.8667016029358,4.38056731849827
140,115,0.00559749317783684,1.725784905,0.00020732458656154,1.77860818694412,29.2787837638697,1.03155858310005,9.7961151599884,2.98881579949743
142,148,13.270542,1.66423025,13.3962765433415,1.77895679369985,140.935935575811,1.01159982800659,7.01634550094604,20.0868009645204
192,117,2.2583465,1.6966193,2.44579901993894,1.78118668605783,119.547741391716,1.00193668918442,4.37029361724854,27.354624622906
190,148,0.00342368701130128,1.535231155,0.0187577480656664,1.78376968913756,50.9873080314019,1.02607030805678,10.1574923992157,5.01967474131104
186,113,0.00674730104903976,1.75670815,0.0355819251992754,1.80994061283281,29.6397628407687,1.03941746228704,9.36632537841797,3.16450279520131
8,156,7.11001265,1.63877335,6.79419214851069,1.82863672353923,147.223487337573,1.00773075265243,5.61131262779236,26.2369069597704
154,151,0.0037652387723111,1.473328855,0.000245074253774549,1.83620257792553,55.6452596040336,1.0414294049261,9.24259161949158,6.02052561607115
16,97,49.3005415,1.85913095,48.6105877679291,1.83635305438695,121.123904658923,1.00567818799647,14.6710162162781,8.2559996440145
67,40,2.0694204,2.169658,2.03317935325263,1.83771487675066,58.4063649982096,1.04814250210386,12.5360810756683,4.65906088558826
180,155,92.6765965,1.674999315,93.5622001470851,1.83883488230826,131.887748264397,1.00801371716023,23.2228448390961,5.67922445239618
133,144,0.416733161683006,1.463172674,0.563839811276511,1.84291357128965,5.48702183474862,1.73820131045662,10.275826215744,0.533973786588735
111,135,0.00944669930073581,1.75652481,1.19660306837661e-05,1.8429488986302,33.6141438439827,1.01941583006384,10.0404903888702,3.34785877403395
85,143,0.00271224682923859,1.47955867,9.87713439679434e-08,1.84365737265539,41.8388389518081,1.07080570299104,8.69971656799316,4.8092186250913
115,141,0.00457229696306483,1.5091524,2.30815086893319e-06,1.84950304180876,50.755633787097,1.03412093626499,9.4827561378479,5.35241369168183
109,62,2.32694125,2.00380085,2.34388711961139,1.85044307276013,91.727642354678,1.04185149674972,4.65188884735107,19.7183650264796
167,114,14.2783555,1.8214368,14.5691554990635,1.85869393339434,122.469658757474,1.01117003922273,7.4147412776947,16.5170508546119
96,166,92.916862,1.64824705,92.9027747875626,1.86245933182789,199.394871716325,1.02466574188451,23.4354953765869,8.5082422416182
20,130,56.98536,1.76369495,56.2915407051037,1.86925977322767,130.886569559352,1.02894444251147,15.888546705246,8.23779367537349
22,107,76.617851,1.85338,75.749775612977,1.87014271794572,163.828940256483,1.03790217009068,19.4688918590546,8.41490832875986
135,131,42.4423025,1.7543397,42.6888161031711,1.87035152423967,125.947934002375,1.02816800952861,13.2318675518036,9.51853043489752
199,6,11.5981065,2.61499405,12.0992811601758,1.88040946326448,148.711327423981,1.0270263835805,6.61224889755249,22.4902797411371
121,136,4.66441675,1.78631345,4.7132288395305,1.8804516520505,145.279522712905,1.0065837428747,4.83164882659912,30.0683116523523
17,142,0.0129569109164052,1.59180734,2.06210846229706e-16,1.89067793719332,30.8394458245372,1.1382215950611,9.54090857505798,3.23233846985582
137,154,0.00615078023397141,1.33712792,0.00020919723085806,1.9005817145944,50.5667755838954,1.01700402640634,9.84274315834045,5.13746775369695
171,149,0.00594651794236002,1.54159243,0.000822577247626503,1.90065619739691,42.4535865237593,1.01573760980867,9.02422118186951,4.70440447637215
14,59,14.2153445,2.0861143,13.8694652340158,1.90546558910241,150.632363881941,1.01956009207813,7.51016306877136,20.0571362435921
25,158,0.00449913262956,1.3580640765,1.24558784873897e-10,1.91243260687407,39.5316042419154,1.0092413094945,9.99095749855042,3.95673830537774
200,200,0.101281414343285,0.75142609,0.455054506703841,1.91731603524325,14.9756700274564,1.02884963456844,10.3351533412933,1.44900317711033
195,200,0.387036726,0.907857835,0.718748757392011,1.91935126635649,19.2377458058522,1.07282941996002,9.92631530761719,1.93805507982299
58,137,0.00743364862154561,1.63120658,4.48851436825736e-10,1.93590038654004,29.8182751460418,0.999144190620509,9.8630805015564,3.02322130913729
154,152,0.00196894817313717,1.43104777,0.000153431401951791,1.93665202464028,61.7427870189985,0.997241734663173,9.91354036331177,6.22812686046021
152,113,2.90028335,1.89879205,2.99377034105953,1.93952070289854,118.62801964614,1.0020060783181,4.99724364280701,23.7386903912304
148,164,5.3913161,1.65655365,5.50813075728061,1.94392883654701,139.63011757903,1.00537582314296,5.02871322631836,27.7665699543691
172,48,10.35206995,2.14559505,10.6085953887224,1.94714531807383,95.7216263052765,1.0371733248935,9.65637683868408,9.91278902059925
200,200,0.238756103145,0.937131475,0.572997335390993,1.95717247501909,21.8809707647025,1.10941404749414,10.0461394786835,2.17804767802905
166,154,0.00235016422070607,1.341524045,0.00108711866346945,1.95804292471597,44.8900408389072,1.02364067748,9.9454140663147,4.51364222138831
160,149,12.848058,1.77782855,13.0973215049574,1.96170306905759,238.314801190601,1.04838512608004,6.93533301353455,34.3624164442459
169,170,0.000803815240946439,1.242689595,0.000256853617475884,1.96783753942371,36.401627059502,1.05852801278776,8.8748664855957,4.101653486121
200,200,0.0178011631560285,0.537861375,0.221890083308256,1.97224215667197,11.5695183538027,1.00613209525258,9.10994482040405,1.2699877531519
116,48,3.43110015,2.1746372,3.44888876635599,1.97533216735836,153.748520390976,1.00784177650222,4.61662769317627,33.3032097472856
109,146,0.00530316667525284,1.450750205,1.62531712753736e-05,1.97989384309793,17.5266025391489,1.04209985286926,9.11152362823486,1.92356440637846
156,150,0.00498344569533633,1.550700225,0.000246824982884532,1.98913615256877,36.1953672952385,1.00742090637997,8.54258513450623,4.23705081369735
44,61,17.5536025,2.1992094,17.3475520955155,1.99418078592294,143.637947469978,0.997093758190569,7.90475034713745,18.171092211912
13,6,1.3398766,3.1028614,1.23168242387328,2.00872676614725,115.713492077208,1.03539639028175,4.41107392311096,26.2324989547217
30,135,1.65168025,1.8597656,1.52694325447801,2.00960842791998,43.5742004370418,1.01334146555589,46.398360490799,0.939132330886622
158,139,0.00635810726876553,1.78522107,0.00137329968731891,2.01128919104986,19.9423324509392,1.08949577522814,9.76708388328552,2.04178982071268
119,180,15.2823105,1.66699905,15.3702872649255,2.01381568466229,140.633289637012,1.01465072179322,7.47698855400085,18.8088143537094
200,200,0.0137009905088277,0.64429825,0.178060731074404,2.01762105932864,10.338264779125,1.06588764880016,8.96410059928894,1.15329638089348
147,84,3.90312085,2.10689005,3.97357582280374,2.0286515801375,181.293517388803,1.03629675152494,4.82844042778015,37.5470133887831
146,169,0.00486465433698818,1.243910815,8.68471987984415e-05,2.03839016081347,61.626883738328,1.02874732463609,10.3820197582245,5.93592433587001
86,137,0.00446465654900864,1.72444243,5.85137485751921e-07,2.04635346530395,54.0848601056477,1.02923602537325,9.54385328292847,5.66698360738548
198,200,0.0354922436861429,0.7208621535,0.191287611484176,2.047137249686,16.5724619888567,1.05258904308609,9.90993785858154,1.67230735705428
37,71,87.7457235,2.16598575,87.1260115228358,2.05577621695718,210.087372962077,1.02916082125986,22.3798606395721,9.3873405355617
162,153,0.00260151856646849,1.471496225,0.00146632769987404,2.05591665836891,35.490655902975,1.06890582473358,10.3678114414215,3.42315792522833
197,199,0.91827749,1.00310013,1.27802511532185,2.06759263880325,42.6860815645104,0.995925899614508,6.09220671653748,7.00666992284385
71,187,19.025074,1.672412,18.8818386959191,2.07533993456624,209.915106449275,1.01095610847572,7.58753490447998,27.6657846180493
187,162,0.00852450033447429,1.519651115,0.0395878078441805,2.08076332826037,43.2339204433212,0.997926874209979,8.74590516090393,4.94333286811593
196,159,0.00231395904208588,1.458042995,0.024085888354817,2.09096324464669,38.3850374181827,1.03673152010611,9.29551148414612,4.12941638377297
154,91,35.673251,2.155844,35.9995639357127,2.1079102820754,137.055337211863,1.04527787800489,11.5776283740997,11.8379458023086
168,132,0.0119286167478181,1.717446845,0.0105269016697957,2.11154360857381,38.8410362469119,1.05702498379516,9.37506771087646,4.14301394344604
154,160,87.0305815,1.89598145,87.5765573066808,2.12127095262554,164.071481484062,0.997916623786685,20.2446937561035,8.10441903743773
192,194,0.70194329,1.290635325,0.983138819484755,2.13987797691838,38.3071819140966,1.03810682599598,6.87399220466614,5.57277063655866
200,200,0.1983866474995,0.74774173,0.674581207379522,2.15366173439186,1.80120573904037,1.65196245419999,11.5549521446228,0.155881713441676
47,152,0.012922772227053,1.4678498145,1.3376546855505e-08,2.15779462384905,28.8498864652197,1.08293778931575,10.1052424907684,2.85494252033787
183,195,1.010161805,1.33113536,1.22673191435936,2.1578114354395,56.816312362953,1.01396555996164,4.87878942489624,11.6455758621231
99,34,1.5657038,2.6195201,1.56636340653569,2.17318782615784,143.854909555072,0.998968719487176,4.48789572715759,32.0539776992953
131,132,1.02359885,1.91012311,1.0919259387469,2.21236598920931,34.6304558906414,1.01172555747906,5.04437184333801,6.86516715384038
4,133,6.3753543,2.0722814,5.95644764825977,2.21962580578909,173.777541330827,0.999612327940303,5.31673407554626,32.6850165649808
150,159,0.0076387900364081,1.517160325,0.00130887684103163,2.22341851969026,50.1057079329568,0.996940985905504,8.97110366821289,5.58523341007587
51,175,0.00181276695302908,1.22084314,6.35676832936316e-10,2.22448841486827,55.5025222754282,1.02859957151814,8.67080402374268,6.40108139031276
129,166,15.040619,2.0154849,15.1780791483607,2.25112440395711,132.617598236135,1.01054319264619,7.47521114349365,17.7409835910206
102,153,0.0108543394189791,1.65249823,8.71735880366464e-06,2.27078101323482,41.3182169532352,1.00331235592789,10.7257707118988,3.85223757462931
143,136,0.0155357141605676,1.73420004,0.0012813852743137,2.27333078904122,29.4356704814021,1.12155539947423,10.4123215675354,2.82700359285672
194,171,0.0066844306146969,1.30467563,0.0532180001496052,2.27408009429951,47.5251605474354,1.04383757266716,10.971150636673,4.33183009889357
185,172,0.00269631963782357,1.360435965,0.0039400834816761,2.30289058502647,47.4118063367506,1.00982383489217,10.8953158855438,4.35157702950658
184,163,0.00367130176986755,1.50100378,0.0123079993021017,2.30506757673938,55.8614621332671,1.05209759013736,9.90098142623901,5.64201261758014
141,76,3.43054445,2.44617625,3.49809629645748,2.31004685162504,137.171246237448,1.01563806927084,4.25087141990662,32.2689709208993
137,47,34.4245455,2.5712652,34.5771875748995,2.31593261081184,246.750000637428,0.998085481843839,10.7950007915497,22.8578029221252
105,170,0.00314446209723668,1.423031105,6.44973322821142e-06,2.34915750411852,42.2008268075045,1.04983349793707,9.37445068359375,4.50168529675667
33,181,0.00374997998415834,1.2887344,7.46138509811711e-14,2.35312243954148,34.3397861157614,1.00346132028811,9.93312644958496,3.45709744963492
200,200,0.00226593031013054,0.2920260635,0.256274816161331,2.35871414186513,15.9879254633088,1.07277909085341,9.58033347129822,1.66882765732603
108,182,0.00202724574393319,1.398913295,1.40963560574453e-05,2.38003280104218,36.8958963482191,1.01979322962282,8.72750163078308,4.22754390764962
27,173,0.00179333316388785,1.505541105,1.82992384975395e-12,2.42259503235838,36.2788169791903,0.997821847208875,10.3101601600647,3.51874426933856
170,163,0.010288885258895,1.59862493,0.00932394051716634,2.42281824747192,26.9100824034828,1.02345059424354,10.2630527019501,2.62203490374454
82,155,143.553565,2.2680352,143.27271163155,2.43095354724164,160.381472294863,1.01986871891502,33.6626312732697,4.76437718112121
155,177,0.00462357531440119,1.484517455,0.000540407527139168,2.4436490633221,24.7550881223622,1.07842582730811,9.30562782287598,2.66022761640078
159,13,11.396535,3.0932058,11.5560454799889,2.49220002304241,198.186804404408,1.01004566606275,6.36637711524963,31.130233226317
61,23,4.0390126,2.9480103,3.96323442179447,2.49411493603717,129.431231110158,1.01581590611097,51.9278659820557,2.49251974180654
147,89,2.37191385,2.58716095,2.43956108221474,2.49852915552881,122.560241649461,1.02003874103739,4.2383451461792,28.9170035526595
161,168,0.00404365959460198,1.61960375,0.00342405221957105,2.51390451411482,26.9175801617608,1.08996907737931,9.97743535041809,2.69784561025823
200,200,0.23764160077487,0.842548835,0.646449624068275,2.51520359206887,5.14885112356803,1.15472992222,9.15763258934021,0.562246964304013
150,99,123.312375,2.5373935,123.841157747366,2.51878003289368,145.553643885193,0.999833873858464,29.6868498325348,4.90296696032989
44,138,11.7061895,2.3797218,11.5303123143972,2.54072798494082,80.2400627700602,1.00947418654303,9.22391629219055,8.69913171675198
169,145,0.0064912149621471,1.84082624,0.0063362427795505,2.54407058858003,35.4536792292796,1.01559738213836,9.77854442596436,3.62566018876405
60,159,0.00569303334907821,1.71105461,1.98738676334015e-07,2.56420802026119,38.6211066441442,1.0703122837149,9.96233916282654,3.87671068138846
181,159,0.0070108310951329,1.5262636,0.0190512092559782,2.57582506596962,24.330403331477,1.07692446328945,9.48582410812378,2.56492246262927
198,200,0.902627175,1.081473175,1.25668963595005,2.57903004817423,64.9896447237654,0.999165301161654,5.71343350410461,11.3748842402867
82,84,6.311652,2.65048135,6.27547553622234,2.60062415968452,184.504224583006,1.02821042769147,13.0570683479309,14.1306011170757
132,197,0.90327295,1.568786365,1.0071899333258,2.60355516101426,53.9955861003177,1.00565807664685,6.17553949356079,8.74346057645955
138,140,0.00983003745534616,1.97866881,0.000938897628973378,2.62022778544857,38.780375689925,1.01417301353171,10.5687310695648,3.66935022139057
200,200,0.00410845129991666,0.4046340495,0.228422268386175,2.64911735208835,26.1731426183777,1.00615660841709,9.44624614715576,2.77074535330189
163,168,0.0067730028935195,1.580572465,0.00451410459889948,2.71075092520118,38.517798924257,1.05156773255647,10.5624668598175,3.64666696099082
20,10,1.12991641,3.7825638,1.05404320694334,2.71461724297139,134.011094243032,1.00476161209602,4.00201630592346,33.4858941090967
181,186,0.0020390433278535,1.381792985,0.00189934388190181,2.73045610623312,44.4935826940471,1.08451511443621,11.3775084018707,3.91066137878934
141,170,0.00511785918549848,1.506401825,8.29131883399963e-05,2.73874106897057,38.5163140496024,1.03641202776494,9.1775381565094,4.19680238782595
139,182,0.00573832936532717,1.518388735,0.000630528387988737,2.76677975178918,34.0852585683753,1.0465074714077,9.49685049057007,3.58911184315477
169,98,3.08962305,2.80271055,3.19059755820365,2.77409312558569,157.697043271051,1.01371208437362,28.8417456150055,5.46766639495655
87,98,14.05278,2.7940707,14.0152830369269,2.78057098330121,199.324468831697,1.00300608234108,7.48732662200928,26.6215805579759
51,184,0.00289613255088522,1.526561755,2.66727896037812e-10,2.78958852396259,34.9292592259769,1.0303210050375,10.3748216629028,3.36673345922399
153,113,62.071753,2.7443549,62.4504568340263,2.79721523955788,135.972893883271,1.02799226700016,16.7634596824646,8.11126679449741
18,41,0.991128945,3.53681715,0.902773149741244,2.7998629057525,67.3430555968528,0.99870197694552,4.6085193157196,14.6127315485359
170,141,0.432727167985,2.03715642,0.699018243096804,2.80415799289145,25.8720683316858,1.12612876466799,9.79288101196289,2.64192614002771
99,185,0.00380401916735896,1.504366315,2.25533136984687e-06,2.81905181266227,45.4398724273681,1.00595983083324,10.7126450538635,4.24170428487969
186,158,0.00974020211805464,1.754037885,0.0489529898370373,2.83821146663239,43.7704511085161,1.06755581533658,8.73847937583923,5.00893224392515
106,107,1.7045864,2.815983,1.71009847248517,2.85228957707035,120.506038660661,1.0282674197394,11.0106422901154,10.9445058231383
200,200,0.0813889094039406,0.4758621265,0.736748714190312,2.86213628108749,9.15302420538939,1.1664579386036,10.7580156326294,0.850809714165871
198,175,0.00424010588994569,1.565496116,0.0946135120688991,2.86623184581558,30.6018280636579,1.0733782509596,10.2625257968903,2.98190023287745
193,200,0.0955354151732572,0.9520838685,0.416852245638324,2.91299121949782,3.37768928756517,1.24267724874195,10.2639780044556,0.3290818906762
166,179,0.00172091525365773,1.47560463,0.000431461505451974,2.91677497781508,33.1051201264259,1.05377847174801,10.2927920818329,3.21634012066148
188,169,0.00358035955594204,1.759434385,0.0130365629849068,2.93763993153181,34.8176952219038,1.03106962436236,9.97437953948975,3.49071288936384
174,194,0.00184524561649547,1.245273325,0.000771232384140888,2.93902112652689,47.7664611474888,1.03782279379743,10.6682806015015,4.47742826906578
160,174,0.00878369212332836,1.616595415,0.00179384641265209,2.95342428218793,30.1605351308009,1.0142336095556,8.76987504959106,3.43910659618888
50,110,49.1695295,2.95321525,48.8698038186878,2.96429189685599,158.439736125709,1.01294546675949,13.9462983608246,11.3607017451146
173,183,0.00555956176656124,1.37108927,0.00215779412310435,2.98444617244552,25.4724424017435,1.10777499633361,9.33475923538208,2.72877336837932
109,186,0.00411579525570228,1.343927745,8.16550418570705e-07,2.98599990318342,41.51209468364,1.0381353863344,9.77189445495605,4.24811124137614
176,182,0.00291712064607732,1.593769176,0.00109043550378722,3.06218016073672,34.8537226560073,0.996652267771204,10.4144797325134,3.34665999178009
153,181,0.00299625066405383,1.510819935,0.000748637930100461,3.07847792872829,75.0200672354662,1.02663591174134,9.79835271835327,7.65639586488312
95,193,0.00239447323640462,1.32067241,1.77995399583079e-06,3.13811169591275,21.7526428840401,1.17090338756736,9.05429697036743,2.40246624947595
200,200,0.0274030020790671,0.60285027,0.459897483872322,3.14757049464415,15.6090102185601,1.01903964986455,10.046418428421,1.55368904149987
171,10,114.725865,3.89307275,115.260614486135,3.15917835662053,174.984597361192,1.011510643197,29.4740905761719,5.93689555608059
200,200,0.0314447582400714,0.644976534,0.286196511382574,3.25232262466134,13.4026401639504,1.08727492366952,9.56643676757812,1.40100650739402
167,186,0.00536177730748336,1.399400205,0.00280214626761347,3.29697929511792,50.424956633677,1.01255020870131,9.77774548530579,5.15711486962477
191,171,7.7643735,2.8579523,8.04376897402886,3.30164141394201,117.588747326862,1.0406232195461,5.35807800292969,21.9460685832807
200,196,0.00110670052318441,1.31244428,0.342292875439145,3.31050217524085,64.1699088796033,1.07753722362232,10.1882727146149,6.2984090313516
166,167,0.00591021799449076,1.867396415,0.00496468125786693,3.32322263168189,25.6471778142391,1.0983028502214,9.4173538684845,2.72339535844228
89,187,0.00434919276116071,1.687072345,1.74303864201856e-08,3.3299214201432,25.7043214456103,1.08185768654669,9.8881094455719,2.59951829893238
60,191,0.00822745814120348,1.43267403,2.87667133360947e-09,3.35160905639392,36.450172069953,1.01357038840435,10.1862347126007,3.57837543492523
64,182,0.00870759684914665,1.598997805,1.51798439466548e-07,3.38622454298873,36.9605584130551,1.02313827572948,9.11937618255615,4.05297003579636
32,112,7.2541552,3.38624805,7.11035684120394,3.40390301534493,218.295880633161,0.999370782327934,5.56824779510498,39.2036936332222
195,186,0.00368334207998778,1.54445999,0.0533116225143533,3.45491054543562,31.3429817994603,0.999504575365313,10.6104719638824,2.953966789239
88,197,0.00548053241614814,1.55383828,9.4646920215011e-07,3.46779614450244,36.1915856242838,1.0051844351889,9.1181275844574,3.9691905261312
138,128,50.45202,3.30288335,50.7397322541637,3.46855210437394,165.083424482044,1.00668566867608,14.7556705474854,11.1877954953513
192,195,0.00533901726274896,1.398310685,0.0326853728266214,3.48610996341315,38.1328351504498,0.999064415747833,11.1877527236938,3.40844458151909
188,197,0.00670910993835876,1.414751635,0.0377103690653111,3.56320249606981,33.6740169618533,1.01165998631399,10.112530708313,3.32992976072464
176,191,0.00569815386889815,1.359177975,0.0073363740184457,3.61014481663655,31.429739365862,1.02677713521231,10.5720677375793,2.9729037068257
200,200,0.2147563567227,1.003643415,0.63262152551405,3.61458633990889,25.9481519832348,1.01449888434141,10.5876033306122,2.45080507580127
200,192,0.00376784983148184,1.528415965,0.148143849430941,3.67271328224784,39.2539587917724,1.02365766034898,9.8759241104126,3.97471247783135
200,183,0.00407182580047843,1.713436975,0.139042062303185,3.74145759189107,30.4835455380053,1.01896474033746,10.1054866313934,3.01653415119129
200,200,0.0298776879154372,0.417367951,0.631298629087225,3.7762319071911,10.4262702843878,1.06253096443039,11.0426466464996,0.944182189121554
6,198,0.00541984993808804,1.448815735,3.10602938633246e-24,3.94838916846933,21.3943654165028,1.04424131594902,9.4009382724762,2.2757691622272
25,26,1.1401624,4.73710525,1.08558597079495,3.95473719245408,84.8995746029916,1.03104624114493,4.08061337471008,20.8055914165168
70,199,1.133182275,2.53881235,1.10672154299697,3.96632249519071,50.146396182611,1.00925210000627,4.75155639648438,10.5536779947964
114,94,2.03408525,4.1644962,2.03950325491382,4.034228091793,96.722600502535,1.01132860882742,11.6318850517273,8.31529885933424
2,19,2.57607695,4.8713999,2.38601863411206,4.06356006484053,164.243070373911,1.02492951255237,5.12654638290405,32.0377615077524
173,196,0.00443854539548704,1.5464924,0.00963050209364942,4.08506766127905,18.0897554696935,1.11836821188352,10.8768475055695,1.66314324627892
137,171,205.27316,3.6717147,205.50879170822,4.15036924549009,175.28955446239,0.999874869797336,49.6350829601288,3.53156565897549
144,189,0.00349794092656345,1.75435369,0.00140834784815218,4.21821164642897,43.3440223864752,1.01100845088274,9.8830726146698,4.38568288187401
131,186,7.50712275,3.524109,7.57080955380576,4.27613380395917,130.120125732908,1.02285967553098,5.6679368019104,22.9572294611772
181,199,0.00324402734036325,1.523890965,0.0111531187696795,4.34483038147711,53.7369132991153,1.02001723119795,10.0292868614197,5.35799943122862
146,199,0.00362391108906117,1.30449981,0.000276965172682562,4.39520888862638,33.1626634208138,1.03733914740478,10.189994096756,3.2544340169315
17,161,6.02342665,4.06961105,5.85564079881606,4.64192122980719,120.047646026804,1.0047861424675,5.3122980594635,22.5980629631553
126,126,28.224637,4.64670215,28.3236492527804,4.84435431197203,136.971382344167,1.01259574605883,10.7701246738434,12.7177155782439
7,200,0.00446940059685348,1.48029566,3.08112326879477e-16,4.92955452374036,38.9689956341244,1.02090220951229,9.31830525398254,4.18198315809299
109,123,3.7009411,4.91476845,3.71543593401852,5.0860895083797,159.153400447074,1.00810669399846,4.65813565254211,34.1667594760188
30,199,0.00582850310920227,1.55331138,1.52546165889403e-13,5.17739919991306,44.696051697752,1.01273141282058,10.4934117794037,4.25943941182988
33,199,0.0164929550036716,1.80010546,1.42148580559861e-09,5.39405458100468,17.7463198228023,1.16918165976739,10.7093510627747,1.65708638355203
77,188,20.9013125,4.6666,20.8368186846795,5.81062328405922,236.882133096162,1.02548721974155,8.42533946037292,28.1154408330127
157,200,0.00202358023818137,1.47831222,0.000893927632432575,6.2353038991246,38.1747005878727,1.00559985844512,9.86957192420959,3.86791857651212
84,188,39.3669975,5.816711,39.3118272420674,7.04019492631328,162.751432884737,1.00755785600203,16.199919462204,10.0464346915089
170,200,0.00484384565549755,1.62093825,0.00491845871238221,9.67274575198885,37.9496736645031,1.02203197787746,9.01806497573853,4.20818365875604
