"rank_mu","rank_nu","mu_mean","nu_mean","mu_sim","nu_sim","ess_mean","rhat_max","time_sec","ess_per_sec"
170,168,16.226374140446,0.000944841955,c(mu = 38.7322046558624),c(nu = 0.0014301940040375),21.976573942011,1.01104426069099,1729.78803992271,0.0127047785247682
80,79,27.0028089135003,0.00253025254,c(mu = 16.2733361997815),c(nu = 0.00203582765563011),32.4603399412015,1.01845111684531,746.640291213989,0.043475205293868
19,18,2.61563687599027,0.01380944313,c(mu = 2.50297853597694e-06),c(nu = 0.0024312185583733),1.81640691935316,1.60792734292845,132.839376449585,0.0136737085636842
4,2,4.172533355827,0.0141939443,c(mu = 0.000523419448951721),c(nu = 0.00258154325896869),29.5732605744206,1.01184686416717,150.610033035278,0.196356510774375
15,16,0.381903786717273,0.01526701375,c(mu = 3.36651062258209e-12),c(nu = 0.00278389148011246),4.65599975109273,1.20212473236563,113.956580400467,0.0408576646888718
50,36,5.02219426038505,0.00615379131,c(mu = 0.641646403065765),c(nu = 0.00292911125978488),1.51646994432459,2.03387078264964,305.204435110092,0.00496870218736361
4,4,0.145407342775773,0.0145885627,c(mu = 2.42835545706583e-13),c(nu = 0.00293757157558366),31.6243459129424,1.02351782107063,110.155194044113,0.287089012800231
15,6,2.649409616615,0.0107154908,c(mu = 0.00836943783093144),c(nu = 0.00333842540848821),45.2781116812923,0.999295034574475,178.923599243164,0.253058354922525
98,108,14.9030266243659,0.003648022725,c(mu = 11.7458128725219),c(nu = 0.00372622886180458),37.0789320062646,1.10010613191993,517.942315101624,0.0715889220192203
6,6,0.0157631458569632,0.01533769565,c(mu = 2.21860865916356e-13),c(nu = 0.00395559463782775),18.4397665254922,1.0656955995354,106.388891458511,0.173324172032408
0,0,0.19776505358223,0.021652075,c(mu = 1.06166881481484e-11),c(nu = 0.00450132148702207),6.7965501659187,1.11430406735883,107.084443092346,0.0634690714136466
93,109,2.84984656428521,0.00480451743,c(mu = 0.790019375952006),c(nu = 0.00457478702562196),14.0030102193715,1.12127729058117,316.61331486702,0.0442274836901692
20,27,3.3497363659355,0.01023719765,c(mu = 0.0722589573256517),c(nu = 0.00516778029652218),38.116992647991,1.06107854870341,198.252776861191,0.192264609109002
36,42,0.244099030290535,0.01061143895,c(mu = 4.95057866621406e-05),c(nu = 0.00526775375104931),48.5358928808602,1.02851448548567,127.196175813675,0.38158295695901
83,78,0.34746496613847,0.00896161435,c(mu = 0.00148868225778574),c(nu = 0.00534774223774538),10.734397471617,1.13377542178599,116.33641242981,0.0922703154362224
173,162,0.207485017351666,0.00378717612,c(mu = 0.469590440184918),c(nu = 0.00554005963279199),31.5751672015198,1.00202785250887,233.158679485321,0.135423511881348
42,56,32.93777247,0.0076564499,c(mu = 18.1065347876146),c(nu = 0.00565258484136945),27.4678645034566,1.05091757753655,265.907400608063,0.103298608615798
46,10,2.4943637656311,0.0181778807,c(mu = 0.137992354647755),c(nu = 0.00568902893607386),3.24376233588022,1.27528705093241,115.540796279907,0.0280746060293884
50,59,0.839913534843488,0.0091073364,c(mu = 0.0104852216512582),c(nu = 0.0057857782074756),4.96565309185546,1.17647622232543,163.317464113235,0.0304049118005687
86,82,0.0296282621697653,0.00921463605,c(mu = 7.74744914574281e-06),c(nu = 0.00622210342730433),2.95649618019917,1.37159563587183,110.174805164337,0.0268345941323813
1,0,0.10851451994758,0.0330089862,c(mu = 1.50747869878097e-10),c(nu = 0.00659544943418904),29.9949996860388,1.05752902413604,97.4560563564301,0.307779739992113
158,184,3.21744412087229,0.00380810559,c(mu = 6.04866825068515),c(nu = 0.00673415904784676),22.9564451573828,1.05288283874498,371.460331439972,0.0618005294627067
56,39,0.0980170305553463,0.0160091001,c(mu = 2.54054485013729e-05),c(nu = 0.00699469007584655),10.3060772049769,1.08674485804027,106.769259214401,0.0965266339844272
91,129,226.826715,0.00699450655,c(mu = 226.408559324993),c(nu = 0.00733850579665368),50.3208150565231,1.03869635835881,335.580313682556,0.149951630071257
4,6,0.0745062040725884,0.0518399752,c(mu = 1.01022395358508e-13),c(nu = 0.0102672867900776),32.9173607970517,1.00286992370529,87.2403728961945,0.377317974514155
25,26,0.514449323780905,0.0286061672,c(mu = 0.000329636515498976),c(nu = 0.01044980797008),1.87188132254929,1.54676203722137,106.094788074493,0.0176434804811992
12,15,0.0758547378749173,0.03971323255,c(mu = 2.32758865516628e-10),c(nu = 0.0111509839865926),17.5905628676023,1.00380927464241,93.5438449382782,0.188046181757964
17,24,15.09841635,0.0187387722,c(mu = 6.0497241767969),c(nu = 0.0111947754136225),42.9007463663714,1.09570468554786,128.174359560013,0.334706149604631
20,18,2.035979486512,0.02638507825,c(mu = 0.0943659993373651),c(nu = 0.0113227705589076),16.3757142795482,1.0755191906879,111.06849694252,0.147437975036458
10,11,23.06442235,0.0212532545,c(mu = 10.0337935600504),c(nu = 0.0119137690589501),65.6330630374305,1.01170446683249,115.368532896042,0.568899173716391
49,49,3.81838181254101,0.0207558649,c(mu = 1.01803354387202),c(nu = 0.0122072948069815),19.588295642466,1.05503676276326,114.845005989075,0.170562885810894
99,141,44.236799065,0.0102507545,c(mu = 47.2871009402815),c(nu = 0.0122284874848155),27.7174474541984,1.07208351912936,209.425526857376,0.132349899604525
136,133,0.4596791572357,0.01196155695,c(mu = 0.199672220427702),c(nu = 0.0123340873860186),21.9804762548082,1.04547460280496,113.741004943848,0.193250237815814
8,0,3.671138835,0.0383711905,c(mu = 0.405454992041677),c(nu = 0.0132551336576882),48.0255682912023,1.01976219855465,105.177096605301,0.45661622008286
175,134,15.0589637175,0.0114417765,c(mu = 26.2489734958411),c(nu = 0.0135195184250988),20.0345077185382,1.07033863786604,190.620781421661,0.105101382803699
30,40,0.780422839275516,0.02956355295,c(mu = 0.0031287973327186),c(nu = 0.0138375831823561),9.66603762796626,1.10022691419574,106.460065364838,0.090794962363031
180,109,22.23814265,0.01357355785,c(mu = 34.2590227878125),c(nu = 0.0138446340369161),20.6584838538152,1.06777724040281,149.348126888275,0.138324358559043
143,136,2.76829589735,0.01155525445,c(mu = 4.18459521729042),c(nu = 0.0139756189422043),15.7509464835116,0.996467911551795,164.601883649826,0.0956911678910078
11,14,0.162597697987905,0.04252350605,c(mu = 6.33870357791178e-06),c(nu = 0.0140100029999473),12.5993008669899,1.05404273459904,93.0191836357117,0.135448413698535
0,1,19.0891996,0.043431521,c(mu = 4.25902426969674),c(nu = 0.015281604610049),44.2404825677513,1.00548074359391,99.2761850357056,0.44563036494442
6,6,0.154002028529308,0.06714564125,c(mu = 2.0123540073943e-08),c(nu = 0.0165283900809105),11.9935713622489,1.24002678908308,88.2037150859833,0.135975807261148
0,0,0.00640029467458885,0.238750392,c(mu = 5.4843328972027e-32),c(nu = 0.017392222263536),14.9698547669763,1.00789084523563,65.4714176654816,0.228647176138189
43,59,12.7839895,0.0231294203,c(mu = 7.93554639663341),c(nu = 0.0178217694131334),52.8975104638576,1.03706379772511,111.637104034424,0.473834491868818
90,97,0.166961717073425,0.02195122505,c(mu = 0.00517607450772105),c(nu = 0.018042573439743),9.81324048274472,1.1125091316848,105.56588768959,0.0929584423294001
0,0,0.17224534215207,0.1378119515,c(mu = 3.31552969027446e-08),c(nu = 0.019065710331605),15.3459822169402,1.10964041816591,78.0657572746277,0.196577638553541
172,170,0.733177197485827,0.0121726939,c(mu = 1.90961070107249),c(nu = 0.0195755250320954),8.93428736367476,1.11124503956379,125.879588842392,0.0709748692844951
43,50,0.0550975246300846,0.0345961136,c(mu = 1.82845578711999e-05),c(nu = 0.0196921554787047),27.3436767991383,1.04759803126741,90.90154337883,0.300805418508508
93,99,21.7335928,0.0209863536,c(mu = 21.2040060496249),c(nu = 0.0203278310505338),51.6285198899357,1.08978543631378,113.203376054764,0.456068729478171
24,20,0.106691163828845,0.050412678,c(mu = 8.78045241161922e-05),c(nu = 0.0204789545800435),9.01456644979494,1.10287629974141,92.6269347667694,0.0973212216564569
75,131,107.2096485,0.018869425,c(mu = 105.569823167114),c(nu = 0.020641606910575),74.7668725001718,1.02579188306766,126.570842504501,0.590711660132252
94,96,0.319857063125214,0.02201900405,c(mu = 0.111880466036328),c(nu = 0.0206598070407226),33.4854581035861,1.06342552406326,107.064640760422,0.312759262682406
13,14,2.7544045704,0.0502875767,c(mu = 0.331408662960609),c(nu = 0.0215201828249849),43.4446100896653,1.0253861347254,101.157082080841,0.429476702925713
14,11,70.291722,0.0318027435,c(mu = 60.7957850530759),c(nu = 0.0221099753775128),68.0337832668577,1.00643621862676,109.949961662292,0.618770413725301
179,80,45.067177,0.02378622735,c(mu = 54.6792238564994),c(nu = 0.0225523739076727),38.6222217713371,0.999497124000436,112.286699533463,0.343960789049885
1,1,4.44540324,0.0569442225,c(mu = 0.677657683355473),c(nu = 0.0226691610647884),17.5411156905479,1.09768559355269,101.196875095367,0.173336535085863
158,77,145.442775,0.024013325,c(mu = 151.450972757418),c(nu = 0.0228452396282441),131.750941195043,1.00463872072202,115.444983482361,1.14124440249215
25,20,0.6560863223045,0.0445964305,c(mu = 0.0501937875018529),c(nu = 0.022980670299483),47.2003360063443,0.996624854400313,100.483354330063,0.469732885820102
90,92,0.922074785041052,0.02887941285,c(mu = 0.2495382667016),c(nu = 0.0233090285207307),29.155825730462,0.999341213781487,108.239006280899,0.269365238394721
99,99,0.030959477578436,0.02869675805,c(mu = 0.000639866205196776),c(nu = 0.0236042650282319),20.6669128501907,1.04698964830934,93.2442812919617,0.221642684825673
168,192,10.0615978365475,0.0149536111,c(mu = 15.8611074773679),c(nu = 0.023917985926265),43.3193153097971,1.18723955419836,157.248884677887,0.275482496416643
55,39,0.14995880831622,0.0372206784,c(mu = 0.0225908188585765),c(nu = 0.0241021201439237),23.4640552798871,1.07139864285842,93.7025909423828,0.25040988775129
41,47,0.246472497523921,0.0917885495,c(mu = 2.62515844736446e-06),c(nu = 0.0255422799474146),4.84261358286616,1.21280374710551,82.4931738376617,0.0587032036419878
109,108,1.236286582987,0.0298931875,c(mu = 0.566397250965632),c(nu = 0.0268745526640766),17.6391193842599,1.00135249027683,104.088030099869,0.169463475937971
52,52,0.426217690432645,0.04069787845,c(mu = 0.0499266861136866),c(nu = 0.0269880111878399),23.6885193230225,1.02180401518275,97.7411415576935,0.242359757063406
65,61,106.3081745,0.029974967,c(mu = 103.185936727715),c(nu = 0.0272449293231878),80.6322120810324,1.01499477218143,111.412913322449,0.723724114884856
11,12,0.149945491869212,0.1319079325,c(mu = 2.70250837655474e-08),c(nu = 0.0272876759435245),25.0992476743304,1.10362999393058,79.5287556648254,0.315599652786111
36,52,1.102009022012,0.04033742555,c(mu = 0.125066410797702),c(nu = 0.027602310461823),20.777846987668,1.06892958796473,101.25328540802,0.205206644939367
83,74,0.8643262093692,0.03943823595,c(mu = 0.261158181224137),c(nu = 0.0281056463569366),33.4342613711084,1.02725065874449,99.3130559921265,0.336655246755866
6,34,28.7545965,0.035140691,c(mu = 21.2919259887327),c(nu = 0.0286559093867495),58.9989928482743,1.05622073771903,107.621324539185,0.548209131423512
68,64,0.254294090480307,0.05010765505,c(mu = 0.00522945546134675),c(nu = 0.0288288088796027),11.6775674963161,1.43473836860898,90.9367115497589,0.128414226744128
29,39,0.215049280194711,0.075827381,c(mu = 6.11412604122961e-05),c(nu = 0.0289204238644817),22.9232461682461,1.06188031129801,87.0030918121338,0.263476224704111
175,163,0.34771255502685,0.0192277278,c(mu = 0.939591274099058),c(nu = 0.0299014216097887),25.9559074824384,1.02473072147982,107.626990318298,0.241165412185882
27,26,0.673422930948666,0.1159085947,c(mu = 0.00353235111554394),c(nu = 0.0335449133113796),4.35835024096339,1.18708917037246,88.2527318000793,0.0493848762759712
0,0,0.0388509787430749,0.2610075965,c(mu = 2.130447006613e-14),c(nu = 0.0344972163236138),25.1264266013774,1.01975879343155,73.12797498703,0.343595273981453
31,33,0.167320208976804,0.094537191,c(mu = 9.74121305657275e-05),c(nu = 0.034570607675512),8.64766017797871,1.02803157956851,82.019971370697,0.105433591763825
1,1,0.0572866645462374,0.153028587,c(mu = 2.47376937569365e-09),c(nu = 0.0348691842093914),29.796818678533,1.08909935805837,77.5108923912048,0.384421050504045
29,34,0.0333370652349655,0.0537589758,c(mu = 0.000267847768289354),c(nu = 0.0352005428364953),22.28050551198,1.03678629507777,86.0067207813263,0.259055400666055
93,82,0.3839198249898,0.04232947755,c(mu = 0.159679258256394),c(nu = 0.0356008114476901),13.6052881322426,1.09235942073932,97.971955537796,0.138869210658901
15,12,16.97104165,0.0530151245,c(mu = 12.7157860493243),c(nu = 0.0357742411391784),75.4181678592876,1.01178540774278,98.5188369750977,0.765520281957357
56,53,0.0649858900209628,0.081561577,c(mu = 6.09719237619117e-05),c(nu = 0.0361317034911681),30.6753965381029,0.996341105391325,82.3396992683411,0.372546861485773
20,84,16.78178325,0.0392024715,c(mu = 12.0101147410214),c(nu = 0.0364009000095857),18.3049554396558,1.01112790455989,104.038663864136,0.175943776667108
71,56,7.423317045,0.0492092375,c(mu = 6.38138010204628),c(nu = 0.0372483102503474),8.14132244993776,1.11780737206974,101.195383787155,0.080451520071918
51,52,0.000872892133551616,0.0676665825,c(mu = 8.45833555288329e-10),c(nu = 0.038168641684134),18.7240876195109,1.03161243394932,76.0855665206909,0.246092504475459
70,73,0.204338556514969,0.0547067851,c(mu = 0.0127659709685129),c(nu = 0.0389413296464426),5.28200491044629,1.16866647405765,90.8449804782867,0.0581430573559181
186,112,18.316278,0.038289611,c(mu = 23.3252117499375),c(nu = 0.0389592159414814),66.297433475638,1.00549815803866,105.390067577362,0.629067188205113
10,10,0.273104263604696,0.31877124,c(mu = 4.89480585612213e-08),c(nu = 0.0397148336738827),9.48298974457439,1.10705617407522,75.1782500743866,0.126140070235623
74,103,5.93189647,0.0437493645,c(mu = 4.40568287376029),c(nu = 0.0401691362046904),38.0848265523161,1.02185102649849,100.133874416351,0.38033908878789
13,14,0.293587095426815,0.1563945745,c(mu = 0.000110219167598727),c(nu = 0.0402782865879936),16.1220629517437,1.07245316288051,82.502001285553,0.195414204510537
33,30,4.85313714,0.062910378,c(mu = 2.66434274987371),c(nu = 0.0406988424987396),45.6446427653583,1.0504273526462,90.0209872722626,0.507044458725042
56,65,0.209989998793248,0.06272978475,c(mu = 0.0067548155233563),c(nu = 0.041695644343011),21.6210542906188,1.02532381528235,90.9133522510529,0.237820449419941
135,177,0.6307893182245,0.0282296715,c(mu = 0.844317462578393),c(nu = 0.0420140402000824),44.1625953544054,1.02648894185434,105.426822185516,0.418893355968691
5,5,8.60424706,0.0808591315,c(mu = 4.17512946641262),c(nu = 0.0423133089607359),58.6429049944236,1.01773289209329,90.369556427002,0.648923236021344
122,152,0.136112096986261,0.0334004938,c(mu = 0.0577420538446923),c(nu = 0.0426679213882083),26.0138080744833,1.03452985731407,96.6268420219421,0.269219272100148
5,11,2.3494999915,0.1067893685,c(mu = 0.218127386836422),c(nu = 0.0433270308505019),25.88081893424,1.00087402338754,82.7226126194,0.31286268790029
0,0,0.505871533675,0.337113749,c(mu = 1.2208313736072e-05),c(nu = 0.0439843938432114),38.7586914984926,1.00217262978237,69.8468430042267,0.554909711468952
25,10,106.6246345,0.0591399225,c(mu = 101.718022343145),c(nu = 0.0446266824280535),97.7643816224837,1.01816515184552,107.730355501175,0.907491497337698
91,93,0.396120577038379,0.05298667805,c(mu = 0.102711024844031),c(nu = 0.0447370083504344),20.6424061440504,1.00016978593281,95.311999797821,0.21657720106427
82,78,1.36147350174331,0.0593211114,c(mu = 0.629048692133303),c(nu = 0.0448014680762725),4.80949780414019,1.19411041630786,95.2061803340912,0.0505166554026537
122,127,1.72275117162,0.04023566975,c(mu = 1.95616977315094),c(nu = 0.0449219674555442),40.4694579876362,1.0065520421938,102.168170928955,0.39610631784509
34,29,0.0520360708039117,0.173063271,c(mu = 2.2607130093719e-08),c(nu = 0.045286119412888),18.8116251918899,1.08156031206751,72.5285513401031,0.259368549961488
170,170,0.269239325527673,0.02677173455,c(mu = 0.725447254981919),c(nu = 0.0454388948475927),24.1637039498553,1.03935627981248,96.1082561016083,0.251421729308134
92,121,0.31304942377142,0.03979819105,c(mu = 0.1621683648429),c(nu = 0.0463552847100654),3.88949153357019,1.26487302131832,94.7016034126282,0.0410710209057721
151,148,5.649233055,0.03690954405,c(mu = 8.15452907832411),c(nu = 0.046691779415781),34.1002190897948,1.06592260555902,96.1109042167664,0.354800731172874
4,3,0.0876171108568971,0.22187481,c(mu = 7.09883135972596e-08),c(nu = 0.0474481143800032),7.38429285003323,1.08597979547473,81.0107009410858,0.0911520671250997
81,89,0.439145994151347,0.06771568725,c(mu = 0.0453615162844721),c(nu = 0.0474763271340878),14.2560935543277,1.00078184982495,90.9293937683105,0.156782014742697
0,1,0.0449744272727681,0.204465639,c(mu = 1.05861607031972e-10),c(nu = 0.0474791722388378),33.5870075383705,0.995604263125221,81.0157423019409,0.414573841873764
150,155,3.83574838192764,0.0333164165,c(mu = 6.52529988354899),c(nu = 0.0479954567810153),18.3029660976019,1.09701833607311,96.3114602565765,0.190039337466614
102,38,74.7631975,0.0584207175,c(mu = 74.8410923923852),c(nu = 0.0481694518341068),102.826377132096,1.01462307716239,96.0731263160706,1.07029281834555
62,95,36.2639645,0.050228043,c(mu = 34.6918139783758),c(nu = 0.0483462067311411),123.236688377019,1.01847221952255,95.4151203632355,1.2915844774693
3,3,0.64054628991,0.2121925,c(mu = 0.00271025655197474),c(nu = 0.0485121662628185),35.9721678903401,0.999671582872133,77.6239852905273,0.463415627987989
184,200,0.43266319959422,0.02459847905,c(mu = 1.54959734100358),c(nu = 0.0501876433119639),11.235968862755,1.01523939490383,96.2416324615479,0.116747488330938
140,140,0.0593109740892343,0.04237771765,c(mu = 0.047277971527664),c(nu = 0.0504776795773351),10.6087175364151,1.03837968188127,92.2971031665802,0.114940958843185
7,12,0.0406151077834053,0.398133546,c(mu = 4.27075214594321e-16),c(nu = 0.0506441194744845),10.7424743004074,1.16416085820235,76.6429665088654,0.140162558806551
92,79,0.73128853003335,0.0624640935,c(mu = 0.4676615041966),c(nu = 0.0507242405736577),32.7272974931485,1.00363750620427,93.0639593601227,0.3516645726033
106,100,0.21083305440186,0.05828073255,c(mu = 0.0844892251391075),c(nu = 0.0512346721502218),31.9385557534084,1.01161456363252,92.8880224227905,0.34383933385982
76,154,447.16653,0.047365697,c(mu = 443.698011152723),c(nu = 0.0517082221228785),118.09628356242,0.998868675909642,136.022792816162,0.868209519282767
64,63,0.868052827984643,0.12126620835,c(mu = 0.0898038244952956),c(nu = 0.0522098435733615),1.89391442433229,1.78786693912376,91.3798816204071,0.0207257263934706
8,6,0.0295932622852373,0.2041698025,c(mu = 1.1239276733288e-08),c(nu = 0.0533369584352202),22.2193927813614,0.996005166731792,80.188346862793,0.277090046754301
125,103,0.0247822678883419,0.054631715,c(mu = 0.0106189309774393),c(nu = 0.0534846106419237),24.1668523629394,1.05360531366745,90.0732374191284,0.268302251094699
0,0,0.1801108763,0.49793382,c(mu = 5.15457830002883e-08),c(nu = 0.0534867019836204),29.5889176832485,1.00004642792466,75.3968636989594,0.392442287803768
100,94,0.529085041072936,0.0591888215,c(mu = 0.344378010018031),c(nu = 0.0537283498919725),12.4438088364594,1.10598044873061,93.9147751331329,0.132501076841414
0,0,1.380880685,0.0969761195,c(mu = 0.282665201050849),c(nu = 0.0539447429843054),4.28884467454004,1.40290050070461,94.4282159805298,0.0454191009541508
14,14,0.7978795014145,0.1074297585,c(mu = 0.102202919680497),c(nu = 0.0540762031482957),2.90767296957499,1.30219310762763,93.0153920650482,0.0312601270071687
29,30,0.55350215583366,0.1479786705,c(mu = 0.0107434714659901),c(nu = 0.0543209281248501),4.14397940025568,1.25331203531806,83.4055137634277,0.0496847176316149
78,32,8.97536575,0.076247034,c(mu = 8.41977369983583),c(nu = 0.0543380038875975),52.0239195367286,1.00207798943009,91.3230531215668,0.569669078709795
73,100,53.3455515,0.0560366985,c(mu = 52.1007486943316),c(nu = 0.0561985943130714),84.1443756554439,1.01076492808979,95.0759212970734,0.885022984868347
0,0,0.0356706935648923,0.4113966415,c(mu = 1.71245322175873e-14),c(nu = 0.0566148251199327),26.5631578264424,1.12770564068594,78.2823710441589,0.339324901278964
0,0,0.105615063945765,0.72774135,c(mu = 2.12745829138485e-12),c(nu = 0.0571100197155995),4.34349171680661,1.23903923470998,73.3057403564453,0.0592517270228308
11,56,27.196155,0.065654203,c(mu = 22.1818067081247),c(nu = 0.0571387549009551),68.2432361565754,1.00151377288987,93.0919427871704,0.733073498235987
9,9,0.234578265259704,0.214007519,c(mu = 0.000246916955138499),c(nu = 0.0572897484671489),36.7112091639785,1.02277790004839,83.4140720367432,0.440108104874769
13,28,20.221585,0.0720239305,c(mu = 16.45844449877),c(nu = 0.0573396335291743),78.4600349159135,1.0323944755202,91.0163590908051,0.8620432161831
117,119,0.0100039950981103,0.058595041,c(mu = 0.00107028296133669),c(nu = 0.0573550937751646),13.9862855569398,1.10481204675204,86.8893871307373,0.160966557813274
85,88,7.130965105,0.0607220715,c(mu = 6.88910547774067),c(nu = 0.0577583785932969),39.55694932852,1.04650653813708,93.0497574806213,0.425116092718008
116,115,0.209055969102827,0.0562713536,c(mu = 0.0913354357388046),c(nu = 0.0579740314866048),14.0310472255861,1.303423978782,92.1405415534973,0.152278757960627
43,44,0.151643232383422,0.100066727,c(mu = 0.00382392032413184),c(nu = 0.0579803904721701),4.45442074965541,1.16726514102302,86.2217066287994,0.0516624052552396
29,68,90.8776905,0.0631203385,c(mu = 86.9067761047726),c(nu = 0.0581920078938804),104.362690430762,1.00643759398109,95.4391822814941,1.09349941958795
85,51,5.9497876,0.074851448,c(mu = 5.72730910728485),c(nu = 0.0584465544911502),50.1905305233324,1.00973432548207,91.9690809249878,0.545732652958324
3,1,0.268606693638921,0.7009393675,c(mu = 9.77858523028513e-08),c(nu = 0.0584911474238305),10.2523228161917,1.1545101063808,75.9111444950104,0.135056886368847
0,3,0.0109508570081361,0.3748693945,c(mu = 5.38654515736453e-20),c(nu = 0.0586727510771394),37.2345937123674,1.01325751689345,76.9716086387634,0.483744517892481
87,83,0.108678197361151,0.0775323973,c(mu = 0.00998054589234994),c(nu = 0.0590648395866868),8.10437187186194,1.12446858976125,89.0024600028992,0.0910578412281857
74,74,0.0281600235574444,0.0999984755,c(mu = 0.000139913372138087),c(nu = 0.0593931325967832),1.56686481265168,1.79594353775707,86.532327413559,0.0181072768927531
25,23,0.6176679482615,0.150169808,c(mu = 0.0328821486217624),c(nu = 0.0598959211937168),14.3855902594987,1.04262590228902,80.8064017295837,0.178025378578787
65,54,2.43776597,0.07745127,c(mu = 1.72579134761229),c(nu = 0.0600729174488541),25.1408741662977,1.06114188545893,90.4342546463013,0.278001673863809
105,94,0.5699400432612,0.0632631745,c(mu = 0.494867929869507),c(nu = 0.060433919415031),22.585083245826,1.09860112204568,93.6720364093781,0.241108062892128
74,72,0.0118608816834315,0.094585508,c(mu = 1.53898285207162e-05),c(nu = 0.0606032451111262),2.01113140524971,1.49526158973843,84.1858911514282,0.0238891740378708
14,12,0.0236324548452401,0.1846490845,c(mu = 1.24935979286577e-07),c(nu = 0.0632002937815256),25.5718218196537,1.09761970056321,83.8412301540375,0.305002941544057
13,8,0.0256765368196906,0.2817924415,c(mu = 4.98213947954568e-08),c(nu = 0.0640154171918203),14.0690001023856,1.018225321964,80.8433351516724,0.174027952656708
96,93,1.44512696930729,0.0684505315,c(mu = 1.18568437100524),c(nu = 0.06471821190357),29.0921821218862,1.06768658690573,92.849054813385,0.313327714324694
16,17,0.126709863322717,0.183678564,c(mu = 0.000166348530586829),c(nu = 0.0647709186922121),16.5542501890095,1.06828046725757,84.1052157878876,0.196827866547053
156,133,0.000659412303338462,0.0547664865,c(mu = 0.00066842369057067),c(nu = 0.0659690380746424),33.6923846678898,1.01886402607705,86.9679665565491,0.387411434369712
15,10,0.2648860585115,0.23964143,c(mu = 0.00151831530006494),c(nu = 0.0666783902580347),17.0611346277289,1.06025689719467,82.2125158309937,0.207524784459849
182,20,82.604609,0.081708876,c(mu = 86.293016802247),c(nu = 0.066988476999802),121.801210322139,1.00796351558023,94.7033417224884,1.28613423884298
0,0,0.00693519917190554,0.512924248,c(mu = 2.11937592359153e-21),c(nu = 0.0671514867109902),26.9823968122859,1.10398139554459,70.8331818580627,0.380928769603402
179,165,0.343212934148749,0.0410825207,c(mu = 1.05927549484785),c(nu = 0.0672732599369963),6.99563732256802,1.20168367827227,94.509761095047,0.0740202624735515
193,190,1.31660700874967,0.03503920545,c(mu = 4.38328638734403),c(nu = 0.0674222665930211),22.5233839379816,1.10200162018625,95.0624434947968,0.2369325162488
153,164,0.0520390986620923,0.0432432654,c(mu = 0.0790230296326531),c(nu = 0.0683595548326824),2.44121131546329,1.37184133654015,91.6276006698608,0.0266427506299014
144,127,0.00162519703440293,0.063448813,c(mu = 0.00043211391212322),c(nu = 0.0684753893900922),8.01285965880198,1.12575722109376,86.5800211429596,0.0925485990072844
14,6,0.0543085432560009,0.229356809,c(mu = 4.72954355972097e-06),c(nu = 0.0687092224148498),7.65946223507378,1.14688421034177,83.4685454368591,0.0917646545172861
0,0,0.0354840901129728,0.55279556,c(mu = 2.5490840490369e-17),c(nu = 0.0687597878022041),27.5680685002599,1.00321209961775,74.7108008861542,0.368997095109028
119,102,0.177937960863402,0.079225951,c(mu = 0.0983091916832812),c(nu = 0.0689437381044765),23.6346364184536,1.01252220279112,91.3326184749603,0.258775416856501
163,173,0.0792846603276243,0.04388793875,c(mu = 0.157158088393265),c(nu = 0.0704742453886945),37.2500678683409,1.01397848153267,92.1027588844299,0.404440304715325
177,181,4.4904680865,0.0465849105,c(mu = 7.24103535745344),c(nu = 0.0713247497705571),22.594519820457,1.12831913855225,94.289911031723,0.239628180504437
20,21,0.31451035837936,0.2585610695,c(mu = 0.000877846527079837),c(nu = 0.0714298596847636),2.07174883066251,1.57560395107707,82.3442239761353,0.0251596132749145
94,87,3.27019612,0.085052812,c(mu = 2.98295666220136),c(nu = 0.0734072864089169),21.4780152541858,1.04256996096981,89.5716395378113,0.239785889428976
149,172,0.0179002871443353,0.047479625,c(mu = 0.021768002292839),c(nu = 0.0738239892063911),56.1057106470987,1.03003362254041,90.850921869278,0.617557967412011
140,141,0.0394188731572626,0.060248274,c(mu = 0.0242304909788839),c(nu = 0.0738329180158868),25.4776638422887,1.00188131504402,88.9291708469391,0.286493887209853
166,160,0.0955157150298207,0.0483802428,c(mu = 0.208054666267488),c(nu = 0.0741087821260942),16.5214703021329,1.02805700128197,91.9317364692688,0.179714546212839
154,124,29.50179,0.073322279,c(mu = 31.6901503395012),c(nu = 0.0760971899899094),67.7806298550246,1.01977847576073,91.9111955165863,0.737457819736366
137,40,6.29477765,0.0981543365,c(mu = 6.86279639109674),c(nu = 0.0762812839667671),63.6193322792833,0.997384070013711,87.2265520095825,0.729357412549039
137,171,0.6048217000435,0.0462502883,c(mu = 0.821394439635897),c(nu = 0.0764018339380035),27.2740573547574,1.06784319714343,93.7539494037628,0.290911023249787
159,187,7.08679355,0.0527273,c(mu = 9.19280422232034),c(nu = 0.0788572489979965),34.2094573070648,1.07075273391619,94.573992729187,0.361721614154789
2,65,202.18417,0.0865472605,c(mu = 191.093661450859),c(nu = 0.0812894853282573),125.549008519945,1.01614162140361,95.444699048996,1.31541101570759
77,79,0.00513704636032017,0.1235598205,c(mu = 1.48015513437548e-06),c(nu = 0.0815859285534038),20.1756899399801,1.01825625167464,82.2446808815002,0.245313006552358
135,136,4.0230448355,0.069725801,c(mu = 5.19753381838446),c(nu = 0.0825304330735999),6.52813148752806,1.13911361742393,91.8409485816956,0.0710808369070913
89,95,0.6650418990885,0.0973106615,c(mu = 0.293205198159985),c(nu = 0.0826871666369618),3.49900650587886,1.3280753035513,90.3467206954956,0.0387286497942953
10,7,28.019997,0.114201417,c(mu = 25.0518810329732),c(nu = 0.0830116177987182),66.7910152542208,1.04190098348339,87.2950654029846,0.765117878609634
11,6,0.0102078449112924,0.3944603385,c(mu = 4.77158165732695e-12),c(nu = 0.0844647239620366),16.3203319559944,1.12305267012978,76.3531928062439,0.213747865101193
144,144,0.119973385655374,0.0593305595,c(mu = 0.147030887519255),c(nu = 0.0848714666470701),28.4058408190425,0.999189098102285,90.1226625442505,0.315190874493917
152,133,0.138132718070156,0.077898792,c(mu = 0.185725086976379),c(nu = 0.0856856146232555),23.9926539810535,1.00422178782957,91.0776400566101,0.26343078241971
18,22,2.3034222895,0.1781758915,c(mu = 0.752491286086006),c(nu = 0.0857343905397846),25.8077550739334,1.03912275574174,82.8194913864136,0.311614508153899
10,8,0.128281164758465,0.2789785865,c(mu = 0.000184894727381982),c(nu = 0.0860920554934553),9.27676177748307,1.02780677379311,83.5130307674408,0.11108160836979
135,138,0.194231572840329,0.0819863495,c(mu = 0.0978491422749623),c(nu = 0.0863083397564457),7.38458977634051,1.10938866879726,89.5712580680847,0.0824437429552162
65,72,0.115208518069,0.1375926605,c(mu = 0.00452630135838642),c(nu = 0.0879542885989062),2.49394494633979,1.38789208929429,85.1785938739777,0.0292790105226391
9,5,0.0183067646691945,0.375154525,c(mu = 5.71143843768582e-10),c(nu = 0.0887265082498533),12.7845074638372,1.07803312643178,80.2280683517456,0.159352053794762
132,199,25.8525475,0.0617722935,c(mu = 27.0485710256445),c(nu = 0.0888529638279626),47.2655617643853,1.08035232225105,92.5027725696564,0.510963730614598
29,30,0.107800746354209,0.5083392215,c(mu = 4.00587027906324e-08),c(nu = 0.0892209617421852),11.4797847818653,1.10670119425115,78.6558566093445,0.145949523363292
184,186,5.7472440355,0.05368315565,c(mu = 10.2015426928056),c(nu = 0.090606199897096),15.6246001253976,1.1175113736883,93.8275971412659,0.166524568479286
3,0,0.0106175717603349,0.3626004395,c(mu = 1.15760824551058e-10),c(nu = 0.0927639670535857),30.6219417101198,1.00237622091147,78.0797457695007,0.392188030433896
68,64,0.0794028404926484,0.2428175715,c(mu = 0.000130058396596902),c(nu = 0.0938588134869604),8.07296734936907,1.55949830580848,81.2793595790863,0.0993237076568489
5,11,0.205797285813135,0.310348859,c(mu = 0.000129318745227931),c(nu = 0.0940774798402562),22.0761225072331,1.09104825661964,81.5954296588898,0.27055587058641
61,25,5.4762887,0.126455796,c(mu = 4.91222121833754),c(nu = 0.0952727984682644),76.0996051717,1.00989056027173,83.5171458721161,0.911185414408509
0,0,0.00712895806460849,1.506430425,c(mu = 1.7309765964133e-24),c(nu = 0.0954821611603639),38.5242573903294,1.02804492346217,74.2608733177185,0.51876924777745
5,74,16.9347745,0.104677581,c(mu = 13.6156853280838),c(nu = 0.0956047057194992),53.5233038700515,1.00087064692545,87.0581231117249,0.614799652886648
7,5,0.0183710796189872,0.458644827,c(mu = 2.08522299350057e-11),c(nu = 0.0965253951078146),19.5940267442301,0.996312881613485,78.3017010688782,0.250237561595172
122,97,18.7794915,0.0960313635,c(mu = 19.4167270022559),c(nu = 0.0967539812683248),51.232365440114,1.00402031205689,87.3587551116943,0.586459426700962
150,82,19.722746,0.1037225855,c(mu = 20.8203444847882),c(nu = 0.100163923667013),123.76648355988,1.00086939895924,88.360791683197,1.40069459770827
57,70,0.00586120259617015,0.1282907335,c(mu = 4.05128102603089e-05),c(nu = 0.101436602450795),18.5540738068601,1.04698216588582,83.1897056102753,0.223033290847087
125,127,0.262039249320412,0.08832133545,c(mu = 0.23766229600106),c(nu = 0.101980256795497),10.4491356046642,1.09294127014472,88.1169381141663,0.118582599762217
99,88,0.223797876945592,0.128681383,c(mu = 0.108389131841577),c(nu = 0.102454252402113),7.08706190080061,1.10482417079051,86.770396232605,0.0816760347826736
169,153,30.684211,0.096173205,c(mu = 32.4904629606039),c(nu = 0.105277397305491),107.125355026492,1.01630426676554,89.6491703987122,1.19493972504212
189,195,3.47672512,0.0695966645,c(mu = 5.59011718547737),c(nu = 0.105491903610947),43.9237786602855,1.0244950314849,89.9090337753296,0.488535765716769
117,132,0.0353519404817375,0.0853185845,c(mu = 0.00737618908596104),c(nu = 0.105751734943848),15.3282539336334,1.06719311421421,87.3475496768951,0.175485791992262
84,82,6.27411915,0.1183175865,c(mu = 5.93226406941408),c(nu = 0.105934713347878),29.7180543170028,1.04534152887752,88.2700307369232,0.336672073963284
124,118,0.1071565936407,0.0733175925,c(mu = 0.14963913918581),c(nu = 0.106103695457638),1.49568820528854,1.85981298368416,89.2270565032959,0.0167627204561353
56,46,0.0410593460976189,0.274989441,c(mu = 2.81528158505118e-05),c(nu = 0.10779840423005),11.6701087685916,1.03310084663717,82.6231799125671,0.141244972427121
24,34,0.203963527205,0.221396652,c(mu = 0.00645887370050439),c(nu = 0.108799345985431),46.3762811873593,1.03117989312989,85.0000157356262,0.545603207081778
67,95,8.908839,0.1088602855,c(mu = 8.4502006137729),c(nu = 0.108812305695244),55.5142193991959,1.01155000184136,86.9617695808411,0.638374997044983
29,26,0.18685747518,0.228736945,c(mu = 0.00978572884512914),c(nu = 0.109875647264321),40.2870560994252,1.06116099656879,83.9119732379913,0.480110937031155
84,66,0.289769855265,0.153935913,c(mu = 0.130739961202366),c(nu = 0.110204011238674),32.1625860048126,0.995376629894276,87.9138748645782,0.365841979486805
131,81,37.4901785,0.112567134,c(mu = 38.4174974080321),c(nu = 0.110345840587022),107.799519657237,0.996934290376049,88.8326017856598,1.2135130288916
44,49,0.0675576489288609,0.2375330885,c(mu = 0.000233584717624434),c(nu = 0.110501585953028),36.2208639002111,1.01456551955993,84.5178997516632,0.428558494787944
14,14,0.187709474320105,0.3411095805,c(mu = 0.000795794558771596),c(nu = 0.111351972144292),26.9495130271953,1.03549841621873,83.4814131259918,0.32282051798192
156,129,10.6572199,0.1037176255,c(mu = 12.0506097313422),c(nu = 0.111644773085367),87.0325560503708,1.00833705420875,87.9197793006897,0.989908718409261
52,8,8.3203624,0.162655569,c(mu = 7.75208695549789),c(nu = 0.112678738268138),96.5540252036002,1.00150635168074,83.0491600036621,1.16261290540859
135,152,15.08677915,0.098876096,c(mu = 16.428152948927),c(nu = 0.114873783187682),58.3854132086801,1.00663355825046,88.6458606719971,0.658636655632628
0,0,0.184906171421157,1.49198406,c(mu = 7.80397433714233e-12),c(nu = 0.115404893340144),1.55392032409185,2.00923470424964,75.0402686595917,0.0207078193062043
101,108,0.0198653439671078,0.1450357115,c(mu = 0.000100269791762883),c(nu = 0.116434553360495),5.74981711988335,1.15004517014197,84.4204089641571,0.0681093255817391
74,67,0.0678496720245012,0.202727961,c(mu = 0.00224344155960622),c(nu = 0.117273849753409),30.587999008562,1.00897227620866,83.6745829582214,0.365559025538669
4,4,0.74577790821,0.3688984845,c(mu = 0.0455354731896614),c(nu = 0.117680541422739),34.3775542743739,1.03982954408914,76.0777504444122,0.45187395885861
85,83,245.0592,0.123150127,c(mu = 243.901146753553),c(nu = 0.117976047428581),97.0578736661435,0.999812375805869,91.6207914352417,1.05934332312273
13,19,0.230729317057165,0.342929342,c(mu = 0.00229483697836634),c(nu = 0.118170066471734),33.7025741177838,1.01525250973614,85.3694550991058,0.394784927216161
0,0,0.00398158806061869,1.271159545,c(mu = 7.99783104406403e-30),c(nu = 0.118612715031082),43.1701499115257,1.0766778075604,73.1629858016968,0.590054512380556
72,26,222.54409,0.141419785,c(mu = 220.484032877718),c(nu = 0.119864778127944),137.898834231788,1.02080715627389,91.3042707443237,1.51032184045303
144,150,0.0847278815439013,0.086662908,c(mu = 0.0813559083923446),c(nu = 0.119977592360498),30.6377993167108,1.02519925671083,88.7963652610779,0.345034385434921
75,93,0.170681762055406,0.147841897,c(mu = 0.0317543529985673),c(nu = 0.120634111051085),19.1648111575657,1.10372578110157,87.0527267456055,0.220151761742869
14,9,0.0369838867957454,0.838375459,c(mu = 1.5105517185193e-12),c(nu = 0.121183262004321),12.9441565415127,1.10840050318173,74.4631676673889,0.173833009620696
83,128,6.79390755,0.1077235085,c(mu = 6.86162388781433),c(nu = 0.121508421879194),15.7132137676985,1.06051787127025,87.0867767333984,0.180431683857147
146,68,11.638693,0.1349603705,c(mu = 12.3016412848807),c(nu = 0.121512420880753),61.2283624872823,1.04270915231403,86.044095993042,0.711592838307391
88,24,15.3030895,0.152256176,c(mu = 15.1122506671541),c(nu = 0.122906666896818),129.920212868374,1.00138647587108,85.2249293327332,1.52443908003892
167,137,2.624687805,0.103219612,c(mu = 3.92655538268994),c(nu = 0.123155919624743),16.2516916733849,1.02083082956077,88.1601469516754,0.184342837839111
176,98,43.9863415,0.1237463825,c(mu = 46.4895443729039),c(nu = 0.124309336352865),46.2501839727922,1.05418267386938,89.0476815700531,0.519386728068911
67,97,180.76355,0.126558652,c(mu = 179.012586266733),c(nu = 0.124832823282786),178.246825838019,1.02566234640791,90.7786481380463,1.96353249904053
158,126,104.8330345,0.121991545,c(mu = 106.853035596163),c(nu = 0.125227941678861),80.5529333212788,1.0179505133552,89.9420657157898,0.89560910882145
20,25,0.2389772147145,0.2448995085,c(mu = 0.0148709995885318),c(nu = 0.126641661927329),30.0912410532651,1.02267616667172,85.6608924865723,0.351283300696197
91,92,0.0363769377342635,0.143690467,c(mu = 0.00493460967943694),c(nu = 0.126660212334237),29.5788253407958,1.01570524898476,86.5117554664612,0.341905272656996
155,174,0.0353427036345625,0.0731062325,c(mu = 0.0331107524579303),c(nu = 0.12686269297384),5.52476134578882,1.20602465755134,87.8047218322754,0.062921005049617
0,0,0.00240021094804159,1.336574525,c(mu = 3.48747114580301e-29),c(nu = 0.128091535388632),38.8040902963671,1.0714068396246,78.0334365367889,0.497275168421845
0,7,0.0403278099774225,0.524081295,c(mu = 2.51876660055921e-08),c(nu = 0.129095882133573),24.4895706458263,1.00838298249286,83.0617787837982,0.294835615181927
61,159,18.521172,0.1152397945,c(mu = 17.722980949368),c(nu = 0.13012812272372),97.4163593567733,1.00388005091754,87.9023430347443,1.10823393317592
97,102,0.239384790187185,0.139338197,c(mu = 0.140089298333706),c(nu = 0.131281151975568),16.0598720585618,1.04685954173294,87.6096873283386,0.18331160112892
132,137,0.00759685274077654,0.1067034445,c(mu = 0.00460708202484683),c(nu = 0.131560791224977),7.45964060039736,1.10486877509302,86.9481062889099,0.0857941698650753
57,26,0.13789565162485,0.263044806,c(mu = 0.0273710643479951),c(nu = 0.132711295871982),11.5660929366469,1.10908155195877,83.1097695827484,0.139166466165342
40,44,0.116192991596208,0.218304499,c(mu = 0.00579401009094358),c(nu = 0.133989761574524),29.4142675474299,1.00323771053463,86.1376185417175,0.341479925326519
173,182,0.1690709046077,0.085438058,c(mu = 0.384454389659573),c(nu = 0.134118213789353),8.90810528276567,1.13527074633905,88.5977737903595,0.100545475373276
29,23,0.0184516605461068,0.4267812435,c(mu = 9.08720318537636e-07),c(nu = 0.134587845019758),27.4549386929218,1.00891310375232,77.7051634788513,0.353321934653597
15,22,0.00901921037673054,0.3071931455,c(mu = 5.74186559273173e-07),c(nu = 0.135427194859368),24.9959632795998,1.02335054404106,82.6281611919403,0.302511430957971
58,42,0.0553939976422937,0.236621855,c(mu = 0.00549325848827707),c(nu = 0.135651469325709),44.2215178195911,0.999591426996506,86.8481450080872,0.509182065034012
18,91,111.018025,0.138677312,c(mu = 107.545210217126),c(nu = 0.135656573302852),113.309991165351,1.02171536016174,89.7813055515289,1.26206664593798
23,29,1.0770848975,0.2251488385,c(mu = 0.357586993128189),c(nu = 0.136493969101346),30.2950600538111,1.09352524037344,87.2044718265533,0.347402597817081
189,170,4.8336248,0.1043902345,c(mu = 7.45502402527147),c(nu = 0.138626874429348),38.7428487125006,1.05946933531102,88.2233157157898,0.439145235000124
154,120,65.443906,0.134316731,c(mu = 67.2080650918993),c(nu = 0.138965189713437),121.432753497369,1.00258071011284,89.0974962711334,1.36291993130577
168,149,128.45673,0.1281147105,c(mu = 131.874136023719),c(nu = 0.139167728551483),133.028353192812,1.0082601120954,89.7874767780304,1.48159139744711
163,162,8.20576635,0.1111763205,c(mu = 9.54472383982263),c(nu = 0.139668835144465),55.8752525635212,1.09861132771247,87.2863075733185,0.640137658665275
35,37,2.751394045,0.213046798,c(mu = 1.68622013107704),c(nu = 0.139995385811992),34.0804313992489,1.01751849827221,81.8626608848572,0.416312284878991
48,43,0.0527838796633544,0.315755934,c(mu = 0.000101180578884167),c(nu = 0.141136401573572),8.00791204900685,1.14137016436264,83.1900415420532,0.0962604646009076
20,16,0.0277825006922923,0.5929582695,c(mu = 4.24242623943768e-08),c(nu = 0.142868100183678),9.25050464271445,1.03760543455957,80.5271000862122,0.114874429015957
61,60,0.311424232769662,0.195144729,c(mu = 0.095769974858864),c(nu = 0.143450679333139),5.68483509297166,1.1813265165977,86.1108810901642,0.0660176161363305
3,1,0.00672738275859741,1.50645159,c(mu = 1.77912972383741e-15),c(nu = 0.143895539086226),32.8305441317324,1.01026782448803,75.1666703224182,0.436769967206341
5,1,7.01509835,0.22304,c(mu = 5.73239148811215),c(nu = 0.144068754318473),46.0072770136741,1.02833269595221,81.0742671489716,0.567470772558907
79,88,0.0725299489713085,0.182215994,c(mu = 0.00888367058951194),c(nu = 0.145368039747805),18.8922405954758,1.0192851579687,86.8711507320404,0.21747427582432
96,133,20.8164165,0.1366378315,c(mu = 21.0440653993948),c(nu = 0.145703698981089),75.9106271827832,1.02418424272194,87.039909362793,0.872135871217173
49,63,0.32311893380175,0.242759942,c(mu = 0.0342918687134598),c(nu = 0.14588649804416),28.3379836423878,1.04370377074108,86.1977300643921,0.328755567243111
144,87,7.9613297,0.152159722,c(mu = 8.76658167134402),c(nu = 0.146310401613508),47.6869902384217,1.07648992813472,85.2581143379211,0.559324946472707
38,41,0.301649585050185,0.2966077,c(mu = 0.0246720100895492),c(nu = 0.147838716725948),9.63261381946704,1.06547047616213,83.3005969524384,0.115636792194502
158,127,34.375998,0.142444232,c(mu = 35.8440217588741),c(nu = 0.149136827329515),80.1202286664448,1.01760321007235,87.6535232067108,0.914055998382398
73,156,8.43738575,0.1278866035,c(mu = 7.97686425348853),c(nu = 0.1492005469814),71.1627166403741,1.0209102349264,86.2070529460907,0.825486015452535
0,6,4.56430895,0.237111555,c(mu = 2.83060026185437),c(nu = 0.149671379993421),57.5918420926412,1.05756710969269,80.8088059425354,0.712692650521229
24,69,25.6687345,0.164040085,c(mu = 24.051576430208),c(nu = 0.150972585733009),112.087108714488,1.00014794390291,86.2170629501343,1.3000571450609
4,5,0.0405078070809877,0.7762937,c(mu = 1.17827162239281e-08),c(nu = 0.152618702679487),1.57610479140067,1.768353122323,78.6680593490601,0.0200348757099408
129,104,0.2991397380358,0.154298189,c(mu = 0.358021973058645),c(nu = 0.152886992367251),21.6461612341161,1.01272802666227,86.7879288196564,0.249414423509247
148,155,49.2871335,0.137887201,c(mu = 50.3532800936435),c(nu = 0.15293497536633),96.3366939869084,1.03091254360106,88.1929049491882,1.09234063717951
3,8,0.105510748414422,0.5492998125,c(mu = 7.82618837692569e-06),c(nu = 0.153796898017098),12.0619407446881,1.16507638091596,83.4781801700592,0.144492138186481
84,140,30.751506,0.1436396415,c(mu = 30.4861836895101),c(nu = 0.15387856281885),117.793576078765,1.00113936059964,87.4362745285034,1.34719344704429
128,128,0.0251213073831409,0.1291936545,c(mu = 0.0111131476241266),c(nu = 0.1545369622965),14.4392859470506,1.05888490211633,86.0155515670776,0.167868317809837
163,164,0.0183058673208378,0.09559381,c(mu = 0.024100358083286),c(nu = 0.154740297005735),26.3672385964814,1.03653562742963,86.9355370998383,0.303296436372169
192,196,5.22071905,0.087093125,c(mu = 8.25156770350553),c(nu = 0.154837707477664),20.7284296257543,1.11997611067866,87.8866124153137,0.235854233723343
0,0,0.00703306115605849,1.83293246,c(mu = 4.29512228629537e-29),c(nu = 0.15496360473554),16.0754732253615,1.13381387964469,80.6932921409607,0.199216970814374
14,1,0.00331317368970924,1.36810624,c(mu = 6.51152173320839e-18),c(nu = 0.155153379824099),36.3312070183089,1.02791327281829,79.4302973747253,0.457397343571692
109,135,0.03783144986301,0.1499859215,c(mu = 0.00816601082144942),c(nu = 0.155667559059428),39.4955469660066,1.02195523169276,86.3761479854584,0.457250617064514
59,40,7.04387705,0.202433351,c(mu = 6.64661987045794),c(nu = 0.158976053732426),63.6977762398732,1.0051430686244,82.4690294265747,0.772384211173308
76,154,157.456965,0.143181441,c(mu = 156.276291616418),c(nu = 0.159467680812444),140.725498488113,1.02826148127649,89.0393459796906,1.58048665946189
64,54,0.010195012874362,0.2740253625,c(mu = 3.43931242959624e-05),c(nu = 0.159860231658046),20.6167607504937,1.02530212508834,81.9799625873566,0.251485364225738
2,4,0.196863882579,0.829967275,c(mu = 2.13582580527176e-05),c(nu = 0.160281690843496),10.0658760840128,1.1109119282605,81.8848989009857,0.122927135761435
128,149,0.0618996562333424,0.117986942,c(mu = 0.0427180533055326),c(nu = 0.16059818559541),17.1157708113026,1.032482250424,86.112587928772,0.19876038129826
6,0,0.00516436511176391,1.31147334,c(mu = 1.00947223580645e-15),c(nu = 0.160715572153208),59.0752222723073,1.01063702885283,77.22474360466,0.764977901056346
36,37,3.8021402,0.2146364745,c(mu = 2.96258559533791),c(nu = 0.161018121163446),41.0338859778635,1.01037053645285,81.8347218036652,0.501423907523148
13,25,0.0108284268757772,0.397212434,c(mu = 7.38835816161685e-08),c(nu = 0.161539924690068),7.6101333518145,1.1844416676723,82.533399105072,0.0922067118806795
92,98,0.133112749976818,0.2168591445,c(mu = 0.0285017298701273),c(nu = 0.161660499966236),40.2862675297587,1.09710793869007,86.5974786281586,0.465212938851767
119,115,0.0397620251832588,0.148223231,c(mu = 0.0155166432533573),c(nu = 0.162895607703034),11.9235686528588,1.02610032160904,84.1032338142395,0.1417730105265
99,90,0.330755226580335,0.200200941,c(mu = 0.230237169299588),c(nu = 0.164033243035758),51.3806053497047,1.00271068929542,86.9466958045959,0.590943737128062
6,0,0.0102914091024066,1.643352895,c(mu = 2.09382108115534e-16),c(nu = 0.166757934011466),35.230493767995,1.05625471408879,77.6822946071625,0.453520251251005
16,3,0.0148867356716322,1.76517975,c(mu = 1.13286838780351e-16),c(nu = 0.16711455039184),36.226010232332,1.04383500068379,78.9496092796326,0.458849772188519
51,55,0.121972432317132,0.389814701,c(mu = 0.00104408491924436),c(nu = 0.168184636467794),9.4285407324,1.17413632865672,82.8800458908081,0.113761287545881
36,132,46.3272895,0.15829138,c(mu = 44.3209380150221),c(nu = 0.168363489040879),146.536413192178,1.00294825413611,87.281453371048,1.67889520089941
7,0,33.4173345,0.27534648,c(mu = 31.4541003732372),c(nu = 0.16838868642311),119.689460980122,1.00927171330361,85.0658121109009,1.40702190468813
129,131,0.0219760302355645,0.141203313,c(mu = 0.0194135509031521),c(nu = 0.169448674165275),17.3109515956131,1.10883539383273,84.1107294559479,0.205811454823722
7,60,24.3343415,0.18805508,c(mu = 21.8930345482081),c(nu = 0.170408580746691),108.334432357415,1.00121272431352,84.6511459350586,1.279775142566
26,29,0.211178249526053,0.571079406,c(mu = 0.00144696994570205),c(nu = 0.171258539715717),17.861114990941,1.11564807055955,83.742828130722,0.213285309197581
6,4,0.00791398904821391,0.654547325,c(mu = 1.31114902756658e-13),c(nu = 0.171287090852042),25.5564744565504,1.03948064519921,75.9631862640381,0.336432365642477
11,1,0.00632913325758137,0.635694985,c(mu = 7.40617490870033e-11),c(nu = 0.171999998581526),21.5889326876737,1.05051375589722,74.9250700473785,0.288140307029703
85,48,1.0914744225,0.261824466,c(mu = 0.94106167112664),c(nu = 0.172862546542817),36.5455948361813,1.13058865891893,86.5033049583435,0.422476284042329
69,73,0.52221490529,0.2062205365,c(mu = 0.33269440574823),c(nu = 0.173537446807557),31.4358475396662,1.02228125761028,87.8752026557922,0.357732859664639
133,194,7.2067758,0.1209382165,c(mu = 7.72840852125046),c(nu = 0.174013164558912),56.9956598977496,0.999471555157427,89.269024848938,0.638470734884786
158,184,9.90754245,0.133878456,c(mu = 11.05889150342),c(nu = 0.174900401178311),29.0345615494488,1.01440482522753,88.8654770851135,0.32672487114023
4,6,0.1653643360265,0.83432342,c(mu = 7.86566774991855e-05),c(nu = 0.175033585864199),19.4564954237473,1.0744837854931,85.7574465274811,0.226878203719749
41,30,0.016247732918033,0.4508562085,c(mu = 4.77178746702655e-05),c(nu = 0.175681171750242),31.2632552568214,1.0012852174617,83.8043756484985,0.373050392833295
11,9,0.133285520056686,1.3131977925,c(mu = 2.52644142639716e-08),c(nu = 0.175687340511902),1.44931688951857,2.03192008897824,81.5981302261353,0.0177616433795976
147,107,4.6730927,0.1783641335,c(mu = 5.31049920108382),c(nu = 0.175760653385848),67.3934031597622,1.00738072072287,86.8001532554626,0.776420324528873
127,135,0.0820242730223659,0.134298899,c(mu = 0.087814278940615),c(nu = 0.176136754362372),2.90271061187289,1.28056547356523,88.979101896286,0.0326223860435935
116,112,4.6305979,0.1747698435,c(mu = 4.711095634447),c(nu = 0.176175232014344),36.570842001493,1.07554843426959,86.5191085338593,0.422690924828253
18,15,0.312454431105909,0.571784398,c(mu = 0.00748676690735269),c(nu = 0.176833887194786),22.2866708012772,1.01193795481903,84.9565486907959,0.262330228154521
166,176,2.02378873,0.116352048,c(mu = 3.24930393980686),c(nu = 0.179103476336358),37.6286052789957,1.00677966539907,89.8111364841461,0.41897482597426
165,131,100.1453215,0.17099102,c(mu = 102.419198703145),c(nu = 0.179897809750877),157.792823550438,1.01881751642809,91.2723898887634,1.72881222615892
13,10,0.10075304829422,0.539512705,c(mu = 0.00134734702313439),c(nu = 0.180907437598484),58.8351965898904,1.02254545582124,86.4595310688019,0.680494051524188
43,45,0.00753701571367261,0.35413263,c(mu = 1.16890183536028e-05),c(nu = 0.182264446149487),13.2705385474538,1.11120588514404,83.7164630889893,0.158517668542058
60,101,20.537688,0.184384385,c(mu = 19.8815086080704),c(nu = 0.185210631146228),118.209502746239,1.00696144455161,87.7354612350464,1.34734007301279
98,108,0.047031715009381,0.177411859,c(mu = 0.0139148997662778),c(nu = 0.185362533781404),13.1798242517628,1.06774443589516,88.3634562492371,0.14915469370718
188,79,144.11368,0.194694515,c(mu = 148.351773450403),c(nu = 0.186642378596767),218.384632935223,1.01122769938386,91.3515133857727,2.39059677110106
182,99,24.5548975,0.188517315,c(mu = 26.11498797247),c(nu = 0.187070366003366),128.998394409734,1.01021373261784,87.841385602951,1.46853779143257
79,87,0.0223192703098324,0.2474545795,c(mu = 0.000260476063871791),c(nu = 0.187931800692005),14.6968749930018,1.02612520009557,86.2401638031006,0.170417985598415
46,1,0.00548384281437799,1.77243872,c(mu = 1.39520425041913e-08),c(nu = 0.188363655335147),45.4261439611613,1.05878250396786,78.0384647846222,0.582099405549976
156,172,0.0474913687092774,0.1231222785,c(mu = 0.0775936795045818),c(nu = 0.188606686995822),26.027294103673,1.04927322133307,89.4019494056702,0.291126695521723
188,185,0.00697621170956103,0.109292357,c(mu = 0.0286452515829712),c(nu = 0.189805410815644),43.0422674249827,1.01763784878349,89.336567401886,0.481798984187006
8,76,8.7699452,0.20727485,c(mu = 6.99173271209456),c(nu = 0.191406474200257),63.4585319330399,1.00027362154797,86.1463377475739,0.736636444360366
82,52,0.00112669758299403,0.31562255,c(mu = 3.52169644952171e-06),c(nu = 0.191721121735763),26.7486220507215,1.02812950392375,81.1917293071747,0.329450084127692
9,0,0.00673056981871681,1.638505195,c(mu = 2.76941894032339e-16),c(nu = 0.192969132184486),48.1311394510192,0.997631093792231,79.2272713184357,0.607507221314833
82,17,9.73241955,0.26141232,c(mu = 9.60226761876195),c(nu = 0.194215723937389),66.1830567397365,1.02093769465919,82.7354600429535,0.799935803890816
144,108,4.09910835,0.1935173525,c(mu = 4.57934112055272),c(nu = 0.195200918693824),52.0029319351715,1.00350274703213,85.2665133476257,0.609886928566659
64,54,0.429413054532045,0.351974477,c(mu = 0.190698471875558),c(nu = 0.195270157125832),8.11302998601875,1.11230899754552,87.3167989253998,0.0929148810522729
150,133,0.24371003821566,0.1535524485,c(mu = 0.429430203173958),c(nu = 0.197200756088751),5.82120127111869,1.20197150033561,89.4992954730988,0.0650418669817172
13,14,0.00442955171292881,0.632072468,c(mu = 2.87009725494949e-11),c(nu = 0.19721819428203),32.5246633170872,1.03732453506026,77.2720115184784,0.420911306408912
177,182,0.91620631765,0.1253784955,c(mu = 1.66810937696308),c(nu = 0.197566681320425),27.6817011830409,1.01345584078858,90.1988298892975,0.306896455497428
91,85,1.002279471,0.2172089315,c(mu = 0.995526552643471),c(nu = 0.198371731530252),29.4798575171223,1.01779262350759,87.0019295215607,0.33884142201486
107,51,27.874269,0.2256421,c(mu = 27.9395366678461),c(nu = 0.199937490422956),117.974277596689,1.0216744249284,88.4077944755554,1.33443299085251
12,21,0.00404933699123197,0.61371779,c(mu = 5.17397407496045e-14),c(nu = 0.200239277506475),7.77229678502034,1.14250672352434,78.4283940792084,0.0991005474008653
183,177,1.02888926335,0.12837291,c(mu = 2.13124203976254),c(nu = 0.201170801335814),5.35058260497413,1.19619641238609,90.3428943157196,0.0592252732824294
196,200,0.164282618190404,0.05036054095,c(mu = 1.30049807117134),c(nu = 0.202158317285564),12.0533348141312,1.08193660838734,90.6004328727722,0.133038379971731
92,87,0.111718625928749,0.3050745115,c(mu = 0.0193181862006647),c(nu = 0.202574797137414),8.31241030082261,1.08414976105948,88.4529569149017,0.0939754937624049
191,99,7.8977586,0.207063545,c(mu = 9.34613886993333),c(nu = 0.203302611415867),42.437944267331,1.04245464444036,85.2899396419525,0.497572684955408
14,9,0.0299568529651821,0.724705925,c(mu = 4.60850949667546e-07),c(nu = 0.203469564006043),22.2628240180622,1.03672143265208,82.9983139038086,0.268232244378648
20,23,0.0416451184854933,0.67652774,c(mu = 7.09066127977455e-07),c(nu = 0.204749025850822),15.8772263232496,1.09767685454933,82.372695684433,0.192748655259198
70,67,5.27442835,0.23295096,c(mu = 4.97603642697097),c(nu = 0.205437531971707),30.0421285994636,1.06241411156969,84.3664679527283,0.356090865582954
34,30,0.132285122555761,0.505946789,c(mu = 0.00434077751084109),c(nu = 0.205613146655893),17.5555832201902,1.05064411532449,86.3547551631927,0.203296080071257
49,33,0.044561110853495,0.44170426,c(mu = 0.000478056091500251),c(nu = 0.206172688453377),22.2887293028044,1.0022773302086,86.3901388645172,0.258000850510948
77,81,0.0709351372892718,0.274532041,c(mu = 0.00897246237313786),c(nu = 0.207169668326437),6.86557427611266,1.15640686951831,87.3980896472931,0.0785551984467809
118,137,0.00584653038463997,0.1772233315,c(mu = 0.000414467897822212),c(nu = 0.207553306536204),6.94095174567371,1.12050638550999,88.030942440033,0.0788467276764862
13,14,0.00829848323432678,0.7187761375,c(mu = 1.56347636942863e-10),c(nu = 0.208630165642602),21.411574083961,1.00904611900763,79.0396296977997,0.270896690253055
137,150,1.32891553085,0.1693776865,c(mu = 1.63665334394006),c(nu = 0.208924927079102),54.5847502190798,1.04279266116568,89.2536020278931,0.611569157758152
187,60,99.731,0.223139515,c(mu = 103.060610468389),c(nu = 0.208939560883434),181.582573271073,1.0187929888579,90.611102104187,2.00397709612101
168,167,0.272859050949845,0.1293762825,c(mu = 0.614274846753179),c(nu = 0.210288888301061),18.4367969356843,1.01477268216735,89.7664127349854,0.205386361936003
12,64,8.4393929,0.23306873,c(mu = 7.3504903140646),c(nu = 0.210651539675319),103.809306699447,1.00485184055861,84.9199724197388,1.22243688665303
109,112,0.0320422932502816,0.213837952,c(mu = 0.00824058682036386),c(nu = 0.211045049030191),28.8792938240585,1.08742050882406,88.5260493755341,0.326223682495424
196,195,0.375277986829043,0.099315893,c(mu = 1.50425471969874),c(nu = 0.211185603975857),15.457334228343,1.00808294148756,89.8263559341431,0.172080165866638
166,5,9.136964,0.313254815,c(mu = 9.79003697326758),c(nu = 0.211412448000682),102.063012643764,1.02743213045771,82.3100497722626,1.23998239493421
68,44,0.0173389803698994,0.395418518,c(mu = 0.000375974380491476),c(nu = 0.211437551040545),4.15897583753082,1.20944977574714,83.5302088260651,0.049790080690341
0,8,10.26714225,0.295257565,c(mu = 8.39980477215051),c(nu = 0.21239766830644),136.988782496752,1.00404096444234,84.3381199836731,1.6242807229195
19,14,0.0935870145455554,0.841709815,c(mu = 9.78607674123226e-05),c(nu = 0.212693424740399),3.63694261231677,1.87002787747077,84.4109244346619,0.0430861601940154
104,80,0.28861944600538,0.294524805,c(mu = 0.200985589035023),c(nu = 0.212716721764419),5.93464942285099,1.18753299080535,87.8623433113098,0.0675448570933695
81,86,0.00752138528918076,0.252724034,c(mu = 0.000250994023087491),c(nu = 0.212832140506183),18.9778681275133,1.11998821046426,87.2487053871155,0.217514610025558
20,22,0.105054486124948,0.6649457495,c(mu = 5.47961594801128e-05),c(nu = 0.215063588326754),7.71061394871324,1.17792896606388,83.8137967586517,0.0919969533287765
114,69,1.0644672807,0.264620051,c(mu = 1.20131305762735),c(nu = 0.215272608934414),19.7421860764441,1.04568862291881,85.5709104537964,0.230711417837535
126,108,1.13231701995,0.2106586095,c(mu = 1.39102897841408),c(nu = 0.216219776211883),13.9940652558839,1.08537950147745,86.9323606491089,0.160976478165238
199,196,0.0106550819381991,0.1117615565,c(mu = 0.138777193203174),c(nu = 0.216841370924828),22.4915884964736,1.07769477809738,89.1689035892487,0.252235786144458
47,55,0.535600730595,0.416222275,c(mu = 0.153751555225286),c(nu = 0.217381014042513),21.3602805431033,1.00689735070573,86.2349698543549,0.247698591176867
94,15,5.9818012,0.31366276,c(mu = 5.97019298927471),c(nu = 0.217435386511332),95.3856532884791,1.02632442071751,83.2409555912018,1.14589810521782
49,101,69.171234,0.21868837,c(mu = 68.0922878021872),c(nu = 0.217485076916428),189.138824672539,1.00646210938501,89.8365435600281,2.10536622600755
42,67,0.318515804698303,0.290523505,c(mu = 0.0760358916716158),c(nu = 0.21897693847589),37.6150224610251,1.00454618329267,87.9099521636963,0.427881275500896
105,82,16.7134275,0.22613841,c(mu = 16.7444089099879),c(nu = 0.219436748481811),127.897558200695,1.00669930713248,87.1475169658661,1.4675984199388
176,161,0.0294986994737768,0.141313266,c(mu = 0.0754758054485782),c(nu = 0.219798244289375),9.72936580127891,1.13303283105524,88.245037317276,0.110253971181382
164,150,0.192425944262338,0.1530547115,c(mu = 0.476953897472409),c(nu = 0.222331668052266),12.734123859726,1.01665099848466,88.6278533935547,0.143680833644698
44,37,0.0524170170866082,0.512787118,c(mu = 0.000276474830967112),c(nu = 0.222338620488763),15.9334823104987,1.0679809831901,86.1608998775482,0.18492706474913
186,174,0.0104670638442025,0.12808659,c(mu = 0.05179905838776),c(nu = 0.22249122440935),48.4016397851779,1.01970567829758,87.9954943656921,0.550046796532901
140,174,0.13814677655778,0.137681945,c(mu = 0.187661790036615),c(nu = 0.222796288225411),20.2018337627785,1.05268828967583,88.9261608123779,0.227175373121096
191,186,4.38831068,0.1569568605,c(mu = 6.04744176136288),c(nu = 0.223069383919325),7.55830070756187,1.14980919141351,88.5011177062988,0.0854034491704948
88,57,0.00320291603206534,0.453281946,c(mu = 1.4632354726887e-05),c(nu = 0.223237750959931),19.1687807343565,1.05554923741168,83.9179451465607,0.228422904074673
60,10,51.758105,0.281520795,c(mu = 51.0444292984834),c(nu = 0.223848587696354),211.655234519682,1.01757092703583,89.0695803165436,2.3762909151192
7,7,0.2580669490981,0.905920705,c(mu = 0.00176271646339113),c(nu = 0.224043574392621),7.02969882263477,1.114120939736,86.9267840385437,0.0808691923943462
91,82,0.2692902496352,0.23995804,c(mu = 0.20454611423748),c(nu = 0.224126201276238),24.0578270346928,1.0221120162063,88.0072064399719,0.273362012133657
97,103,0.524959760727,0.255844936,c(mu = 0.409783990348281),c(nu = 0.22531265297303),18.5249840843801,1.06607686643974,88.1556606292725,0.210139473201665
21,21,0.111661058172886,0.7724387355,c(mu = 0.000384144191107064),c(nu = 0.225665817636666),9.89394551885977,1.36567196994166,86.1910977363586,0.114790805300141
70,98,28.7114435,0.230720745,c(mu = 28.3191043645509),c(nu = 0.225797465428881),167.577040422976,1.00820654129435,87.90265417099,1.90639340760976
48,56,0.0753571343227598,0.540606092,c(mu = 0.000136122232100633),c(nu = 0.227687271879571),14.8714055629401,1.09718652419869,86.5700669288635,0.17178461436515
3,11,0.00207310643558767,1.390131445,c(mu = 2.00165633569859e-24),c(nu = 0.22771401286768),25.1215683651508,1.02645699136703,83.0237617492676,0.302582873093828
169,154,0.0149201521761137,0.171825702,c(mu = 0.0243995901414748),c(nu = 0.227766731136695),54.2803890704411,1.0786108513284,87.8199317455292,0.618087352057233
26,2,0.00904087381662822,1.72045523,c(mu = 6.03025265913052e-11),c(nu = 0.228954470514243),24.3360083196499,1.08687484638273,82.6111748218536,0.294584944132911
119,141,0.00349918585158065,0.175989182,c(mu = 0.0015603330868558),c(nu = 0.229479451833742),9.40687937467576,1.08052259180654,86.660977602005,0.108548041286556
75,2,0.00508218895073998,1.451955075,c(mu = 1.09233608531698e-07),c(nu = 0.22978966749686),46.9851210412889,1.02701932392876,82.3700973987579,0.570414780667692
13,18,0.0301497007266064,0.6749252,c(mu = 3.24667837143991e-08),c(nu = 0.229862667437645),3.65493941358028,1.25567235647082,85.5633492469788,0.0427161798333804
109,73,0.1720824589425,0.305775283,c(mu = 0.12082918336117),c(nu = 0.230059869155739),23.7421395986763,1.02647681909122,87.3258333206177,0.271879908795222
5,7,0.00606377721565227,1.49186234,c(mu = 1.21976606662497e-24),c(nu = 0.230978869866853),24.8479630863986,1.10073578446123,82.3684110641479,0.30166859801444
36,64,8.71929025,0.25564755,c(mu = 8.12406179764258),c(nu = 0.231476414682624),77.570081721495,1.00469257123636,85.0822904109955,0.911706553112142
24,35,0.00764507280660813,0.413737403,c(mu = 2.22917188908319e-06),c(nu = 0.233047701238667),14.9753155612958,1.02708445844498,83.8604865074158,0.178574155540722
81,76,0.0947696998885887,0.542429628,c(mu = 0.0015939083570118),c(nu = 0.233547407426959),13.3821280097744,1.0380751785688,86.3876631259918,0.154907859820879
29,36,0.00761265034147481,0.629852922,c(mu = 1.56579316994423e-09),c(nu = 0.234621614641572),13.9472251213507,1.06251129301353,83.0051190853119,0.168028493604302
67,53,0.42435719675,0.385607846,c(mu = 0.202314119646478),c(nu = 0.234933192435345),9.84207274696831,1.14312770798405,87.3403606414795,0.112686422115529
181,21,93.136693,0.28466856,c(mu = 95.332945658862),c(nu = 0.23565165968102),121.935531130029,1.00309901413416,89.2308044433594,1.36651834409303
121,130,2.03137876,0.215755463,c(mu = 2.20246930075207),c(nu = 0.235664576170282),30.7358211261964,1.08049570403532,87.7264199256897,0.350359916114572
174,58,51.905719,0.25989429,c(mu = 53.5553642587267),c(nu = 0.237791899461928),157.956707525677,0.999464712341457,88.6021809577942,1.78276319858221
49,186,12.38564635,0.18129628,c(mu = 11.7270984809621),c(nu = 0.237795650905764),105.728397934257,1.00609525117522,86.5786833763123,1.2211827878545
156,146,0.0842584348848607,0.166113148,c(mu = 0.176068449804568),c(nu = 0.237928224796857),10.5149510043402,1.10415234153357,87.7627470493317,0.119811097052713
103,159,0.4821880065025,0.1788399565,c(mu = 0.500100596303649),c(nu = 0.238243462610818),5.195354895405,1.20390184602391,92.4524562358856,0.0561948822879236
70,107,59.875501,0.239528865,c(mu = 59.4115371265823),c(nu = 0.238742838245567),88.7045248127505,1.02512492408735,93.3557271957397,0.950177642843089
80,106,0.00773681248134489,0.241590898,c(mu = 0.000671851919130507),c(nu = 0.239927436339045),18.6266624227707,0.996742121687621,88.2739760875702,0.211009668402073
163,167,0.89459555135,0.165218863,c(mu = 1.49681649164382),c(nu = 0.240986333105297),13.3868850487736,1.0723342978695,93.2765307426453,0.143518256330831
187,174,17.2674065,0.20485966,c(mu = 18.6726360915202),c(nu = 0.242684529956035),74.7652741466347,1.00593152059192,89.7823753356934,0.832738874050612
159,168,0.0341335238977706,0.1383702795,c(mu = 0.0377109851997311),c(nu = 0.242927250441426),17.5081389400924,1.07143741736041,91.3495712280273,0.19166087705424
79,92,0.702334024315,0.2648329515,c(mu = 0.517010286988156),c(nu = 0.243264324849929),18.3780022451277,1.04836287732407,88.1249198913574,0.208544895902142
71,20,0.00565612995119493,0.6928989025,c(mu = 3.19634179326723e-05),c(nu = 0.243646794416618),22.6780021109806,1.18706601920227,79.8331823348999,0.284067369578811
67,68,0.0133036401281285,0.372350206,c(mu = 0.000167869992912129),c(nu = 0.24376371243075),14.7662590091891,1.01389134503976,86.9696493148804,0.169786346449745
96,123,0.00424165597053322,0.225848225,c(mu = 0.000420468452229896),c(nu = 0.24411856748454),25.9977934015221,1.03198566274721,88.3644208908081,0.294211099212064
46,70,84.9529845,0.26221537,c(mu = 83.872463160108),c(nu = 0.244321341103131),170.937096584041,1.0077603318582,93.6066150665283,1.82612197292416
28,43,0.0130441673760504,0.636555595,c(mu = 5.74135058642175e-09),c(nu = 0.247215199308403),17.5488793212186,1.08791338866806,82.2571883201599,0.213341589709038
139,142,0.222617725700139,0.1826749535,c(mu = 0.298157795307056),c(nu = 0.247674817285274),19.0051653139511,1.04094901966272,92.365603685379,0.205760202452501
12,28,0.0888414183171106,0.806776282,c(mu = 5.6645680110293e-06),c(nu = 0.248299120478969),12.9844311592221,1.15543213912723,88.0909109115601,0.147398080288419
83,44,0.350049916435,0.4125969555,c(mu = 0.249901321076072),c(nu = 0.248385956558677),20.4049453687726,1.02390637037077,89.9740669727325,0.226786962680663
125,124,0.0206092306603823,0.244058837,c(mu = 0.00528338805549154),c(nu = 0.248710318204263),8.98519298446015,1.35518288758504,89.328889131546,0.10058552246439
32,25,2.63176349,0.3579730095,c(mu = 2.22653104888623),c(nu = 0.24992771782898),36.841851087177,1.03617426291909,83.3044514656067,0.442255491021241
3,8,0.810718675,0.581684505,c(mu = 0.214937741118926),c(nu = 0.251552938828161),35.8217720101644,1.10614398042667,83.1472859382629,0.43082310632198
70,38,0.012235884288171,0.55277335,c(mu = 2.15535567168198e-05),c(nu = 0.251563060183049),27.0957773970283,0.996756379452343,84.2403182983398,0.321648563827451
27,81,6.01013635,0.26325545,c(mu = 5.37363068869491),c(nu = 0.25273041436223),73.6594908428443,1.01212532057052,86.0725059509277,0.855784202272902
1,0,0.5692182625,1.20586139,c(mu = 0.060606466358213),c(nu = 0.253078652403066),1.42588668256188,2.10214277850553,89.6548237800598,0.0159041825352292
108,103,0.016820992543146,0.2884594125,c(mu = 0.00396927547072116),c(nu = 0.253389436671266),9.76768599144819,1.02904715846874,88.1951160430908,0.110750871813308
12,24,0.0266335457196562,0.706232499,c(mu = 2.90029225614454e-08),c(nu = 0.253811265659158),19.3492457349784,1.00540339136381,86.5615577697754,0.223531625741312
37,46,0.101204594547814,0.527520872,c(mu = 0.00196056391317052),c(nu = 0.254356139441307),22.7815836467983,1.03600252203107,89.8103771209717,0.253663155384731
138,130,0.00367234618346943,0.210469806,c(mu = 0.00149598740584804),c(nu = 0.254528487610415),16.7621763835447,1.08545919555798,89.0947568416595,0.188138752242567
103,91,0.0200911618380245,0.3274545045,c(mu = 0.00199206552694742),c(nu = 0.255068252938452),3.0238436128747,1.31166390648124,88.9717562198639,0.033986556423617
63,106,5.19094925,0.254453905,c(mu = 4.90274960302984),c(nu = 0.25576653904458),82.3088643150374,1.02105961525297,87.7103474140167,0.938416808754811
69,69,0.0466700271676303,0.551473016,c(mu = 7.98430460389108e-05),c(nu = 0.256282107935),9.7939299905567,1.3676681969533,86.5529918670654,0.113155302656654
153,148,2.65377799,0.220322285,c(mu = 3.26804010214134),c(nu = 0.256811062621568),45.1271221553587,0.999898408761368,89.0779178142548,0.506602795200689
130,135,0.017844617936826,0.2241032545,c(mu = 0.00432581269289731),c(nu = 0.257771559241399),15.7341038028336,1.00574134646428,90.6094000339508,0.173647588406259
183,200,0.0423235421132889,0.112477242,c(mu = 0.166960092289583),c(nu = 0.259109098667229),25.9223730411904,1.01752906596521,92.6469283103943,0.2797974365037
157,165,0.0308295532126631,0.1634766445,c(mu = 0.0376616016631849),c(nu = 0.259814494127678),17.845285473862,1.09758320313032,91.7499883174896,0.194499049003806
76,23,0.00427790186690854,1.20338435,c(mu = 3.92798359338012e-09),c(nu = 0.260153693621606),25.062261311406,1.05902941969858,81.7086300849915,0.306727224349947
41,4,0.00249136381021294,1.39037554,c(mu = 7.43715633078531e-11),c(nu = 0.261427266119378),38.3863083379526,1.05370496950112,85.1075892448425,0.451032730201306
142,46,8.4507987,0.30037407,c(mu = 8.8041630075424),c(nu = 0.262369397131117),65.3139761489383,1.02993827473622,86.5448472499847,0.754683591505788
194,189,0.9990982721,0.1658937365,c(mu = 1.99838343219929),c(nu = 0.262754684030663),29.3418468824286,1.02551202761967,92.3257975578308,0.317807673029302
131,17,52.9483465,0.3340528,c(mu = 53.4692313356662),c(nu = 0.264650740158043),154.185804445242,0.9990995499975,92.3243656158447,1.67004455884158
43,40,0.312839431615,0.577590905,c(mu = 0.0580093944515403),c(nu = 0.264875012842631),23.4650138299564,1.0326212303039,88.0755445957184,0.266419173876979
80,88,0.030320091050832,0.358942064,c(mu = 0.00127768380849978),c(nu = 0.265452579984249),30.6133321721687,1.07863966117284,89.2566134929657,0.342981107776191
17,5,0.054657533284545,0.763649265,c(mu = 0.00019499577352787),c(nu = 0.266533691002668),2.09985386889964,1.51797007631258,86.5199382305145,0.0242701730011066
111,103,25.6037725,0.26637998,c(mu = 25.7870696821807),c(nu = 0.267019109316819),128.861378971416,0.99966875875862,90.8401427268982,1.41855104035696
8,5,0.0236773031446721,0.971522165,c(mu = 1.3411850329025e-07),c(nu = 0.267930088629898),17.7615254917255,1.0954686490494,83.4769239425659,0.212771681715846
2,80,101.589435,0.281708065,c(mu = 97.7222557311838),c(nu = 0.269160590858012),176.84239405127,1.00382926404001,93.2593972682953,1.89624208638747
192,199,0.00429321821127949,0.120397035,c(mu = 0.0275696034638729),c(nu = 0.26938481031184),25.6971908342649,1.01885737741957,91.0407521724701,0.28226030893927
200,200,1.18322138678657,0.1269497225,c(mu = 3.56412268353728),c(nu = 0.270313660662713),21.8163876708504,1.06397852471408,91.7575776576996,0.237761155293747
64,42,0.00977719895531841,0.4353103305,c(mu = 0.000219177175135158),c(nu = 0.271114724087275),34.8961206385455,1.00241945979832,88.9605004787445,0.39226533630938
92,96,0.0227445874731897,0.2915215705,c(mu = 0.0046486221797399),c(nu = 0.271443612967981),32.84128393086,1.00287580390158,90.7061052322388,0.362062551873163
16,30,0.00435004561874341,0.582402765,c(mu = 1.90594366498198e-08),c(nu = 0.271452076041322),9.07572440029364,1.11114375821076,86.7039122581482,0.104674912168577
114,110,0.0448408674964003,0.264907553,c(mu = 0.0219560498603171),c(nu = 0.272382607399308),14.0854923567516,1.1378905640763,90.8936398029327,0.154966754409775
45,62,0.6526277118,0.427030976,c(mu = 0.273372109344489),c(nu = 0.272779922014775),10.0527643360073,1.11100037261972,90.1644711494446,0.111493631669454
29,16,45.1468955,0.337379065,c(mu = 43.7991537493196),c(nu = 0.272885592579698),163.065518118356,1.00190070303924,92.232804775238,1.76797744051837
165,155,0.0578711033387555,0.1781377735,c(mu = 0.102326728967972),c(nu = 0.273051960520955),18.4663406009435,1.03508913832969,91.7147991657257,0.201345265637832
85,81,0.24232644916975,0.453545568,c(mu = 0.0666083796286456),c(nu = 0.273172723034477),15.3573838020167,1.02481937040933,91.5919115543365,0.167671834132494
44,41,3.6620466,0.34297828,c(mu = 3.29392978718356),c(nu = 0.275774957575151),31.3239196550563,1.05551861084151,86.4262230396271,0.36243536456168
109,101,11.25038515,0.279453135,c(mu = 11.4133243506577),c(nu = 0.275870299677283),40.1947661526868,1.04905856057248,88.6178965568542,0.453573913559314
52,29,0.0336315061623928,0.759675911,c(mu = 7.51265921452833e-05),c(nu = 0.27735764540337),17.8214497244804,1.15322330272805,88.2112410068512,0.202031504387249
161,169,5.4257954,0.2315170725,c(mu = 6.09400692310304),c(nu = 0.277651607124001),38.7842276671887,1.00365884138234,90.0646035671234,0.430626751588192
61,80,16.9779125,0.298823935,c(mu = 16.5111503182288),c(nu = 0.278060227921102),97.4216650187941,1.01271099933419,89.6065676212311,1.08721567631736
103,103,0.08996658014839,0.284035822,c(mu = 0.0631618824983181),c(nu = 0.280119413781938),25.9668895459431,1.05291124738459,91.3512301445007,0.284253310052512
102,182,1.553525355,0.1892079005,c(mu = 1.5604113203053),c(nu = 0.280542870809406),7.78130111304075,1.13370402201651,91.3360507488251,0.0851941927557104
120,170,5.1713661,0.2141126815,c(mu = 5.4239568814686),c(nu = 0.28100189961262),29.6739129854789,1.00784945247163,89.75235414505,0.330619884772298
98,101,0.150829504905031,0.300621827,c(mu = 0.0840940420566114),c(nu = 0.283324099828319),19.5480935648208,1.04937142726919,91.4049985408783,0.213862413181687
166,187,0.433596458759,0.149291352,c(mu = 0.873658429620733),c(nu = 0.283607012201129),23.0344584131075,1.0690654004286,92.0766594409943,0.250166095870025
95,68,0.282884415165,0.3799289035,c(mu = 0.219496379102466),c(nu = 0.284127620323335),31.4466418068208,1.00545871890327,90.9631507396698,0.34570748210799
2,5,0.0452403315975,0.924314825,c(mu = 5.799580216753e-06),c(nu = 0.285329800757543),1.92699135395069,1.56735462316636,88.8439192771912,0.0216896256899532
61,62,12.756725,0.314048155,c(mu = 12.3968400869506),c(nu = 0.285564298481804),76.679946277091,1.02690182678771,88.3119781017303,0.868284777731511
113,86,17.6190195,0.292352945,c(mu = 17.7157737783521),c(nu = 0.28582819809537),149.416604766087,1.00132268127415,89.0811638832092,1.67730862791578
155,137,0.0134413920662735,0.2597072625,c(mu = 0.0051487233877111),c(nu = 0.285957374921517),12.4209183144946,1.00911911004736,90.4802088737488,0.137277736967054
140,124,0.694398975915,0.242100544,c(mu = 1.02114333895883),c(nu = 0.285998008572933),33.3656119853291,1.02809883653551,90.4723002910614,0.368793673621512
91,88,89.8133375,0.29522536,c(mu = 89.5799468148135),c(nu = 0.286553291524766),184.19839964236,1.00647474944993,92.4533755779266,1.99233828392889
74,110,8.72099275,0.279378495,c(mu = 8.4662976025676),c(nu = 0.287724402631363),79.3998598016849,0.999720373158213,87.9663844108582,0.902615929180831
116,82,22.413566,0.300323995,c(mu = 22.6143137301344),c(nu = 0.287942250786486),137.451950468251,1.01218802146884,90.0209279060364,1.52688884313349
170,149,40.5094355,0.26501304,c(mu = 41.8338571337541),c(nu = 0.288157210542761),91.0173818744077,1.03563537106938,91.6038753986359,0.993597503144099
124,76,4.95585035,0.31594816,c(mu = 5.18266381014234),c(nu = 0.289954186828173),60.9763867338514,1.03212770534116,87.1111710071564,0.699983550087302
25,14,2.5059036,0.419052605,c(mu = 2.0063345733056),c(nu = 0.290197549757752),79.9349771209844,1.00882674445129,86.5293383598328,0.923790458082255
56,52,0.0185315219500491,0.63170879,c(mu = 1.01224197293777e-05),c(nu = 0.290310653534623),23.8683881210076,1.00518394910597,88.4695193767548,0.269792220972311
140,165,4.0776199,0.230903847,c(mu = 4.56705081793352),c(nu = 0.290449563927973),62.0992894021292,1.07131315008337,89.3163585662842,0.695273412384402
17,39,0.0322384784411716,0.8385744275,c(mu = 6.48666035380804e-10),c(nu = 0.291724440696088),24.1378158049803,1.03597866586423,87.6536660194397,0.275377139384302
0,8,0.00252161439109683,1.406613525,c(mu = 7.30611616928122e-27),c(nu = 0.292293358979322),36.7382530783512,1.0488779751832,87.8684904575348,0.418104975823001
138,94,2.424955375,0.293209166,c(mu = 2.85535520209114),c(nu = 0.29242891888985),27.4279411261887,1.04362937510233,87.5601370334625,0.313246895852923
90,81,0.0806485794418831,0.334308419,c(mu = 0.0403039428663852),c(nu = 0.293301978684376),18.8208899045437,1.02295695568288,90.297376871109,0.208432299549618
73,84,4.48012555,0.320324465,c(mu = 4.26820617837163),c(nu = 0.29413645985234),43.6161906931009,1.01590050970609,87.2552964687347,0.499868689446599
193,200,1.5014526766,0.138379472,c(mu = 2.62089754586492),c(nu = 0.295222085029444),66.7017184027178,1.01007921637945,91.5522875785828,0.728564191751792
200,200,0.036924430198575,0.1077567145,c(mu = 0.318400254040768),c(nu = 0.295924844637011),20.5046616740214,1.03230784548008,91.5132837295532,0.224062134352192
158,149,0.161996086535677,0.2103056005,c(mu = 0.314943077056973),c(nu = 0.296994526759098),4.64203007100434,1.22072629083835,91.0130889415741,0.0510039833279837
15,20,0.0507428856512925,0.8710070825,c(mu = 1.73990090072319e-05),c(nu = 0.297469366521119),17.2818731721805,1.10748711596035,87.9742374420166,0.196442432178748
181,183,0.028375043564725,0.1748924615,c(mu = 0.0792579866375965),c(nu = 0.298764738569528),30.5583889243337,1.04251143334423,90.7017784118652,0.336910581682003
17,17,0.0909419125225552,1.1701907175,c(mu = 4.70347115088144e-05),c(nu = 0.29903294977121),2.09447483694501,1.7648508805386,87.5298535823822,0.0239286911976119
151,70,142.066695,0.31536182,c(mu = 143.612952519924),c(nu = 0.299201472345283),197.907881840269,1.00064097667892,92.1369931697845,2.14797417445104
136,124,0.0308248287510865,0.293085538,c(mu = 0.025132453464852),c(nu = 0.299669136152899),25.4246289079981,1.06697326879373,90.3959648609161,0.28125844939115
13,7,0.00205992439425552,1.573053975,c(mu = 1.73943027633042e-16),c(nu = 0.299719581743658),22.7719562506666,1.08045367333108,87.023542881012,0.261675812047815
84,97,0.0165050779900836,0.3518006485,c(mu = 0.000745078527307022),c(nu = 0.299735285268313),21.2973376715837,0.99609370059404,89.2745361328125,0.238560048521562
110,125,0.041751431640503,0.2519943195,c(mu = 0.0193882086958224),c(nu = 0.300184781479076),13.0322575135718,1.01827789691985,90.4028987884521,0.144157518046716
102,165,20.641341,0.266414935,c(mu = 20.6891213920519),c(nu = 0.300403410199208),109.795119353855,1.01133544268211,89.4814140796661,1.22701591702723
170,139,0.0214664565016773,0.228024659,c(mu = 0.0492716295060078),c(nu = 0.300448730405644),7.00012607602557,1.1580972863721,89.8865389823914,0.0778773568909677
57,61,0.68710629925705,0.3742698175,c(mu = 0.50625788744838),c(nu = 0.301038203228115),7.15653027974353,1.11720451590337,89.0776417255402,0.0803403653387428
44,36,0.0143421642591932,0.705826375,c(mu = 8.74257084442758e-06),c(nu = 0.30121183695486),33.3085199158812,0.996850367221369,85.8172097206116,0.388133336242476
71,114,0.0217625486234782,0.2829413385,c(mu = 0.00475790404600964),c(nu = 0.301963632514275),37.1672530345546,0.998789384943854,89.3773853778839,0.415846277863387
162,18,16.14343,0.37859196,c(mu = 16.8545654140582),c(nu = 0.302211018287532),170.60664103237,1.01455813887222,87.7323355674744,1.94462668671527
38,9,0.00748886421388111,1.519707055,c(mu = 6.09352265041327e-11),c(nu = 0.302579305178623),29.6932226229486,1.09560692932707,85.8972134590149,0.345683188397217
108,85,0.029516287273328,0.4300001235,c(mu = 0.00384825529869394),c(nu = 0.303158980059471),21.3295171468739,1.03356838189638,88.7673058509827,0.240285732932805
16,14,0.174992064080883,1.067684473,c(mu = 0.00270534662038314),c(nu = 0.303402296704548),9.35775155014082,1.02557517431991,88.3511869907379,0.105915402711248
41,47,0.08641685803485,0.77397196,c(mu = 0.000457997547126543),c(nu = 0.304185947931096),7.45794947580396,1.06969243157088,86.4033443927765,0.0863155185510095
131,130,0.0357205110852694,0.248040093,c(mu = 0.0339102143531283),c(nu = 0.306927074688656),24.4761329323358,1.04051943360689,90.1806440353394,0.271412265837714
115,97,5.51949405,0.310149575,c(mu = 5.66449505222438),c(nu = 0.308477153810304),93.3809191824747,1.00399134816096,84.2244381904602,1.10871525163882
44,3,0.00486827756431682,1.503654775,c(mu = 1.89688741141639e-08),c(nu = 0.30881926639781),52.0216793460202,1.02526008274334,82.7989015579224,0.628289486541415
75,83,2.07746859,0.3343921,c(mu = 2.03233682026376),c(nu = 0.309797655762888),33.0611329760004,1.04907282352739,86.1180045604706,0.383905005053681
75,139,22.231026,0.28607756,c(mu = 21.8864182151995),c(nu = 0.310343498538439),124.99571191173,1.00536329743921,89.6959249973297,1.39354950534766
16,3,0.00293782485820925,1.51328244,c(mu = 1.49258712355061e-13),c(nu = 0.31266656618026),29.0530802869119,1.08341172712615,83.0835974216461,0.34968491000057
98,89,0.0322540895489901,0.498854485,c(mu = 0.00105565279525469),c(nu = 0.313069153655665),10.3997877582548,1.05946423287355,87.6785418987274,0.118612690551663
42,11,0.00302550290389158,1.434501275,c(mu = 1.51737120530178e-10),c(nu = 0.313519850962707),54.011833649446,1.05227990466618,85.9260101318359,0.62858537905549
73,83,0.638376824305,0.3468577755,c(mu = 0.449822759173172),c(nu = 0.313916570151209),26.1261507584351,0.996641929894281,88.9900369644165,0.293585120870125
110,25,9.88807775,0.386966215,c(mu = 9.96804409209976),c(nu = 0.315878176536505),154.111051728323,1.00201977058948,85.2107622623444,1.80858670473866
162,59,15.821173,0.343667495,c(mu = 16.3432651080895),c(nu = 0.315939704172047),115.851462231472,0.997076469600908,87.2078211307526,1.32845266318228
20,18,0.00811000378944448,0.778144225,c(mu = 3.69631455235375e-07),c(nu = 0.316958015409234),39.4804789980813,1.02416635122717,82.9864752292633,0.475745944010879
63,90,0.00308106067251672,0.3990624685,c(mu = 5.96254106214692e-07),c(nu = 0.317016960640827),9.59433522549876,1.15438464098576,85.3446936607361,0.112418649759742
24,125,4.3930147,0.298995625,c(mu = 3.76596602402385),c(nu = 0.317426995214495),49.7014583285819,1.06292001342873,86.8604347705841,0.572199050808961
157,160,0.319484705677,0.2168388,c(mu = 0.551792493581501),c(nu = 0.317798123728889),10.6590313520863,1.07482267676741,91.0817809104919,0.117027041473433
7,14,0.0247556131565192,0.716212535,c(mu = 1.10599560628139e-05),c(nu = 0.318098358144714),26.893581003563,1.00074643587886,86.3213315010071,0.311551971406387
57,68,0.2801793927309,0.3494741995,c(mu = 0.187608741123745),c(nu = 0.318148654674459),8.98678976236798,1.16088421288064,90.2664973735809,0.0995584189466758
97,106,0.00665716653506525,0.312710384,c(mu = 0.000790578401601825),c(nu = 0.318364571879627),19.0714320996336,1.07686509571891,88.3420023918152,0.215881818198413
77,108,2.081366485,0.314677695,c(mu = 1.97525011974461),c(nu = 0.319067010019651),66.599849071883,1.01632416634093,86.8999471664429,0.766396887955775
42,38,29.5253385,0.369612325,c(mu = 28.7349863256631),c(nu = 0.319138464822416),136.877096345159,1.00290281157971,89.6518197059631,1.5267631688245
118,24,0.00125617048613126,1.271062415,c(mu = 8.25408344889128e-08),c(nu = 0.320561908486362),36.5800698119449,1.03999756614735,86.8164176940918,0.421349679974578
107,122,383.877355,0.304981995,c(mu = 384.341424593467),c(nu = 0.320951575272931),142.004682166138,1.00461839292415,97.0849051475525,1.46268549112053
34,32,0.19257492481,0.940357405,c(mu = 0.00876211377267964),c(nu = 0.321801595382504),9.56918700719437,1.14904483327617,88.8606462478638,0.107687569371289
17,16,0.00532526531687852,1.34829912,c(mu = 2.42396881643549e-14),c(nu = 0.321903538075015),30.9736804000137,1.05527011170217,86.4130983352661,0.358437331801735
6,9,0.00699129964361601,1.598018855,c(mu = 1.76114907438052e-27),c(nu = 0.322227917721783),23.5229624282956,1.09674688355621,85.9595699310303,0.273651467162635
22,34,0.0297909949215357,0.959219915,c(mu = 1.7756131189294e-08),c(nu = 0.323154346063433),10.4227881969707,1.17211357734354,84.2342343330383,0.12373577417184
159,30,48.9787385,0.386438405,c(mu = 49.8999345087298),c(nu = 0.323599344098647),127.337202495468,1.01995601492773,90.8575043678284,1.40150451392496
45,116,7.9502859,0.315843875,c(mu = 7.49758584674854),c(nu = 0.32457427025773),48.8054058226869,1.0379764529275,86.837513923645,0.562031357387785
152,142,69.940409,0.30315799,c(mu = 70.9747214596564),c(nu = 0.325037835057132),131.738150069192,1.00016654565145,91.3837690353394,1.44159243440974
44,55,0.054190371764178,0.636085494,c(mu = 0.000405007170077637),c(nu = 0.32553824319638),22.5219785912083,1.07584865291038,88.5497648715973,0.254342613149415
15,7,0.00230667361796797,1.41293347,c(mu = 1.38935443854974e-13),c(nu = 0.326801711903149),52.3208792812277,1.03166924473939,87.3609254360199,0.598904819518489
10,27,0.0188955001628752,0.94465679,c(mu = 1.62239889410251e-08),c(nu = 0.32697975850038),2.9433233981668,1.30577080595157,84.0361058712006,0.035024509615878
183,60,14.199986,0.36118459,c(mu = 15.1107904834119),c(nu = 0.327641227229075),90.089494856749,1.00553031876868,87.0183591842651,1.03529296232742
37,34,0.12930052509565,0.680235555,c(mu = 0.0103467181918166),c(nu = 0.330361364018435),17.3448278295631,1.12176670609119,88.9798827171326,0.194929767267759
84,83,0.0967859988805996,0.4700758505,c(mu = 0.0170744437168515),c(nu = 0.332192143739587),18.5998232497334,1.003208783855,89.5177373886108,0.207778076081041
103,91,5.6864234,0.34014165,c(mu = 5.78203546482211),c(nu = 0.333278644388031),50.1514420476645,1.0143769599381,86.3670613765717,0.580677879371138
38,44,0.0263520283213863,0.805889135,c(mu = 4.84659056791791e-06),c(nu = 0.335246239974078),30.288403349386,1.00595749955559,87.4426071643829,0.346380378302845
31,50,0.007401885356323,0.656505045,c(mu = 7.36413899418544e-08),c(nu = 0.335389161681995),8.25176064595032,1.08879973654413,84.3236153125763,0.0978582407236947
19,4,0.00507645050396957,1.49315694,c(mu = 1.18380228910607e-11),c(nu = 0.336710258529918),42.1103251468896,1.00527189839992,85.9680142402649,0.489837127436711
108,172,53.2380635,0.291379075,c(mu = 53.4550248050554),c(nu = 0.338282647524418),168.612071790143,1.00290089290015,90.9336795806885,1.85423126577131
113,170,4.14556315,0.270306492,c(mu = 4.31826686185365),c(nu = 0.338518529098971),42.8030999917055,1.03154963178632,87.9642627239227,0.486596473002266
101,105,0.1520714401259,0.3601418245,c(mu = 0.0900748224287928),c(nu = 0.338853329387346),29.4110690254346,1.05126606722241,89.4808728694916,0.328685540074367
168,157,0.118681115965722,0.21750552,c(mu = 0.326566741220129),c(nu = 0.339134991194097),17.0861905604983,1.13106690763364,89.9087402820587,0.190039260998386
170,178,0.147933635937605,0.21219518,c(mu = 0.32031259824194),c(nu = 0.339150674751676),18.996211508676,1.00979354893436,90.5585741996765,0.209767122291374
200,200,0.0563290867579457,0.1458728175,c(mu = 0.337985793769927),c(nu = 0.339443871404728),19.8413306864202,1.08460198047598,90.2057683467865,0.219956340376619
181,196,0.4720327674297,0.1658858955,c(mu = 1.03983966674971),c(nu = 0.341285382475086),14.9243935878234,1.11738218253124,90.5622646808624,0.164797044778157
82,104,0.00743411783208477,0.3674219645,c(mu = 3.98856799763409e-05),c(nu = 0.342534643696743),16.6598509250675,1.08030199476864,88.238662481308,0.188804436248074
21,21,0.0863304356578038,1.387410315,c(mu = 8.0104769967116e-06),c(nu = 0.343550983279639),9.53783407158539,1.03794127877743,86.6859529018402,0.110027446804278
118,34,20.721483,0.392423465,c(mu = 20.8403980688699),c(nu = 0.344446739904724),116.523211885619,1.01478442485059,88.36501288414,1.31865778188025
129,128,33.638701,0.3336328,c(mu = 34.0793568046054),c(nu = 0.345245459482158),87.0617120691609,1.01904737587004,90.1529929637909,0.965710723593264
190,196,98.760176,0.25302803,c(mu = 101.838391168838),c(nu = 0.345748149087736),89.7318843436491,1.04480616848187,91.1563744544983,0.984373115765368
5,5,0.00616996155859626,1.89146922,c(mu = 2.32970287930154e-18),c(nu = 0.346568488657529),32.4985857668229,1.07033147414845,87.0723791122437,0.373236451078585
52,49,0.148115553069073,0.913745733,c(mu = 0.00410234776415984),c(nu = 0.346620071047068),6.55678588974222,1.1155319153906,88.7253696918488,0.0738997866395433
18,17,0.0354993108500459,0.788842145,c(mu = 0.000112661293413375),c(nu = 0.347115040099503),13.8379067255942,1.10022733285647,86.8299655914307,0.159367870657775
3,1,0.94691991,0.781362885,c(mu = 0.327807934290775),c(nu = 0.347985819278002),50.4755230386781,1.0147911321232,84.9954824447632,0.593861245172426
97,93,2.59373235,0.3594437,c(mu = 2.6664839473553),c(nu = 0.348868839891771),50.136336651471,1.06565717595708,86.6041829586029,0.578913569052853
181,1,10.94501605,0.547903475,c(mu = 11.5356570103924),c(nu = 0.349633750515108),137.087416167773,0.998713291752515,85.0586109161377,1.61168181200293
70,98,1.7835996,0.368696475,c(mu = 1.62498796417121),c(nu = 0.350144240964247),33.2751474418888,1.01380552753408,87.0108828544617,0.382425121436203
83,62,0.346571707,0.611788045,c(mu = 0.225211573412511),c(nu = 0.350905304145286),15.6968574922318,1.02617017776012,88.7287809848785,0.176908296473801
47,12,0.0115606945745235,1.663080515,c(mu = 4.12052883534136e-10),c(nu = 0.350991091744127),22.5984055201539,1.06972596052533,86.3643982410431,0.261663439801685
90,57,0.00924808508052277,0.566972454,c(mu = 0.000400887512304538),c(nu = 0.351592811022678),27.9212407693826,1.03311679223449,86.9227993488312,0.321218839919449
56,88,0.023458729064963,0.47731737,c(mu = 0.00028986959952181),c(nu = 0.352292112252961),31.8279627179873,1.01213550491888,88.158801317215,0.361029894263911
63,57,0.039674122763952,0.713834763,c(mu = 0.000644331129929687),c(nu = 0.35264144565678),2.76089533732852,1.34411816036304,86.9737954139709,0.0317439905225181
46,60,0.00963454210361743,0.5838529915,c(mu = 1.13071932681375e-06),c(nu = 0.35358394014632),19.5396562453714,1.0184821264694,86.4737565517426,0.225960534438904
28,68,0.00585166362165949,0.528576534,c(mu = 1.898399035106e-08),c(nu = 0.35426205793564),22.4211014368104,1.05270154127524,86.6742436885834,0.258682400706817
25,71,110.558865,0.37496032,c(mu = 108.447663194018),c(nu = 0.354481431909423),125.985527427065,1.03139070736887,90.7866275310516,1.3877101821408
6,13,4.4297147,0.48603869,c(mu = 3.41718330621227),c(nu = 0.35448988273176),67.7018405298803,1.0142240027107,84.5512497425079,0.800719572283783
199,200,0.0962215553387867,0.135142947,c(mu = 0.492465730905015),c(nu = 0.354704317279328),17.455916633584,1.00646063611077,89.7607610225677,0.194471575716645
21,44,5.1258196,0.436065185,c(mu = 4.51458565384086),c(nu = 0.356388995812161),50.4920653573141,1.02006222888153,85.5734095573425,0.590043865477622
7,14,0.00522702711665977,1.452731545,c(mu = 1.13293570136085e-18),c(nu = 0.35909133519075),48.1048716277617,1.0019065055668,87.3547723293304,0.550683956297255
153,133,0.13637363677767,0.2983273865,c(mu = 0.249275178898159),c(nu = 0.36197949877116),16.8483403496673,1.00614939533198,89.6797704696655,0.187872251026404
89,83,0.0290073447052505,0.569810214,c(mu = 0.000980993397334768),c(nu = 0.362274316980919),13.5828568663158,1.0079924177308,88.4394748210907,0.153583644563622
62,66,0.00830754782715181,0.624353537,c(mu = 4.8265048760504e-07),c(nu = 0.362849839766036),12.0123871258641,1.02311305682964,86.3280503749847,0.139148134050123
13,13,0.0103160196659355,1.39755102,c(mu = 2.62970028771315e-14),c(nu = 0.363000814523299),44.5135444129148,1.02137899034498,86.1688585281372,0.516585053733532
94,68,0.332664908475,0.5207331635,c(mu = 0.274947407819152),c(nu = 0.363057251286063),16.6413215933318,1.07869591890436,88.9410805702209,0.187105008019249
22,24,0.00448949723125074,1.43079963,c(mu = 1.5738620855913e-18),c(nu = 0.363543713480828),29.3397648052672,1.13819260330425,87.0074374675751,0.33720984848222
190,198,1.02651922,0.212994919,c(mu = 1.83364088671388),c(nu = 0.365517751208019),31.6519633888735,1.03731839037496,88.9903349876404,0.355678663230895
169,188,1.2588737452,0.2090799905,c(mu = 2.15887029095296),c(nu = 0.36559383848669),3.34334144351054,1.32198447390798,88.9308547973633,0.0375948420953407
166,189,0.109193889539561,0.215814047,c(mu = 0.244664330680606),c(nu = 0.365717995650658),13.1528862165041,1.06861771772789,89.5118126869202,0.146940228576402
44,13,0.00941073723887807,1.79134854,c(mu = 1.11661527651604e-09),c(nu = 0.365902787370715),34.6619021328791,1.02263052005165,86.0641622543335,0.402744896655679
62,11,0.0044202759639611,1.28387926,c(mu = 1.63077663343673e-11),c(nu = 0.366121200659833),55.4122245350402,1.03720976331925,86.8305456638336,0.638165107813209
37,4,0.00537440327220099,1.587034065,c(mu = 8.23559625080981e-11),c(nu = 0.366811418355425),40.1210509463813,1.02851710155791,88.0083980560303,0.455877527969983
195,196,0.334253121250395,0.1537966745,c(mu = 1.22087715131479),c(nu = 0.367459230318862),28.7753153848946,1.01648192811533,89.7409830093384,0.320648542281961
126,41,35.5847055,0.41421913,c(mu = 35.8634718633791),c(nu = 0.369068540181331),117.750502206315,1.03091452392975,89.1531622409821,1.32076641194212
159,118,0.0395267212960664,0.3463843865,c(mu = 0.0721098211131176),c(nu = 0.370388217108682),24.7245411989912,1.01811293342905,88.7293190956116,0.278651312226897
71,24,0.00327320719724398,1.60473092,c(mu = 1.03722985962341e-08),c(nu = 0.370566459915128),29.1730646744253,1.09057227090643,87.178323507309,0.334636679173802
31,4,0.00632825755679924,1.554428275,c(mu = 1.29468514124001e-11),c(nu = 0.371507084196757),47.3576018745525,1.01906958228208,86.3502986431122,0.548435878262362
63,46,0.0510239879244153,0.6472635855,c(mu = 0.00875935767224855),c(nu = 0.372973198894712),21.5318002861946,1.01269063918031,88.2730669975281,0.243922648420017
89,113,0.0163169758395575,0.3607386305,c(mu = 0.00189162737582298),c(nu = 0.373682273780408),19.0531619802187,1.10202066899646,88.4043743610382,0.215522841691144
174,168,1.88767808,0.300871836,c(mu = 2.39865450698181),c(nu = 0.373702882130103),48.5306233548277,1.05713431507872,87.6220426559448,0.553863181955107
65,58,0.243899402005104,0.7393806735,c(mu = 0.056308098232949),c(nu = 0.373848348123757),12.9834196305859,1.08058168822057,88.8121066093445,0.146189749644108
42,6,0.00238553203515273,1.587765445,c(mu = 1.15619168225816e-09),c(nu = 0.374222674062084),39.8243760014247,1.09656326395824,87.3259565830231,0.456042825749783
71,71,5.011345,0.41357743,c(mu = 4.83401506082541),c(nu = 0.374388511302412),64.7576116118006,0.997738611179796,85.9449336528778,0.753477940577038
164,84,14.572478,0.3896508,c(mu = 15.1535262807476),c(nu = 0.374834468008904),137.00808214232,1.01505775509917,87.2944488525391,1.56949363840717
122,118,0.0123860200579654,0.398937023,c(mu = 0.00134765321345749),c(nu = 0.375187464669639),12.212799126107,1.0389697814057,87.6084802150726,0.139402020171169
34,6,63.0116815,0.476676705,c(mu = 61.8755327217365),c(nu = 0.375370176681872),175.890976445856,1.00095562074729,89.35675573349,1.96841274061536
200,200,0.0084739448169036,0.108227646,c(mu = 0.159118833181325),c(nu = 0.377180755528718),13.082820752439,1.03662596429443,88.9039940834045,0.147156726616416
107,119,0.21534086631925,0.315750374,c(mu = 0.256463829131123),c(nu = 0.378336261591056),2.07982858058275,1.51303488667535,93.6701948642731,0.022203739232062
38,19,0.00638296567685832,1.427485495,c(mu = 1.52740715627038e-12),c(nu = 0.378500397598841),40.0078517492198,1.02652006135491,88.3540387153625,0.45281293680425
52,70,0.0410038841113559,0.767072521,c(mu = 1.50721625441521e-05),c(nu = 0.378701534321007),9.44419363363077,1.04377142152079,88.1484830379486,0.107139604768524
45,16,0.00694008311385204,1.597596575,c(mu = 1.43018911510677e-10),c(nu = 0.379527495246222),46.3965457231273,1.00781199022372,86.9788675308228,0.533423198533664
84,22,14.9597915,0.46738559,c(mu = 14.8717391106365),c(nu = 0.380168460753267),122.101346958962,0.998293543498557,88.4570646286011,1.3803459053454
33,6,0.00533845442170227,1.729653755,c(mu = 7.81592304463102e-12),c(nu = 0.38079719362335),40.775731666006,1.03794658532093,87.5052404403687,0.465980453979702
117,108,0.0419066680426413,0.558665627,c(mu = 0.00539728433682301),c(nu = 0.381232200421262),12.9265119499468,1.07285913269085,90.1412045955658,0.143402919984749
106,51,59.1304765,0.422783605,c(mu = 59.2719099504092),c(nu = 0.382493507970651),149.650528298832,1.00987071722581,94.0090398788452,1.59187380800501
140,129,0.0191318936000524,0.3241972045,c(mu = 0.0158668110877893),c(nu = 0.383179348597224),12.6751612908522,1.23805998560138,91.3106441497803,0.138813622539565
184,179,0.114276890907205,0.203289407,c(mu = 0.387278777507292),c(nu = 0.385145862427029),24.0130052093856,1.02732834518691,93.1851270198822,0.257691393222678
186,144,9.52065315,0.35960397,c(mu = 10.3593347711492),c(nu = 0.386785547995498),124.046758782574,1.01684161954552,89.8490922451019,1.38061226533244
11,39,146.639455,0.444144455,c(mu = 143.96008668681),c(nu = 0.387218359951591),142.022047931311,1.00937583989514,95.3839070796967,1.48895188171151
179,133,1.120028475,0.3484542,c(mu = 1.61673329666057),c(nu = 0.389562090706696),59.9412855235118,0.995688931200124,89.8998775482178,0.666756030800624
198,47,151.25231,0.436064915,c(mu = 155.645067303794),c(nu = 0.389572208487847),125.217115389699,1.00045568491703,95.2473199367523,1.31465237523583
189,184,0.0238728658886099,0.2234887965,c(mu = 0.116067669631494),c(nu = 0.390308291508482),9.12472022480367,1.0900595575323,92.3306138515472,0.0988265954721665
36,44,0.00334996019520506,0.623259075,c(mu = 1.40759600563705e-06),c(nu = 0.390489910608396),27.3930637727713,1.28102231084101,86.8400189876556,0.315442857937022
6,5,2.97243585,0.60537809,c(mu = 2.38809657379345),c(nu = 0.390499896446701),85.9357130755722,0.998750013470275,82.9435241222382,1.03607501592197
160,134,0.0076832121072885,0.3368234035,c(mu = 0.00743856782522436),c(nu = 0.391112658996546),11.5640987609102,1.04403005424489,90.7422006130219,0.127439038096799
14,162,23.103352,0.34791277,c(mu = 22.1171023039221),c(nu = 0.394167785947373),173.537725974354,1.01218204507144,91.1942346096039,1.9029462412537
46,11,0.0131556122181593,1.72653532,c(mu = 1.94410563388747e-09),c(nu = 0.394278496396647),24.5353274023652,1.16229545801939,88.2885365486145,0.277899355471311
32,21,0.00335077398147368,1.42691774,c(mu = 2.55093412492886e-11),c(nu = 0.395380009583101),50.0960858138321,1.04441879983809,86.0418310165405,0.582229425175782
13,18,1.369,0.57624702,c(mu = 0.907340213795374),c(nu = 0.396103189297229),20.588297263061,1.01728399193065,86.0070683956146,0.239379130658879
17,175,17.2436355,0.33373447,c(mu = 16.1924262894147),c(nu = 0.397021570821543),127.039570349417,1.00485478957442,90.76131939888,1.39971048449726
150,142,0.0251903022910035,0.319650838,c(mu = 0.0266570298410902),c(nu = 0.397595369968007),5.93537604933301,1.26633021105049,90.7502286434174,0.0654034280470492
45,38,0.0344476534677762,0.69024752,c(mu = 0.00122090169517782),c(nu = 0.399862024948207),15.53653081067,1.00684227631999,91.0294458866119,0.170675880308254
34,44,0.107556988727263,0.826790008,c(mu = 0.00274664746792502),c(nu = 0.401205875174891),2.46389977758862,1.42659041582286,91.882239818573,0.0268158436543747
185,187,0.0126810339556216,0.212922539,c(mu = 0.0475761395889857),c(nu = 0.40167054178426),30.9133916937541,1.04079344011553,92.4450790882111,0.334397374080415
18,32,3.79444625,0.497411925,c(mu = 3.25619108127949),c(nu = 0.402496164925157),82.928348164334,0.998633000457089,85.1291496753693,0.974147498014161
123,125,17.350981,0.390025935,c(mu = 17.6085298261599),c(nu = 0.403056241321076),162.524174944786,0.995864886302326,90.0665819644928,1.80448920565075
158,155,139.255565,0.37045152,c(mu = 140.919376090178),c(nu = 0.403070546294502),163.358925990071,1.02559523612365,94.9235684871674,1.72095222075596
88,76,0.4914042296669,0.520917292,c(mu = 0.476004606696182),c(nu = 0.405231173488166),55.5732768755649,1.08167415108366,92.4913473129272,0.600848387336634
180,150,30.549232,0.374028185,c(mu = 31.4692623535731),c(nu = 0.405842444274045),174.199139208265,1.00580429289692,92.6877365112305,1.87941949782276
85,5,0.00679551396984281,1.48494835,c(mu = 1.12180427094128e-06),c(nu = 0.405963782449942),51.7885918975688,1.0205869319791,88.6662278175354,0.584084754390856
10,94,84.243087,0.41807546,c(mu = 82.0683416259971),c(nu = 0.406558226839193),123.212866520706,1.04853383912444,94.211213350296,1.30783653175739
135,149,0.12108416890995,0.2901573075,c(mu = 0.148338029034315),c(nu = 0.407815472674955),7.9267478600667,1.18353201354763,92.9729435443878,0.0852586522258732
65,27,0.00228981629487375,1.50391674,c(mu = 5.12005568502561e-08),c(nu = 0.407862825305984),5.26394910676886,1.19471151303565,86.8890085220337,0.0605824510638075
1,136,44.5789025,0.38237353,c(mu = 42.2132359234695),c(nu = 0.408001859699255),139.624518865064,0.999391812940944,93.3397259712219,1.49587453158061
166,107,5.3813375,0.4039467,c(mu = 5.84259615689408),c(nu = 0.408437415440291),46.7352982370165,1.06411010872365,87.2666976451874,0.535545626202505
134,140,2.388638275,0.355918135,c(mu = 2.63067913152418),c(nu = 0.410151856127067),64.8697995917696,0.996392828372029,89.2853646278381,0.72654460069869
174,172,0.167989721773627,0.242603701,c(mu = 0.382092685096641),c(nu = 0.410730382472643),13.07156297381,1.16437757386986,92.2834107875824,0.141645858797938
45,79,0.011955600098034,0.56911686,c(mu = 1.08802734211978e-06),c(nu = 0.410802870879643),12.3117796080527,1.09916040950776,88.5463833808899,0.139043280345991
127,113,19.6111125,0.413522455,c(mu = 19.8860498537251),c(nu = 0.415753534303841),171.790225130548,1.01912128243464,90.2837340831757,1.9027815682976
188,152,1.29090099,0.32750022,c(mu = 2.09795228979811),c(nu = 0.415856452761044),28.2312118612996,1.00378939298841,89.8640170097351,0.314154795219551
186,190,0.175717695239953,0.163188732,c(mu = 0.618830709789343),c(nu = 0.416168742116346),16.2587572683661,1.0229999430959,93.6153109073639,0.173676262042806
171,84,3.54741695,0.433359595,c(mu = 4.00642481553229),c(nu = 0.416371502848615),72.496873226562,1.01358260116456,87.4306464195251,0.829192922567388
112,129,0.0151292389907114,0.3617887805,c(mu = 0.00278454150778298),c(nu = 0.418161529610474),19.5825867205847,1.0079695049549,92.4048659801483,0.211921596475143
111,183,72.019584,0.3414029,c(mu = 72.1753052683167),c(nu = 0.418775098752998),178.576008737951,1.00278418530295,93.8899059295654,1.90197238957632
104,93,0.0754164997945225,0.565164695,c(mu = 0.0265423238652136),c(nu = 0.419941961288926),23.779646444652,0.998242643361557,91.7573764324188,0.259157872306498
147,149,0.0100987807903663,0.3127988815,c(mu = 0.00843278248937502),c(nu = 0.420034754828665),14.9409234672565,1.1486783329738,91.2409641742706,0.163752362795282
77,28,0.00273078039347936,1.491228755,c(mu = 1.14245858222274e-07),c(nu = 0.42204023375686),23.3375453060811,1.03824274599983,88.031213760376,0.265105345129135
100,82,0.18323836708675,0.5377613325,c(mu = 0.147060438807976),c(nu = 0.422383491123911),35.1160983576601,1.03049146832038,92.2883689403534,0.380504052253388
26,20,0.16253341647825,1.06982254,c(mu = 0.0120643429849005),c(nu = 0.422501126657327),24.7771934641991,1.04130368001495,92.089635848999,0.269055179073861
92,83,0.0191724807842767,0.8088946065,c(mu = 0.000141007366768144),c(nu = 0.422674829470751),11.4067988205203,1.08070885451888,89.5610523223877,0.127363385363762
79,198,210.30128,0.29610334,c(mu = 209.604652514893),c(nu = 0.42298194667817),142.006904995767,1.09911211801271,94.8337574005127,1.49742991196719
104,73,0.0429617313278147,0.953232165,c(mu = 0.000924277136030479),c(nu = 0.423756429639769),3.72892916617257,1.2293298365008,89.7462556362152,0.0415496907334799
170,164,0.0849784194154583,0.2789777965,c(mu = 0.181786636402595),c(nu = 0.42411628896139),22.2351063360338,1.04561114050906,92.7241230010986,0.239798507835662
99,110,0.057023750162125,0.4769667225,c(mu = 0.0136693950333725),c(nu = 0.426188385275469),21.1905714330455,1.08266316075699,92.1434109210968,0.229973811705225
158,144,1.792828095,0.366765485,c(mu = 2.17073296988271),c(nu = 0.42632419574352),29.6277299068321,1.0549827984362,89.7908573150635,0.329963771287677
72,32,0.00277932120042426,1.1622398,c(mu = 1.4509983139624e-11),c(nu = 0.427509177994936),24.5423920263295,1.14059413761488,89.8124353885651,0.273262738285062
33,69,26.125524,0.451824075,c(mu = 25.4385169593032),c(nu = 0.427719593207832),171.958350778148,1.00263164238351,91.6900627613068,1.87543061482901
88,20,0.00569286091869705,1.493929715,c(mu = 5.11519908751302e-08),c(nu = 0.428124636857202),33.5396982310145,1.02892865645666,89.2854177951813,0.37564586759233
118,172,57.9962105,0.37458173,c(mu = 58.2422315182472),c(nu = 0.428938140396667),110.854179581752,1.03175311733275,93.3077127933502,1.18804947911715
142,130,9.5905647,0.40913489,c(mu = 9.94708547007207),c(nu = 0.429303570092324),103.776381970421,1.05597140915142,89.2001712322235,1.1634101205955
90,102,0.5020641905,0.44793139,c(mu = 0.448274162480238),c(nu = 0.433959548128072),31.5087073066888,1.00661510584727,91.7041478157043,0.343590863196407
109,16,0.00772634376337359,1.57331877,c(mu = 3.1511967868453e-06),c(nu = 0.434615092883745),18.5950329837746,1.1339312237758,89.2605133056641,0.20832316883612
74,9,0.00441893147779298,1.549726065,c(mu = 5.62067023390922e-08),c(nu = 0.434701790796207),62.7493437181919,1.00917464496956,89.0334680080414,0.704783775383482
14,11,0.00161784484552066,1.564747065,c(mu = 9.93603969991897e-14),c(nu = 0.436048911337408),44.2740467623416,1.0757195791329,89.0169532299042,0.497366458364341
115,93,0.0133916948573482,0.5883899405,c(mu = 0.00208445869911832),c(nu = 0.438531799215803),2.86614320988369,1.32903030162176,89.7902233600616,0.0319204374666757
134,148,2.80116435,0.401819115,c(mu = 2.9973232836323),c(nu = 0.438863538766572),85.0332970262603,1.03593306691932,89.032331943512,0.955083340737509
137,63,25.6097595,0.469417505,c(mu = 25.861866100646),c(nu = 0.439877622448304),164.805752555325,1.0123196840022,91.478194475174,1.80158510452511
163,40,30.4073465,0.50548269,c(mu = 31.1312031056546),c(nu = 0.440598582062964),193.935393624237,1.00259537716889,91.9304440021515,2.10958834942316
114,142,48.5577105,0.41588484,c(mu = 48.6716758869957),c(nu = 0.441116228487283),178.766806612984,1.00270402151931,92.9171257019043,1.92393818967777
154,125,11.968754,0.42642836,c(mu = 12.493024192534),c(nu = 0.442201089060842),151.151704822526,0.999225206204815,89.7578406333923,1.68399444277956
200,200,0.0243329097016673,0.101583635,c(mu = 0.532088284625535),c(nu = 0.443599921521544),18.6912644328185,0.998701748450486,92.7092289924622,0.201611691046835
90,66,0.549335277,0.553359415,c(mu = 0.508482064171502),c(nu = 0.444099485420403),55.5649342262325,1.02097357844031,91.6661221981049,0.606166519252859
11,14,0.0105063181825485,1.690432305,c(mu = 1.8045126225859e-14),c(nu = 0.444250295058201),25.9817296476776,1.14355309764042,90.9263548851013,0.285744762126551
47,6,0.0102958139129112,1.66244834,c(mu = 1.2174592180339e-08),c(nu = 0.445546280120597),23.9373771851608,1.17053902617596,89.3872761726379,0.26779401062551
78,71,0.0370004069851119,0.5417940975,c(mu = 0.012531514838406),c(nu = 0.446196463799701),26.3893325199339,1.06414623754797,91.3086757659912,0.289012323292973
192,191,4.78940425,0.33618878,c(mu = 5.71995412564636),c(nu = 0.446621935885454),79.5707283245406,1.03999833472027,89.3817217350006,0.890234902393716
30,9,0.00451292505745431,1.56621405,c(mu = 4.28236807300912e-11),c(nu = 0.44692854398981),40.9370908979022,1.04604867694855,90.3485231399536,0.453101937643064
105,83,0.00484154438020698,0.58825694,c(mu = 0.000723898393934361),c(nu = 0.447885354026482),29.2179046040922,1.02841539000472,90.3238730430603,0.323479315265446
98,105,0.119854039682547,0.4390245755,c(mu = 0.0855423878028679),c(nu = 0.448076767774906),11.7242001012499,1.14059415128053,92.112336397171,0.127281540777528
105,69,2.344961455,0.503989665,c(mu = 2.43897408324616),c(nu = 0.44817680322072),20.3813014499115,1.04790181767057,87.7039093971252,0.232387604954125
65,1,8.3883855,0.628472975,c(mu = 8.19322236329021),c(nu = 0.448184572563386),102.757475232482,1.0235255556559,87.447922706604,1.1750705111343
191,194,1.05120268175,0.261510319,c(mu = 1.83050368421508),c(nu = 0.448387762122918),22.0749227206547,0.995437305382692,91.8002455234528,0.240466924622931
109,109,0.573615989358217,0.413753694,c(mu = 0.682252882970754),c(nu = 0.448499189003344),22.929820468828,0.997956441029612,90.7009859085083,0.252806738969274
86,83,0.00853431087444644,0.573774915,c(mu = 0.000171826465459641),c(nu = 0.448614767603703),22.3536856516438,1.02335289313148,89.5085005760193,0.249738131102519
39,58,0.00718374915821199,0.70193185,c(mu = 2.81437933051982e-06),c(nu = 0.450947785276678),27.0870458473098,1.02537868750484,88.115579366684,0.307403594710418
10,15,0.00311253516709459,1.407009775,c(mu = 8.89438536912738e-16),c(nu = 0.4525076336685),33.2768126150964,1.0570369737423,89.8903045654297,0.37019356843846
196,190,2.04166922,0.32108561,c(mu = 2.91263091573581),c(nu = 0.45323331272912),46.2365192394089,1.04784003573441,90.7511670589447,0.509486772873977
8,16,0.00638368394606051,1.471100265,c(mu = 2.91640039397031e-16),c(nu = 0.453690650458311),36.7556191945129,1.00686153537432,89.2089276313782,0.412017274172283
60,14,0.0131840321703646,1.6886542,c(mu = 3.30148960797897e-07),c(nu = 0.454872156057807),30.7431152147249,1.10755606307498,89.6049242019653,0.343096269412955
98,30,0.00218570060141577,1.378394445,c(mu = 2.63467811375333e-05),c(nu = 0.455450834928116),31.1681937748357,1.07201547906663,89.6366834640503,0.347716945454994
36,34,0.45620327647115,1.306931155,c(mu = 0.125505157029302),c(nu = 0.456874291972116),2.80156506724406,1.3956149793528,91.0675384998322,0.0307635971433358
15,5,0.00945470114848714,1.85618482,c(mu = 9.53091620376165e-12),c(nu = 0.458164597919828),22.1825742864658,1.06558976545869,90.0706732273102,0.246279654538431
31,162,28.439217,0.40628399,c(mu = 27.7356639996185),c(nu = 0.458210748944126),137.785893708765,1.0123350187675,91.4640076160431,1.50644933783326
120,139,0.0158082353224752,0.3802982785,c(mu = 0.00979653781829149),c(nu = 0.45915973976354),23.8467736885466,1.06566884284459,90.9662508964539,0.262149681376791
45,17,0.00619435296933148,1.784823405,c(mu = 3.70138910931014e-10),c(nu = 0.459419436294152),38.3050970148045,1.05700599782568,89.1515574455261,0.429662679064355
34,9,0.00549523901993271,1.528514795,c(mu = 2.38946819178259e-10),c(nu = 0.460075104053633),32.7083598876646,1.01846338848689,90.5719058513641,0.361131408025593
39,49,0.0263252135258901,0.9814173,c(mu = 6.309757185342e-06),c(nu = 0.461806757042915),31.8767446335639,1.00741955879079,89.0062568187714,0.358140492285494
122,12,0.00968553489125317,1.43592471,c(mu = 1.13385934051099e-05),c(nu = 0.463030344175876),37.8548129908534,1.02015973458418,96.4333896636963,0.392548816575556
150,124,0.0193410165750639,0.3995830905,c(mu = 0.0280288884369233),c(nu = 0.463109855134055),30.4823643642739,1.01351047273828,98.3576371669769,0.309913548579105
197,200,0.809998808555,0.2333834775,c(mu = 1.6371348823629),c(nu = 0.463756596788495),3.82826269346022,1.22326556022656,102.340214967728,0.0374072176286462
99,29,64.366438,0.546759805,c(mu = 64.3478581497963),c(nu = 0.464964260373024),153.665468881735,1.0052665412766,102.569706439972,1.49815646563897
52,38,0.29737497524,0.91778702,c(mu = 0.112968930312959),c(nu = 0.465086265265545),3.96307037457825,1.20814317804729,98.8567774295807,0.0400890103604813
56,68,0.0408237444892347,0.6386918745,c(mu = 0.00281594501343511),c(nu = 0.46569651987949),8.16716455401828,1.14229266440534,96.4135751724243,0.0847096950757429
28,47,0.0193946931319848,1.003776625,c(mu = 7.12085443050613e-07),c(nu = 0.46682467069118),2.8979793928115,1.36435223120476,94.8105156421661,0.0305660123582604
104,83,0.0611614699217155,0.5215298985,c(mu = 0.0643609812375936),c(nu = 0.467468111266406),6.07022057692996,1.07021923762449,99.1938941478729,0.0611955063270406
149,128,32.8670675,0.447761215,c(mu = 33.4210464299066),c(nu = 0.468790094527776),158.205975285631,1.00674997217163,100.34131526947,1.57667830903714
166,200,0.125003912087079,0.2489418135,c(mu = 0.286696065093366),c(nu = 0.469143950121824),1.78715913882225,1.71071234821137,102.052139759064,0.0175122162361473
94,18,0.012508282231016,1.734392685,c(mu = 1.59302232403297e-05),c(nu = 0.469809601261546),23.0599184412535,1.01232413035892,92.6792347431183,0.24881429486518
142,184,9.4830871,0.38743643,c(mu = 9.77108559557483),c(nu = 0.470090833655278),120.43582801469,1.01463300408198,95.2945537567139,1.26382697926433
190,199,0.0197014732325994,0.2233120575,c(mu = 0.0910113864892631),c(nu = 0.471348449175397),1.98619516744883,1.48878610788802,100.678549528122,0.0197280868343662
112,24,0.0123745833757754,1.94780639,c(mu = 0.000195490490726984),c(nu = 0.472444313352897),20.7198633536918,1.09048905004651,94.7060267925262,0.21878083217537
18,21,0.00810401604765876,1.549672415,c(mu = 2.45749419144802e-15),c(nu = 0.47343277627189),25.4691222545771,1.11576596545057,95.2899391651154,0.267280286646474
75,62,12.472269,0.507761825,c(mu = 12.3187826337724),c(nu = 0.473941545477071),192.629137338691,1.04410249071955,94.4295029640198,2.03992535481297
103,148,38.336447,0.436443075,c(mu = 38.4094535878464),c(nu = 0.476489345545094),89.5179305352785,1.02315692562858,101.122282505035,0.885244362742909
83,92,0.149469365654775,0.674909379,c(mu = 0.0382482842337552),c(nu = 0.476807278565245),9.21912955113964,1.0586755137878,99.7144496440887,0.0924553019551882
197,153,70.0530055,0.44035615,c(mu = 72.7520547738232),c(nu = 0.477622780005792),167.089509611959,1.01399656388325,102.544198989868,1.62943892738845
4,8,0.010042505173906,1.62142018,c(mu = 2.23129893805634e-15),c(nu = 0.478089376587046),56.9209390501299,1.02972144341551,97.4716153144836,0.583974512646369
98,31,0.00255740226047219,1.36186204,c(mu = 3.62557408302972e-07),c(nu = 0.47856094691012),37.0387041536104,1.03473661743927,93.7551674842834,0.395057735455695
104,189,153.46264,0.389257615,c(mu = 153.603855396021),c(nu = 0.481618192781968),186.161374761025,1.00755975347129,103.356267929077,1.80116192748725
138,145,0.221846010227003,0.374494885,c(mu = 0.315740378167112),c(nu = 0.482471576411138),14.463492084148,1.08920098008391,100.37158703804,0.144099465904295
52,45,0.0160210610771727,0.871403845,c(mu = 3.97107377146371e-05),c(nu = 0.482753615471016),45.5200699851137,0.999622149139817,96.0408599376678,0.473965664350121
185,193,0.302472072378,0.239875885,c(mu = 0.745877529781421),c(nu = 0.483122697168181),34.6893097456156,1.07105307482035,100.946807146072,0.34363949416864
60,57,0.0241668317882712,0.690159945,c(mu = 0.00262266475595809),c(nu = 0.484051370035388),12.8110437284349,1.249143961284,96.589093208313,0.132634475621439
157,159,0.0641198539998547,0.3412974835,c(mu = 0.107557856707274),c(nu = 0.484665963357577),22.5495593316576,1.07458226906189,101.480959415436,0.222204829965646
118,116,0.221303213677756,0.403373064,c(mu = 0.307540665528085),c(nu = 0.484975558909379),2.46059507588148,1.39887546126586,99.7133128643036,0.024676695670818
97,173,14.675038,0.424471895,c(mu = 14.6393608893303),c(nu = 0.487299220088645),92.9836912653524,1.00355523218889,97.9878668785095,0.948930660779038
110,106,0.0223944048499155,0.526561575,c(mu = 0.00593150108222762),c(nu = 0.490243319615657),18.7495779991045,1.05883034762952,99.6813659667969,0.188095115042362
196,190,2.14871775,0.35367048,c(mu = 2.86845486495311),c(nu = 0.4902702401161),55.1529828900664,1.00222434689792,98.7640652656555,0.558431680001384
74,73,0.115953176944815,0.680740765,c(mu = 0.0395861747489793),c(nu = 0.490524459636582),31.0555475906305,1.00148250730509,100.267907857895,0.309725696427656
181,176,0.0332844219064576,0.263979848,c(mu = 0.131537055282057),c(nu = 0.490792787230612),24.554318774747,1.00454772575391,101.135508537292,0.242786328262668
38,53,9.31583555,0.5490009,c(mu = 8.98743324506712),c(nu = 0.492377175231588),111.564263525195,1.01269883473723,95.6480078697205,1.16640446581128
181,181,0.0038438984715522,0.271486422,c(mu = 0.00971084293583054),c(nu = 0.492880545943668),17.6615290015287,1.06756759575059,99.6717660427094,0.177196910446642
93,111,0.0235570095216121,0.553926977,c(mu = 0.000901879180996586),c(nu = 0.493042904964716),20.5032717662302,1.0083065509946,98.4016652107239,0.208363056888551
74,13,0.00551797528739926,1.75207919,c(mu = 3.48483181309528e-07),c(nu = 0.495607421236404),35.2472074915642,1.02148550745361,97.5399360656738,0.361361806386998
152,154,0.00712948843766749,0.353516991,c(mu = 0.00510718620697686),c(nu = 0.496386540070341),6.16819950774356,1.207899607096,99.1095645427704,0.0622361679843896
129,160,93.3043255,0.44383479,c(mu = 94.0510099238912),c(nu = 0.497064118135079),140.461052891938,1.00535168845447,102.487778425217,1.37051514873482
169,149,1.48849654,0.4002936655,c(mu = 1.98759244787078),c(nu = 0.49814873229763),30.2447380989031,1.08352965714077,96.5377707481384,0.313294349605502
105,101,0.0244775797784074,0.491578773,c(mu = 0.0126714187566994),c(nu = 0.499337171916503),21.2401215155882,1.10930953874669,99.7847864627838,0.212859317221769
188,172,1.85808584,0.374557005,c(mu = 2.56055813236054),c(nu = 0.499892505173444),34.085062582171,1.03340149721323,96.8457224369049,0.351952174288105
196,91,8.3274987,0.520195835,c(mu = 9.17928247177899),c(nu = 0.499910448551208),140.268691889175,1.0108351207502,95.4667370319366,1.46929387397257
106,83,0.0129404255285578,0.69881056,c(mu = 0.00128351176141626),c(nu = 0.501516854000971),30.418061963886,1.05729507190138,98.6105010509491,0.308466762055797
12,166,25.27009,0.448405085,c(mu = 24.2165939968099),c(nu = 0.502456631525817),104.775328819661,1.01039554036421,100.155387639999,1.04612773499782
200,200,0.014021061222073,0.186493241,c(mu = 0.209632527045284),c(nu = 0.502753991080152),33.6757236132043,1.0519367177276,101.32323050499,0.332359355750565
70,23,0.00564513267709747,1.530479915,c(mu = 2.05192190276909e-08),c(nu = 0.503512030703889),46.3375909676946,1.0125216720161,97.2869486808777,0.476298122163251
120,111,0.0176305919771395,0.53240083,c(mu = 0.00622044011028869),c(nu = 0.503683128092359),8.88237359038831,1.08527397496785,99.2059459686279,0.0895346897170579
128,121,0.7723126455,0.480665915,c(mu = 0.910830208335016),c(nu = 0.503707149925021),42.173219561539,1.04818171968256,100.603189945221,0.419203601640292
92,80,0.0159168647313499,0.718458905,c(mu = 0.000886517243782075),c(nu = 0.504627759204376),22.0899414646986,1.01743057421662,97.5887308120728,0.226357503380563
128,147,43.877789,0.463758795,c(mu = 44.2531088207244),c(nu = 0.504788439973649),127.440286965181,1.00548458001955,101.42910027504,1.25644698237102
74,90,0.1469003078196,0.512726845,c(mu = 0.0952345767265105),c(nu = 0.504905840846676),19.4820562858074,1.06469988423681,99.6082532405853,0.195586767682313
78,96,0.00613406476806289,0.637850475,c(mu = 3.06023242253715e-05),c(nu = 0.506960416279151),5.81972613343189,1.17876032941728,97.4937791824341,0.05969330743187
140,136,0.173783004564828,0.36995195,c(mu = 0.269255516007672),c(nu = 0.507063638322437),16.3807256834861,1.00173680022344,100.944089174271,0.16227523391891
32,63,2.6865622,0.55118065,c(mu = 2.30447678330292),c(nu = 0.508284196573071),57.5273693094805,1.03525205852894,94.7570867538452,0.60710360860842
24,37,0.0918902424144897,1.4701224,c(mu = 5.07636317326399e-05),c(nu = 0.508990343731455),8.08014289916516,1.08908226327552,98.4442367553711,0.0820783741687581
192,192,0.0456826810595021,0.2350992895,c(mu = 0.234608469689629),c(nu = 0.510565363780715),32.4412426846516,1.00913330713738,101.294061422348,0.320267962693163
131,131,0.24853654797755,0.4961795965,c(mu = 0.322811211953452),c(nu = 0.51085743524298),14.6423268418693,1.06822198359147,100.697722911835,0.145408718474094
131,112,0.00651187771458772,0.490855515,c(mu = 0.0030103203288376),c(nu = 0.511980860646779),20.8971888894978,1.04382489604301,98.6225020885468,0.2118906785668
70,107,7.7305788,0.506081195,c(mu = 7.58440432906964),c(nu = 0.514160304800134),134.544460729745,1.00791359641592,96.6893658638,1.39151249496526
150,168,0.0168395162574308,0.298508447,c(mu = 0.0190484966403642),c(nu = 0.514362751193193),8.38892921486788,1.12978882645678,100.518326997757,0.0834567134713163
76,15,0.00547983064196045,1.53727784,c(mu = 7.38320325945366e-07),c(nu = 0.516208424411306),48.3484926532565,1.0506854043301,98.681542634964,0.489944637692825
3,42,29.182088,0.58802208,c(mu = 27.5959384781162),c(nu = 0.516935005186058),121.745890810396,1.0294749676667,100.179791688919,1.21527394655046
24,27,0.00428305363237065,1.71988881,c(mu = 1.62581094710567e-12),c(nu = 0.519392679952651),39.7050595005821,1.02086353362828,98.3184149265289,0.403841533961393
179,186,0.0101430416503264,0.2601040635,c(mu = 0.0361652307868013),c(nu = 0.521131317900053),31.0170114429248,1.00559914665929,100.631073713303,0.308224987554959
32,29,0.0015307668020355,1.313996515,c(mu = 1.01398538979947e-13),c(nu = 0.521460499833712),25.6320998114785,1.1108512105303,98.6323313713074,0.259875230110752
57,72,0.757354195,0.62636713,c(mu = 0.54723835743923),c(nu = 0.522938107703239),39.6567255764169,1.039475265689,98.3406662940979,0.40325866267592
64,78,1.106171785,0.55620097,c(mu = 0.987068936625404),c(nu = 0.523054567324711),46.4573145635035,1.01142528847963,96.728937625885,0.480283519117979
57,31,0.00338763006427942,1.44870875,c(mu = 2.408558482626e-09),c(nu = 0.524012774556588),11.4559424136955,1.13173760079239,98.2830545902252,0.116560707860161
93,139,4.4038022,0.47514066,c(mu = 4.36750463063293),c(nu = 0.524820429709174),70.6401763135855,1.02721947755373,95.4036672115326,0.740434601501842
188,165,0.200811428590735,0.352171894,c(mu = 0.498393075453087),c(nu = 0.525302499100142),27.7847102233433,1.05275352900824,99.9929807186127,0.277866606472422
149,165,0.37314388433,0.356468197,c(mu = 0.560752278021127),c(nu = 0.526117139683084),25.0042988750061,0.999740439752432,100.594569206238,0.248565097224509
69,83,27.1691015,0.55686061,c(mu = 26.8715761180183),c(nu = 0.526330021746397),129.521281777431,1.00455756368094,99.8801884651184,1.29676649361413
149,151,0.0289534253472071,0.364111059,c(mu = 0.0426928675206484),c(nu = 0.526663011579581),24.9190234616714,1.03606202662455,99.9247958660126,0.249377777014275
198,200,0.25044699344205,0.1842137485,c(mu = 1.02097127192534),c(nu = 0.527825824590289),24.0501054374647,1.02172992561095,101.028062582016,0.238053713223893
118,38,0.00824281530982664,1.59834037,c(mu = 3.23895836324201e-05),c(nu = 0.528750172912362),45.7976891170876,1.00809722448166,97.7522127628326,0.468507953146824
49,58,0.0215026945637871,0.83196987,c(mu = 0.000127084657236129),c(nu = 0.528941051009957),2.43181579781685,1.37820432162193,98.182587146759,0.0247683002504494
15,91,9.2623483,0.552000865,c(mu = 8.68508340259712),c(nu = 0.532026666463892),111.559719649147,1.01774536440126,96.4741914272308,1.15636853752017
37,33,7.0047715,0.6331074,c(mu = 6.6545158278571),c(nu = 0.532706393315791),103.475073550341,0.997220809143903,95.9908390045166,1.07796821679486
131,188,36.2996715,0.418590405,c(mu = 36.6102302714591),c(nu = 0.533839819713529),100.106782988913,1.01032391380102,100.466977357864,0.996414798390237
98,8,28.45167,0.711090415,c(mu = 28.4709547899559),c(nu = 0.53399581661332),174.666879015136,1.01842250616055,99.1843738555908,1.76103222942603
0,3,1.124193975,0.92905917,c(mu = 0.682710203301488),c(nu = 0.534926801857858),61.1001111113756,1.04883772266368,94.2875397205353,0.648018935402006
143,45,5.6947007,0.634025985,c(mu = 5.92627331721099),c(nu = 0.537155685845293),92.3048351697949,1.00728423483107,95.3109114170074,0.968460313698394
28,40,0.8565722455,0.83329815,c(mu = 0.551557443042907),c(nu = 0.538605624372949),24.4539237805871,1.08235523664722,96.6711990833282,0.252959764774495
47,26,0.00162160837065484,1.347613555,c(mu = 7.86059346524245e-11),c(nu = 0.539500562015612),34.1389373642484,1.03807303834294,98.0198314189911,0.348286024063025
1,52,0.00272271877264714,1.269572365,c(mu = 1.94608452716051e-24),c(nu = 0.540887832749522),47.1028417254083,0.999560623145465,98.752699136734,0.47697776503495
24,25,0.00514208941285193,1.59268539,c(mu = 8.61038371467018e-17),c(nu = 0.541192355318125),38.5148135193757,1.02758939205377,98.3375968933105,0.391659088040981
2,24,0.00323442134389473,1.3794781,c(mu = 7.88242789034208e-21),c(nu = 0.54168173996164),56.6833419738673,1.04416889016745,98.1203026771545,0.577692286176212
38,36,0.154099280965635,0.9860107755,c(mu = 0.0338011453438501),c(nu = 0.541731925375039),2.9774653619612,1.51458356022561,99.1754899024963,0.0300221896043919
30,33,0.140803218557955,2.18737861,c(mu = 5.89850562848233e-05),c(nu = 0.542157596857551),7.33097396806782,1.11396231371841,96.175585269928,0.0762248958245753
187,69,51.9253225,0.57868609,c(mu = 53.5196338682485),c(nu = 0.542443323494713),132.318055809696,1.01998257857149,100.624321937561,1.31497090625665
61,30,0.5272267265,0.928431225,c(mu = 0.43222498937972),c(nu = 0.544719015046325),39.6474224218772,1.01079637212364,97.0761392116547,0.408415731649918
183,44,26.401203,0.610399975,c(mu = 27.3651895274322),c(nu = 0.544783383655817),151.519572505282,1.01690016726922,99.2209956645966,1.52709183666604
57,105,3.60253765,0.537494065,c(mu = 3.35741881083599),c(nu = 0.545707644593952),44.1094514428627,1.00973423372137,94.8743934631348,0.464924726607104
104,175,14.404044,0.4734113,c(mu = 14.4279590393069),c(nu = 0.545886848103536),110.609925720889,1.00779741291037,97.8697288036346,1.13017505078425
64,139,186.76804,0.51310952,c(mu = 185.808824332813),c(nu = 0.546538597237909),143.28369969235,0.998620983465784,101.428172826767,1.41266174573675
111,73,288.29098,0.573745625,c(mu = 288.623041438712),c(nu = 0.5465828045574),178.633977454631,1.01707976633256,102.09618139267,1.74966365066673
200,92,5.19005075,0.556822785,c(mu = 6.41223430093545),c(nu = 0.54797799881001),94.8272564641563,1.00568274902693,95.5289199352264,0.992654962795079
200,172,0.0141737072346169,0.3058230155,c(mu = 0.076204119330539),c(nu = 0.549158790422463),4.88756766182643,1.16982450616413,99.6100692749023,0.049067003942521
87,98,0.0231634693125336,0.572994951,c(mu = 0.00306031489388987),c(nu = 0.550047312701278),24.6364901924846,1.00276620519434,98.2704889774323,0.250700799892655
141,60,47.810402,0.597260135,c(mu = 48.3298278824461),c(nu = 0.550542342584992),122.655996854942,1.04609864898871,88.8329510688782,1.38074887053834
69,158,19.97307,0.490927725,c(mu = 19.7343911870087),c(nu = 0.551271576038641),133.277854730157,1.01457946394145,87.0214369297028,1.53155198802131
96,93,0.0698969250205387,0.6966884715,c(mu = 0.016349086019691),c(nu = 0.553271929157206),9.34424950344317,1.06547522718726,86.4633412361145,0.108071806731663
77,40,0.00592394723510102,1.2771574,c(mu = 5.94884078339552e-08),c(nu = 0.553447800995792),61.2962227808355,1.01523854983092,86.5297040939331,0.708383594081113
73,80,0.0222165440588985,0.943053905,c(mu = 3.88250112503844e-05),c(nu = 0.554006512419948),21.9550778177304,1.02369144493943,82.7028985023499,0.265469266680013
98,120,0.0137890387314454,0.592567135,c(mu = 0.000730057503900266),c(nu = 0.555589034163233),28.6109446994299,1.00171980942383,83.6162428855896,0.342169699475467
111,117,0.0462824080518274,0.581263399,c(mu = 0.0101280839763729),c(nu = 0.55595538920615),8.38144484139966,1.1046400489154,85.9834094047546,0.0974774657044035
44,127,32.2655265,0.5351499,c(mu = 31.6307380227326),c(nu = 0.556177019835286),131.291543540831,1.02909851615866,87.9151549339294,1.49338920734997
116,13,0.00804404165590563,1.761506015,c(mu = 0.000170008222032604),c(nu = 0.556342940469548),17.6485769712768,1.10821697415201,82.9493279457092,0.212763350931884
144,40,0.0060125399163784,1.458388818,c(mu = 5.24176192697096e-05),c(nu = 0.558341928736111),35.6739968138949,1.04765318146892,84.2139310836792,0.42361158486293
16,25,10.80343885,0.65808587,c(mu = 10.2946071300227),c(nu = 0.559433548009826),112.319688805246,1.00774537932728,81.90975522995,1.37126143876177
15,83,7.1027209,0.583157375,c(mu = 6.57805755485864),c(nu = 0.560340429596643),88.70641806869,1.00122384621573,81.3444035053253,1.09050425408655
20,20,0.28057930575,1.26084334,c(mu = 0.0660124415734878),c(nu = 0.563677703289217),1.51973583545712,2.0963492584862,87.4716398715973,0.0173740407483843
117,83,0.0199755877427338,0.684181925,c(mu = 0.0115812492592044),c(nu = 0.563924148157352),5.5948494294253,1.23292537258544,86.2322752475739,0.0648811528324218
80,24,0.00236369492224584,1.542814725,c(mu = 2.42338951611575e-07),c(nu = 0.563989749041575),53.1100403288906,1.02103132030777,83.6462078094482,0.634936618404494
0,32,0.00660554068683562,1.562616575,c(mu = 5.81051255093331e-29),c(nu = 0.564413684839923),43.1844915385664,1.01885245165754,85.3128542900085,0.506189740080283
200,200,0.00246371970717445,0.207313558,c(mu = 0.0363669581404938),c(nu = 0.565159255454351),30.443668621396,1.05970690866076,87.800505399704,0.346736826659527
133,138,0.0354144420703895,0.537006787,c(mu = 0.00975686789574016),c(nu = 0.566026610203242),4.90469918931067,1.1896690753357,87.4451425075531,0.05608886953197
73,108,0.0049353251865872,0.64210226,c(mu = 2.22203887096373e-05),c(nu = 0.566308873678221),17.3856866937899,1.00579407700116,83.5340194702148,0.20812702182958
7,7,1.762060625,0.84981906,c(mu = 1.42339540965379),c(nu = 0.566696969906704),91.6997913573323,1.01373293362559,79.8280348777771,1.14871663191674
81,92,0.0253242121133689,0.707056404,c(mu = 0.00155496763133805),c(nu = 0.567189745915996),13.3183195524022,1.06386533622641,86.1872298717499,0.154527759764647
164,196,8.06793505,0.4292869,c(mu = 8.46622560778536),c(nu = 0.567363411232155),74.7729407350358,1.00297094139638,83.7038822174072,0.893303139044677
107,39,0.00442528543800971,1.341772105,c(mu = 2.06714902110513e-05),c(nu = 0.567494402370527),41.5221009987101,1.00490722764338,85.0346961021423,0.488295988602516
106,88,0.406971961116887,0.5925209435,c(mu = 0.424869501996204),c(nu = 0.567525783077645),15.150291946149,1.02365228677251,87.0186104774475,0.174104043526132
108,25,0.00540474019256642,1.42762178,c(mu = 2.8621955197279e-05),c(nu = 0.567693571889789),61.9409747632956,1.11772592546446,85.1299839019775,0.727604680797511
126,37,1.350900685,0.73779712,c(mu = 1.46112076502485),c(nu = 0.569726530596181),51.5871556095981,1.04721416159362,81.5516674518585,0.63257021249812
149,111,0.0208493595140039,0.6599124445,c(mu = 0.017883310486928),c(nu = 0.569937873676213),16.4392815617976,1.05294800235532,86.1273038387299,0.190871893454131
124,45,0.00246477469857464,1.308892081,c(mu = 4.76556267794716e-06),c(nu = 0.570784709465034),34.3763605970738,1.03353128811281,84.2724912166595,0.407919121658505
133,106,0.00896514478896727,0.606887517,c(mu = 0.00405336211503524),c(nu = 0.571048284164365),19.5537595722455,1.03614476559785,85.6468679904938,0.228306767439713
2,40,0.00144051657829746,1.34075731,c(mu = 1.21119628806551e-19),c(nu = 0.571232801928803),36.0578927525974,1.02695131726018,84.5335109233856,0.426551462949142
109,125,0.0210812403550571,0.503740329,c(mu = 0.00696639465199469),c(nu = 0.571915976007165),21.8630495827708,1.04239722183232,87.057644367218,0.251133025039711
70,12,6.24891815,0.74372092,c(mu = 6.1307388187109),c(nu = 0.572367011678372),135.453831685954,1.00548314496438,81.7191679477692,1.65755275154697
23,27,20.4273705,0.674278565,c(mu = 19.6425683622695),c(nu = 0.573389885897008),199.910896249149,1.01012566239821,85.7641863822937,2.33093677771333
75,124,0.00175352086120237,0.519881095,c(mu = 4.98247651236878e-06),c(nu = 0.576074524255878),21.1960909710956,1.16477292979332,84.6123950481415,0.250508107695518
146,56,32.062586,0.62991119,c(mu = 32.5375434360044),c(nu = 0.576680394618896),166.174624449786,1.0094006529784,87.5813047885895,1.89737552838373
102,105,0.0129508819477218,0.67019051,c(mu = 0.000869936061218834),c(nu = 0.576771543045805),4.91031886041666,1.1843517189386,86.3697657585144,0.0568522887296658
168,162,0.0216144015175353,0.3848200395,c(mu = 0.0451750678685759),c(nu = 0.577052203306507),11.6218493567467,1.11206080031864,87.7688071727753,0.132414347774703
117,122,0.1051885051411,0.543514534,c(mu = 0.0850687501836558),c(nu = 0.577345699890346),16.4852373129285,1.08627561083483,87.5654399394989,0.18826191388199
92,103,3.0929601,0.574728975,c(mu = 3.09568494812564),c(nu = 0.578314026919913),58.7104303854777,1.00614596517848,82.8311631679535,0.708796401499673
36,14,0.89319799,1.047544805,c(mu = 0.687741870012947),c(nu = 0.580117941417687),52.6594666608827,1.07036216995892,82.8983335494995,0.635229496253253
113,61,8.63380285,0.628219475,c(mu = 8.70044066422718),c(nu = 0.580962058176824),163.686530051372,1.006397557293,83.2155151367188,1.96701936871319
192,187,0.0103544395417668,0.239147661,c(mu = 0.0817271710979343),c(nu = 0.581691059409508),10.2907361844289,1.04925325583476,87.2940709590912,0.117885854919648
19,45,0.00188165715350032,1.27456312,c(mu = 2.07572356197534e-12),c(nu = 0.582823324635644),52.8638088755145,1.02219895415145,84.9500153064728,0.622293105949406
199,170,2.3250157,0.466029935,c(mu = 3.1769595696028),c(nu = 0.583526105577961),44.8420292402835,1.08993810834423,84.5972952842712,0.530064573454758
181,28,0.00450775500660779,1.41328355,c(mu = 0.00291163378175405),c(nu = 0.584022810498723),46.969954333286,1.0169456936034,84.3976819515228,0.556531331752275
139,59,7.71912055,0.63582977,c(mu = 7.96186077228606),c(nu = 0.585333611545739),124.293899754124,1.0404664252881,83.2547512054443,1.49293461279356
181,183,0.0725550643643183,0.3000785085,c(mu = 0.211049515421475),c(nu = 0.585608686540944),10.5095376581949,1.11701447242755,87.7207911014557,0.119806690366482
152,157,0.0338702211287905,0.3796822945,c(mu = 0.0517940871322211),c(nu = 0.586057126614007),10.2660521682593,1.04359427856846,87.3575665950775,0.117517606870219
86,123,2.89681985,0.55835234,c(mu = 2.87050909690317),c(nu = 0.58641950633134),114.870606983414,1.00435877823252,83.6878607273102,1.37260775917919
22,22,0.550644737177523,1.3902528675,c(mu = 0.191375731516826),c(nu = 0.587208535837605),19.2556424116572,1.04728415848915,85.130627155304,0.22618936398212
153,49,3.92963465,0.683180835,c(mu = 4.15849229261976),c(nu = 0.588456476830186),67.7281167455523,1.03548916763327,82.0399549007416,0.825550389776483
35,38,0.235987313993,1.473510445,c(mu = 0.0243063406338993),c(nu = 0.589800711476962),1.56350312231444,1.79581396570244,86.8483781814575,0.018002674949758
49,15,24.309247,0.76538218,c(mu = 23.914798791319),c(nu = 0.590258695294938),149.021215869019,1.01771195783026,86.6110680103302,1.72057935887876
74,25,0.0136694864552655,1.85916503,c(mu = 2.52189918980517e-06),c(nu = 0.590436803724983),40.5832766958752,1.09297745790247,86.3014574050903,0.470250189465299
139,146,0.0616336470315891,0.441100196,c(mu = 0.0669508624669562),c(nu = 0.590589299287709),14.8854324319179,1.0765977021066,87.4208419322968,0.170273267826063
104,34,0.00550999407146651,1.50675761,c(mu = 8.85063432890986e-06),c(nu = 0.590902954220619),41.8404006383579,1.0311773993571,86.4267461299896,0.484114033119193
144,175,91.308535,0.51144292,c(mu = 92.0990215022762),c(nu = 0.591440754734097),97.0918259483694,1.02040737259875,88.1659970283508,1.10123890412251
125,132,0.00988306970548558,0.5664241995,c(mu = 0.00100947939558703),c(nu = 0.591669846710233),8.70612958308035,1.12480755375714,85.3663258552551,0.101985525274243
24,18,0.97588763,0.978897715,c(mu = 0.702889083856473),c(nu = 0.59289730173893),27.2492802096528,0.997140009925738,81.4826099872589,0.3344183527493
139,172,4.1408503,0.497527615,c(mu = 4.33530965297361),c(nu = 0.594413657427169),71.627455106663,0.997847336437502,84.1693563461304,0.850992073791189
146,48,0.00534193468059184,1.52812109,c(mu = 0.000539164641810368),c(nu = 0.594510219781991),33.9736881894351,1.07797061307265,85.7123835086823,0.396368491911017
180,137,12.5109845,0.558936745,c(mu = 13.1416074028171),c(nu = 0.594621208296695),127.783927090108,1.00947763705634,85.3046925067902,1.49797066650157
121,45,0.0270857589482765,1.00252699,c(mu = 0.00749585513478027),c(nu = 0.594836698734082),12.7844708417264,1.2085456884289,84.6680581569672,0.150995205512156
161,35,0.00754392354992094,1.38225003,c(mu = 0.000836565002745893),c(nu = 0.594954180105902),24.0295226106392,1.03357665614261,86.2635142803192,0.278559513962689
56,7,25.2734655,0.760077265,c(mu = 24.8420559303911),c(nu = 0.595294361535253),170.910224845004,1.00502929617887,86.701751947403,1.9712430372651
37,96,15.868754,0.59494211,c(mu = 15.4569505835891),c(nu = 0.59553215167967),76.8615140915637,1.04881106454877,85.4216818809509,0.899789285332531
18,10,1.72958763,0.948705645,c(mu = 1.44692788699728),c(nu = 0.596245390001742),58.7069637944773,1.00952321828767,81.6890525817871,0.718663785893464
183,46,0.0025379666531916,1.43991548,c(mu = 0.00750468991067502),c(nu = 0.597436429420423),9.75016742909971,1.18093495593825,85.9905462265015,0.113386504179396
138,94,29.1774,0.605776635,c(mu = 29.510867968477),c(nu = 0.598908294845213),210.556617889051,1.0467854886016,86.8182907104492,2.42525643117401
180,10,26.2780115,0.79414137,c(mu = 26.9821054263965),c(nu = 0.599744771445002),123.035709800016,1.02783019276141,86.502632856369,1.4223348554524
196,200,0.00881099464543434,0.2721784285,c(mu = 0.0425069532183471),c(nu = 0.599877088074698),4.62553971065744,1.16466002717692,86.9838163852692,0.0531770150227713
64,60,0.0180153123251779,0.90142786,c(mu = 0.000290236244238739),c(nu = 0.600053006952923),33.7943657612205,1.02804283087626,85.225391626358,0.396529310294994
154,178,2.48729655,0.470808555,c(mu = 2.7564989406483),c(nu = 0.60148180518429),69.0801766090831,1.00335505031314,84.1559796333313,0.820858801835192
117,114,0.0130087823192987,0.628839759,c(mu = 0.00165903919220876),c(nu = 0.602031286701098),12.9400953106084,1.11970012983128,85.6699087619781,0.151045979826599
195,45,21.471632,0.69305927,c(mu = 22.4474361765603),c(nu = 0.602299599748124),161.196492375909,1.00057669328474,86.1716384887695,1.87064439301473
19,37,2.52977795,0.705518245,c(mu = 2.21482653048744),c(nu = 0.60240789372582),87.3764934681532,1.02759218690129,82.948361158371,1.0533842049191
44,25,0.0217376881956833,2.08748788,c(mu = 2.2731640314843e-09),c(nu = 0.603068433610937),21.7085702518148,1.07144407097292,84.6750483512878,0.25637505586951
190,102,20.4389095,0.60994694,c(mu = 21.2867433073494),c(nu = 0.603996977093237),172.623904576111,1.02037897596071,86.3929605484009,1.99812465599439
135,145,0.0142945624318449,0.51298001,c(mu = 0.00806086719679498),c(nu = 0.60406730889782),29.0657515537022,1.00229541165069,86.3011281490326,0.336794572412875
200,199,0.0490180521160257,0.2050549255,c(mu = 0.452466224923918),c(nu = 0.604438192834302),13.2820450094926,1.07913888122098,87.168559551239,0.152371968492667
40,45,5.85744195,0.68403225,c(mu = 5.63578528880385),c(nu = 0.604502868480799),83.0693391744874,1.03669634620694,82.8498551845551,1.00264917771363
133,28,0.0110086738028357,1.66386724,c(mu = 0.000392678751205971),c(nu = 0.605286829881362),41.8848775087738,1.04163398327679,85.3703784942627,0.490625416538227
108,99,26.0606335,0.613644795,c(mu = 26.1344334602161),c(nu = 0.605702443577258),120.410432509275,1.00361822890675,86.509078502655,1.39188203820226
93,71,29.8112185,0.64044252,c(mu = 29.8676220027805),c(nu = 0.607078636550989),200.436700539509,1.00621055471717,86.7597291469574,2.31025041814043
116,31,0.00601346127432523,1.643326135,c(mu = 4.65039172649844e-06),c(nu = 0.607135681901726),23.2883189621554,1.16143745400777,85.2982563972473,0.27302221576134
49,45,30.616869,0.68116266,c(mu = 30.1421945950481),c(nu = 0.608036374385002),100.146806864999,1.00170625776663,86.623274564743,1.15611892263607
83,38,0.00733957867743627,1.535013555,c(mu = 3.59363577804306e-07),c(nu = 0.610436390563613),40.4271501460614,1.00542871129174,85.0761756896973,0.475187675260738
170,36,0.0112072238652151,1.577460005,c(mu = 0.0004625381863426),c(nu = 0.611074870544798),32.4619100086096,1.04417724693693,85.0851156711578,0.381522781658668
98,106,0.0747677687119323,1.096233415,c(mu = 0.00291213511431746),c(nu = 0.615935862869917),2.08687420029997,1.4688238690239,85.8274874687195,0.0243147534880425
95,47,0.00269807455405998,1.33287659,c(mu = 2.92425328086687e-06),c(nu = 0.61603327722138),35.2831668544493,1.04403452551319,85.6603147983551,0.411896301542974
41,47,0.0329613713630281,0.91406204,c(mu = 0.00176851742885454),c(nu = 0.616187017328642),23.5083290326247,1.01414898796658,85.7239832878113,0.274232812463898
50,33,0.00608738864273912,1.620030537,c(mu = 8.08507588218505e-09),c(nu = 0.616484213380743),29.0101316254339,1.0033851762055,85.4812543392181,0.339374192034103
146,152,0.00369050587034188,0.4171557585,c(mu = 0.00174255317399887),c(nu = 0.616664915065014),25.2946996119974,1.07564034977613,85.1995470523834,0.296887724020944
169,120,4.51440825,0.59915513,c(mu = 4.80846900149291),c(nu = 0.616945084775337),62.614922254003,1.00299237103835,83.1118907928467,0.753381034370502
70,39,0.00603813469245136,1.48664088,c(mu = 4.80488448443437e-07),c(nu = 0.617113615295481),37.8413520134538,1.07025012637772,85.5445637702942,0.442358349211601
27,21,0.138914225505845,1.964579245,c(mu = 0.00406114006519988),c(nu = 0.617187968332531),2.63038230162371,1.42437131161956,85.0161683559418,0.0309397888953422
45,83,0.0107944308041181,0.78251229,c(mu = 8.74241583070377e-06),c(nu = 0.618197085836895),17.0837221302902,1.06808547671783,84.4004817008972,0.202412614075265
108,124,1.438424235,0.55576098,c(mu = 1.51159571169412),c(nu = 0.619048843947952),56.1005390635505,0.995585918653848,84.1426198482513,0.66673154656613
150,153,0.00926840152377142,0.404399533,c(mu = 0.0125083881181018),c(nu = 0.619766915424283),3.81883847615179,1.26802082752626,85.5533261299133,0.0446369375557983
71,36,0.00776902330926594,1.5876011615,c(mu = 3.57838280764826e-07),c(nu = 0.62090103294053),47.4800348634471,1.05448147661997,85.069673538208,0.558131151662667
12,22,9.2152414,0.75607776,c(mu = 8.48811892968899),c(nu = 0.620936244611555),191.857275978096,1.02194638347752,77.9223511219025,2.46215974256157
157,146,0.00610010605923571,0.492519925,c(mu = 0.00575474411777876),c(nu = 0.621695140639644),17.2647809477355,1.06243631675618,83.3654561042786,0.207097540810425
159,164,0.045824406193717,0.3882013035,c(mu = 0.0908178834381012),c(nu = 0.623768543280514),19.4896628655012,1.01910858852326,88.306135892868,0.220705647104136
60,56,0.00433447113923827,1.45151458,c(mu = 1.97401685102053e-08),c(nu = 0.624179679541605),39.5469588403042,1.02009791270737,82.9050612449646,0.477015012671571
83,96,0.410184203575652,0.7299617405,c(mu = 0.298489963846041),c(nu = 0.625091605665457),8.478496412192,1.15545852501214,86.9348118305206,0.0975270577305766
75,111,183.773515,0.616360255,c(mu = 183.151300080586),c(nu = 0.625178523698867),139.195346526252,1.00110777442183,91.1986503601074,1.52628735158497
97,93,0.0328620842244942,0.917779365,c(mu = 0.00172911336477382),c(nu = 0.626206405666289),3.07354637856344,1.30579642031589,83.7474701404572,0.0367001698488161
168,156,0.0254743226189909,0.435470837,c(mu = 0.0570401393736503),c(nu = 0.628139150397908),32.6970117205236,1.00144149115633,88.128616809845,0.371014693116923
54,146,56.2004765,0.57176472,c(mu = 55.499212421675),c(nu = 0.628371428998584),175.836861507105,0.999524839288352,89.841938495636,1.95718018167702
70,83,0.122134955728797,0.774741193,c(mu = 0.0366673036466502),c(nu = 0.628599094527138),7.67217250584527,1.15545663830898,88.8735806941986,0.0863268076510175
144,45,32.964683,0.71644313,c(mu = 33.4025802419468),c(nu = 0.628654083575612),157.365293119381,1.00015440140766,88.045713186264,1.78731351504268
182,160,0.00645165651715921,0.430985763,c(mu = 0.0226810233615644),c(nu = 0.629044288291305),23.9274125190717,1.12901633558262,85.3411874771118,0.280373559665887
144,181,17.232333,0.52320583,c(mu = 17.5578463203047),c(nu = 0.629698028582808),148.132066283187,1.01823495808165,85.2928864955902,1.7367458456321
184,92,48.5766755,0.638536945,c(mu = 49.7355011494599),c(nu = 0.629760516255833),112.300346470517,1.03721246713042,89.5550866127014,1.25398065836486
96,23,0.00890854908059669,1.69204824,c(mu = 1.25371101129933e-06),c(nu = 0.630238649387755),26.7369411364595,1.09423291053888,87.4053335189819,0.305895991240088
22,11,46.413014,0.814086785,c(mu = 45.5848995025308),c(nu = 0.631717691277409),193.155942466879,1.02363968203588,89.2714993953705,2.16369102989319
7,39,0.00469153192315012,1.464898595,c(mu = 4.48537938927221e-17),c(nu = 0.631968568821216),54.6677717506497,1.05914048737527,84.1134383678436,0.649929105401416
61,126,51.080447,0.61029846,c(mu = 50.7026649860753),c(nu = 0.635063535326268),126.441166234652,0.99977268495061,89.5129864215851,1.41254550081867
7,157,17.0700775,0.570810975,c(mu = 15.9973453422905),c(nu = 0.635563726640507),137.048770412158,1.03395389021504,85.5132472515106,1.60266128134593
192,179,1.2300977085,0.4432986965,c(mu = 1.85562310756492),c(nu = 0.637368508298879),23.5870953337738,1.01948430295899,84.0031116008759,0.280788352767731
159,178,11.8899795,0.543426795,c(mu = 12.2742126747132),c(nu = 0.637829020051102),178.738640930508,0.999515043555422,83.4421050548553,2.14206773442502
187,187,0.00412672765732559,0.401793378,c(mu = 0.0164712351362234),c(nu = 0.639538163667445),17.7080285607942,1.0236787723189,86.8892958164215,0.203799885755864
192,128,18.5550945,0.619724815,c(mu = 19.4917300962336),c(nu = 0.639875625360176),185.337037751319,1.00179221326178,86.6524715423584,2.13885460451893
105,134,1.39431939,0.54329212,c(mu = 1.47069353008381),c(nu = 0.640169246430164),51.213355371132,0.999737873736754,81.7575857639313,0.626404937139492
77,166,154.86129,0.56337482,c(mu = 154.373183675898),c(nu = 0.641169451148279),72.4160381208308,1.02893288668163,90.6422436237335,0.798921509726063
95,61,0.5032263882,0.7966295,c(mu = 0.529479958198928),c(nu = 0.642730799154363),27.634733048038,1.03490172388535,87.7067651748657,0.315080974574096
146,153,0.00757833471366726,0.441480286,c(mu = 0.0118814641197055),c(nu = 0.643336834250576),27.5479492104822,1.02282093329225,85.4505717754364,0.322384609466138
192,186,0.0581535565060271,0.3368168965,c(mu = 0.179142688574013),c(nu = 0.643794587455783),15.2847185673167,1.01078404780946,88.4384024143219,0.172828976440686
133,145,0.0414229747766427,0.463461212,c(mu = 0.040712431546695),c(nu = 0.64595414259105),4.67593614274802,1.23403408620339,88.225686788559,0.0529997137223124
53,69,1.0141708815,0.727626775,c(mu = 0.901929540788477),c(nu = 0.646205792062308),57.875733697665,1.0076181176972,84.2794876098633,0.686711978667652
2,48,0.00847824126295563,1.657566135,c(mu = 4.19776411987955e-20),c(nu = 0.646766577048798),33.7110110539301,1.00834323280999,85.2536952495575,0.3954199399246
146,128,0.0568325895383106,0.505821557,c(mu = 0.0951749569921841),c(nu = 0.647111819130073),32.9437498263103,1.03244429105028,88.4598240852356,0.372414824096499
145,44,0.00599435835723272,1.538802045,c(mu = 0.000178311308389994),c(nu = 0.647942778621672),28.6218954251427,1.00825894373408,85.5164875984192,0.334694469206331
87,42,0.00371362873358071,1.406519415,c(mu = 8.09323221588924e-08),c(nu = 0.649706618114945),24.4328374574701,1.09075381473922,87.5958404541016,0.278926914004237
16,17,0.00519045720290243,1.52439827,c(mu = 7.13263180587162e-14),c(nu = 0.650343077275889),63.2926922766005,1.01584568561297,85.5540509223938,0.739797725463794
78,127,51.703461,0.619002375,c(mu = 51.4578131475651),c(nu = 0.651451379738922),148.99085653905,1.00348970707873,89.2361342906952,1.66962472907778
200,193,157.346495,0.51695189,c(mu = 162.849124436921),c(nu = 0.652158477483175),134.717047515531,1.01019451717709,90.4641799926758,1.48917557785233
28,45,0.0109704701262044,1.548666065,c(mu = 7.95670964058264e-13),c(nu = 0.653994249025068),9.52532246459145,1.17995361304231,85.2324969768524,0.111756933123505
103,30,0.00659980788064354,1.7568243,c(mu = 9.04858102273274e-06),c(nu = 0.654617635353199),26.994406980061,1.0285693495531,85.7173700332642,0.314923415984244
95,90,0.110588945668302,0.96141555,c(mu = 0.0349971856589293),c(nu = 0.654801802607517),10.7816302018691,1.00979200067956,87.9745531082153,0.122553963855967
142,57,0.00465967973526791,1.508445045,c(mu = 0.000191374943007416),c(nu = 0.654904996253516),14.9725239653806,1.09789090111556,86.4861290454865,0.173120523841528
50,43,0.0109888352431169,2.00095817,c(mu = 4.75007261555076e-09),c(nu = 0.655530523301103),26.5877151654616,1.19949416501688,85.9877104759216,0.309203664317899
28,76,14.08755,0.692466145,c(mu = 13.6131730747036),c(nu = 0.655965276536118),155.767642780343,1.01936939774553,84.8510646820068,1.83577711563323
195,183,0.044481140467602,0.3490383345,c(mu = 0.209758629763637),c(nu = 0.655999637402254),23.5498895005447,1.04940501973372,88.6342086791992,0.265697520759515
133,30,0.0045480885675448,1.55619408,c(mu = 5.15848704224402e-05),c(nu = 0.656724556614772),44.7502775591431,1.02691529996251,85.8095381259918,0.521507032160428
1,103,44.1229475,0.65066064,c(mu = 41.9278868103851),c(nu = 0.657884136016547),108.935421694179,1.00590615149465,88.864052772522,1.22586600875651
97,49,0.00445300090670543,1.409929365,c(mu = 1.35352129358593e-06),c(nu = 0.657908500437528),36.5468466872624,1.05113093366209,85.2483897209167,0.428710111791063
172,160,0.00577200822418731,0.440436115,c(mu = 0.00892128837842174),c(nu = 0.66012294765109),32.3663895863644,1.01415713703998,87.1246399879456,0.371495246245408
0,50,0.00227407339837764,1.352658785,c(mu = 8.32252280362043e-29),c(nu = 0.660472505587889),42.8409721777364,1.02719036407077,85.8916599750519,0.49877918519889
63,124,0.0121338852618494,0.63086038,c(mu = 1.85616042791035e-05),c(nu = 0.660485057752461),32.5337733286143,0.996881650093858,86.2384653091431,0.377253621246493
122,120,0.0184350135630325,0.594430865,c(mu = 0.00759676830771472),c(nu = 0.661020397511638),17.3861453163251,1.0242837880885,87.1626846790314,0.199467758253982
168,99,1.74435945,0.685305905,c(mu = 2.01935273426012),c(nu = 0.661099618544192),50.9375114161395,1.0289863310384,81.2236201763153,0.627126829677961
48,33,0.00953725344760821,1.40670098,c(mu = 3.53637514891441e-10),c(nu = 0.662312364997852),52.0262055833042,1.03594973671183,86.2806887626648,0.602987833423705
2,57,0.00291633201949156,1.34201753,c(mu = 2.9181006489692e-16),c(nu = 0.662588392572018),26.1943361989484,1.03439179320209,87.1235489845276,0.300657359626159
113,130,1.96851371,0.610903435,c(mu = 2.02304021202737),c(nu = 0.662916797151833),6.03992685874397,1.14585077247826,83.6408777236938,0.0722126192732788
132,118,0.47554460541505,0.5887023955,c(mu = 0.580101329163629),c(nu = 0.662962741037912),14.4454495130819,1.0908990640281,88.0121653079987,0.164130145673953
50,38,0.00549364366232539,1.659184715,c(mu = 4.88280398884278e-09),c(nu = 0.664115487275028),38.9208520774936,1.04767354546817,86.7490146160126,0.448660451646322
126,114,0.0562587181671709,0.684006076,c(mu = 0.0430265035942592),c(nu = 0.664696370522855),7.05817712156518,1.07734933457999,87.625593662262,0.0805492645079214
168,53,0.000431758519792046,1.26593733,c(mu = 4.81282568373191e-05),c(nu = 0.665018621928967),51.1047855941183,1.0432655868236,85.505567073822,0.597677874587938
72,34,0.00467080271800117,1.4125261965,c(mu = 2.39662845514166e-07),c(nu = 0.667089987188091),28.8641747482114,1.04224376760899,85.4735615253448,0.337697110464415
47,27,0.0046637999501109,1.792079575,c(mu = 3.82720738989994e-08),c(nu = 0.668039325601452),36.4949190219244,1.04085931133059,85.90269780159,0.424840196593325
117,135,0.0112023393869226,0.70980956,c(mu = 0.000245813926282773),c(nu = 0.668250204352256),5.86704066394599,1.18135538756636,85.7182693481445,0.0684456266856838
128,36,0.00287181685071252,1.62285499,c(mu = 9.04332852622934e-05),c(nu = 0.668495762319819),47.0608496790583,1.00449693645116,86.0628998279572,0.546819242358027
147,54,0.00143107902277713,1.544889695,c(mu = 0.000117572493577786),c(nu = 0.668797703321656),34.8834609683671,1.03663467668817,86.7834012508392,0.401960057632908
89,69,210.698995,0.71521383,c(mu = 210.407410226028),c(nu = 0.669868279487947),107.837214345499,0.998428023315447,89.8338367938995,1.20040753232998
88,27,0.00907356148487591,1.63229559,c(mu = 1.44741637125778e-06),c(nu = 0.671706375784852),38.9432612478585,1.05418730464591,86.9272723197937,0.44799819675224
5,70,0.00163668323570582,1.14255999,c(mu = 3.24695405321889e-18),c(nu = 0.67253413966835),45.6362800605551,1.03199183293019,86.3086695671082,0.52875661610183
5,54,0.00313656313564719,1.358306745,c(mu = 2.81667055329225e-12),c(nu = 0.672780411483956),55.0219561300643,1.02224029979878,86.769056558609,0.634119561884359
111,141,5.56489765,0.62698748,c(mu = 5.61559843567736),c(nu = 0.672964845360279),43.7810608978227,1.0230904873671,82.5027959346771,0.530661541852316
134,17,0.00553622156331795,1.565829845,c(mu = 0.000587308267547417),c(nu = 0.673486634055342),29.301249946773,1.02991961536202,85.1021268367767,0.344306905548576
91,39,0.0127900048285858,1.815426395,c(mu = 2.03160302863539e-05),c(nu = 0.673498267201124),26.8438537607019,1.04334094245838,86.093501329422,0.311798839008633
18,28,0.00850363460649657,1.829561445,c(mu = 2.51029931596367e-09),c(nu = 0.674308810412269),40.092630462622,1.00792486040937,85.2883317470551,0.470083417524536
58,41,0.39573343686,1.502927175,c(mu = 0.219818724652038),c(nu = 0.674324785597338),13.9148516543962,1.10527127530663,87.001225233078,0.159938571176648
112,97,26.4562965,0.679967925,c(mu = 26.6119389618214),c(nu = 0.675183508818755),99.0559565932481,1.02030725051807,87.1571571826935,1.13652119682625
97,49,0.0122529985436675,1.80987494,c(mu = 4.00365061568312e-05),c(nu = 0.677207765774458),27.3577790396665,1.14694903855992,84.8559083938599,0.322402759660353
112,24,0.00492818548746681,1.78137586,c(mu = 2.11509365390105e-05),c(nu = 0.678029509517466),33.5505584357368,1.01149304668494,86.643054485321,0.387227327510953
28,40,0.00237394237583559,1.37639714,c(mu = 4.93024671638695e-11),c(nu = 0.678588744759309),37.3864600985935,1.02589664958367,86.8278412818909,0.430581476478454
175,127,5.7371837,0.648412035,c(mu = 6.08554278056239),c(nu = 0.67997984487654),118.295221274579,1.0358650717888,83.2779407501221,1.42048686853974
120,117,0.0387581780206482,0.7109661855,c(mu = 0.0190339738663137),c(nu = 0.683360166208927),13.3102144811276,1.00596048044503,86.5818891525269,0.153729776647396
200,200,0.0485852277030797,0.2662651425,c(mu = 0.282327704261518),c(nu = 0.683948406042227),12.7892392936114,1.03587594368165,87.7435405254364,0.145757046239818
21,15,7.5282448,0.823215565,c(mu = 7.17246204571373),c(nu = 0.684423088558011),134.190578095566,1.00488971815668,82.757214307785,1.62149704068691
59,44,0.00376922226154584,1.491323685,c(mu = 2.00173867956058e-09),c(nu = 0.684812449265305),51.2546982473212,1.02176603580499,84.7132134437561,0.605037823070552
133,132,0.0261025491011393,0.5837580265,c(mu = 0.0238364064666281),c(nu = 0.685327050789496),17.5379714673387,1.08805592124751,87.3882913589478,0.200690174788993
161,72,0.00210470365610075,1.017931855,c(mu = 8.07900481833187e-05),c(nu = 0.686307260971539),64.3377245719379,1.06810072205914,85.8703155517578,0.749242903773409
94,116,23.9448445,0.66350951,c(mu = 23.9770856804738),c(nu = 0.68680218988605),118.473085884668,1.02789295959546,86.6884636878967,1.36665342589535
49,158,108.233335,0.623766355,c(mu = 107.358360447166),c(nu = 0.690057302050986),157.41719086042,1.03517588911883,88.373827457428,1.78126483133541
152,161,14.7684055,0.60919228,c(mu = 15.1464324814295),c(nu = 0.690418438447143),178.7561698772,1.00933971454454,85.2354161739349,2.09720533906261
132,154,0.000990004014895361,0.503427645,c(mu = 0.000226142529293974),c(nu = 0.695057933263155),36.4426302456365,1.01646306086307,85.072850227356,0.428369687253267
50,43,0.00539640904070885,1.501026935,c(mu = 6.22708778594704e-10),c(nu = 0.69522566697286),41.4313018382885,1.05509142555303,86.5021495819092,0.478962685188037
141,128,9.1312341,0.679058845,c(mu = 9.29280087418666),c(nu = 0.69583786740498),118.383021752431,1.01526588743413,83.7924196720123,1.41281302313283
29,49,0.0106067226111676,1.56796859,c(mu = 1.18597559202752e-12),c(nu = 0.696200919353997),34.0121248786756,1.03520212652306,84.876161813736,0.400726471978275
33,34,0.00776177039482032,1.63876888,c(mu = 9.43887544415586e-12),c(nu = 0.696673957540537),47.1587823965323,1.06010867489524,85.1470494270325,0.553851046088749
28,53,0.00139671355928546,1.60037415,c(mu = 3.62403270794304e-13),c(nu = 0.697939255988799),36.985656844628,1.0043592390471,85.8816623687744,0.430658371350711
139,115,2.41843915,0.65750151,c(mu = 2.56720615742348),c(nu = 0.697971141994985),55.3459230190156,0.996357657119179,82.1882503032684,0.673404322574009
1,26,0.00814549732365241,1.796618055,c(mu = 2.64651618459326e-17),c(nu = 0.698358374383247),46.7217794786043,1.06615436812739,85.850683927536,0.544221400938876
15,28,0.0105648205695016,2.080488685,c(mu = 9.65965554121293e-12),c(nu = 0.699837983167034),32.2275688819898,1.01783977225763,85.8292815685272,0.37548454668421
29,45,0.00427300398443434,1.57435599,c(mu = 1.85074466745543e-10),c(nu = 0.700597327903454),40.971340845051,1.01702380388426,85.5935657024384,0.47867313984191
123,142,0.0119186266273958,0.569384725,c(mu = 0.00498000612289381),c(nu = 0.700611251983474),10.2659455569651,1.12895438097465,85.6985454559326,0.119791362879595
114,37,0.00260805346066572,1.45444305,c(mu = 7.58958409671739e-06),c(nu = 0.701464475580536),48.5439120748861,1.0239246673825,85.0912370681763,0.570492494262271
138,78,13.3093995,0.74604123,c(mu = 13.5130442669723),c(nu = 0.703202989763773),141.216693663455,1.00990017278055,84.7055869102478,1.66714733720085
25,171,15.406503,0.608827235,c(mu = 14.7746694299124),c(nu = 0.704480351003181),89.7868454581476,1.01089692985782,89.5121331214905,1.00306899553253
159,44,0.0118894281854301,1.59686747,c(mu = 0.00316300706456336),c(nu = 0.70456412607226),25.8993356118971,1.00151139578445,91.0001246929169,0.284607693663007
189,188,0.0477158024194573,0.2476380115,c(mu = 0.26869052148956),c(nu = 0.704926442640735),22.2214095459378,1.07738255996541,94.6711802482605,0.234722008193683
122,129,0.0104054053845088,0.626838465,c(mu = 0.00249731372962257),c(nu = 0.705274094805897),23.1458642088089,0.996747557284306,89.4707050323486,0.258697684347523
195,184,1.039699012,0.461180821,c(mu = 1.66262654169273),c(nu = 0.706400951279755),32.2567259940052,1.02364988138403,90.4689753055573,0.356550142024475
101,103,0.0138017532128315,0.747047965,c(mu = 0.00261847886625279),c(nu = 0.707161407740147),4.68675654354454,1.26440017693749,90.55255818367,0.0517573068895334
19,41,0.00359032512343877,1.69526166,c(mu = 2.34542252880616e-11),c(nu = 0.708721959624852),53.7556800654463,1.03987673002375,89.1334133148193,0.603092354104977
114,90,13.672679,0.717170915,c(mu = 13.7761323092706),c(nu = 0.708736635181877),122.26768109404,1.01005837259757,88.2559361457825,1.38537628666786
141,151,0.391500172431785,0.490350056,c(mu = 0.641737145744009),c(nu = 0.709134721881082),10.0137797697403,1.09045303993041,91.4374241828918,0.109515112211723
176,172,3.45871415,0.592782165,c(mu = 3.8210613101592),c(nu = 0.711592637124951),40.8960885365957,1.03066570074664,86.3786795139313,0.47345118919073
156,156,72.652962,0.64986443,c(mu = 73.5989027830995),c(nu = 0.712658221819676),97.3748906100515,1.03288710544503,95.8359313011169,1.01605827050503
111,68,0.0101907793789859,1.367297145,c(mu = 2.27222524856993e-07),c(nu = 0.713084984420395),14.2094046317341,1.17976306073267,91.5229554176331,0.155255089467931
58,46,0.0112082770273173,1.527112085,c(mu = 1.78655968417848e-08),c(nu = 0.713242078589065),47.2823265172885,1.03917024972583,91.5133650302887,0.516671269837353
131,128,0.0601169179692675,0.556553289,c(mu = 0.0731676049711179),c(nu = 0.71380540263394),9.62560317281327,1.14059614322019,93.5951545238495,0.102842964700277
51,65,0.00134828651695256,1.4349985525,c(mu = 2.6466279048867e-11),c(nu = 0.714226089507383),33.5425859877653,1.02671533536363,91.8517916202545,0.365181619172345
49,42,0.00281269557703726,1.552507505,c(mu = 1.33294058338922e-08),c(nu = 0.715804542737309),57.8439448613655,1.02915733653157,90.2268536090851,0.641094558300557
70,191,191.81258,0.556806455,c(mu = 191.178771035683),c(nu = 0.717175571958676),167.211596219147,1.0226154659371,96.7919766902924,1.72753571046676
138,113,0.0417262931864903,0.6006975255,c(mu = 0.0572221249951372),c(nu = 0.717332889181538),13.5679100451137,1.01368585248485,92.3821606636047,0.146867208426951
144,158,0.00946535221159064,0.5267957985,c(mu = 0.000252701453063431),c(nu = 0.718733199300165),9.24352933193801,1.17843692481974,90.0116415023804,0.102692598175688
197,159,0.007013565233407,0.481585505,c(mu = 0.0434528853607008),c(nu = 0.719519231665741),20.6524597470973,1.00633639542405,92.5799930095673,0.223076920571414
156,162,0.0265147432721952,0.477402082,c(mu = 0.0111969319547599),c(nu = 0.722392390546209),2.64332301977813,1.37065598903618,92.0672101974487,0.0287107974066904
67,26,50.5282665,0.86459016,c(mu = 50.136165159979),c(nu = 0.725029901090524),143.349541864724,1.01132509364879,95.2244398593903,1.50538603405172
161,190,30.6880455,0.58031397,c(mu = 31.4012695087736),c(nu = 0.727972961897997),178.730750590296,1.02244200470638,94.2384095191956,1.89658072013503
175,175,0.0162533259844036,0.3703465775,c(mu = 0.0531111239499219),c(nu = 0.728304114536131),12.350150192438,1.03859273776977,93.2691776752472,0.132414056822071
60,119,12.86888,0.69973496,c(mu = 12.6379965460539),c(nu = 0.728438715076616),117.358923054521,1.00485662350594,89.9226641654968,1.30510949762931
152,108,5.6632244,0.71195584,c(mu = 5.89863459579341),c(nu = 0.728865961900781),53.2535821930681,1.09806343089577,87.3119289875031,0.609923326750578
26,111,20.778427,0.719495635,c(mu = 20.224292070705),c(nu = 0.729056926376324),87.6226181808734,1.00889642260539,92.0180659294128,0.952232774030361
44,58,0.00471041007077923,1.3140796,c(mu = 9.57205502203046e-09),c(nu = 0.730281277921272),30.4536743646024,1.00198153851372,90.4302694797516,0.336764166907866
179,71,74.291604,0.771971015,c(mu = 75.4532378300519),c(nu = 0.730563236840073),167.366490400565,1.00434027376928,95.3911018371582,1.75452937619146
140,43,0.00426374658024576,1.463920985,c(mu = 0.000310205961857758),c(nu = 0.731292447195477),10.1373401395135,1.10707555850308,91.5215680599213,0.110764493598672
167,51,12.7399995,0.81972098,c(mu = 13.1340341583266),c(nu = 0.731775076970264),203.981091353118,1.0191339868445,89.5518898963928,2.27779772810059
117,135,0.00994987256337067,0.69633165,c(mu = 0.000430892555533526),c(nu = 0.732667691377835),15.7785175443459,1.05687129394569,91.0040385723114,0.173382607979627
56,27,0.829998134,1.146807455,c(mu = 0.723172075606752),c(nu = 0.732939720494446),48.5107243298563,1.0124076906296,84.8180000782013,0.571939025738993
124,134,0.450631817455,0.5868423525,c(mu = 0.58437532800988),c(nu = 0.733581846328805),2.2736391737967,1.42967608632659,94.3796393871307,0.0240903566548986
189,115,136.25222,0.717997035,c(mu = 138.265218514594),c(nu = 0.734497556935623),144.480389990863,1.04478580699649,96.050473690033,1.50421319583618
86,49,0.00747304544967013,1.51424187,c(mu = 1.07834224366147e-06),c(nu = 0.73454742311362),47.933111533013,1.00003987023666,92.4398436546326,0.518533022536228
158,158,0.00952714032771441,0.537405585,c(mu = 0.0156817018247339),c(nu = 0.735230431161953),7.51931881063459,1.13191713047101,91.7517755031586,0.0819528425406409
33,37,0.0049252608016375,1.56985853,c(mu = 2.65412851479922e-10),c(nu = 0.735804478703963),45.673812431415,1.02228302194064,91.5760624408722,0.498752744047116
150,136,14.326468,0.693032995,c(mu = 14.5972298464796),c(nu = 0.735980273196675),147.325703262725,1.01044394143745,91.2386152744293,1.61472971525922
164,149,4.96350565,0.66307794,c(mu = 5.24751617641627),c(nu = 0.736727525737764),55.479389701005,0.999805979994613,87.8020126819611,0.631869224934103
90,94,0.108666393457238,0.825406745,c(mu = 0.0602230037283393),c(nu = 0.736823351201186),3.89311564407053,1.27565458368868,93.0826842784882,0.0418242734859576
37,58,0.00614131117984246,1.66776883,c(mu = 1.36123734790297e-13),c(nu = 0.737181195576928),46.9716060412456,1.01323866362792,90.7857398986816,0.517389692408374
200,200,0.00606532243979188,0.1789964585,c(mu = 0.201713477660366),c(nu = 0.737380628989424),12.2355403782429,1.06533456316754,94.2734184265137,0.129787808509145
0,27,0.0131447808863237,2.03422294,c(mu = 1.63775132777183e-19),c(nu = 0.73752863348221),19.6610601095079,1.15280255969215,92.3504023551941,0.212896312393837
5,42,0.00520538175036566,1.61444922,c(mu = 6.48856590966625e-17),c(nu = 0.739355669076032),38.4312104380734,1.02297990965237,91.1368634700775,0.421686779364437
154,48,0.00640085105411834,1.59943226,c(mu = 0.000886841126829984),c(nu = 0.739654261230002),41.3849400602603,1.01365371682597,92.574978351593,0.447042395225666
47,124,30.8946645,0.717524115,c(mu = 30.4042862218447),c(nu = 0.73974289089406),136.316884573732,1.01873506791833,93.8848125934601,1.45195885051197
153,150,0.00795996033746634,0.564866439,c(mu = 0.0034828335726452),c(nu = 0.740581774868083),32.0492532202065,1.00006435880238,91.038078546524,0.35204228529305
44,45,12.8901765,0.827236555,c(mu = 12.5473921911246),c(nu = 0.740603804332954),105.424190314989,1.00575506340932,90.0733952522278,1.17042540718905
98,67,0.00241841988831348,1.450377325,c(mu = 6.26149880266005e-06),c(nu = 0.74108917352155),49.7255616732444,1.00405336706516,92.2879028320312,0.53880909791338
96,107,40.431516,0.72182357,c(mu = 40.3843366235096),c(nu = 0.743492969463589),97.6939132434004,1.0349940537795,94.2847647666931,1.0361579994938
65,69,0.0841596696826149,0.969373015,c(mu = 0.0187417778272218),c(nu = 0.749238660612968),1.44452402099933,2.13585168736068,92.3735537528992,0.0156378526354356
171,194,3.0946042,0.570012085,c(mu = 3.43318919209615),c(nu = 0.750618136814299),78.1414308461689,1.01303310741991,88.8134734630585,0.87983757192732
154,163,0.198369602802215,0.446908943,c(mu = 0.362399403141628),c(nu = 0.751187805603736),3.16783401663135,1.27142466772976,94.2114062309265,0.0336247397567393
65,51,0.599806115,1.07758318,c(mu = 0.476311017092948),c(nu = 0.753031424560516),48.0628170621099,1.00219905446969,91.5174510478973,0.525176526572569
168,146,0.0119079160575259,0.62694587,c(mu = 0.0147393009133925),c(nu = 0.756627425344009),37.221903057969,1.00765111870008,92.5414474010468,0.402218725806832
33,56,0.00843181872564229,1.66705785,c(mu = 2.31679992051516e-10),c(nu = 0.757406113192808),36.2857342832871,1.05412539217331,92.3167879581451,0.393056724414399
5,41,0.0103076239264702,1.632812125,c(mu = 1.1088228204946e-14),c(nu = 0.758244090779466),36.4270646065643,1.02080498679128,92.3547554016113,0.394425435356941
80,180,5.9252122,0.632147995,c(mu = 5.84245477707198),c(nu = 0.758374466859933),123.515855197128,0.998764570065787,89.2401013374329,1.38408465864569
156,125,22.0273165,0.7302268,c(mu = 22.5248494191355),c(nu = 0.759644648731175),112.048665220861,1.01879257948304,92.741085767746,1.20818798155402
103,48,0.00410561171154675,1.436976845,c(mu = 9.12767207263568e-06),c(nu = 0.760681838584953),21.5978634265939,1.12076215232074,92.3511922359467,0.233866644313739
144,168,18.5498725,0.65807297,c(mu = 18.8796615709281),c(nu = 0.761878568168485),152.410718978421,0.997539584959263,93.0278656482697,1.63833404019686
162,49,0.00313247611151842,1.712213455,c(mu = 0.000485456019718951),c(nu = 0.762665247235389),36.0802724687514,1.02496170688734,92.7125253677368,0.389162870126144
154,79,9.11672005,0.79269355,c(mu = 9.40376673593607),c(nu = 0.762695499319719),159.730268470234,1.03042376070263,89.8524460792542,1.77769527085934
192,167,0.48135246899,0.488013953,c(mu = 1.01597117286128),c(nu = 0.762799361585982),14.3604437496393,1.05360397976253,93.8421335220337,0.153027677554534
9,22,1.14066885,1.061373085,c(mu = 0.824287775610389),c(nu = 0.764558332525111),55.686559315784,0.996708100463025,87.4205920696259,0.636995906770256
105,143,75.8999985,0.711239075,c(mu = 76.0050129431925),c(nu = 0.765187985846133),124.016857375617,1.0047853845564,94.6543762683868,1.31020732759333
90,47,0.00208537499205875,1.599921995,c(mu = 1.66893644335199e-06),c(nu = 0.765232721580365),24.3244378213311,1.14315505476397,92.3941986560822,0.263268020883797
68,69,0.00387855867519711,1.337818085,c(mu = 1.83935497368784e-07),c(nu = 0.766275500797776),44.3107185143997,1.00541991809628,92.78333568573,0.477571949606191
26,48,0.00198018738855231,1.42038977,c(mu = 5.63078453099614e-11),c(nu = 0.768604541694333),63.921667102831,1.01837897482337,90.5739681720734,0.705739942644358
42,53,0.00371087796522686,1.57721434,c(mu = 4.78623096464079e-10),c(nu = 0.769252697468426),33.8538547392565,1.02354803062255,92.7013154029846,0.365192819455576
161,169,0.1706962587565,0.4224606005,c(mu = 0.333627084426338),c(nu = 0.770120945506402),2.67322425654464,1.35301140617829,93.7839255332947,0.0285040772322502
143,136,16.710927,0.730528865,c(mu = 17.0083725305608),c(nu = 0.770737957576531),165.783453062026,1.00606908553122,91.7508165836334,1.80688803909347
6,41,0.00449461878445243,1.575399705,c(mu = 3.40198462725958e-20),c(nu = 0.77091030047887),37.7339103938276,1.03935740831399,91.5891468524933,0.411991067616331
37,57,0.0107515568389084,1.602680905,c(mu = 1.0731467828465e-08),c(nu = 0.771167656093466),5.69450050265135,1.2222568801638,91.9569356441498,0.0619257314607311
112,35,1.455193,1.0065922,c(mu = 1.48742446978823),c(nu = 0.771588448711624),65.014099397352,1.01372076866154,88.6944603919983,0.733011950351945
84,163,4.3486423,0.674836715,c(mu = 4.30940483707754),c(nu = 0.772440868401966),82.5112940620975,1.01346409897995,89.5287292003632,0.921618063822164
107,153,1.2358583,0.658250735,c(mu = 1.26669542285086),c(nu = 0.773047245615494),20.9177275798937,1.05955314699038,91.0156872272491,0.229825519282913
161,61,0.00276136973219685,1.426321005,c(mu = 0.000116736381911375),c(nu = 0.775972912179154),41.7344762265211,1.00600582397756,92.3457608222961,0.451937109564045
125,110,0.5960349784,0.7501075175,c(mu = 0.734867504421878),c(nu = 0.776638388357098),23.0589679048461,1.04725773759814,92.1788778305054,0.25015457388455
118,121,0.3019063907305,0.650952132,c(mu = 0.374282577829633),c(nu = 0.777637872652494),38.3739024659792,1.04979820744899,92.715925693512,0.413886850386746
181,192,10.48101895,0.60554742,c(mu = 11.0557360871548),c(nu = 0.77980570880535),96.6833055206301,1.02878094287875,91.2936930656433,1.05903597799589
9,59,173.82797,0.84962765,c(mu = 171.360392981005),c(nu = 0.78129237199505),228.129353680373,0.999813728436389,94.9006719589233,2.40387500922139
113,133,0.0116184648103912,0.687284535,c(mu = 0.000453584778177213),c(nu = 0.781647276525529),19.4643249348248,1.01646964102346,91.3545732498169,0.213063497999141
142,45,0.00425875821063193,1.553896245,c(mu = 0.000336555910746264),c(nu = 0.78339722187292),39.6193668449014,1.10074204227749,92.1246037483215,0.430062819625677
178,168,0.016677216760442,0.54895337,c(mu = 0.0264569845594765),c(nu = 0.78547997433737),18.0964002349206,1.10696341223365,92.5861129760742,0.1954548004364
138,48,0.00691605571092761,1.587513435,c(mu = 0.000350754181757235),c(nu = 0.785808729855331),49.2734701019016,1.00623782430283,90.7163066864014,0.543160010605765
91,176,150.237705,0.661611245,c(mu = 150.093335743383),c(nu = 0.786712957069037),180.97846101044,1.00881302613328,94.6162416934967,1.9127631553651
176,123,9.26795695,0.75461169,c(mu = 9.7345792132488),c(nu = 0.787605366597063),96.8064493162353,1.0119933058214,90.0450413227081,1.07508917641889
126,145,0.0139990667593721,0.587172025,c(mu = 0.00370675966355698),c(nu = 0.78882829483519),18.5332206346012,1.07002802038941,92.2739262580872,0.200850027588123
9,59,0.00317328287182498,1.55154167,c(mu = 1.49401334068898e-17),c(nu = 0.789523194807385),18.8884164969704,1.05882559691444,91.2216000556946,0.207060789170966
52,72,0.00522951772617979,1.294024708,c(mu = 9.4116029864601e-10),c(nu = 0.790247292478147),34.0753733132493,1.01208473281698,91.6122310161591,0.371952226632696
167,148,1.0461759135,0.65408726,c(mu = 1.38108000169358),c(nu = 0.790686245270321),21.7829790268109,1.06475961454588,90.4987139701843,0.240699321252096
155,79,0.0037551696723643,1.20547141,c(mu = 0.000152486139991013),c(nu = 0.794247642158238),45.7742043247074,1.01073162471974,91.2566833496094,0.501598377724773
67,86,50.3284935,0.82287525,c(mu = 49.992664451805),c(nu = 0.794520602960962),161.30625886422,1.02184848539185,93.2274332046509,1.73024455698704
156,162,0.5873018645,0.61329948,c(mu = 0.77034455195159),c(nu = 0.794709835091828),25.9145760097341,1.10797497162683,92.7612013816833,0.279368697512916
105,137,0.00964863418119309,0.65699154,c(mu = 0.00200759644986443),c(nu = 0.79486502587896),28.5477673248245,1.05818282430293,92.0188779830933,0.310238159283681
136,133,0.0824820416289966,0.6443632815,c(mu = 0.110923024580006),c(nu = 0.795616090218025),4.24789548370111,1.21778583280619,92.6634237766266,0.045842203002784
154,47,0.0070814924532448,1.56359824,c(mu = 0.000980208260958088),c(nu = 0.795782771221835),18.9524544073279,1.19207771149581,91.7524275779724,0.206560795257672
66,137,46.1699025,0.74588748,c(mu = 45.8964199478091),c(nu = 0.796879738164522),223.719287714431,0.997319500555233,93.0264308452606,2.40490025986877
159,138,36.7214895,0.74523073,c(mu = 37.2842367248459),c(nu = 0.799462111730014),156.550213630327,1.01093288229755,94.5604231357574,1.65555745669171
118,125,0.0269224883806392,0.6309499405,c(mu = 0.0215773575978162),c(nu = 0.799892695589902),20.1629927712079,1.026488229891,92.2713956832886,0.218518346036676
104,170,3.52465345,0.658872215,c(mu = 3.5760632142492),c(nu = 0.804286862686989),86.542711558801,1.00004194636376,87.0646660327911,0.994004979312807
117,63,22.232923,0.89227174,c(mu = 22.3146429646842),c(nu = 0.807937033474292),170.097322929852,1.0214342290764,91.8095555305481,1.85271916356522
141,134,0.060406622764841,0.6534114205,c(mu = 0.0715312615078125),c(nu = 0.810726561185283),22.6545276457762,1.01526261345756,92.3703064918518,0.24525768622165
190,145,22.460051,0.762188705,c(mu = 23.3449034313374),c(nu = 0.812012510539612),114.574668747786,1.00956880373715,92.3788800239563,1.24026908226289
172,186,0.0522842408982461,0.361543553,c(mu = 0.150826046044955),c(nu = 0.812850970128483),9.71400403892992,1.07607620432532,93.9764142036438,0.103366404445694
146,56,0.0038750595118369,1.425115245,c(mu = 0.000107298110146466),c(nu = 0.813147879053574),57.1541471944999,1.03008398570093,90.6576008796692,0.630439661318208
11,4,0.839249865,1.58542415,c(mu = 0.57075646482486),c(nu = 0.813171463435625),45.2466922518279,1.0194762118815,84.5781037807465,0.534969338744243
200,200,2.212640125,0.412780115,c(mu = 3.14283354237916),c(nu = 0.814083154624367),18.0945598988085,1.05444188611662,89.9603481292725,0.201139282751626
197,193,0.00477301795166766,0.3870268925,c(mu = 0.0451422415376255),c(nu = 0.816476647192902),25.7085492738689,1.09608062050213,92.4158170223236,0.278183433336512
1,62,0.00278075098674613,1.350948355,c(mu = 1.91532559844803e-26),c(nu = 0.818626857665329),23.5791575510999,1.17332771465777,91.1810121536255,0.258597234162885
195,190,0.1473621761772,0.380525293,c(mu = 0.49819362029646),c(nu = 0.819242905933291),16.57158532776,1.039974166642,94.5299487113953,0.175305134020054
128,53,0.00836363168792943,1.50091494,c(mu = 0.000442999076412914),c(nu = 0.819487452954572),41.0781047586228,1.00153454365258,90.2435286045074,0.455191695114756
86,51,0.00570675109273341,1.60131877,c(mu = 2.49069381686427e-06),c(nu = 0.823048270234412),30.5416792166649,1.03072812801652,90.2434177398682,0.33843664149227
200,200,0.0738611374323435,0.2560382635,c(mu = 0.474747745632491),c(nu = 0.824532861117925),26.9166896343697,1.01078904584864,94.4598567485809,0.284953741842024
73,64,0.1384617300935,1.16632355,c(mu = 0.0709067497022809),c(nu = 0.825050040088633),1.39129191765109,2.13188569451601,91.8407464027405,0.0151489613504445
80,49,0.00311510479065563,1.40081534,c(mu = 9.47189236644994e-06),c(nu = 0.825524207683539),33.7699397352671,1.10049691034828,91.1500573158264,0.370487312128148
156,152,0.0151513972205608,0.50612617,c(mu = 0.0238671840136958),c(nu = 0.825633358125349),6.68215635991833,1.19141753524108,91.8842196464539,0.0727236557662404
44,76,0.00347248816104251,1.30622522,c(mu = 6.60406582422454e-09),c(nu = 0.82691880824725),32.5727242730769,1.02175753456068,89.9497518539429,0.362121335542618
200,200,0.0475673024281857,0.209219511,c(mu = 0.595060756456453),c(nu = 0.828754015220805),22.3256699146342,1.02393353889283,94.5880300998688,0.23603060441223
67,72,0.105595843906149,1.35101485,c(mu = 0.0125081285356804),c(nu = 0.828926038118654),3.34135370085543,1.41374451160358,91.8203024864197,0.0363901404196486
113,81,1.113409285,0.90290488,c(mu = 1.17923611773873),c(nu = 0.830622121417116),51.920150006954,1.01164157097385,88.1826114654541,0.588779909600363
155,28,6.62511545,0.99562088,c(mu = 6.80029882781259),c(nu = 0.830773107268218),144.816118319532,1.02006915122675,86.5884187221527,1.67246521482534
118,132,0.00976762587774648,0.75273342,c(mu = 0.00162041860336898),c(nu = 0.83340980838107),21.1846160982869,1.08909685267803,91.0865409374237,0.232576798726397
157,116,4.73304855,0.806158335,c(mu = 4.92676286416831),c(nu = 0.833664713010059),110.573232653568,1.02285555250032,87.0308825969696,1.27050570273566
199,39,82.120535,0.930958335,c(mu = 84.1013715562567),c(nu = 0.83420842502218),160.751901453024,1.00818269181892,95.0121109485626,1.6919095876109
57,51,0.00765504525142434,1.594986915,c(mu = 1.08080863104902e-07),c(nu = 0.834255492396673),54.913241706976,0.999930076333711,90.6871888637543,0.605523695187817
152,161,0.0184964754096111,0.57284196,c(mu = 0.0107679676271066),c(nu = 0.835041078266119),28.7508364850704,1.06378491270045,92.1495127677917,0.312002045605166
5,6,0.86036797,1.50625238,c(mu = 0.524637914539735),c(nu = 0.835182037657223),82.7939255060986,1.01085850959316,87.1663498878479,0.949838161315978
180,143,2.6926788,0.766777895,c(mu = 3.02352502359596),c(nu = 0.839288767764941),72.2995424394044,1.00260400772464,86.9394807815552,0.831607709057577
73,62,0.00562851781963457,1.552801555,c(mu = 1.38676983989093e-07),c(nu = 0.840146155786836),40.7198743388587,1.02579290003753,91.4365527629852,0.445334749707916
191,181,0.0020757536588633,0.451100641,c(mu = 0.0125551743017537),c(nu = 0.8418945512033),18.1381951573627,1.06320138790208,90.886706829071,0.199569285654445
25,41,1.68884815,1.02969049,c(mu = 1.475664861511),c(nu = 0.844808904835837),73.406233447639,1.01774321137192,85.4726760387421,0.85882690059179
137,143,0.249735857031783,0.530503692,c(mu = 0.417063498549755),c(nu = 0.845979711659937),12.3291605518897,1.00853665619526,92.9530882835388,0.132638525298714
57,51,0.936375615,1.175648295,c(mu = 0.844577950318368),c(nu = 0.849250312053987),22.0325871004857,0.997846970105283,85.868754863739,0.256584448388103
116,58,0.0066967845257836,1.658679045,c(mu = 0.000127415032455351),c(nu = 0.849782844040367),43.5174518165946,1.01049749166277,91.965071439743,0.47319543317169
51,62,0.00119844985510961,1.493765255,c(mu = 1.46537990883832e-10),c(nu = 0.850281538135988),51.1916627246778,1.01986831234884,90.7484476566315,0.56410510644076
160,194,28.5326085,0.688129535,c(mu = 29.0233650717959),c(nu = 0.853410788776314),169.065977690994,1.02326020874391,93.3392972946167,1.81130544787961
74,56,0.00273650592632085,1.458870925,c(mu = 7.9539121877677e-10),c(nu = 0.855844066904669),53.3843846497553,1.00818121145738,92.5361568927765,0.576902979789974
118,72,0.00664828265721744,1.581065085,c(mu = 7.2170361578386e-05),c(nu = 0.857033377837074),13.7217883235184,1.26248110586789,91.3232622146606,0.150255126577329
140,52,0.00351007391990385,1.46058619,c(mu = 0.000295413906285261),c(nu = 0.8578272531393),36.1435798547085,1.03403608385267,91.7662162780762,0.393865861758795
66,81,0.0014596096918559,1.243276285,c(mu = 7.7388868624942e-08),c(nu = 0.858318367741493),47.4940295811952,1.01787046909721,92.1198194026947,0.515567984057575
150,159,0.0135340010499022,0.580477565,c(mu = 0.0134674594666462),c(nu = 0.858650469106439),7.47572110002961,1.14369251176078,92.415843963623,0.0808922018065671
167,152,0.5342980915,0.69805355,c(mu = 0.754235805133298),c(nu = 0.859125935614825),49.4231623540611,0.995952545314775,92.3480186462402,0.535183787140984
189,24,54.67098,1.029842885,c(mu = 55.8239461793482),c(nu = 0.859177343315903),210.329823449291,1.04517885768196,94.3919110298157,2.22826109943737
171,173,0.0652883505034812,0.4210335315,c(mu = 0.18412890264762),c(nu = 0.860570329950917),4.78290126225392,1.16247365201091,93.823224067688,0.0509777969130898
178,145,1.67027028,0.743336885,c(mu = 2.00636069910012),c(nu = 0.860693492574058),41.3884647647382,1.00509413808208,88.3476369380951,0.468472799037499
198,198,0.2094180437015,0.323014994,c(mu = 0.810779974603065),c(nu = 0.86358759769741),33.39784020516,1.01548579902189,94.0655381679535,0.355048627325433
50,55,0.00309518480894161,1.425793085,c(mu = 1.79420417154894e-11),c(nu = 0.866180320247289),31.7634398677787,1.0839155200385,92.4355089664459,0.343628116758775
195,132,7.12796265,0.811273065,c(mu = 7.6516366389093),c(nu = 0.867140297952795),151.360469752049,1.00663556482334,88.9166347980499,1.7022739344086
104,123,11.2997645,0.854100105,c(mu = 11.3283129310392),c(nu = 0.868113304759029),124.250486629643,0.99862963521081,90.2561526298523,1.37664284383142
76,188,64.6970805,0.73873429,c(mu = 64.3151188881452),c(nu = 0.868437487803768),215.807007714706,1.00643113879086,94.4411702156067,2.28509459615997
144,197,27.7755455,0.635706365,c(mu = 28.1889472036179),c(nu = 0.86875179086967),141.265210696188,1.00321162860464,93.1810638904572,1.51602916728079
73,108,2.7768587,0.84947997,c(mu = 2.71375537541264),c(nu = 0.869001968200882),92.2874877811395,1.01720384637653,88.4937951564789,1.04286958896895
200,200,0.0106239576646665,0.358328605,c(mu = 0.14205320225023),c(nu = 0.869026810958046),25.3634088317257,1.0485158657113,92.9611124992371,0.272838912420867
38,32,0.936423135,1.258157015,c(mu = 0.800454454431885),c(nu = 0.871148719193704),40.7736748735443,1.01124438207322,88.6657032966614,0.459858472414323
70,64,19.8003025,0.946994985,c(mu = 19.6640996516814),c(nu = 0.872079349934311),139.032371985195,1.00656383514171,92.3647511005402,1.5052535770259
142,142,0.03274226946218,0.69716828,c(mu = 0.0381635903533525),c(nu = 0.874513118817816),18.3561367617679,1.00211799814154,92.8216831684113,0.197756990987369
59,58,0.00227059407435662,1.428831785,c(mu = 8.92933531926479e-08),c(nu = 0.876103659186005),68.7661815478978,1.01728255361526,92.0970342159271,0.746670966479455
106,137,59.118855,0.825327575,c(mu = 59.1840175753311),c(nu = 0.876113623618926),146.63154148859,1.04951320386248,94.1346220970154,1.55767918563981
130,133,0.0897825835271145,0.767968215,c(mu = 0.0838335295068272),c(nu = 0.876363817994741),26.7855833604532,1.01574329495122,93.5530014038086,0.286314527150625
37,55,0.00619711774419327,1.62653091,c(mu = 3.833737301462e-12),c(nu = 0.878792406939248),44.4955346951756,1.09131878859532,91.6472725868225,0.485508552947089
180,55,0.00609066377877185,1.79781762,c(mu = 0.00491050381828838),c(nu = 0.879176734132071),35.4351611745907,1.01087948548771,91.9292616844177,0.385461174443405
145,70,0.00506732987457535,1.410942385,c(mu = 0.000308284691465151),c(nu = 0.879373243083212),43.7290308080383,1.00752750627124,91.3777811527252,0.478552119086272
124,120,1.09953644,0.82893922,c(mu = 1.20086187581183),c(nu = 0.883356803216919),36.9377429289046,1.04266830653179,90.5522403717041,0.407916389227703
121,47,0.0115354775816887,2.218616535,c(mu = 0.000266821888432971),c(nu = 0.884299533367805),46.2143005213971,1.01418120155089,92.1624276638031,0.50144404496354
149,147,0.0249092953945576,0.65049171,c(mu = 0.0391710351660659),c(nu = 0.884735959734216),11.5994181300501,1.15318027448033,92.7351560592651,0.125081130209531
177,170,0.012598021551798,0.53898222,c(mu = 0.0372578194825757),c(nu = 0.885553613997232),20.2350879999276,1.05792114249261,92.5023608207703,0.218752125030997
116,90,30.488977,0.92389568,c(mu = 30.5933267255739),c(nu = 0.886054163443179),223.886922593188,0.998802049554728,93.0022976398468,2.40732678949712
192,194,0.00978690256433861,0.3490807055,c(mu = 0.079285128083978),c(nu = 0.886156186436349),14.6583738473915,1.06797577025026,92.5003526210785,0.158468302358139
82,74,14.055272,0.925771025,c(mu = 13.9632728435875),c(nu = 0.890237454628734),132.846787116415,1.00017792129513,90.9653651714325,1.46041063943462
30,60,0.0055448579394685,1.40294391,c(mu = 4.38229622907492e-10),c(nu = 0.890855845344542),49.3966198020911,1.03835836617325,91.6436142921448,0.539007765937982
181,63,0.00464767665968621,1.552049935,c(mu = 0.00407065078493548),c(nu = 0.891122477892772),12.2208923934595,1.11191796656678,91.1623771190643,0.134056315551076
190,163,0.00352384037667502,0.5473595305,c(mu = 0.0204832511382735),c(nu = 0.891953151420761),17.4356654392782,1.07132542490608,91.4212272167206,0.19071791060019
43,77,0.00548326195083863,1.537726515,c(mu = 9.43206703268557e-10),c(nu = 0.892546951472762),42.825914204745,1.03979536673753,92.2341060638428,0.464317550550137
132,117,4.8010602,0.868674105,c(mu = 4.90463981228645),c(nu = 0.892743745685641),121.118569590779,1.05140710655401,89.326034784317,1.3559156620265
171,85,0.00576925764818764,1.29747739,c(mu = 0.0010411383726173),c(nu = 0.89460205111374),35.0469166778736,1.01024740753166,91.7946894168854,0.381796778228729
56,34,0.00664804498309579,1.772465965,c(mu = 4.50636556540211e-07),c(nu = 0.894917636899199),43.8481416787016,1.03360462766351,92.6506037712097,0.473263420786546
178,168,0.0322985626509181,0.516141167,c(mu = 0.107708996053631),c(nu = 0.897030146607562),23.3704263724951,1.03419677849599,92.5771844387054,0.252442613308989
27,10,3.2358512,1.21557378,c(mu = 3.06497575049886),c(nu = 0.89764907142999),98.1459968307333,1.00364413387569,87.8451688289642,1.11726117826496
58,104,3.2459223,0.89324168,c(mu = 3.14689471431445),c(nu = 0.89821204221177),80.5792006579366,1.00614407445475,88.5424926280975,0.910062482613756
67,62,0.0063635641043873,1.712149175,c(mu = 1.31955667791911e-10),c(nu = 0.898450635505812),36.911608648176,1.06038247644078,91.9341428279877,0.401500547160581
133,137,0.0275323819102119,0.705798695,c(mu = 0.0271776339120296),c(nu = 0.899076596788363),38.2162853506357,1.03109788452841,92.3614528179169,0.413768776742566
200,200,0.0244368881388768,0.297655931,c(mu = 0.232326891777819),c(nu = 0.900056772787658),17.2889647500379,1.10805848690973,92.8929908275604,0.186116999743628
3,64,0.00543292775845362,1.441509515,c(mu = 6.37001420454378e-18),c(nu = 0.900068309812201),44.0316735005842,1.06280813807832,91.273512840271,0.482414581518734
128,126,0.193833038313152,0.773797545,c(mu = 0.249792441392591),c(nu = 0.900262461693763),8.89803704621687,1.47206205812364,93.0012378692627,0.0956765442060606
181,135,10.7559899,0.838699565,c(mu = 11.1885196898491),c(nu = 0.900615557264771),138.632485476367,1.00237736224466,90.6064584255219,1.53005081409647
137,95,0.00253213775324496,1.1989332165,c(mu = 4.85604832025631e-05),c(nu = 0.900745850012525),28.6827726476755,1.00134119646134,91.9620695114136,0.311897859629134
87,159,2.9032759,0.7770211,c(mu = 2.86778354501243),c(nu = 0.901069981758674),59.4836431443611,1.0076966603168,89.0527477264404,0.667959660572045
32,123,16.168136,0.869113735,c(mu = 15.6920155982288),c(nu = 0.902929579741025),202.189874432754,1.01060201873959,91.4936728477478,2.20987821495824
81,92,0.190744315176127,0.999150615,c(mu = 0.110678684725193),c(nu = 0.903564134556586),3.19326749830248,1.35865793261349,92.4713461399078,0.0345325079778888
107,109,0.127423642970426,0.999667991,c(mu = 0.0843638607253126),c(nu = 0.903773305986665),14.0628396356121,1.08972746520407,92.7493329048157,0.15162200303957
22,38,1.68029905,1.118795125,c(mu = 1.4610937150762),c(nu = 0.903848415928595),38.71618196943,1.01318327677649,88.1210992336273,0.439352008839397
62,67,0.00170218930534059,1.731076445,c(mu = 1.21551056258169e-08),c(nu = 0.904071690597945),44.7186621837353,1.02311590298858,91.873218536377,0.486743176043507
157,145,0.0120333047041949,0.7017904255,c(mu = 0.00855989770234224),c(nu = 0.905724863838048),20.9542661783872,1.04406239459284,91.4207363128662,0.229206928575549
82,63,0.012028530922843,1.63329989,c(mu = 6.50056945724337e-06),c(nu = 0.91099139894989),37.2120814277921,1.02898572393989,91.5594563484192,0.406425320899523
138,141,0.0444436031893573,0.720493985,c(mu = 0.0380770588940324),c(nu = 0.914083903291248),2.82170282368455,1.35246790205858,92.3263690471649,0.0305622635527135
106,98,75.926287,0.926296795,c(mu = 75.945165198379),c(nu = 0.914999300455648),141.69662718623,0.999752633209191,93.1493248939514,1.52117717812286
104,100,43.8850765,0.93697553,c(mu = 43.8522131522018),c(nu = 0.91779609355356),176.156372469878,0.998468809759781,92.8374469280243,1.89747109920472
90,70,0.00453998481125084,1.624714095,c(mu = 2.16899657736641e-07),c(nu = 0.917900308575319),43.2393809620326,1.01997945870811,96.81085896492,0.446637716309289
116,55,0.00747577196419606,1.70986901,c(mu = 0.000107943482881514),c(nu = 0.919758859513924),12.7065431380915,1.13918221235489,97.7985856533051,0.129925632903691
109,36,6.2171978,1.06869693,c(mu = 6.23185832787916),c(nu = 0.920996100321753),70.9360283392176,1.02512908320489,91.6835434436798,0.773705134802003
160,155,0.0156275865759844,0.589236275,c(mu = 0.0365163431409691),c(nu = 0.92158589008952),19.721018643828,1.0012124518894,97.6376166343689,0.201981770178586
50,141,0.89989701,0.83139489,c(mu = 0.780481971730123),c(nu = 0.925783734024778),50.1916046433139,1.00138532704845,95.0124363899231,0.528263525811839
56,51,0.00252831202240426,1.69880406,c(mu = 6.75591460120672e-09),c(nu = 0.926281073441133),50.2412057442738,1.0148922269427,96.9310913085938,0.518318787769797
187,8,28.296693,1.179465885,c(mu = 29.0355181241501),c(nu = 0.930662658026818),178.108237754353,1.01131312731395,98.3494470119476,1.81097345400138
177,63,4.2131116,1.006515195,c(mu = 4.46545028785053),c(nu = 0.932082388593359),71.5999040384977,1.02843635200254,91.6860992908478,0.780924312325335
131,81,0.00222076321705112,1.397509095,c(mu = 1.43162485955032e-05),c(nu = 0.93221913481823),35.4345650428907,1.01301354473977,96.9076948165894,0.365652749350351
142,161,0.0768634047212525,0.588572185,c(mu = 0.12873775965859),c(nu = 0.932357699426883),7.04816102969213,1.17140036088091,99.0271883010864,0.0711739992885854
17,68,0.00535699230830977,1.379154885,c(mu = 5.40967580038747e-14),c(nu = 0.932400169396255),33.1878926877133,1.00552871768907,96.7662613391876,0.34296966968045
39,19,312.5468,1.1725415,c(mu = 311.019983342924),c(nu = 0.933065110121189),164.65609017112,1.02446370862336,102.173804044724,1.61152941021015
23,148,3.53727145,0.84518994,c(mu = 3.28851371250898),c(nu = 0.933081495274812),91.5043547083546,1.04829994247216,91.7599539756775,0.997214479124623
76,66,11.368833,1.002717245,c(mu = 11.2618209767034),c(nu = 0.933105523359838),133.364404618584,0.998359267834074,94.4243066310883,1.41239485230888
27,36,4.61155915,1.09918422,c(mu = 4.36879388963977),c(nu = 0.934436404688831),105.510888023892,0.999617524107568,92.0868530273438,1.14577580355105
28,32,5.7855146,1.10080952,c(mu = 5.53242015602626),c(nu = 0.937982111518642),154.560286261272,0.998095336325376,91.8620247840881,1.68252644794788
68,190,8.7016627,0.73985935,c(mu = 8.56210967021369),c(nu = 0.938012567730162),159.944030362598,1.00123592489875,94.6629168987274,1.68961654259724
178,92,0.00171095901351757,1.16609844,c(mu = 0.00208309196940826),c(nu = 0.938107889647831),49.622063582805,1.03693497521145,97.2290947437286,0.510362291386094
59,74,0.0117944017254895,1.51625673,c(mu = 8.78162997564479e-08),c(nu = 0.939495385299215),12.8428579268085,1.10344202381669,97.3065099716187,0.131983542833407
131,171,6.1774091,0.80477951,c(mu = 6.2840220858339),c(nu = 0.94028510196967),181.208158537255,1.00589123682583,93.0711324214935,1.94698564230006
173,4,180.19269,1.32018003,c(mu = 181.424230251411),c(nu = 0.942187985823993),117.684711906126,1.0468133057188,101.327754974365,1.16142622459067
135,160,0.00603699620068203,0.64501448,c(mu = 0.00168066286592715),c(nu = 0.942398197726172),26.6349634868349,1.01380932802006,96.1821160316467,0.276922203271877
111,118,0.0563077825728825,0.994477655,c(mu = 0.0253040157970737),c(nu = 0.947478480354144),2.29200898847154,1.4166568401518,98.1513566970825,0.0233517810206659
135,61,1.58459125,1.08897182,c(mu = 1.69866326738963),c(nu = 0.948034669778227),55.0172425638558,1.02639069617593,92.9037883281708,0.592195900230832
78,6,1.55775185,1.461406935,c(mu = 1.52848643665253),c(nu = 0.948677292824564),11.9256863675194,1.11392915732234,91.265056848526,0.130670891788438
123,68,0.00410166688126264,1.473610035,c(mu = 6.45217784201123e-05),c(nu = 0.949309716978156),45.6917269372084,1.0535601395646,96.884503364563,0.471610271513461
104,21,5.8970447,1.15990777,c(mu = 5.90929058533329),c(nu = 0.950125209096711),122.972682923618,1.01277386765656,94.4894540309906,1.30144346990603
135,79,0.00980325025358506,1.44074441,c(mu = 0.000255763377061313),c(nu = 0.950433597317992),28.8543677082839,1.11246392215411,96.9214522838593,0.297708784055118
1,69,0.00526809835240832,1.46921583,c(mu = 9.15291169338338e-22),c(nu = 0.951755424910449),38.0787730272756,1.08263253343574,98.1142055988312,0.388106623244465
124,111,0.145898668719343,1.15706709,c(mu = 0.132575576940008),c(nu = 0.954173513917546),11.2931670210556,1.06642668277575,99.419623374939,0.113590925389708
147,158,0.20428847611871,0.6305592235,c(mu = 0.338296518365758),c(nu = 0.955006082868384),27.966051817494,1.01685001944561,99.5602633953094,0.280895719474478
94,99,0.00590925529834074,1.321343445,c(mu = 1.75134379396984e-06),c(nu = 0.955497296946152),29.1564796693997,1.01333956552402,98.3403763771057,0.296485337391769
95,75,0.00484044317227258,1.52169345,c(mu = 2.08517246670171e-07),c(nu = 0.957228217346033),33.1343004892877,1.03477029755388,98.629620552063,0.33594675011243
158,163,247.925705,0.85671421,c(mu = 249.231024909627),c(nu = 0.957458517902244),136.266206994732,1.00887671869742,101.409351825714,1.34372426745143
57,98,0.00794798341559611,1.305870615,c(mu = 1.99145987202687e-08),c(nu = 0.959048753482082),23.9977824973956,1.04608895745826,97.4471800327301,0.246264514676929
168,58,0.00962429258607441,1.85900903,c(mu = 0.00143306940453782),c(nu = 0.969390381160647),36.5730987670787,1.07360042336057,98.3093943595886,0.372020385287945
83,73,0.00274501650523984,1.48226292,c(mu = 1.32750723346402e-06),c(nu = 0.970506895071675),40.7108138764261,1.04270505037856,98.6708228588104,0.412592220242045
181,71,0.00390075761944738,1.587146645,c(mu = 0.011346915572077),c(nu = 0.970516127096127),46.9085456509481,1.03332613179058,97.8165667057037,0.479556247277414
155,115,1.605817505,0.937316195,c(mu = 1.75580555576004),c(nu = 0.97346206389599),70.1475965377423,1.0052255219264,94.6564695835114,0.741075563523463
77,127,25.7868755,0.922506125,c(mu = 25.6005715638262),c(nu = 0.973947425533714),149.929615808558,1.00819857308456,98.97576379776,1.51481140489012
29,63,0.00392056621743486,1.475333385,c(mu = 9.5100599725399e-10),c(nu = 0.974202669955825),60.3356228875856,1.02254312907172,97.6731820106506,0.617729674057372
152,89,0.00302198072161281,1.52252248,c(mu = 0.000671987826322346),c(nu = 0.976222053730251),22.4101055900091,1.09781102370394,97.345472574234,0.230212099211081
150,69,0.00957146731270623,1.59274481,c(mu = 0.00117905730604821),c(nu = 0.976727941569819),50.1644413586276,1.00455737124246,97.5422854423523,0.514284047489075
79,96,2.3249333,0.983884785,c(mu = 2.27698174384294),c(nu = 0.978320450139706),98.2834956970206,1.01512907991185,93.639848947525,1.04959049808055
110,79,0.0120554720575185,1.759553855,c(mu = 2.41960053125833e-05),c(nu = 0.97997102829063),18.6978573087675,1.04709611442351,98.1826770305634,0.190439473380289
58,79,0.00237406298126682,1.298836385,c(mu = 3.73241181943636e-11),c(nu = 0.980704156709426),11.9350286403404,1.13800630113235,97.5272381305695,0.122376362430789
39,77,0.00266789128034366,1.48943401,c(mu = 5.53605247197913e-08),c(nu = 0.980915179595613),56.9368146967027,1.00908761984538,98.1294279098511,0.580221610473558
119,57,0.00945982988529256,1.746271395,c(mu = 6.18930913136568e-05),c(nu = 0.984323166039045),41.3328292899146,1.00980623789473,98.1812121868134,0.420985118937714
126,125,0.161211170782379,0.725647002,c(mu = 0.247532363466534),c(nu = 0.984958111484575),1.35684999442405,2.12930273021548,99.1183345317841,0.0136891928303028
62,76,0.013599902986518,1.841724949,c(mu = 2.99759528421742e-08),c(nu = 0.985630212123393),7.95780633765403,1.16650124352712,97.4776945114136,0.0816372030292762
161,144,0.047095790247839,0.72856638,c(mu = 0.0854986422410339),c(nu = 0.986939911265602),25.1654594283493,1.01373206329487,99.0802979469299,0.253990550591891
101,104,3.76605555,0.993128695,c(mu = 3.80225413425394),c(nu = 0.989388072769923),110.501978198581,1.00772018199996,94.5436413288116,1.16879333866853
165,148,0.0115682726625377,0.708387302,c(mu = 0.0158293388678477),c(nu = 0.989922582993008),19.9009094415539,1.1130558027181,97.673317193985,0.203749703739758
69,97,3.54637305,1.014423335,c(mu = 3.48990912085265),c(nu = 0.990675283091587),31.4070177476792,1.03813645939935,94.2097458839417,0.33337334108055
46,58,0.00629365444249411,1.800502605,c(mu = 1.77410330589697e-10),c(nu = 0.993254667211385),23.8526270042765,1.23222170545365,97.8912570476532,0.243664528617352
48,65,0.00814243435455967,1.741492465,c(mu = 2.24172155285367e-10),c(nu = 0.993834053822942),44.2155537510508,1.01461217393093,97.953638792038,0.451392661837947
143,66,33.1220715,1.065331075,c(mu = 33.4585937233898),c(nu = 0.994883156803128),177.168367384411,1.00950510111391,99.0630893707275,1.78843975601636
159,89,0.00511621228157229,1.529088825,c(mu = 0.00116050609105734),c(nu = 0.995169835817722),32.5435897582138,1.04361549615441,97.5784041881561,0.333512215422804
172,151,9.86437485,0.928542035,c(mu = 10.2707458490359),c(nu = 0.995920577746555),248.505324692076,1.01495518932803,96.1925733089447,2.58341487438893
41,45,2.48881325,1.126737255,c(mu = 2.35731720568806),c(nu = 0.996735556697991),77.4661695699205,1.02305937593,94.383305311203,0.820761355141114
100,130,3.38554625,0.937777135,c(mu = 3.3924324135407),c(nu = 0.996769119131484),135.028587246269,1.01129957336421,93.7091200351715,1.44093325383473
79,82,0.0109899188239921,1.41393594,c(mu = 3.5838368879743e-06),c(nu = 1.00122364232638),43.4441002318153,1.04013239377347,97.7833189964294,0.444289482886152
141,152,0.0195592663216446,0.698570005,c(mu = 0.0101966363989663),c(nu = 1.00155044763535),9.14200087119257,1.14303477231253,97.88005900383,0.0934000343301269
75,73,0.0043642035264071,1.52942166,c(mu = 6.72986527141172e-08),c(nu = 1.00214008802665),37.4770013426269,1.03656921275991,98.1078767776489,0.381997884100219
174,82,0.00326636701389312,1.49714763,c(mu = 0.00405172418586828),c(nu = 1.00286852451655),42.3111444878468,1.02973332164773,97.4798097610474,0.434050339158071
134,63,0.00312853688832595,1.640640625,c(mu = 6.5620533689235e-05),c(nu = 1.00291862905014),41.4176678887301,1.04366952689724,97.3573970794678,0.425418808751871
174,166,0.0145541837275953,0.6029618,c(mu = 0.0308469837579134),c(nu = 1.00313436551962),23.8254858369277,1.00653816958003,97.5822591781616,0.244157965162787
65,80,0.00612364875659864,1.589217655,c(mu = 6.95765185952686e-07),c(nu = 1.00685122231542),28.8098562295415,1.10258351910778,97.2780904769897,0.296159763090294
93,41,3.32663715,1.163105845,c(mu = 3.29793656101983),c(nu = 1.00700639013908),94.8442673684719,1.00522621623168,94.7456619739532,1.00104073782867
93,176,4.39260835,0.84056826,c(mu = 4.37629698605609),c(nu = 1.00747546560828),114.632030628704,1.00309333320636,95.5058534145355,1.20026183244657
68,66,0.00303379555253216,1.725653865,c(mu = 3.89019921131518e-08),c(nu = 1.0075867702073),38.8154552744532,1.10476910819316,97.8995897769928,0.396482307667189
78,0,22.07404,1.4811792,c(mu = 21.9750673881015),c(nu = 1.00822600412953),172.663833834674,1.0113896701172,97.6300735473633,1.76855171322706
132,158,0.0166563328843897,0.717168975,c(mu = 0.00613590534544977),c(nu = 1.01234205316768),29.2223126442149,0.999494918838028,97.581166267395,0.299466728693721
103,90,2.82350945,1.05980735,c(mu = 2.83137050527428),c(nu = 1.0128157434578),106.157541415277,0.998565292899287,94.4176228046417,1.12434033247084
150,69,0.00773700577662364,1.530118625,c(mu = 0.000109864793025291),c(nu = 1.01482773681926),23.7244016165336,1.07337523976068,97.4130971431732,0.243544269839451
45,96,1.5730865,1.05959051,c(mu = 1.42320242780686),c(nu = 1.01825422727307),40.9537125431611,1.00553959154956,94.8768563270569,0.431651238548488
69,175,21.90393,0.87931172,c(mu = 21.6861580466758),c(nu = 1.01941466325149),141.733369699303,1.00124362419076,97.9871234893799,1.44644892769676
24,0,8.88350715,1.5246558,c(mu = 8.64122080438677),c(nu = 1.01977918599152),122.647310519238,1.01275208405026,95.1465811729431,1.28903539157448
110,156,1.11389708,0.834359665,c(mu = 1.16493087604062),c(nu = 1.02025074618008),60.0645560738129,1.04235487570027,96.1895604133606,0.624439448685432
168,171,0.00555079812863266,0.550548697,c(mu = 0.00702098430389484),c(nu = 1.02178740620405),11.0096207213205,1.04328118324261,97.2512776851654,0.113207980227903
126,163,0.60578882,0.759308795,c(mu = 0.741395944886602),c(nu = 1.02402609032068),32.3527079615887,1.01043292110727,96.7455520629883,0.334410288346122
190,184,4.77830135,0.85004018,c(mu = 5.19922560990776),c(nu = 1.02590891990015),121.959371674204,1.00168948927999,95.124790430069,1.28209871604251
8,79,0.00808883240895525,1.674218355,c(mu = 2.84200269145494e-15),c(nu = 1.02787673347133),30.3498563935382,1.02704224262983,97.0527911186218,0.312714926008087
22,81,0.00969679758673874,1.61261649,c(mu = 1.82211827060534e-11),c(nu = 1.03112016339896),26.9807098742785,1.10005167520291,97.521092414856,0.276665377777991
166,76,0.00352192550325134,1.434096945,c(mu = 0.0019270145573463),c(nu = 1.03142736387688),52.3831327117377,1.01612305916275,97.4987652301788,0.537269703755423
105,173,2.27132425,0.8646158,c(mu = 2.27905684511397),c(nu = 1.03350318386608),93.141353749561,1.02128380666556,94.8068249225616,0.982433003379651
72,167,8.29026785,0.90314391,c(mu = 8.17137388760216),c(nu = 1.03442493261314),156.810511219696,1.00901143471031,95.4800519943237,1.64233793283877
168,157,0.0813448037443736,0.641685603,c(mu = 0.206163125019852),c(nu = 1.03475167996175),17.2024064461259,1.05621488495114,98.1805734634399,0.175211916566485
143,148,9.4928554,0.954453875,c(mu = 9.70044423840345),c(nu = 1.03494656688383),166.766262227756,1.02157154694059,95.5437150001526,1.74544460854897
91,80,0.3981452429395,1.39476915,c(mu = 0.37290225295313),c(nu = 1.03573363578192),16.9413380215056,1.12636942880289,97.0090842247009,0.174636614260419
185,180,0.151161544101451,0.532124858,c(mu = 0.433085282517278),c(nu = 1.03952657353161),22.7631746016196,1.04628184566411,98.1827046871185,0.231845055340038
61,187,18.3937535,0.83698042,c(mu = 18.1238498399592),c(nu = 1.03975242016439),125.221666017571,1.00198415632857,97.0692157745361,1.2900244945671
142,119,0.0302413876956672,1.01199718,c(mu = 0.0315235651468758),c(nu = 1.04048824880801),9.6328027473104,1.16242705005111,96.8268406391144,0.0994848399857746
57,17,36.7184695,1.30745503,c(mu = 36.4497950347792),c(nu = 1.04089655915268),153.115657168501,0.999967942132052,98.0275824069977,1.56196504502973
139,78,0.00990640276690996,1.59890338,c(mu = 0.000127473605372862),c(nu = 1.04158244217498),47.2164967575377,1.03469992786255,96.839643239975,0.487574046927581
72,85,0.00416734410004709,1.53447305,c(mu = 6.05773878685471e-07),c(nu = 1.04259085791874),22.6455326467542,1.1713574042701,97.4889211654663,0.232288268000405
120,107,0.204688908608055,1.024179721,c(mu = 0.270297911554836),c(nu = 1.04414992661494),12.0053186377351,1.10025068229754,97.9046270847321,0.122622586850211
24,66,0.00816933770332539,1.813483915,c(mu = 2.11898598996464e-09),c(nu = 1.04483794017377),47.7215650433128,0.997926631763392,97.0784223079681,0.491577468079597
194,176,2.96291835,0.857847945,c(mu = 3.39309514319474),c(nu = 1.04567405129073),123.649778448596,1.00016944661651,94.6229574680328,1.30676298603719
0,0,0.74929123,2.01245495,c(mu = 0.295673059875239),c(nu = 1.04737627110741),2.99428810575952,1.31130615759744,97.3889038562775,0.0307456803310814
126,118,0.7332776325,0.9800511,c(mu = 0.87812851055881),c(nu = 1.05305991836994),15.5668548474024,1.0482358597748,96.3044679164886,0.161642083531383
60,82,0.00643903796267045,1.70246007,c(mu = 7.2707717682769e-09),c(nu = 1.0598271113797),33.1781792281374,1.02192344075003,100.249379873276,0.330956453497045
143,138,0.0984760084774642,0.8476086265,c(mu = 0.131145236872513),c(nu = 1.0611706973627),25.698966093682,1.02486703121348,102.401662111282,0.250962392248617
154,163,0.49541518384,0.7173150165,c(mu = 0.729998504254273),c(nu = 1.06450092866674),4.49734530574433,1.22539546728203,100.418091535568,0.0447862057222165
107,85,0.00283607145832336,1.323279195,c(mu = 1.60663315989828e-05),c(nu = 1.0670689614104),33.2299055727528,1.02231344259027,98.0214476585388,0.339006476302109
186,160,0.0217175247379884,0.7053601,c(mu = 0.0901360118832582),c(nu = 1.07314264313664),5.57099522149536,1.20412430910121,100.72891831398,0.0553068107425727
137,153,0.00757817850404469,0.774506515,c(mu = 0.00570985294569835),c(nu = 1.07474526668381),20.6894268377259,1.10025335469495,98.7199392318726,0.209576981091234
131,109,0.00211987771044794,1.26897347,c(mu = 8.30926436415778e-06),c(nu = 1.07498512898378),60.0696131816806,1.00824008302985,101.318853616714,0.592876952683671
130,69,18.466723,1.169129215,c(mu = 18.6437546197646),c(nu = 1.0755159257903),213.852637803081,0.999720229164557,99.2804210186005,2.15402629852884
97,77,0.00927027529412871,1.6222258,c(mu = 2.84269704171046e-05),c(nu = 1.07754547124886),36.1000589072986,1.02936472126918,100.925580024719,0.357689882965813
148,95,0.0120685982039979,1.6763599395,c(mu = 0.00032305457423748),c(nu = 1.07974079430145),17.9682657310749,1.05756701296951,99.9183323383331,0.179829519874618
171,167,0.0693658264812755,0.5172955125,c(mu = 0.210811755407417),c(nu = 1.07996479751208),5.52234933711251,1.18274960279265,102.467230558395,0.0538938088500924
14,49,76.1640195,1.21491425,c(mu = 75.1154045233809),c(nu = 1.08100574049329),176.828155488984,1.0032873493889,103.776415348053,1.70393393234797
140,95,0.00858969569356475,1.43113917,c(mu = 0.000101372048725697),c(nu = 1.08128166778509),50.0893519064336,1.0027301632854,99.9297714233398,0.501245536670313
141,155,0.0113952238949797,0.75175411,c(mu = 0.0045916215045435),c(nu = 1.08359836229057),7.8592591258653,1.16633427091417,99.2135725021362,0.0792155642384119
55,57,35.140414,1.19155614,c(mu = 34.8211318015214),c(nu = 1.08587549504117),166.365935257209,1.01051703929836,102.365582227707,1.62521358875424
132,170,0.0537139267682051,0.731035645,c(mu = 0.0661847166317752),c(nu = 1.08614093643167),7.66921912397415,1.26601817288297,101.763810634613,0.0753629318335059
41,31,23.7378675,1.277164355,c(mu = 23.3585189675701),c(nu = 1.08663666683215),147.598643164679,1.00603785594377,101.348407745361,1.45634891014294
34,73,0.0058331961055327,1.77407353,c(mu = 1.78225188181298e-11),c(nu = 1.08899365159218),38.0228635784613,1.06848134017455,101.924249410629,0.373050219141433
155,84,0.00254110018436902,1.563348185,c(mu = 0.000237461286480296),c(nu = 1.0936076439483),36.0900812366881,1.00944389312175,101.075482130051,0.357060688468961
168,101,0.00551506952145567,1.514312405,c(mu = 0.00116652603380863),c(nu = 1.09397300814849),48.5456448658434,1.06036353854858,100.585565567017,0.482630331620486
97,87,0.00257961905022292,1.456233435,c(mu = 4.47325243906363e-06),c(nu = 1.09474603110629),44.2902389124989,1.05106131289097,101.136385440826,0.437925863372016
139,139,2.48842455,0.999998885,c(mu = 2.58431952054373),c(nu = 1.09500107950099),91.2284359519303,1.01375664795792,94.514571428299,0.965231440753434
49,83,8.31809515,1.14525772,c(mu = 8.10479041215449),c(nu = 1.10067961808027),168.542032019377,1.00167627047361,96.2378070354462,1.75130790290452
27,89,0.0101224993653868,1.57430715,c(mu = 1.87901240755975e-12),c(nu = 1.1012517572917),43.677269005908,1.02248580133571,101.242518186569,0.431412313603458
151,88,0.00593906760670202,1.457825225,c(mu = 0.00184154047373808),c(nu = 1.10133981451774),52.9526689558787,1.01467675536556,100.541576862335,0.526674343176288
181,82,0.00495668792075912,1.5188352,c(mu = 0.0123212388718354),c(nu = 1.10169869596112),47.8635296922807,0.999702964340574,100.009170532227,0.478591407543545
7,47,2.64557,1.254910125,c(mu = 2.35211224211836),c(nu = 1.10338675898358),132.829564393851,1.00932614993198,93.5703001022339,1.41956971655239
81,87,0.50814242045,1.23933819,c(mu = 0.466371272198228),c(nu = 1.10541081858336),20.0434893369659,1.04782567207693,98.9964656829834,0.202466716348756
199,200,0.00994564344437398,0.3651956735,c(mu = 0.100578598764551),c(nu = 1.10612302529988),17.2942684353737,1.06721844965963,101.804127454758,0.169877871042698
150,129,2.48750225,1.02614851,c(mu = 2.63973638442945),c(nu = 1.10700202365212),122.030605876757,1.02107763362399,94.8814489841461,1.28613767162375
176,96,1.492824955,1.12421962,c(mu = 1.6785166738471),c(nu = 1.10829653752202),79.1289824177723,1.01818700814776,94.649852514267,0.836018021325969
52,56,0.3527480056565,1.80901784,c(mu = 0.151639297372322),c(nu = 1.10884883347893),1.40629907190183,2.1077680402698,101.827436447144,0.013810610587568
71,24,3.3268556,1.383666845,c(mu = 3.26363850629508),c(nu = 1.1089696881295),91.3787008216702,1.00288273383945,94.3615832328796,0.96838880496687
26,108,0.00731114729311854,1.346248185,c(mu = 5.90023983295606e-12),c(nu = 1.10980968802096),52.3695490375742,1.00543235055025,100.409671068192,0.521558814807871
182,97,0.00660857982155244,1.46539132,c(mu = 0.00396106886612929),c(nu = 1.11216050748838),26.9595393532599,1.02445523192345,101.012628555298,0.266892761220458
147,80,0.00347760248378404,1.528061075,c(mu = 0.000340819241272025),c(nu = 1.11380439807252),17.7161997258563,1.22377034311223,101.682208061218,0.174231068184418
170,84,0.00419750214486078,1.56106941,c(mu = 0.000807516821482683),c(nu = 1.11399884518915),43.3397610434795,1.01096733832645,102.084520578384,0.424547823684998
191,70,0.00237769346280774,1.626103415,c(mu = 0.00983909475511567),c(nu = 1.11429704283475),39.5507590625689,1.00318032116846,101.532896280289,0.389536401614963
164,93,0.00130913690244924,1.672664215,c(mu = 0.000516758719585208),c(nu = 1.11466200989119),34.2386573453612,1.02090737454321,100.791260480881,0.339698672107152
155,134,22.7126345,1.07095009,c(mu = 23.0565382367519),c(nu = 1.115917933353),145.484111500632,1.01583596998169,100.902104854584,1.44183425816834
76,86,5.3293032,1.14648608,c(mu = 5.26417598804015),c(nu = 1.11732397849179),133.83077183943,1.01203915648452,95.2978117465973,1.40434254875961
187,96,0.00199126885637593,1.37247074,c(mu = 0.00508891582065843),c(nu = 1.11803993510949),68.0854279493461,1.00897816844254,100.891254901886,0.674839737255298
80,82,0.00372411285335592,1.54115556,c(mu = 2.16330662529705e-07),c(nu = 1.1231041018724),47.6049251530694,1.00596231196035,100.19770026207,0.475109957898809
120,63,0.00529364033201368,1.87678049,c(mu = 0.000146393049528428),c(nu = 1.12341743416388),33.6851366711174,1.02049055431898,101.469035863876,0.331974541635608
99,90,0.00498868966519719,1.52259092,c(mu = 3.2466920116563e-06),c(nu = 1.12827370872584),32.7509400927056,1.05409690521983,100.135372877121,0.327066641404483
157,88,0.00536411805472703,1.55730356,c(mu = 0.00127018408099257),c(nu = 1.12909745202898),41.4338725994157,1.00625306627127,100.159818649292,0.413677592054112
156,122,0.34826343172,1.01356032,c(mu = 0.528980754322935),c(nu = 1.13029397286535),9.4653203736029,1.12505200584255,102.087862730026,0.0927173918669858
84,90,0.0063829829775102,1.554994465,c(mu = 3.73092253575289e-06),c(nu = 1.13208621139165),37.9592404950988,1.06060738583468,101.441891431808,0.37419689202676
192,200,0.00511702413742117,0.47085304,c(mu = 0.0361469207670694),c(nu = 1.13372066584404),40.8036387757696,1.0338623416273,101.247298955917,0.403009652568957
162,163,1.442309935,0.930888275,c(mu = 1.61163972181567),c(nu = 1.13372978005965),59.3509717812409,1.05413341971978,97.7452964782715,0.607200283999695
95,60,0.4950783932,1.50469778,c(mu = 0.526141389261856),c(nu = 1.13593800845891),17.1862135488098,1.02445301718748,100.639164686203,0.170770629927197
116,69,0.00570697574109752,1.630650175,c(mu = 0.000144611958354446),c(nu = 1.13681800146676),41.162889375213,1.02399318387301,101.089444875717,0.407192753168445
49,75,0.00281134412478429,1.70465561,c(mu = 5.76327667994128e-08),c(nu = 1.1372176177328),30.5676881512836,1.02762338663177,100.584838151932,0.303899560936924
62,125,2.5699186,1.077027775,c(mu = 2.47339614273556),c(nu = 1.13867070445788),85.4615681196076,1.0025058765525,96.5937116146088,0.884752917048924
157,34,47.8032525,1.32850223,c(mu = 48.3091610676853),c(nu = 1.14047663688505),186.211713341325,1.00700332513751,102.821445465088,1.81102018648971
196,97,2.1158748,1.164901645,c(mu = 2.45627418320222),c(nu = 1.14069032196781),37.5647650672779,1.04176952042431,96.5671594142914,0.389001450339012
177,87,0.00533792582692179,1.47952914,c(mu = 0.0110249605677353),c(nu = 1.14110515020409),38.5919008129643,1.0528184158084,101.413865327835,0.380538703344068
65,109,0.00692863780986981,1.339932915,c(mu = 3.19901884106194e-08),c(nu = 1.14317301460191),33.9132108136034,1.01586136844421,101.771864891052,0.333227762406711
129,157,0.0184931550337591,0.707405255,c(mu = 0.00746665720602613),c(nu = 1.14329624041633),9.26046979387972,1.15639108236103,101.443962097168,0.0912865546892736
127,82,1.17529835,1.24048863,c(mu = 1.2416299398622),c(nu = 1.1437813636634),67.069346421673,1.02743478344657,97.8267619609833,0.685593032798352
183,16,23.472221,1.378122085,c(mu = 24.1001987571609),c(nu = 1.14445794612691),158.513009910041,1.02675475224842,101.333129167557,1.56427627580647
161,64,0.0122573944585526,1.896011955,c(mu = 0.00660208895813436),c(nu = 1.14456737118333),30.0879471944114,1.02339944318736,100.603283405304,0.299075200887779
91,50,0.744536205,1.531309615,c(mu = 0.729380822132648),c(nu = 1.14747203416009),44.3635645443242,1.02085344683903,98.9081795215607,0.44853281860934
10,92,0.00454286541438839,1.562710075,c(mu = 6.82799775766141e-11),c(nu = 1.14862989549688),45.1390228800732,1.04263626764256,101.902756214142,0.442961746640263
44,103,0.00419929100570121,1.421241035,c(mu = 5.28463875402642e-10),c(nu = 1.15138272340968),54.0399668096387,1.04173149178898,101.535260438919,0.532228573364892
188,107,0.00282625433829424,1.26596249,c(mu = 0.0067260646473214),c(nu = 1.15335905078237),16.5812451110168,1.08611542183471,101.151970863342,0.163924093317157
78,84,0.00460816241115921,1.59963894,c(mu = 2.32018586862546e-07),c(nu = 1.15416416143699),42.9251984160625,1.02217361602523,101.028700590134,0.42488122845613
165,150,0.0449067898008735,0.867628,c(mu = 0.101505830632062),c(nu = 1.15609560035184),36.9713821755512,1.00475874067672,101.885727643967,0.362871061830617
33,166,15.472577,1.02839187,c(mu = 15.1233131616579),c(nu = 1.1569262374979),139.927748518865,1.00043187246029,100.55893611908,1.39149988970812
148,82,0.00183224872895184,1.566728255,c(mu = 8.12776863877506e-05),c(nu = 1.15705844169623),42.0061309336252,1.03820969140179,101.459794521332,0.414017504488376
168,151,0.0110759033219463,0.7880946935,c(mu = 0.0248295368489674),c(nu = 1.15737848590115),21.0268909215348,1.03100678339004,100.645574331284,0.208920174197854
172,93,85.771718,1.19939029,c(mu = 86.7321174563157),c(nu = 1.15961449522428),163.114539212916,1.00532946211545,102.754263401031,1.58742356583599
174,179,5.5588698,0.97336682,c(mu = 5.82293983283269),c(nu = 1.16181458302264),78.1507658443976,1.0086151946028,98.4689464569092,0.79365900272526
187,123,12.1499785,1.12766807,c(mu = 12.632645238155),c(nu = 1.1659252010311),129.77594572654,1.00712322086955,99.9006397724152,1.29905019649708
200,200,0.0132534063105544,0.3642255125,c(mu = 0.158856562175572),c(nu = 1.16723058552696),27.1248740717265,1.03280076690744,101.597488641739,0.266983706333297
44,175,125.34443,1.010841915,c(mu = 124.46655211901),c(nu = 1.16795634630086),209.884991549146,0.997600604704497,102.804973602295,2.04158402258916
182,81,0.00214204764222066,1.487009425,c(mu = 0.00515634670821357),c(nu = 1.1689891208883),41.2260366610648,1.0227611865324,100.725432634354,0.409291234426568
172,149,0.0880522887314993,0.7054412255,c(mu = 0.227432179362627),c(nu = 1.16984002219821),16.4709662001746,1.0026304105759,101.8709628582,0.16168460312976
163,63,0.00667249562315645,1.80757465,c(mu = 0.00346521249227232),c(nu = 1.17131673369612),36.3350927946265,1.05296586338509,101.227849245071,0.358943641158074
185,164,4.17381075,1.06438533,c(mu = 4.44589789008435),c(nu = 1.17325763295292),122.980037260205,1.02376682597858,97.7209873199463,1.25848132149502
22,126,0.00187204142135192,1.23793021,c(mu = 2.12412713368143e-16),c(nu = 1.17652245413144),48.9850014521229,1.04355600967758,100.903100728989,0.485465769616829
106,64,6.70759325,1.27269934,c(mu = 6.71615814205396),c(nu = 1.17896415836924),92.6829332981275,1.01537281158521,98.8192849159241,0.937903298703109
114,37,7.43052045,1.36375074,c(mu = 7.44883483890978),c(nu = 1.1793239130343),114.097156150201,1.00161864189039,98.3806836605072,1.15975160880085
145,3,34.6154685,1.6664262,c(mu = 34.8838200755281),c(nu = 1.18605000368231),190.803459264839,1.00809541394716,101.794118642807,1.87440553352953
158,115,0.00455819498752681,1.274486275,c(mu = 0.000430369772105746),c(nu = 1.187952227019),36.7916971326358,1.04833807780286,101.194722414017,0.363573279860489
186,97,0.00341581894876432,1.445182705,c(mu = 0.00711049555161804),c(nu = 1.18869809312327),45.2425867032456,1.01325112296961,100.522753953934,0.450073092147662
188,109,0.00298046882666278,1.356666335,c(mu = 0.0105159134791411),c(nu = 1.19008615922497),6.65382513277912,1.20640487161417,101.161661624908,0.0657741779435223
181,62,0.00686988181283837,1.70180809,c(mu = 0.0193824224068184),c(nu = 1.19074469359196),46.526084147091,1.01743195771089,100.730885028839,0.461884993205119
36,61,21.0145425,1.29320532,c(mu = 20.6219086194442),c(nu = 1.19155937176058),205.5295021558,0.997137704160883,101.477023839951,2.02537968082274
113,110,0.00233176342287514,1.335306795,c(mu = 1.59481290351848e-06),c(nu = 1.19188982919091),45.212411122057,1.00590604094471,100.870155572891,0.4482238662692
34,113,0.00413058186904165,1.409758155,c(mu = 3.20632395187891e-10),c(nu = 1.19204654990687),30.6068203494417,1.00868581124325,101.044703722,0.302903756674361
183,102,0.00343689549268148,1.48939155,c(mu = 0.00569782277922569),c(nu = 1.19472627069224),23.8601331838924,1.03803871755472,100.746545553207,0.236833263640698
104,107,0.0058826366151516,1.549483525,c(mu = 4.18471629825454e-06),c(nu = 1.19666826713223),15.8241995831573,1.04950839739992,100.48682641983,0.157475364154147
198,95,3.22678055,1.22041279,c(mu = 3.70311333804782),c(nu = 1.19966538268848),117.549698398153,1.01516758205589,97.8310570716858,1.20155809327521
196,199,0.008993159912815,0.417066312,c(mu = 0.0756338126464966),c(nu = 1.19982956575362),12.5041791843124,1.09331989492517,101.009790897369,0.123791753979742
120,85,81.758401,1.240982475,c(mu = 81.9763559477118),c(nu = 1.20157336114794),110.394067799245,1.00782354823055,101.908805131912,1.08326329266985
179,148,1.061045855,1.043732275,c(mu = 1.29048025079369),c(nu = 1.20213399016836),69.5088844122422,1.03242523208534,98.4188270568848,0.706255972468225
43,161,4.0504026,1.05735252,c(mu = 3.86414016872997),c(nu = 1.20269913903015),73.5309216176216,1.01529691798379,98.0550374984741,0.749894380681521
136,82,24.188178,1.273853925,c(mu = 24.4116995142564),c(nu = 1.20654602257815),165.050171271956,1.00143208612966,100.791630744934,1.63753845485084
177,91,0.00635728290536296,1.570670015,c(mu = 0.00111253477974482),c(nu = 1.20879385846094),53.3842659417825,1.00136532835213,97.1080017089844,0.549741164500179
185,199,0.2836345352795,0.5580778815,c(mu = 0.615788290554329),c(nu = 1.2088653775685),34.3326521569796,1.01559196772945,102.650825977325,0.334460554312182
140,101,0.00408013013025769,1.353010445,c(mu = 1.7222894378607e-05),c(nu = 1.20931239784535),21.6987905099106,1.16418969138416,100.31422328949,0.216308214312656
131,90,0.0107904671472944,1.82473129,c(mu = 0.000443405402161752),c(nu = 1.20938663757335),36.1808938678333,1.02002847351245,98.8854067325592,0.365887091567378
154,171,0.00881827703823085,0.705793445,c(mu = 0.00841060997697694),c(nu = 1.21114256246611),11.8744171489264,1.09193892580487,98.5048077106476,0.120546574577424
166,97,133.959095,1.23765335,c(mu = 135.012615517339),c(nu = 1.21290822025557),149.957691396506,1.00004103261758,104.496105909348,1.43505530748291
31,98,0.00490668066497564,1.488625315,c(mu = 1.44022830846509e-10),c(nu = 1.21300985276919),69.3257106086224,1.05365431161981,100.443754911423,0.690194334827067
191,39,102.26102,1.403942725,c(mu = 103.878169519834),c(nu = 1.21331422294294),152.338834826143,1.01685683028779,104.166136741638,1.46246025427617
146,103,0.00657164957974549,1.42393822,c(mu = 0.000253340875111994),c(nu = 1.21396682190093),26.2461843454102,1.05388821968867,98.9567248821259,0.265228910684684
49,105,0.00418422559742445,1.38944831,c(mu = 2.88942337763054e-11),c(nu = 1.216422305348),33.390498885999,1.02609087067381,97.9002478122711,0.341066541016597
56,101,0.00310004358075606,1.44599031,c(mu = 2.67553642004762e-07),c(nu = 1.2170386645672),56.6041250848135,1.03934921514678,99.87904047966,0.56672676081966
183,179,0.0340750464185164,0.594827247,c(mu = 0.151315583427413),c(nu = 1.21756186614506),5.34867272842396,1.19015553104158,100.558479785919,0.0531896737083819
188,19,6.03995065,1.456916655,c(mu = 6.37570529318333),c(nu = 1.21989317426943),100.647268806934,1.0115444738057,93.74245429039,1.07365728333882
136,157,5.8693298,1.09901948,c(mu = 5.94866033114707),c(nu = 1.22108350383829),152.671472968868,1.00735373702098,95.3800804615021,1.60066412431357
200,200,0.0584649714327017,0.3652000285,c(mu = 0.467117912492925),c(nu = 1.22535195963148),23.9641345275699,1.05411617868823,102.650658130646,0.233453296491
192,200,0.00463717051992427,0.451596963,c(mu = 0.0385002487439856),c(nu = 1.22550087367689),21.473255759654,1.01081786121554,98.893536567688,0.217135077831467
106,62,3.17251225,1.35477293,c(mu = 3.1864801861359),c(nu = 1.22555026249921),84.9960466537408,1.01758909142356,93.6671404838562,0.907426512805632
59,115,0.00249308680715498,1.444288545,c(mu = 9.10306985353507e-08),c(nu = 1.22642180930751),27.7238268569703,1.07860469121948,99.2047183513641,0.279460768778939
172,74,2.6283866,1.316754225,c(mu = 2.77361995226741),c(nu = 1.22824931169597),114.868089958419,0.999989183184631,92.8464913368225,1.23718288439902
169,96,0.00651280925948367,1.50369109,c(mu = 0.00439515982943774),c(nu = 1.22866904520138),74.3020400652903,1.00102579916732,99.3314800262451,0.748021070919898
102,115,0.0713668213426031,1.352161265,c(mu = 0.0296641585023261),c(nu = 1.22925587611735),3.4634785127716,1.31174424396743,100.132059812546,0.0345891068180907
181,172,156.14876,1.060431015,c(mu = 157.905600929558),c(nu = 1.23056343384506),177.111213686868,1.00073235595736,104.465699672699,1.69540063620666
112,89,0.00706898972034332,1.637581765,c(mu = 1.10689195394974e-05),c(nu = 1.23225183724832),33.3491114332487,1.00896044370172,99.4701552391052,0.335267511678095
112,103,0.00354817571303337,1.41848075,c(mu = 2.34246273132173e-05),c(nu = 1.2346518269505),48.8249462543449,1.02696296649296,98.6696286201477,0.494832573479202
187,127,18.6301615,1.17524459,c(mu = 19.1767473497098),c(nu = 1.23628911633222),134.629781438572,0.998577502253207,99.0618777275085,1.35904734017763
37,85,0.00896681163413495,1.58704132,c(mu = 5.39912896331545e-12),c(nu = 1.2415930531448),44.5528941469735,1.05385775607525,99.7828657627106,0.446498442457274
50,106,12.2485215,1.23851768,c(mu = 12.0267106400682),c(nu = 1.24452334420411),149.784650574997,0.997992203184556,97.5927259922028,1.53479318312068
85,169,0.0124903433000761,0.7582857465,c(mu = 0.000270116464128723),c(nu = 1.24734417165515),26.9510440926586,1.05020556353282,99.2257602214813,0.271613379756439
122,113,0.00256261519705503,1.29869025,c(mu = 6.76758500384371e-06),c(nu = 1.24860379561202),56.7041720856391,1.01305925227451,100.033099889755,0.566854092776609
88,89,0.00850492375957326,1.878683095,c(mu = 2.53000473069549e-07),c(nu = 1.24871726277712),28.2728881177845,1.07404908213226,100.814179182053,0.280445551877466
180,108,0.83613042,1.216407215,c(mu = 1.00917365575724),c(nu = 1.25171074453021),43.0159728357401,1.00688136000559,96.7983505725861,0.444387456824316
9,83,0.0203596818789902,1.89908762,c(mu = 1.84819450636345e-18),c(nu = 1.25647565993736),17.1882089951906,1.12070931596768,100.031803846359,0.17182744221618
200,200,0.00376054891713565,0.392811631,c(mu = 0.0952058050188394),c(nu = 1.25889121572426),32.3298024870899,1.02377463643007,101.091192483902,0.319808300730434
64,26,0.841381945,1.817591995,c(mu = 0.791519849637439),c(nu = 1.25891723495418),55.838510884637,1.05335637374299,95.2931866645813,0.58596540675233
93,136,5.67425385,1.155433385,c(mu = 5.72421252853423),c(nu = 1.26091281566763),35.2106274189162,1.01567313473454,96.1835424900055,0.366077465098304
114,112,0.00239836097764218,1.385036685,c(mu = 9.13512747313564e-06),c(nu = 1.26351886343663),40.1500984035366,1.01485920387742,100.101859807968,0.401092432054301
119,76,55.725451,1.33338511,c(mu = 55.9600691433557),c(nu = 1.26551379291461),224.247345274892,1.01582287061678,102.953551769257,2.17814093269442
116,103,0.837676455,1.30902626,c(mu = 0.890604390006938),c(nu = 1.26889636647345),21.773524099547,1.05450753653469,97.5560731887817,0.223189837268387
199,158,2.9294505,1.1140657,c(mu = 3.41477116073969),c(nu = 1.26992114269989),128.293502136187,1.01042757180042,94.9838798046112,1.35068711027699
176,103,0.00525307923884986,1.450429838,c(mu = 0.00543349683008061),c(nu = 1.27028452733044),43.9958012923534,1.04069744296655,100.836686611176,0.436307486599598
183,110,0.00376470448781131,1.39785687,c(mu = 0.00880486958006977),c(nu = 1.27474010838365),34.6301297187177,1.02750040041839,100.388737201691,0.344960308138376
14,98,0.00369395758439186,1.60233953,c(mu = 9.34607559442816e-13),c(nu = 1.27649388100401),38.6736513506094,1.01991855175065,99.8603210449219,0.387277458613538
169,42,26.4250465,1.434727445,c(mu = 26.8644864582963),c(nu = 1.27680238647198),146.808466698031,1.00694887096987,100.765162706375,1.45693673046332
30,102,0.00466417258177913,1.53832058,c(mu = 7.57920979725499e-12),c(nu = 1.28007116219754),48.6053854376835,1.02298357391648,100.180748224258,0.485176905735207
2,88,0.0173192057830458,1.79903973,c(mu = 1.03131060714766e-14),c(nu = 1.28021956925742),31.7197443472004,1.09504936147538,100.301269054413,0.316244696066533
9,109,0.00459003914375163,1.32199179,c(mu = 5.68728941399426e-16),c(nu = 1.28087078786984),40.4094931680351,1.0546680530469,100.763329029083,0.401033724842217
184,127,1.4157488,1.20585702,c(mu = 1.60529752908178),c(nu = 1.28656726882684),46.2269295040139,1.06763996411231,96.3833656311035,0.479615224072402
59,62,28.6257185,1.399276675,c(mu = 28.3900751149621),c(nu = 1.28717820458282),116.049037773108,1.07469770984272,101.913605928421,1.13870014426352
193,121,23.1928455,1.25246381,c(mu = 23.7771913993707),c(nu = 1.29113795836155),152.302715961768,1.02640702844218,100.688500642776,1.51261281069333
175,186,0.0264864712878012,0.6434348295,c(mu = 0.0739063040452902),c(nu = 1.29242829046176),45.097588890898,1.06162856072627,101.48367524147,0.444382692916794
144,112,12.6525545,1.2779783,c(mu = 12.8477150122615),c(nu = 1.29581383276463),137.196673371233,1.01127120441426,98.6029331684113,1.39140559984057
169,80,0.00409373810836205,1.654544855,c(mu = 0.00163540564119267),c(nu = 1.29963050164066),49.6030148648518,1.01102286634887,101.252730607986,0.489893107741425
162,118,0.00782207284179185,1.35322496,c(mu = 0.0031615621733442),c(nu = 1.30136304858105),51.4586871433203,0.998826323592812,100.01495552063,0.514509923795407
129,115,0.00423347996566644,1.38676659,c(mu = 0.000201887510278286),c(nu = 1.30242327872061),36.7746543378524,1.02765938725988,100.769344806671,0.364938904866411
37,46,0.852352695,1.59212908,c(mu = 0.750666343421699),c(nu = 1.30717343881729),42.1706881303584,1.03085440017847,98.118588924408,0.429793055450963
155,107,0.00284761660703841,1.38616252,c(mu = 0.000459880040220843),c(nu = 1.30808472718501),52.2202036547487,1.02525861448548,100.343191623688,0.520416012384653
180,85,0.00970422959263648,1.779190795,c(mu = 0.0258289585818466),c(nu = 1.30956726412844),35.9864237282982,1.04430892970563,100.397463321686,0.358439571456036
200,200,0.0292119953931,0.42783203,c(mu = 0.277268137870688),c(nu = 1.31220718592329),28.243323915812,1.0687980064851,101.873271226883,0.277239786017188
77,88,64.9137285,1.34406202,c(mu = 64.7065609159879),c(nu = 1.31269779860197),184.650502358687,1.00215717903034,102.55159497261,1.80056197476015
86,112,0.00186625197003626,1.400530985,c(mu = 1.95052325937127e-07),c(nu = 1.31553159674899),42.7842294888207,1.06937667892175,100.60501742363,0.425269341276131
95,68,0.0111877694212013,2.17248791,c(mu = 3.97970512526518e-05),c(nu = 1.31673043540426),40.4380510686148,1.01074763904562,100.595820903778,0.401985397656774
29,123,0.00336682815860108,1.29028248,c(mu = 2.86385390136591e-11),c(nu = 1.31926009424704),37.592036351019,1.01280520529434,100.448496818542,0.374241900492826
200,200,0.0122458097444587,0.3013649775,c(mu = 0.202003804045185),c(nu = 1.32384376785036),8.14354725531277,1.22524070396135,101.734986305237,0.0800466737261809
136,107,0.00495280032207696,1.62780923,c(mu = 0.000309683293578288),c(nu = 1.32452649674962),25.4589575391294,1.02224189511358,100.088029623032,0.254365658261205
125,113,0.94660976,1.26836899,c(mu = 1.02292357715438),c(nu = 1.32564594540523),34.6705339169721,1.00409353950751,97.8082828521729,0.354474415723799
94,92,0.00899324569566945,1.712394765,c(mu = 4.2134425667295e-06),c(nu = 1.33213285448898),35.2772674691228,1.06833409537792,100.358964681625,0.351510874798629
69,133,166.304155,1.2673722,c(mu = 165.931657453304),c(nu = 1.3327373286327),129.289566848304,1.01063364664023,103.165313005447,1.25322710785046
185,128,0.00260347770059014,1.249341545,c(mu = 0.0118639597129591),c(nu = 1.33455874272807),54.8077288648551,0.998581869937169,100.197164058685,0.546998803606401
51,45,2.84484255,1.5457532,c(mu = 2.73324078768738),c(nu = 1.3357711486672),94.0346814827456,1.00502596601979,95.5104598999023,0.984548515223323
179,162,0.0387543073295906,0.78330831,c(mu = 0.119574329408069),c(nu = 1.33797978923973),13.3155515404737,1.08294898568052,100.866056919098,0.132012214487116
194,129,0.00289737247594428,1.26394265,c(mu = 0.0211705021521423),c(nu = 1.34005230446984),35.3293216415502,1.03368669455081,100.476846694946,0.35161654454396
115,111,2.21420865,1.328584595,c(mu = 2.25740319941616),c(nu = 1.3409699953723),85.7552897545133,1.00110593347493,96.6826200485229,0.886977304829705
200,7,13.596607,1.71110625,c(mu = 14.3217235250156),c(nu = 1.34099582879175),178.042541412017,0.997296911401094,98.6958405971527,1.80395182142208
95,93,0.00902153694300393,1.748880685,c(mu = 3.68876688576887e-06),c(nu = 1.34699254658442),30.2363752080764,1.01807717096075,100.672006845474,0.300345410363056
174,177,0.4758556743005,0.895399448,c(mu = 0.768925078604813),c(nu = 1.34895984742882),29.6237286397942,1.03132500364685,100.129807949066,0.295853245367884
168,23,1.36883475,1.80637147,c(mu = 1.46005094046389),c(nu = 1.35044071026837),65.1627191267305,1.02834754145308,96.3071885108948,0.676613242835543
167,170,0.0955438533209004,0.643395523,c(mu = 0.237848973343131),c(nu = 1.35131612506098),27.4580865582519,1.0566464755014,101.488105297089,0.270554726367914
50,98,0.00492368241703415,1.65628188,c(mu = 5.53941212725811e-08),c(nu = 1.35425874403581),29.1224178509815,1.01723956921332,100.643805027008,0.28936125619621
181,180,0.039989421194945,0.704547655,c(mu = 0.133576060951073),c(nu = 1.3551448769796),27.1009394586257,1.00048090329659,101.03355383873,0.26823702056333
2,21,1.8822099,1.68765605,c(mu = 1.60145800072341),c(nu = 1.35709999268865),81.6624824278772,1.00275812772008,95.7781388759613,0.852621311984724
22,115,0.00230973778027406,1.443029299,c(mu = 1.79763100467666e-14),c(nu = 1.35944612276473),56.9846447588786,1.01604800651819,100.359508991241,0.567805137068295
193,111,0.0032650444236673,1.44712217,c(mu = 0.0226431083840323),c(nu = 1.3601449612052),26.6047194121522,1.24707829651817,99.8643736839294,0.266408514174996
152,163,0.334699985973484,1.004271958,c(mu = 0.468174187361756),c(nu = 1.3618068835262),16.9559704361317,1.0502779507612,101.096035242081,0.167721418505974
193,154,0.0149530430315046,0.88712886,c(mu = 0.0772060802906724),c(nu = 1.36437012809401),9.00644445854649,1.16206149815305,99.563955783844,0.0904588853229147
67,119,3.3227638,1.307082895,c(mu = 3.24766332300504),c(nu = 1.36476990504068),92.8486091694084,1.03534350866893,96.8473930358887,0.958710464565645
122,118,0.00246152825847851,1.538956935,c(mu = 1.04292376049902e-06),c(nu = 1.36924821070907),45.7486953139465,1.0075681654158,100.152613401413,0.456789830641614
29,82,0.0108793842371756,1.858616385,c(mu = 3.41420743017602e-11),c(nu = 1.37005557364575),37.0363418815513,1.07525563733795,99.9932355880737,0.370388473417582
160,124,0.00308375187556886,1.374256495,c(mu = 0.000455496647337736),c(nu = 1.37107306621293),20.8533088097705,1.01996921060615,100.199625492096,0.208117632250187
186,100,0.00425490954369371,1.670099145,c(mu = 0.0187725578176481),c(nu = 1.37206672059936),41.4913912969224,1.03509273011729,99.4027945995331,0.417406688253383
51,78,2.20360015,1.4802133,c(mu = 2.1148962816703),c(nu = 1.37338759573687),9.25770979006049,1.10663870892932,96.2912602424622,0.09614278353767
200,200,0.072159865475205,0.57415083,c(mu = 0.364599850384504),c(nu = 1.37376529155418),6.28859212859009,1.08583176433476,100.868387460709,0.062344529211788
103,160,8.8335466,1.225397195,c(mu = 8.82378704103185),c(nu = 1.37458646413887),140.472935827099,1.00180417942012,97.7459042072296,1.43712349858961
152,102,0.00327963111136819,1.71839105,c(mu = 0.000397477259889267),c(nu = 1.37801696475189),42.1114511122185,1.0675356476832,99.8781223297119,0.421628381971405
194,190,0.0494263885200345,0.627769579,c(mu = 0.193973673798814),c(nu = 1.37854763262592),17.9620877201095,1.05724724683084,100.298657178879,0.179086023934247
183,193,128.482,1.1024839,c(mu = 129.90963056053),c(nu = 1.37863036843374),171.611245217337,1.00589922635751,101.913123846054,1.68389740929309
47,124,0.00272670500064734,1.47554899,c(mu = 1.24890403262632e-10),c(nu = 1.38115801414198),45.3393157159265,1.03015399259188,99.5448095798492,0.455466396563427
47,131,0.00280195929669528,1.389630915,c(mu = 8.60290131843245e-09),c(nu = 1.38132535173043),26.6472468257682,1.00044335232488,98.736839056015,0.269881506036979
122,114,0.00846970977178579,1.512274305,c(mu = 6.92958309867185e-05),c(nu = 1.38551641966042),44.2578024483949,1.00378211034823,99.698002576828,0.443918647359956
122,180,52.66327,1.18559227,c(mu = 52.9003634724076),c(nu = 1.38632353799648),188.281402992768,1.00338851846023,101.064364433289,1.86298507934565
115,97,0.0825561729597708,1.482155245,c(mu = 0.0666408367459319),c(nu = 1.39050064447058),9.05411603156506,1.34898273355365,98.7734332084656,0.0916654988842593
99,60,1.8469606,1.51935712,c(mu = 1.84586113460249),c(nu = 1.39052722421914),72.1789830915962,1.01624067778253,95.7311356067657,0.753976045871694
169,183,0.0101907006488739,0.6520720815,c(mu = 0.0130201379606095),c(nu = 1.39108825812613),10.1273619421899,1.09464376221194,103.145128488541,0.0981855574819031
105,131,0.00518454372760552,1.353461305,c(mu = 4.31516693901427e-06),c(nu = 1.39180074917163),63.8394142992781,1.02249771318956,104.692499876022,0.609780207511304
43,102,0.0101234898453548,1.616976445,c(mu = 3.42366225951231e-08),c(nu = 1.3920022181308),17.8571289447229,1.1224820022437,105.082578420639,0.169934248027698
43,94,0.00789835058836241,1.818180225,c(mu = 1.73989865340752e-06),c(nu = 1.39517518757364),42.2774707609888,1.00744670847184,104.556015729904,0.404352350898706
188,186,0.0165400647371526,0.4619089225,c(mu = 0.104028338297663),c(nu = 1.39590466999865),14.5300572869064,1.12681474044275,106.525692462921,0.136399557242624
179,102,0.00653136356286948,1.69379237,c(mu = 0.00340765582588086),c(nu = 1.3960037864859),24.0825348217842,1.06734819798229,104.920129060745,0.229532073943993
135,91,0.00652173511926094,1.570037975,c(mu = 0.00109700608172186),c(nu = 1.39625783233544),9.22077873972155,1.18464731816626,105.059544086456,0.0877671687984247
90,89,0.0120406769830123,1.92363485,c(mu = 1.42568648993737e-06),c(nu = 1.39770086584927),37.5742358729226,1.03946802294238,104.62117099762,0.359145625255691
71,41,74.4682395,1.57620505,c(mu = 74.3027184068681),c(nu = 1.39953717623169),137.019854003319,1.01042110509722,108.34597992897,1.26465101975308
54,55,2.19408585,1.557400845,c(mu = 2.12362679104267),c(nu = 1.39962865715865),125.753363178463,1.00888032044975,96.9713795185089,1.29680905647486
185,162,57.3392755,1.253548545,c(mu = 58.0986091776234),c(nu = 1.39982094344969),156.630847411105,1.00589716347256,108.076035022736,1.44926530084264
187,169,0.0120389276220046,0.867118355,c(mu = 0.0498025124113127),c(nu = 1.40251008416152),25.7126006773586,1.02326666242706,103.798132181168,0.247717373492619
176,109,73.6860285,1.39797124,c(mu = 74.6631336360647),c(nu = 1.40445777332714),110.752970364793,1.01816833384691,108.477582216263,1.02097565323676
183,103,0.0122972182956106,1.73894946,c(mu = 0.033210846540529),c(nu = 1.40552591868492),29.4044584814521,1.08128497795049,102.774821281433,0.286105663963477
27,107,0.00756713339339202,1.515013485,c(mu = 1.78108567249903e-11),c(nu = 1.40565813870061),38.4213510772052,1.00678077207917,103.782511949539,0.370210263323423
169,161,0.133609591653432,0.7880174135,c(mu = 0.296044862655794),c(nu = 1.40673821042019),3.71641339015888,1.20483484211656,106.856877803802,0.0347793559623041
34,90,0.00886713044637863,1.768978655,c(mu = 1.07339376976229e-09),c(nu = 1.4096866317647),28.9619574264217,1.02151277900105,104.03320646286,0.278391471445813
60,125,0.00489381523753869,1.35165809,c(mu = 2.6944606947351e-10),c(nu = 1.41099711482262),25.5104053559824,1.05645311284025,104.50218462944,0.244113608212508
13,41,3.9165617,1.558739,c(mu = 3.68455508348043),c(nu = 1.41211276598677),110.680236931147,1.01523244493933,98.2727782726288,1.12625529548068
156,193,0.00614649147088714,0.6747119,c(mu = 0.00639864946053118),c(nu = 1.41407550983513),28.9683283576108,1.04723236403916,104.267688035965,0.277826514649666
148,102,0.00602413977830577,1.5410665025,c(mu = 0.00077536292086157),c(nu = 1.42188202707408),32.7300353709033,1.01779738977151,104.92409491539,0.311940125833791
63,136,0.00101330405685933,1.33184287,c(mu = 2.34007318097899e-10),c(nu = 1.42628367499329),36.3316489741834,1.04386928163761,103.914158344269,0.349631364513546
158,183,14.955221,1.18332496,c(mu = 15.2897959769595),c(nu = 1.4282568211183),138.196157732206,1.00277259151824,103.296882390976,1.33785410104767
169,200,0.0591254055938138,0.5944271815,c(mu = 0.14780663597627),c(nu = 1.43277527723948),14.6215747815773,0.998048774846334,106.495535612106,0.137297537380667
79,158,24.7362725,1.273929075,c(mu = 24.6631270629444),c(nu = 1.43344812080317),136.050551900498,1.01881636725462,105.676997900009,1.28741878179799
0,126,0.00798977755909854,1.436020185,c(mu = 3.92222611319489e-26),c(nu = 1.43806187349258),26.0700704663109,1.02744066748195,105.580412387848,0.246921468449497
61,39,3.542861,1.647064985,c(mu = 3.44322762650665),c(nu = 1.43821007692129),100.846776153161,1.02213910591605,98.5025479793549,1.02379865518096
106,124,0.00410087428709983,1.37570513,c(mu = 6.03463609857184e-07),c(nu = 1.44528969082081),52.8760751095163,1.0109779135785,106.189484357834,0.497940784148987
25,109,0.0090454527108963,1.67268017,c(mu = 1.55272097166052e-10),c(nu = 1.44566338483089),32.6421316075359,1.0995373651805,104.620194196701,0.312006031513992
13,131,7.4149049,1.364645885,c(mu = 7.07494910961777),c(nu = 1.44938924747932),98.1736721643951,1.022040782226,101.23067522049,0.969801613498715
114,4,4.21241895,1.89073475,c(mu = 4.22184040799946),c(nu = 1.45446571689461),124.488582765181,1.00092241303313,98.6214919090271,1.26228654987307
167,121,0.00412065761838932,1.40300094,c(mu = 0.00319097889251145),c(nu = 1.45625258387036),54.6707958601712,1.01970720610509,103.590605974197,0.52775823971711
192,176,0.00741904783374889,0.748452555,c(mu = 0.0385753458762171),c(nu = 1.46316311082561),25.6175981654353,1.0003294169942,104.798115491867,0.244447126221687
199,200,0.0129324861034114,0.554202997,c(mu = 0.126769750199287),c(nu = 1.46392565235995),24.6152815178439,1.06949393571076,105.726098060608,0.232821242525503
183,130,0.00399189102667628,1.419395005,c(mu = 0.00932252854307426),c(nu = 1.46429692258629),35.7588135240225,1.01904926987914,105.096515655518,0.340247374529825
98,78,18.915322,1.5643322,c(mu = 18.9581062029238),c(nu = 1.46431317726964),97.6268276993416,1.01781801685314,104.162620067596,0.937253955747144
107,124,0.0907439943706215,1.151902335,c(mu = 0.0697336953727977),c(nu = 1.46698445258369),1.37718955624225,2.10404397342432,104.631637573242,0.0131622670559679
157,130,0.0017106725971642,1.290368985,c(mu = 0.000255049106704039),c(nu = 1.46735028420451),41.5670558138325,1.01859479036754,105.474153995514,0.394097077238472
165,184,0.0396420555966833,0.631738142,c(mu = 0.0998637392903806),c(nu = 1.47031890064112),16.5821445387266,1.02115058733354,105.981641530991,0.156462424049902
184,121,0.00532646052142717,1.571947285,c(mu = 0.0165870048124502),c(nu = 1.47074275324749),35.6781655768627,1.06688886985579,105.438052892685,0.338380353184025
149,118,0.00344601115091233,1.4770614,c(mu = 0.00111104383634137),c(nu = 1.47417584195016),37.3863235836708,1.02720946304013,105.776736736298,0.353445613253084
188,181,0.040570463205547,0.673611672,c(mu = 0.160723791972175),c(nu = 1.47556105263613),2.21546982239814,1.42959181533487,105.769640445709,0.0209461790080994
165,109,0.00283309026545996,1.559474795,c(mu = 0.00178181675726018),c(nu = 1.47938739631919),66.2634739752529,1.00314559956723,105.604177474976,0.627470196346683
17,85,0.00410944329138227,1.8088939,c(mu = 6.32469265075549e-11),c(nu = 1.48158859843014),26.8895921983309,1.04180935789093,105.653271436691,0.254507899591576
52,104,0.00358331437564675,1.63581516,c(mu = 1.61988586959246e-08),c(nu = 1.48250182141045),30.3562292282621,1.06125623368056,104.816798448563,0.289612253737734
25,117,0.0024781688228286,1.416009625,c(mu = 2.31803398807027e-12),c(nu = 1.48414826000741),39.7696321428057,1.09583345112599,105.020880937576,0.378683094140531
187,189,0.226609078266,0.75465498,c(mu = 0.517010339810708),c(nu = 1.48960274779548),37.6945870097491,1.03852814768165,107.3689494133,0.351075308231338
149,38,5.3550301,1.71672645,c(mu = 5.46892425382678),c(nu = 1.49194081694183),124.314923075277,0.996324505337162,100.642947912216,1.23520748998438
177,198,0.00998667028647332,0.61678922,c(mu = 0.0339450956218968),c(nu = 1.4941605148971),8.49249456505996,1.17156414388163,105.009311914444,0.0808737283411512
59,96,1.078593585,1.531991755,c(mu = 1.01809614869572),c(nu = 1.49622267555449),83.0653004753732,1.01263325505287,101.093782186508,0.821665770918787
122,110,0.89373258,1.456618015,c(mu = 0.966317806114962),c(nu = 1.499381619337),42.0183737814937,1.0447512851718,101.573030233383,0.413676481689564
200,200,0.00142113652177881,0.3219965395,c(mu = 0.127808459501978),c(nu = 1.50073898749399),24.7284075740102,1.00513675333713,106.218559026718,0.232806844685118
127,123,0.00222466211358661,1.51132703,c(mu = 4.03097583527987e-07),c(nu = 1.50256574290175),62.942259630629,1.01682207868981,105.000402927399,0.599447791397045
54,179,59.4816565,1.259871385,c(mu = 59.1028369109409),c(nu = 1.5029370051524),175.190402460889,1.0028089410402,107.476711273193,1.63003129129598
184,127,0.00446142742706877,1.439416285,c(mu = 0.0203856235793886),c(nu = 1.50493241915536),31.8646936409976,1.04770754619318,104.721249103546,0.304281069159999
134,19,5.7228529,1.85020215,c(mu = 5.80133690235119),c(nu = 1.51236528122555),105.19036486679,1.05324933066426,100.733106136322,1.04424820102773
156,121,52.5880895,1.479043625,c(mu = 53.0281030370634),c(nu = 1.51616118410128),196.549525135605,1.01126272118235,107.453656673431,1.82915622623202
121,59,221.19484,1.62197565,c(mu = 221.529332087422),c(nu = 1.51833485394983),199.90836014149,1.00306005252287,108.610308885574,1.8406020772126
97,24,3.6660147,1.89583425,c(mu = 3.65942802731289),c(nu = 1.5231011629062),163.678811664984,1.01164950598735,100.631630897522,1.62651454821066
15,121,0.00395994585869086,1.577202639,c(mu = 1.67318398065604e-12),c(nu = 1.52669617086706),19.5078160638847,1.09538373666075,105.414310455322,0.18505851795286
40,117,0.00466589102033433,1.51517215,c(mu = 2.74911710607889e-10),c(nu = 1.52697188957064),64.4500280086613,1.01665999835268,105.733070611954,0.609554112404401
106,170,15.8845705,1.311727855,c(mu = 15.9381171338286),c(nu = 1.53405292302365),131.99387893311,1.00867723448724,104.288011074066,1.26566685445144
18,15,7.6802246,1.9627396,c(mu = 7.39254665207561),c(nu = 1.53413760218944),207.855667769024,0.998789533651394,102.670670032501,2.02448924997982
153,156,0.5746031545,1.092649965,c(mu = 0.835129910564055),c(nu = 1.53615882041683),13.2197566706166,1.02043096006771,102.417944431305,0.129076567041272
200,200,0.075763027293508,0.5955620785,c(mu = 0.354534064116374),c(nu = 1.53685539592667),2.62197560580858,1.3897082629999,106.682982444763,0.0245772619561526
126,138,2.76021915,1.42797763,c(mu = 2.81306097692007),c(nu = 1.53773836185324),94.2381815388356,1.0674865692719,102.700970411301,0.917597771096291
9,138,9.1094956,1.42664032,c(mu = 8.69072207453788),c(nu = 1.5383697039846),125.986140823746,1.01376882730121,103.034867763519,1.22275248717651
74,114,115.733165,1.52822861,c(mu = 115.45612586466),c(nu = 1.54398805014416),156.832600763063,1.00192358834703,107.708681344986,1.4560813372205
129,107,0.484193126,1.60379729,c(mu = 0.571554046430082),c(nu = 1.54414040787915),56.963897535469,1.00639316957084,106.177309036255,0.536497845467325
193,199,0.00534272856141957,0.5587438685,c(mu = 0.0370378064307346),c(nu = 1.54628431819215),24.4383528201702,1.03184518919155,105.188010692596,0.232330211962933
95,107,0.00390803209725501,1.70048901,c(mu = 3.67697523362168e-07),c(nu = 1.5465012168681),36.7942964776682,1.06258827325593,105.614695072174,0.348382357706226
184,41,8.3925814,1.737885965,c(mu = 8.71740472318347),c(nu = 1.54754918295214),149.027904056068,1.00729766096118,102.803593635559,1.44963710689312
193,194,0.00586052738027485,0.66442923,c(mu = 0.0453606865699763),c(nu = 1.54940485759494),29.1114965916658,1.0505778312165,105.306537151337,0.276445293703177
127,124,0.00635219000455058,1.698841625,c(mu = 0.000108376251380831),c(nu = 1.55362560184012),38.1651506772697,1.00783449984811,105.197210788727,0.362796222362956
147,59,46.3961045,1.6971704,c(mu = 46.7035706887784),c(nu = 1.5549100539503),179.596271445414,1.00487028741136,106.824916601181,1.68122079716586
148,73,2.8377965,1.6634636,c(mu = 2.91794702143718),c(nu = 1.56075259756549),123.88983792244,1.00477027114477,101.150813341141,1.22480318081684
11,53,9.46242245,1.70560285,c(mu = 9.05592948203529),c(nu = 1.5641340914212),153.099494621957,1.00125750510031,103.560314893723,1.4783606517523
178,113,5.390686,1.54805785,c(mu = 5.63012094679352),c(nu = 1.56510122526354),128.873300064612,1.03428378584464,102.465494632721,1.25772388574854
165,138,0.00870180144727749,1.34411806,c(mu = 0.00179722194870644),c(nu = 1.56632656907),38.8468010219678,1.05548559302636,105.641006708145,0.367724638684011
41,170,10.9676745,1.38057555,c(mu = 10.7484151664598),c(nu = 1.56714037796414),125.85821944026,1.0113205747762,103.750415802002,1.21308640999038
200,200,0.0239049922315397,0.2764430085,c(mu = 0.396263214517646),c(nu = 1.5687963736243),22.743251296905,1.02532603304989,106.353276968002,0.213846267320447
35,122,0.00228412659308624,1.561314205,c(mu = 5.02244062859167e-14),c(nu = 1.57075813107073),27.7575567045208,1.05953862731473,105.50973033905,0.263080538783705
110,44,4.86213455,1.76472915,c(mu = 4.87630807093845),c(nu = 1.57124182685072),133.996043344841,1.00588593855309,101.82123875618,1.3159930578502
181,124,0.0047299699391106,1.66264784,c(mu = 0.0131025777885097),c(nu = 1.57145310041913),34.1742691933615,1.01683474040854,105.173092365265,0.324933577826871
23,128,0.013730997820489,1.727177295,c(mu = 1.65205888719707e-10),c(nu = 1.57206963502586),26.7226547841703,1.01853569567221,105.27880358696,0.253827493034697
108,133,0.00626059892968163,1.429987165,c(mu = 1.81791975471407e-05),c(nu = 1.57431945677477),39.2638719269292,1.0274347764877,105.897006988525,0.370774142192552
23,149,16.360994,1.43096135,c(mu = 15.9849119582664),c(nu = 1.57611652018232),173.269430177431,1.01880119824087,104.775138378143,1.65372656967615
37,132,0.0038596529748827,1.430399845,c(mu = 3.21773561161006e-09),c(nu = 1.57912521027888),20.8866958800841,1.047504068495,105.12663269043,0.198681298406941
36,126,0.00551757639885498,1.603212345,c(mu = 3.09039420627203e-08),c(nu = 1.58393802674769),36.449573623041,1.04239480085828,105.218237876892,0.346418780227891
190,130,0.00336765708783716,1.48913516,c(mu = 0.0294192979546205),c(nu = 1.59066756395319),30.9277898289983,1.01993085136781,104.79949593544,0.295113917800243
167,200,0.0367448113733604,0.6790243,c(mu = 0.0983586291005355),c(nu = 1.59116776802354),1.96716273139152,1.61958153193793,105.035969018936,0.0187284674932344
103,109,0.00625208952558874,1.631278685,c(mu = 5.53837595578637e-05),c(nu = 1.59140210629132),32.61280458565,1.00651426814471,105.181174516678,0.310063133783307
22,72,26.0904755,1.6779858,c(mu = 25.6433459973376),c(nu = 1.59337474385656),129.362894745829,1.00087006455729,105.814036607742,1.22254947352008
161,114,0.00801979486928065,1.70840595,c(mu = 0.00408149970946721),c(nu = 1.59355317965362),27.5569781897905,1.01149707927136,105.250801563263,0.26182202682064
23,145,0.00265511146046455,1.35127795,c(mu = 1.31995790237245e-15),c(nu = 1.59407314400763),43.5107863976683,1.04955000151864,104.794004917145,0.415203011203456
108,168,50.9207005,1.38632552,c(mu = 51.0148882814142),c(nu = 1.5976585395496),158.504228322094,1.00859414022566,106.26887011528,1.49153960280324
117,85,2.1590825,1.66549125,c(mu = 2.18041275708252),c(nu = 1.60052002484827),122.459238962219,1.04379934980606,101.92507314682,1.20146334146672
9,147,10.51226765,1.49211006,c(mu = 10.0362147326973),c(nu = 1.60518401434892),131.416920415516,1.04108390307373,103.14653968811,1.2740797782736
183,116,0.00277169909948847,1.68486327,c(mu = 0.00672044305615525),c(nu = 1.60614480154426),42.534278665342,1.00102997088112,105.552171468735,0.402969243299186
114,188,10.78197235,1.27117287,c(mu = 10.8389389680333),c(nu = 1.60669410016567),120.743167590162,0.99881987206746,96.8569173812866,1.24661377684409
196,114,0.00657810617501681,1.800179165,c(mu = 0.0861695716942318),c(nu = 1.60674512752433),33.7492879026082,1.00829304533218,98.8726289272308,0.341341059389119
141,186,1.306007865,1.2453165,c(mu = 1.39252125807597),c(nu = 1.60901473135002),67.8404061448142,1.03977117543046,94.1365191936493,0.720659811154255
200,200,0.0119980660171525,0.548980324,c(mu = 0.10013613328821),c(nu = 1.61099725884701),7.06050823418326,1.18604572758783,101.434912443161,0.0696062929826022
178,171,38.2789825,1.390231305,c(mu = 38.9841810604119),c(nu = 1.61158225513417),169.958871604562,1.0030075178914,103.321510314941,1.64495148286643
143,145,0.0297751675572726,1.17380509,c(mu = 0.0380356678301018),c(nu = 1.61753443421119),2.47042765819138,1.41020492071698,98.707948923111,0.0250276465587967
166,133,0.00165204355165108,1.38990412,c(mu = 0.000202614197536579),c(nu = 1.62743666453924),46.7986433799808,1.00475884930496,100.971972227097,0.463481522127009
156,74,1.84848215,1.700478275,c(mu = 1.95570285807459),c(nu = 1.62939629711661),63.3528673102853,1.0030361547311,92.64328789711,0.683836560082423
11,108,0.0113746500592969,1.79464667,c(mu = 1.59325407099682e-12),c(nu = 1.62945914124009),36.374615672989,0.999254543598384,99.2842361927032,0.366368489781083
133,145,0.576732241,1.317704075,c(mu = 0.70183900031029),c(nu = 1.63001421529325),35.9441132598687,1.0254988860113,99.131511926651,0.362590185111515
163,130,0.00555612439048622,1.541321795,c(mu = 0.00206951325286647),c(nu = 1.63703237379852),30.9867935480785,1.04225075942541,101.093601226807,0.30651587412104
31,133,0.00360759266948995,1.44738371,c(mu = 1.24100292874591e-12),c(nu = 1.639413573951),37.1066684002653,1.0921474974934,101.142518043518,0.366875070129256
101,152,28.251538,1.49298775,c(mu = 28.2520350577107),c(nu = 1.64718447427581),167.327078754368,1.0066094560188,101.960121393204,1.64110317316199
177,183,0.362086976461243,0.795043645,c(mu = 0.719772285582491),c(nu = 1.64721375805991),18.7373889856397,1.03782359451538,102.074424743652,0.183565952320539
191,133,0.00548566249593774,1.44181401,c(mu = 0.0213542576968749),c(nu = 1.64829408807338),34.4974448554345,1.02624421956647,100.977137327194,0.341636193781699
61,168,0.972900055,1.31825738,c(mu = 0.907939848204569),c(nu = 1.64837085657838),77.7352663538063,0.997110324525969,96.6207666397095,0.804539945782819
103,124,2.3630008,1.58565615,c(mu = 2.36917742379531),c(nu = 1.6513211912975),131.826802968946,0.998693237342862,93.3962359428406,1.41147875648463
129,183,4.24294705,1.377667265,c(mu = 4.31056541957703),c(nu = 1.65284852825791),86.5658146004188,1.04720515910853,94.4549396038055,0.916477369669835
111,128,0.00280988693826957,1.51257885,c(mu = 6.63895080715202e-06),c(nu = 1.65444953520015),16.3215411713502,1.0959365641434,101.527798652649,0.160759332793082
165,20,8.8655677,2.00762305,c(mu = 9.11089813550248),c(nu = 1.65452865032727),149.135924701677,0.996365078690006,97.775340795517,1.52529179124594
200,200,0.0104200416131538,0.838912647,c(mu = 0.0560862194188519),c(nu = 1.65473067924585),7.48490439761519,1.16423367019705,99.1043014526367,0.0755255250065238
67,151,69.2008365,1.5248721,c(mu = 68.8795910220376),c(nu = 1.65579283850596),163.808006766338,1.02186817767672,104.466458559036,1.56804403083854
3,5,7.5474233,2.3065454,c(mu = 7.06525156748988),c(nu = 1.65728212513492),138.878514564227,1.01597504487659,96.2615082263947,1.44272115742881
112,199,0.957339535,0.98176538,c(mu = 1.02274302202053),c(nu = 1.67023422921943),64.7363264357692,1.01969416967003,98.0034801959991,0.660551301916031
91,171,27.8884115,1.424173985,c(mu = 27.8514869675055),c(nu = 1.67096864664412),155.43950801867,1.00999383079792,102.472018718719,1.51689709993266
60,154,0.00210183308041287,1.251531615,c(mu = 1.29909380560969e-07),c(nu = 1.67228341557201),50.7504206736548,1.01529718398368,99.7242822647095,0.508907354569294
25,102,0.00248709542027331,1.775621285,c(mu = 1.85590014278909e-12),c(nu = 1.67282561680194),49.5037181154912,1.0343164382632,100.764642953873,0.491280638369876
117,108,0.00977367079925158,1.75731919,c(mu = 5.42136881698556e-05),c(nu = 1.67387568811477),34.2752249011173,1.10437376738077,102.044263839722,0.335885855915944
188,129,0.00948069958463382,1.528114505,c(mu = 0.0492302163462492),c(nu = 1.67460081302098),36.9457528569696,1.02922415357115,100.990960359573,0.365832275734641
200,200,0.0484959443091517,0.554580717,c(mu = 0.324619271857788),c(nu = 1.67544644780501),18.6228624456908,1.02155230179731,103.319463968277,0.180245441956694
200,200,0.0290151822159281,0.509015369,c(mu = 0.251747133966913),c(nu = 1.6783427381979),16.4037581051514,1.00619221754035,102.804519176483,0.15956261686309
136,143,0.00290889015121218,1.33833111,c(mu = 4.43504722754919e-05),c(nu = 1.68096486073413),44.7137503477066,1.02619443755015,102.175421714783,0.437617477836526
190,195,0.0128645201149546,0.5637855745,c(mu = 0.0745161544392174),c(nu = 1.68382783266368),25.3871752393915,1.07903286947907,100.890100240707,0.251631975573637
143,132,0.00256265550993352,1.602276485,c(mu = 3.85425807310702e-05),c(nu = 1.68540461314354),41.4693383237389,1.0498122487677,101.970973014832,0.406677872120601
50,25,3.30934885,2.0482644,c(mu = 3.23504416705816),c(nu = 1.69205395922421),145.76260267524,1.01177942048987,95.4708666801453,1.52677573529929
149,131,0.00384765048805436,1.5387823785,c(mu = 0.00045762521192687),c(nu = 1.69422344547015),28.8052732026768,1.07338843807571,100.822543859482,0.285702701995133
181,180,0.6315145785,1.052516525,c(mu = 0.93387106487197),c(nu = 1.69663399662449),19.1788333555123,1.10791240605371,99.0465986728668,0.193634446942055
120,154,0.00276070387274312,1.298855,c(mu = 1.84291032502689e-05),c(nu = 1.69783863182558),53.3637272193843,1.0090073084867,101.823620080948,0.524080043284271
199,200,0.0264226881715144,0.713471442,c(mu = 0.137862934753107),c(nu = 1.70307232961635),23.9925988145442,1.03912328595365,102.034348249435,0.235142373388727
189,137,0.00598864545485937,1.44223083,c(mu = 0.0353040403444869),c(nu = 1.70492576047021),33.284458726413,1.08606552052317,101.154658794403,0.329045237491865
197,200,0.227080817424965,0.816287747,c(mu = 0.550686776667092),c(nu = 1.70524718541152),9.29090966291372,1.15411574952001,102.974016189575,0.0902257676908431
198,55,112.085835,1.8847665,c(mu = 113.776870671975),c(nu = 1.70740852684717),168.872307751791,1.00943193452109,104.436635971069,1.61698340990772
34,130,0.00541668614254466,1.48388532,c(mu = 3.57650977122722e-10),c(nu = 1.7085232446586),33.9803510195518,1.03543269673931,101.493754148483,0.334802385670347
200,153,0.00375617027558739,1.35625568,c(mu = 0.0796741837380905),c(nu = 1.71425773956685),52.4927657682924,1.02545671516529,100.265115737915,0.523539671619233
160,131,0.00899223632365918,1.539176835,c(mu = 0.00302171985156948),c(nu = 1.7161931872072),45.7071667128416,1.01600752647761,102.132858276367,0.447526559857553
53,99,0.00849674573872634,2.05948145,c(mu = 1.69629869846958e-08),c(nu = 1.71784438527559),50.4908812861082,1.03289657134605,102.027277469635,0.494876297185673
143,68,2.5818282,1.8611649,c(mu = 2.66375560564733),c(nu = 1.71884799744797),119.90607371737,0.999362060694456,96.0649385452271,1.24817728021466
139,97,2.3180088,1.75144195,c(mu = 2.37121542208836),c(nu = 1.71888966482437),120.986404104388,0.999209121171662,96.0244417190552,1.25995425683771
129,126,0.00287407157770916,1.5261259,c(mu = 5.6928547057806e-05),c(nu = 1.71932103658757),43.1604988963521,1.02983502733713,101.599264860153,0.424811133778976
160,200,1.44898005,1.04510034,c(mu = 1.60813691827944),c(nu = 1.72101019735806),56.4875662354903,0.998816577381101,97.7089388370514,0.578120762622285
166,23,4.3255632,2.143566,c(mu = 4.45677448480688),c(nu = 1.72139956154349),60.9597196554231,1.07296327969596,97.045419216156,0.628156590468667
198,200,0.010736833515584,0.485892487,c(mu = 0.10540581337488),c(nu = 1.72176523292938),19.1148000104204,1.03581697720209,102.299424171448,0.186851491738459
17,13,52.602291,2.1189447,c(mu = 51.960663246582),c(nu = 1.72248650990737),123.829955086225,1.02092459159662,103.581611633301,1.19548202749159
0,121,0.0137574463142618,1.92062091,c(mu = 1.21176565243668e-22),c(nu = 1.72876507965876),22.092832828091,1.05284787303791,100.71993970871,0.219349146673293
54,155,0.71534863,1.42536911,c(mu = 0.637496828512038),c(nu = 1.73043126550915),50.4588890601153,1.01039373064762,99.6960170269012,0.506127431816055
83,173,3.0023256,1.48161225,c(mu = 2.97900091821218),c(nu = 1.73679300852887),91.6786513530085,1.03606453030883,96.7763967514038,0.947324496783134
189,128,0.00766899136847575,1.58739467,c(mu = 0.0404595646717419),c(nu = 1.73770010491736),48.7813072379305,1.00454548403447,101.684375524521,0.479732574314399
173,172,0.00190219644616742,1.10560645,c(mu = 0.00055000284551685),c(nu = 1.74523568914989),46.6944159725911,1.00956424491821,101.450025081635,0.460270127434835
82,151,0.0030757478784315,1.25473167,c(mu = 2.39883640758638e-07),c(nu = 1.75111131382097),40.1952390181684,1.06433998727189,101.607109308243,0.395594750129434
172,147,0.00107674746436266,1.23141285,c(mu = 0.00011754876664484),c(nu = 1.75182634759224),17.7480836140399,1.17563121273346,101.682289838791,0.174544491889178
189,84,56.7347715,1.8125403,c(mu = 57.6679509443333),c(nu = 1.75250620988493),175.382453774335,0.998951451755766,103.399260997772,1.69616738148751
34,121,0.0123340305597472,1.83016641,c(mu = 6.89170592928146e-09),c(nu = 1.75601008480755),16.5341303426382,1.12395067934856,101.928057909012,0.162213728798775
159,156,0.0035068775894486,1.269277655,c(mu = 0.000219907954175318),c(nu = 1.75702546025873),35.074200652597,1.0541531640196,101.64964222908,0.345049917377504
190,200,0.101283682753319,0.5202555925,c(mu = 0.395925254954798),c(nu = 1.75941805742116),4.7809301861959,1.23613873747069,102.904682636261,0.0464597923409874
140,21,35.4741185,2.1355812,c(mu = 35.6898934988468),c(nu = 1.76002345573423),138.760322639507,1.00701134275741,102.734360456467,1.35067101233678
111,117,5.1594954,1.72750655,c(mu = 5.18807114049593),c(nu = 1.76041441336694),124.864491296913,0.9990989774886,98.095424413681,1.27288802758367
59,143,0.00415867125414441,1.523230245,c(mu = 2.92182777639756e-07),c(nu = 1.76199653331558),48.8648340714315,1.02501237354457,101.528555870056,0.481291530768667
75,12,35.477975,2.21951935,c(mu = 35.3072795862865),c(nu = 1.76872724004581),131.247150287568,1.02797852805921,103.005274534225,1.27417892803109
86,61,255.156075,1.898754,c(mu = 254.983275005951),c(nu = 1.77425631866837),209.420424172144,1.01253798992984,105.451775550842,1.98593549590044
138,171,57.8481185,1.56090755,c(mu = 58.1088810098941),c(nu = 1.77887925159998),136.38125696501,1.03688617054735,103.129680395126,1.3224248969112
9,128,0.00815469511801642,1.707334785,c(mu = 2.92839253869418e-17),c(nu = 1.78107931423496),48.830808157111,1.03421516614267,101.322449684143,0.481934737161738
62,155,4.5230189,1.6246619,c(mu = 4.4300393929287),c(nu = 1.78135855411733),115.380239044041,1.00951066993255,98.1128399372101,1.17599530416082
103,197,1.49402885,1.324525885,c(mu = 1.50743001484581),c(nu = 1.78181176908177),86.7303243629716,0.998980452241313,97.6937618255615,0.887777507409677
160,111,7.23855365,1.7667727,c(mu = 7.40972631176264),c(nu = 1.79254544046278),145.38412553493,0.998050934876178,98.9889073371887,1.46869108313019
181,126,0.00965794923803619,1.79360317,c(mu = 0.0269585894557399),c(nu = 1.79440936649901),30.2092358407067,1.01530676952465,100.352403402328,0.301031513112777
47,122,1.161945765,1.70981872,c(mu = 1.08705332367912),c(nu = 1.79606770303862),57.5313463837858,1.0044962625659,98.0414078235626,0.586806612235928
200,157,0.00121718196744556,1.2827971,c(mu = 0.0839500763258656),c(nu = 1.79719571244828),43.1423187290039,1.07606889427315,101.574663162231,0.424735041061358
151,168,0.6221852745,1.28888614,c(mu = 0.792798318405301),c(nu = 1.79845425809895),23.498409467281,1.02845651350945,101.105812072754,0.232414032245465
98,131,0.00485683452198195,1.63590368,c(mu = 4.84907968316904e-08),c(nu = 1.7988154318618),34.4378880123846,1.00744222972762,101.441492795944,0.339485225061292
194,200,0.00186820980417651,0.4859804005,c(mu = 0.0201501396740083),c(nu = 1.8071351250237),15.1153450594259,1.01338446491118,100.98948264122,0.149672467509566
191,200,0.0216505034892356,0.5098870385,c(mu = 0.121066750304033),c(nu = 1.81018106863685),6.24057415082299,1.14619998749853,101.987846136093,0.0611893905720445
197,199,0.00443339342543199,0.571868051,c(mu = 0.0380686380141797),c(nu = 1.81219686162607),6.53889941270737,1.13742414042945,100.719451189041,0.0649219126545324
133,154,61.2324395,1.6623014,c(mu = 61.4549649992566),c(nu = 1.81910205136808),179.810330044934,1.00015671916887,102.836888074875,1.74850030384054
81,131,0.00707665448170204,1.592407525,c(mu = 1.74873001607105e-08),c(nu = 1.82054549367998),26.3162509032637,1.04179197407043,101.31284403801,0.259752365587433
79,147,0.00386501923997013,1.484231205,c(mu = 1.45664820009578e-07),c(nu = 1.82055760738681),38.2247598185955,1.03404534284602,100.897501945496,0.378847435085602
182,93,309.778615,1.853049,c(mu = 311.425240923602),c(nu = 1.8228571333898),145.655342043603,1.0102204593642,104.506579399109,1.39374327320913
200,200,0.00687322818734126,0.335407181,c(mu = 0.374415323496988),c(nu = 1.83195355941235),37.4124274091659,1.07309745522827,101.283992052078,0.369381445687183
99,153,223.730975,1.6621293,c(mu = 223.703073871533),c(nu = 1.83294697181301),152.821694044143,1.03170551682424,103.814348936081,1.47206716229793
125,126,0.00710763526456335,1.90894387,c(mu = 6.84924917403077e-05),c(nu = 1.83391744523294),3.19381482213182,1.50334751593652,101.245410442352,0.0315452800100043
156,94,2.4826032,1.85838015,c(mu = 2.58006075249471),c(nu = 1.83527506638565),132.017372351841,1.0294061005213,97.4533865451813,1.35467198249325
30,130,0.00374670091896847,1.592465185,c(mu = 1.39281455001837e-15),c(nu = 1.83640654179293),13.5971585625301,1.19591062538218,101.018551111221,0.134600609620302
200,200,0.0581973741161145,0.4642882405,c(mu = 0.508248019991649),c(nu = 1.83890933932733),11.5387086682249,1.31373681294921,101.953086853027,0.113176648440854
200,200,0.00648567269739461,0.440523893,c(mu = 0.12877524227931),c(nu = 1.84046653979432),12.9815877539096,1.07457179716742,101.027830600739,0.128495164913644
117,13,5.10722,2.3390278,c(mu = 5.13677036489685),c(nu = 1.84611942326026),202.407527132509,1.06294216132904,97.8763098716736,2.06799303526959
128,152,0.00208016486609858,1.364912205,c(mu = 2.15974880451604e-05),c(nu = 1.84612010465265),33.5306582279085,1.00965400795334,101.049943208694,0.331822633078169
148,140,0.00760772496417165,1.74719357,c(mu = 0.00399916049572268),c(nu = 1.84684184551363),45.864480303675,1.01572067664299,100.793721437454,0.455033107713315
90,19,28.9458815,2.2562722,c(mu = 28.8690586217023),c(nu = 1.84688994239924),168.027518324005,0.998485087340444,101.603773593903,1.65375273359029
161,149,0.00115075533841415,1.34949994,c(mu = 5.39105163238408e-06),c(nu = 1.84826250088452),24.0229852145079,1.06405586667886,100.772402048111,0.238388534224269
7,73,2.3054141,1.961768445,c(mu = 2.09946004945417),c(nu = 1.85008295534218),124.968651480378,1.00062799305878,96.7430577278137,1.29175833817427
179,135,0.00314207165511674,1.43060122,c(mu = 0.0084548090134424),c(nu = 1.85353066067722),54.7345286683038,1.03636571058732,100.605958461761,0.544048578286816
164,128,0.0131793280820458,1.61591015,c(mu = 0.0123389429745977),c(nu = 1.86122129532921),29.2234682304436,1.06447795051303,103.16352057457,0.283273273999214
165,115,0.00717395517269911,1.79111655,c(mu = 0.00285380645568813),c(nu = 1.86243361431732),39.4737102139567,1.03133943707724,105.154588460922,0.375387425234668
88,162,21.583859,1.6679047,c(mu = 21.5364390037972),c(nu = 1.8632128897781),184.602126230281,1.013669726254,106.651705980301,1.73088770154674
139,66,2.7406367,2.01583075,c(mu = 2.80740164475529),c(nu = 1.86677112472992),133.104352231386,1.00115848827317,97.9922380447388,1.35831525932305
181,199,0.0553384499595769,0.708527786,c(mu = 0.165492687912467),c(nu = 1.86820895095021),21.6747007064207,1.02873192372512,108.425893783569,0.199903362103575
125,84,14.602915,1.9524933,c(mu = 14.6863805243447),c(nu = 1.87178625606333),176.889986190679,1.00340325855771,103.871267557144,1.70297321242724
200,200,0.0095490333025858,0.529801865,c(mu = 0.187615738917264),c(nu = 1.87320732418313),22.7521216235197,1.05200542473492,106.300490856171,0.214035903694032
135,177,0.0295956533269322,1.020321845,c(mu = 0.0164139048000098),c(nu = 1.87562205317564),13.0848477350073,1.23686511804016,104.640771150589,0.125045406213385
58,90,103.53315,1.9403296,c(mu = 103.107140631606),c(nu = 1.88206647587622),149.980227972258,1.00190355221295,110.125949859619,1.36189724731947
83,156,0.00183105654440118,1.50048403,c(mu = 2.5556291908199e-07),c(nu = 1.88254510068187),33.5300343782118,1.13039236222007,105.092472076416,0.319052675379366
82,168,8.58882835,1.6675565,c(mu = 8.53615389724083),c(nu = 1.88586507139143),186.458185625732,1.00338363670885,101.157941102982,1.84323824301557
91,139,0.0093444207359266,1.656907855,c(mu = 1.19465933124431e-06),c(nu = 1.88761427649327),19.9449104590003,1.11308520626894,106.634631156921,0.187039709732289
57,156,0.00242957901782107,1.431642245,c(mu = 3.18042852152208e-10),c(nu = 1.88997558712522),49.4642868390715,1.01730866294382,103.775902986526,0.476645207755924
72,158,0.00251168388293963,1.41861642,c(mu = 5.61315564154388e-07),c(nu = 1.89014910011005),41.2349054368907,1.02750932456655,106.133452415466,0.388519401738426
196,191,0.0240174795735567,0.68077616,c(mu = 0.167069866534752),c(nu = 1.89136535173144),18.8270304142685,1.04490988633524,106.027125597,0.177568054479081
9,155,0.00190980694679489,1.269170975,c(mu = 1.53501017879009e-16),c(nu = 1.89447928164544),46.2536188948744,1.02072214413675,106.192838907242,0.435562504692773
36,169,0.00227725507833501,1.11927286,c(mu = 1.76476275677619e-11),c(nu = 1.89656730416064),57.6088187406588,1.03934229058838,107.018844604492,0.538305369989396
190,134,0.0094207924394888,1.704249315,c(mu = 0.0833961628043255),c(nu = 1.90065260435046),25.3354600984856,0.997788988221421,106.711512088776,0.237420120871387
63,134,0.0127352612268587,1.67967141,c(mu = 2.56433877020322e-09),c(nu = 1.90437354264043),36.4187913576758,1.0256231917971,105.764687538147,0.34433790904493
185,161,0.00339836020452872,1.333792735,c(mu = 0.00234287566004036),c(nu = 1.90447648320567),40.308990706707,1.06526349892375,105.275903701782,0.382889049529238
179,187,0.810110745,1.25960895,c(mu = 1.0136564950835),c(nu = 1.90499560794967),31.9916714746882,1.20683572457079,104.308593511581,0.306702165158963
138,83,2.8766501,1.96186525,c(mu = 2.93653430335929),c(nu = 1.90588212049873),102.10309169759,1.01219627467083,98.6835970878601,1.03465109410924
116,131,0.00543967390970852,1.68917055,c(mu = 4.19420021444446e-05),c(nu = 1.92933718618003),28.0252787830668,1.01622740312149,107.20760512352,0.261411294010134
65,162,42.0821105,1.7044403,c(mu = 41.847093031981),c(nu = 1.93606644589799),98.1472109316131,1.01469476999526,109.001558065414,0.900420257045433
187,113,13.0918225,1.92290135,c(mu = 13.4878846204904),c(nu = 1.94629840192619),146.959321632764,1.05263778684395,102.97016787529,1.42720289444173
127,150,0.00451568626599825,1.41429618,c(mu = 5.26497754436515e-05),c(nu = 1.94907097797923),42.2398366092455,1.09551153924679,105.887272119522,0.398913257124676
129,132,0.0111356294445006,1.63570617,c(mu = 0.000572875536246684),c(nu = 1.94930480541553),17.7006860933433,1.11910238680233,105.752912521362,0.167377764558188
82,199,149.87182,1.43419333,c(mu = 149.74853474192),c(nu = 1.95252518532404),177.548704635709,0.998943615592912,110.149882316589,1.61188283547507
135,95,5.68693275,1.9681206,c(mu = 5.74944055182539),c(nu = 1.95454778822039),154.103849053319,1.01968696403473,99.2447149753571,1.55276630187898
200,200,0.00623474611184154,0.3200021405,c(mu = 0.301699317391201),c(nu = 1.96489721081836),15.3080572435743,1.02072370346087,107.421431064606,0.142504685441844
77,61,0.1552078901805,2.604704065,c(mu = 0.0695315531005545),c(nu = 1.971495292546),1.38152720148895,2.17707110938349,104.69535279274,0.0131956879139028
188,153,0.00650243081648464,1.453861375,c(mu = 0.0390417380322891),c(nu = 1.97251194756034),17.5051346420552,1.13604185606035,105.160401582718,0.166461276094366
3,149,43.4937065,1.8006663,c(mu = 42.4383027271391),c(nu = 1.98083727283749),118.767236414055,1.01071686818176,108.763368606567,1.0919782821703
96,145,89.6857945,1.85314375,c(mu = 89.6430390805402),c(nu = 1.98866676835767),197.803992395668,1.02274153876208,109.574656963348,1.80519837230092
99,54,1.049310075,2.30446195,c(mu = 1.058671275394),c(nu = 1.98969675813826),73.1880927816185,0.997538356585852,97.9674146175385,0.747065675534486
200,200,0.00994502940574387,0.4711455055,c(mu = 0.174567006885976),c(nu = 1.99828643312257),18.3239365609789,1.0653113961909,106.195224761963,0.172549534143857
98,155,0.00502520153138798,1.50476823,c(mu = 1.4671364808315e-07),c(nu = 2.00355787495972),50.9870136161618,1.00495674965276,106.659554004669,0.478035128610511
149,148,0.0131814329121101,1.708617085,c(mu = 0.00130955948202485),c(nu = 2.00530819794418),37.885702677758,1.0071758167193,106.609182596207,0.355369976161003
15,12,0.87780803,3.55490975,c(mu = 0.742290509525708),c(nu = 2.00589809276273),68.2034204850232,1.00041448648457,99.5186719894409,0.685332904083163
168,154,0.00458534390463503,1.50683982,c(mu = 0.00316093938324697),c(nu = 2.01253543399202),14.1446956284298,1.10708451869555,106.620665073395,0.132663734733722
81,164,0.00486844784030573,1.379227725,c(mu = 2.39765707470093e-06),c(nu = 2.01919683996336),46.5752620701964,1.04897183090786,106.504730463028,0.437306980335156
165,80,8.1819326,2.1120428,c(mu = 8.36409271123846),c(nu = 2.0193334471875),167.944490638472,1.04155483535737,102.310375213623,1.64151964341647
9,146,0.00335149909510098,1.52328382,c(mu = 1.7380182384755e-20),c(nu = 2.01977379456448),20.8403035366702,1.00494456847343,105.590425252914,0.19736925470991
133,29,131.09835,2.40562615,c(mu = 131.369889094263),c(nu = 2.02447507458964),202.491357874692,1.01418627986952,109.768295288086,1.84471624837806
186,200,5.66960635,1.37889933,c(mu = 5.96569950397703),c(nu = 2.02891737040393),148.953431964451,1.06001637607696,103.707090616226,1.43628975684663
56,136,0.00867313940828186,1.68555388,c(mu = 7.77503413620832e-08),c(nu = 2.03290846089972),35.6933540585718,1.047647028446,106.124043703079,0.336336166744993
196,159,0.00707205678302785,1.35648808,c(mu = 0.0713398009246859),c(nu = 2.03760158654152),44.609775338624,1.02556856497443,107.087121963501,0.416574603189248
166,151,0.00466485200579952,1.447302705,c(mu = 0.00204642463505035),c(nu = 2.04004866534491),48.6256437795506,1.03952442894604,106.653745889664,0.45592063714157
160,151,12.9503505,1.8690827,c(mu = 13.1866660884755),c(nu = 2.04203355567596),207.055836523133,1.01794131820582,103.621631622314,1.99819123942982
16,148,0.00714936793822141,1.590986585,c(mu = 4.71119780000527e-13),c(nu = 2.05131304681417),41.0430055594536,1.04858203093158,105.918936252594,0.387494502980797
193,155,0.00313901996427249,1.41896979,c(mu = 0.0272848971170067),c(nu = 2.05222842467972),40.5536439276715,1.04577425220705,106.980045080185,0.379076713767275
37,91,21.0790105,2.08468895,c(mu = 20.8301321027235),c(nu = 2.05290041196213),192.105144542866,1.00786791493958,106.604295015335,1.80203944423845
190,149,0.00656545320779592,1.5822591735,c(mu = 0.0366753159452456),c(nu = 2.0576104684738),34.2391904318642,1.03984406079125,107.204609632492,0.319381699623174
200,185,0.000735674309417628,1.02251805,c(mu = 0.0317339635396586),c(nu = 2.05812779681767),51.4322170548444,1.03283323218111,106.507335186005,0.482898355920962
186,148,0.00772343767809791,1.587786955,c(mu = 0.0209707473839372),c(nu = 2.05838012709811),31.7827180843696,1.0045543872413,106.966389417648,0.297128081609584
86,104,9.8262481,2.055266,c(mu = 9.76844991411555),c(nu = 2.05900079533086),148.638816951314,1.00598327094969,102.989838123322,1.44323769859053
38,134,0.006569206469296,1.74652658,c(mu = 1.9519453007551e-08),c(nu = 2.06288688638132),46.7674996168232,1.01759287097567,106.95050740242,0.437281699289675
74,109,10.16426265,2.03684295,c(mu = 10.0824303063789),c(nu = 2.06721789813155),143.879785786267,1.02388756869328,103.644369363785,1.38820648598149
187,200,0.30012123575,1.372400795,c(mu = 0.452265029372045),c(nu = 2.07451007265178),11.5298509983946,1.08429878977651,107.85492515564,0.106901478831463
198,137,0.00338106855550231,1.715329875,c(mu = 0.076575509583423),c(nu = 2.07736489444336),34.6234749855691,1.04925457027827,105.889224290848,0.326978266367012
155,163,0.00320639235403292,1.401130235,c(mu = 0.000187043165054616),c(nu = 2.07852201309102),38.1844894584181,1.0335395056856,106.886574029922,0.357243085064439
143,107,27.165946,2.0493261,c(mu = 27.3592941672415),c(nu = 2.0786228249639),185.82969470419,1.00577200572702,106.950588703156,1.73752848822521
63,179,19.0394515,1.7524587,c(mu = 18.9072752797523),c(nu = 2.0791329653021),157.669634455703,1.00412466149619,106.115571737289,1.48582938276058
34,146,0.0074060193681223,1.643247535,c(mu = 1.43800724477052e-08),c(nu = 2.07991165468317),57.0223509642247,1.0312466628815,106.169932603836,0.537085684861445
108,26,20.642352,2.52190335,c(mu = 20.6811808422514),c(nu = 2.08688398833086),132.784445838055,1.00541622258989,106.028163194656,1.25235071359557
136,177,0.45168885725,1.268817435,c(mu = 0.605076507100128),c(nu = 2.08864681036576),24.4852073728425,1.00800081528744,106.821137428284,0.229216875632701
187,164,31.3659805,1.8545279,c(mu = 32.0319426688315),c(nu = 2.08951198344201),170.622584226674,1.00395827314566,107.754469633102,1.58343857853539
133,148,0.00534247651351435,1.62622156,c(mu = 4.75358673958369e-05),c(nu = 2.09750690024822),44.0024808166886,1.07799024808257,105.536501646042,0.416940870034409
189,154,0.00409838855944678,1.61509587,c(mu = 0.012621082309595),c(nu = 2.098166309244),41.3575215586919,1.06439523911645,106.764151573181,0.387372736534543
200,200,0.0126916794681984,0.4877890515,c(mu = 0.201610233648713),c(nu = 2.11176138486077),19.5402603180943,1.02382077065303,107.430170536041,0.181888013586824
157,164,0.3100893384045,1.29882314,c(mu = 0.531392481325673),c(nu = 2.11587693400741),28.2679764221339,1.00182057308467,107.494541406631,0.262971273259369
185,160,0.00582125559932605,1.43282445,c(mu = 0.0171481858500304),c(nu = 2.11726371905547),27.4052582973027,1.11954715710493,107.090099811554,0.255908420531194
178,155,0.00463518145063555,1.53945664,c(mu = 0.00858275670597984),c(nu = 2.12603922561053),34.3207721156467,1.02076570164972,106.1402323246,0.323353090190026
200,200,0.00958177854152163,0.62862727,c(mu = 0.249473553685197),c(nu = 2.12886759492112),2.26019524746037,1.43712728270019,107.15301656723,0.0210931555626553
133,57,5.9126224,2.30951805,c(mu = 5.9846097394048),c(nu = 2.13187636655377),126.161081361716,1.02120635863597,103.451470136642,1.21951946352312
93,170,0.00496143277743441,1.33633401,c(mu = 1.42601590153058e-06),c(nu = 2.1346632047426),30.2061743591446,1.03489230309465,106.750885725021,0.282959472926084
176,185,25.475468,1.7743701,c(mu = 25.8887886706747),c(nu = 2.13921618423334),150.298646103111,1.01732136490757,107.080778837204,1.40360060633862
174,154,0.00483438333766094,1.460733381,c(mu = 0.00095390027476304),c(nu = 2.14648630843463),22.9582379333683,1.04253444161658,106.89565038681,0.214772423857212
45,153,0.00456296976282818,1.58720842,c(mu = 5.37028844642703e-07),c(nu = 2.14901221077689),51.2968727638226,1.06438764390425,106.671494245529,0.480886417937963
59,146,0.00993967394550152,1.588340245,c(mu = 8.54766560763602e-09),c(nu = 2.15430266151449),28.3711577934765,0.998571602743133,107.087069511414,0.264935420522014
25,142,0.00528464925187675,1.75867027,c(mu = 8.28677630692208e-11),c(nu = 2.15614264057584),43.0988166812984,1.00848015272163,106.843003034592,0.403384549827233
120,19,108.565845,2.6010683,c(mu = 108.726211350982),c(nu = 2.16028095285135),108.186743473137,1.0020149732965,108.771423339844,0.994624692324936
194,188,1.070701115,1.574102075,c(mu = 1.31746413515505),c(nu = 2.16155719433855),24.9259945833916,1.07237971126848,103.871004343033,0.239970670747284
120,180,6.128675,1.80162135,c(mu = 6.18422136812924),c(nu = 2.16486479402464),99.1582725636501,1.03656869334364,103.642828464508,0.956730668515153
125,148,0.00513648697884519,1.47444586,c(mu = 4.23007063523435e-06),c(nu = 2.16506149108321),32.4488150458605,1.04013226935917,106.870746850967,0.30362672669548
29,153,0.00442391891743856,1.655345235,c(mu = 5.12094196163442e-11),c(nu = 2.16972265070011),53.4900954963969,1.02366105227922,106.608172893524,0.50174479164764
24,54,2.34467425,2.42573995,c(mu = 2.20587734422804),c(nu = 2.17121413943365),139.044828871521,1.01420393867829,102.442641973495,1.35729444490016
64,15,64.427694,2.69968335,c(mu = 64.2018168796959),c(nu = 2.17594499848889),123.272899903381,1.00461380881667,108.020822763443,1.14119571347219
69,134,0.0091411712216522,1.792565315,c(mu = 7.04495922131985e-07),c(nu = 2.19145520726013),25.5557819251783,1.02452040060907,106.395085811615,0.240197014084164
29,64,16.639482,2.321665,c(mu = 16.3764755483315),c(nu = 2.19191211444819),177.562129799446,1.01032000061708,105.679253816605,1.68019855730233
103,171,0.00350236650584792,1.34576507,c(mu = 6.67960023167544e-07),c(nu = 2.20087118464318),34.8768536951919,1.01620117922037,106.951016664505,0.326101188963891
47,162,0.00348965263847916,1.492313765,c(mu = 1.5767710372098e-10),c(nu = 2.20653374833148),28.2327707089191,1.04437675502206,106.591568470001,0.26486870504082
200,200,0.0171775203824482,0.5054453295,c(mu = 0.348295079335537),c(nu = 2.21008039580546),38.9644835475033,0.997451759412624,107.128630399704,0.363716808495771
83,168,0.00330663845678421,1.49360737,c(mu = 6.22912459209369e-08),c(nu = 2.21032733400831),31.3563050894177,1.05698791073536,106.828271865845,0.293520662103334
196,189,69.65166,1.81544695,c(mu = 70.9904415567604),c(nu = 2.21711581147893),114.340678148848,1.1091362531058,107.886516571045,1.05982361636037
84,1,5.7946077,3.09084545,c(mu = 5.76931928260704),c(nu = 2.22023526969628),130.360793732244,1.00865511630596,104.110180616379,1.25214261430006
99,118,8.54666375,2.125959,c(mu = 8.55802451710767),c(nu = 2.22301821712121),151.122338745133,1.00429308880495,104.397237539291,1.44757028353606
138,105,2.5886996,2.22936545,c(mu = 2.6471922318627),c(nu = 2.22987188996035),120.207608592796,1.01852674117351,101.735293149948,1.18157234201528
48,30,0.97255527,2.8245635,c(mu = 0.925065414388769),c(nu = 2.23602751174966),76.9953336584277,1.00899218518513,102.829046010971,0.748770280823308
59,140,0.00683327282626969,1.715856995,c(mu = 3.67571236275773e-09),c(nu = 2.23833977066957),38.2463484533937,1.02630626831361,106.452324867249,0.359281476483382
193,147,0.014669063742876,1.724864345,c(mu = 0.0591143722811279),c(nu = 2.24151677005507),48.5387025368859,1.05791012374634,103.587948083878,0.468574804644098
4,171,0.00338402202736018,1.313140435,c(mu = 3.36998297395266e-20),c(nu = 2.25118588891245),20.9413456058739,1.10863734047968,105.631781578064,0.198248531767855
200,153,0.00573994050357704,1.608862605,c(mu = 0.16709510900381),c(nu = 2.25340015274186),17.598464907103,1.12392663880377,104.774447917938,0.167965236341656
170,146,0.00633076462561475,1.67821741,c(mu = 0.00377099264407336),c(nu = 2.25708184448356),44.4420188053943,1.09235153675532,105.932679653168,0.41953077134366
32,105,14.5683025,2.2414637,c(mu = 14.3131560686745),c(nu = 2.25709529060915),146.705464483404,1.07122724691732,102.771291971207,1.42749460155182
41,121,69.127846,2.20302165,c(mu = 68.7587080007188),c(nu = 2.25726965297619),160.42309800583,1.00692575629237,109.632745265961,1.46327721354287
72,148,0.0107219027634572,1.78628745,c(mu = 1.75408877697556e-06),c(nu = 2.25979380319862),58.7870181940266,1.04416165236773,106.702975988388,0.550940755395839
195,165,0.00338158539411306,1.45646571,c(mu = 0.0176978862827767),c(nu = 2.26473155039575),21.3188905947567,1.14324719706852,104.032296180725,0.204925694975736
35,113,93.239097,2.2267611,c(mu = 92.6211864766074),c(nu = 2.26538623908842),55.4920588171479,1.02146018981642,110.145725488663,0.503805831510545
19,166,38.4255405,1.97618965,c(mu = 37.8298822369528),c(nu = 2.27226024895089),151.966632871534,1.00890118206866,108.217450618744,1.40427104873244
61,53,0.257994495357,2.45655182,c(mu = 0.223969404359897),c(nu = 2.28379672691395),4.04638959134527,1.21409914251299,105.289786815643,0.0384309790505158
30,30,0.964531275,3.13347545,c(mu = 0.871045624974866),c(nu = 2.28805394246519),59.7744354546377,1.00331494936522,97.4714071750641,0.61325097469127
168,185,0.65826371,1.49136971,c(mu = 0.839951610913304),c(nu = 2.29177100761597),34.5025505403019,1.03250663263484,102.297840595245,0.337275453123353
100,171,0.0034097037491104,1.41202497,c(mu = 1.03897809239286e-06),c(nu = 2.29205777319294),58.2066532969358,1.01373310286089,106.875723838806,0.544619967998769
173,159,0.000662064853845107,1.621027035,c(mu = 0.000124602333403378),c(nu = 2.2993927681714),29.8005797546516,1.00618282925316,106.165561914444,0.280699119538096
21,16,7.52826365,2.77438675,c(mu = 7.35567694880077),c(nu = 2.30316439697279),145.563385577407,1.03595836824039,100.10555434227,1.45409899114801
35,31,29.053612,2.7180694,c(mu = 28.6995040485044),c(nu = 2.30874187170648),182.85138194297,1.00609711832551,106.317524671555,1.71986116595406
200,200,0.00371322293201475,0.546809512,c(mu = 0.0903616625659487),c(nu = 2.30963250037718),25.9051075498836,1.03123559295477,105.911941289902,0.24459099922431
200,200,0.0147216626598856,0.58079873,c(mu = 0.261156480847974),c(nu = 2.32567177537721),22.0228373895645,1.00129196848694,106.709452629089,0.2063813171839
52,159,0.00245993177927992,1.69807849,c(mu = 1.12237655124286e-06),c(nu = 2.33661864108781),45.5748514269104,1.04419127296895,105.512887716293,0.43193634837721
191,200,0.385836239,1.30834972,c(mu = 0.616197018486548),c(nu = 2.33934936000424),25.3121115041147,0.999147915374131,107.256059408188,0.235997030319598
190,146,0.00769875293370606,1.788011685,c(mu = 0.0577285774059633),c(nu = 2.36496414500159),27.3435225694125,1.12827060507242,106.231716156006,0.257395094034416
131,168,0.00401728192350152,1.49866298,c(mu = 5.13680812582785e-05),c(nu = 2.38407445901218),26.6958854255863,1.10764737755716,105.854316473007,0.252194585115419
176,185,0.0239593325573796,0.8012192965,c(mu = 0.0971483326742788),c(nu = 2.3969835897027),10.126509778948,1.04088737891932,105.630421161652,0.0958673615761779
195,200,0.0116249334851605,0.626327122,c(mu = 0.124245907641311),c(nu = 2.40846473503585),14.1938338255204,1.01572267353926,105.936486244202,0.133984374305196
100,152,0.00658295575415252,1.70867859,c(mu = 8.81739684349884e-06),c(nu = 2.42616390399176),29.5130433419991,1.01641051863102,106.624708414078,0.276793660503014
14,159,0.0118914413706734,1.520860275,c(mu = 1.82900118112195e-16),c(nu = 2.4275560794681),55.0720530560672,1.01526633856103,104.818217992783,0.525405355201319
200,200,0.00675950193713144,0.3832711835,c(mu = 0.352097034401008),c(nu = 2.44950255295659),36.7510817879275,1.00832667931799,107.214099645615,0.342782170529851
198,198,0.1643033671323,0.827221635,c(mu = 0.615225523936006),c(nu = 2.45721193950425),12.1775039555425,1.04745130663064,108.473560333252,0.112262416003778
83,66,1.078439875,2.7260384,c(mu = 1.07945992791918),c(nu = 2.46279169111443),50.6354039490902,1.06539192311404,99.9799430370331,0.50645561910687
1,176,0.00591457450461436,1.5041637,c(mu = 1.42453478386328e-15),c(nu = 2.46417820465745),16.6333995941381,1.08610498202284,105.483992815018,0.157686480671122
138,157,0.00568913319903168,1.664320324,c(mu = 0.000220983892648796),c(nu = 2.4702238535917),38.7799920849002,1.12308622465762,107.14743065834,0.361931143347314
120,165,0.00532074159685814,1.56232004,c(mu = 8.44879999777098e-05),c(nu = 2.47159891654159),33.195318353426,1.02318297866296,105.625155448914,0.31427474082612
105,138,81.2613505,2.2955457,c(mu = 81.2880486853801),c(nu = 2.47536749217347),130.334826809822,1.01719117793193,109.651157140732,1.18863156767734
90,176,0.00134028168441913,1.473758935,c(mu = 1.31117841943029e-07),c(nu = 2.48516936843042),40.8827220495867,1.13631357339012,106.38476896286,0.38429112031873
146,176,0.00270062633623541,1.328878965,c(mu = 0.000747666762243628),c(nu = 2.50533110492402),39.6052592490415,1.02851930780815,107.171473264694,0.369550385401754
44,145,30.9608395,2.28640085,c(mu = 30.7109714822087),c(nu = 2.51281021257255),174.47072727286,1.01343733991724,107.741330862045,1.61934817285909
55,122,4.96956755,2.47115165,c(mu = 4.86485647816612),c(nu = 2.53496589744721),119.880491523718,1.0085561197641,101.733874797821,1.17837339590142
80,103,2.7033784,2.54450995,c(mu = 2.68536536485509),c(nu = 2.54454349603362),126.135131779431,1.00543662180224,99.8599369525909,1.26312048283501
140,55,9.2539439,2.7992866,c(mu = 9.33313847974622),c(nu = 2.54505467198464),167.755327698189,1.02111108643448,102.903454303741,1.63022056774716
70,161,18.8461395,2.32195765,c(mu = 18.7221319437839),c(nu = 2.5503092932953),170.781681439945,1.00317329955667,105.368496417999,1.6208040092216
42,166,0.0055692067330099,1.594287465,c(mu = 4.99237053461454e-11),c(nu = 2.55048793157625),52.692199783369,1.10708088053687,106.808542490005,0.493333197466856
200,200,0.0170061251303097,0.73817299,c(mu = 0.225490018750443),c(nu = 2.55282925714693),14.4218414419694,1.08154431315928,106.022055387497,0.136026804887524
200,200,0.0275082526767873,0.7992567245,c(mu = 0.341144450791199),c(nu = 2.55516887571814),25.2528802784864,1.00767421400753,107.042224884033,0.235915128874093
171,34,66.3204315,3.0557481,c(mu = 66.8774543350576),c(nu = 2.55994960662196),169.545519375846,0.999199222152232,109.178549528122,1.55291969080588
197,157,0.00723699409520144,1.76410152,c(mu = 0.0790209405817312),c(nu = 2.56380294785804),41.325425172884,1.03852113805095,107.158151626587,0.385648917470043
199,193,0.00376623931829979,1.288724565,c(mu = 0.267282279178541),c(nu = 2.5809853820849),37.0212462175568,1.10258904173203,106.40127158165,0.347939885184056
126,20,53.0703065,3.16918945,c(mu = 53.1941218533813),c(nu = 2.58291969779398),138.333586446298,1.028840511914,108.714887619019,1.27244381589278
0,182,30.8874555,2.1824912,c(mu = 29.7611571222093),c(nu = 2.60668974633806),140.077001532333,1.01059942969026,107.769006967545,1.29978929447237
200,200,0.0136233603055903,0.577704384,c(mu = 0.353572461678168),c(nu = 2.60682442771234),8.76552765650108,1.15159847671717,107.379801750183,0.0816310657463673
47,47,64.1203655,2.9390002,c(mu = 63.8106858689485),c(nu = 2.61770065636997),150.182082124494,1.00935540599665,108.888247251511,1.37923133042634
189,176,0.00821746581174083,1.518265275,c(mu = 0.0548445099119619),c(nu = 2.62147576672735),29.9576238713308,1.04381947301953,107.245111942291,0.279337895487965
131,20,7.21729235,3.207358,c(mu = 7.28403902648346),c(nu = 2.62177631934113),135.757532971404,1.01239982301267,102.521452188492,1.32418659776498
87,173,0.0016348562588141,1.54145393,c(mu = 1.50021174818629e-06),c(nu = 2.62784308618633),53.4952492564835,1.00170351292505,106.942140817642,0.500226092796325
187,166,0.0134170307419184,1.678317165,c(mu = 0.0791192487718204),c(nu = 2.64067732915369),47.7342690925069,1.02097373224358,105.918074369431,0.450671609889877
140,155,0.00511286498840405,1.74553353,c(mu = 0.000321105692122468),c(nu = 2.64308157979414),42.8000071307882,1.032251303227,106.831039428711,0.400632694015384
50,156,95.5249135,2.39133655,c(mu = 95.1236381020028),c(nu = 2.65588221642667),152.587037067646,0.998972023063155,109.289666175842,1.39617076716238
185,177,0.00159023987236937,1.338376,c(mu = 0.00407048028511313),c(nu = 2.66623791921188),39.0058273774935,1.03009855593045,107.505769968033,0.362825431500951
179,177,2.9742331,2.29117125,c(mu = 3.11425018594763),c(nu = 2.67381811145451),155.325111111948,1.0059885890597,101.43372130394,1.53129658574318
200,200,0.0209147098747894,0.5377549545,c(mu = 0.416950411870355),c(nu = 2.70004672987202),14.2307020750882,1.01373374284904,107.291352510452,0.132636058192126
187,125,32.066604,2.6091538,c(mu = 32.6316124183331),c(nu = 2.71042557186223),127.548703710325,1.00760139450308,107.348479270935,1.18817429530983
197,140,0.0162183153964831,2.0634618,c(mu = 0.202412361180262),c(nu = 2.72530687266025),7.22395547848625,1.15582440347719,106.225298881531,0.0680059793151805
23,90,101.3230455,2.845656,c(mu = 100.555388299065),c(nu = 2.7260459772436),152.531519755886,1.01813676370095,109.159762620926,1.39732366664789
43,139,0.9778478,2.3867487,c(mu = 0.913165825388312),c(nu = 2.72623283740454),21.6316955851522,1.09078879882017,101.514817476273,0.213089045746531
91,114,3.72939665,2.6885838,c(mu = 3.6999509948931),c(nu = 2.73420111977116),145.544011776813,1.02007386429178,101.947566747665,1.42763595463789
178,182,0.0084921993407561,1.44940368,c(mu = 0.0125676693273037),c(nu = 2.73658272565641),39.5992686749075,1.0155050161741,106.838163852692,0.370647222368094
195,180,0.00756261657900321,1.45879598,c(mu = 0.134239457183565),c(nu = 2.74934919295811),55.426238942556,1.02298042269768,106.847140312195,0.518743307313673
44,116,360.07498,2.67257,c(mu = 359.184379544161),c(nu = 2.75188391412271),162.488052744517,1.00826877382406,110.853971004486,1.46578468296766
18,160,4.56293285,2.4260824,c(mu = 4.38409405043663),c(nu = 2.76574779131107),132.543098671444,1.01299674912142,102.780649662018,1.28957249353158
76,103,0.730499095,2.72696782,c(mu = 0.719392235649613),c(nu = 2.78345735152153),40.2177315093514,1.01488208145687,104.235768318176,0.38583426935165
89,44,12.602457,3.24637605,c(mu = 12.5739220595874),c(nu = 2.79153158835102),158.829996020376,1.00767546202378,104.349033355713,1.52210318498058
200,191,0.00304042919253887,1.265963645,c(mu = 0.0981209589413731),c(nu = 2.79531016262205),37.9456957349715,1.05802847633968,106.213588237762,0.357258391930314
177,163,0.00815258479224351,1.92511065,c(mu = 0.0101497189522776),c(nu = 2.81038061040133),41.9792569359521,1.05504484311414,106.370514154434,0.394651255281181
177,186,0.00580840822935875,1.45827155,c(mu = 0.00593540220509485),c(nu = 2.81425850990937),56.240451303495,1.02998797261574,106.92640709877,0.525973450613978
3,139,246.106175,2.61108205,c(mu = 243.828090932827),c(nu = 2.8240882757235),149.181586167082,1.03248717049148,109.425770759583,1.36331309463514
101,115,9.4745242,2.77613085,c(mu = 9.46412547280406),c(nu = 2.83190536638194),132.373342942127,1.00991644302775,104.101258993149,1.27158253629612
154,158,20.0461615,2.54912965,c(mu = 20.2713455550125),c(nu = 2.83452781133245),157.283610278433,1.01620433465706,105.504383325577,1.49077796884581
59,199,44.414434,1.9548083,c(mu = 44.089649442141),c(nu = 2.85412528294048),180.661687718929,0.997021136787159,107.671477794647,1.67789735424167
48,179,0.00677948489667171,1.45143438,c(mu = 1.19859048696659e-11),c(nu = 2.86274663378455),28.9204957820854,1.10101986953179,106.326609373093,0.271996783802307
187,179,0.00404686127783025,1.58844834,c(mu = 0.00582404260460765),c(nu = 2.86419223251237),46.9208060662363,1.00859312785477,106.195463657379,0.441834372677329
118,160,0.00693351543356681,1.847523695,c(mu = 1.56058434437558e-05),c(nu = 2.88412536413611),34.1843667019713,0.998933699168197,106.371302366257,0.321368319664528
175,72,2.07211205,3.0818825,c(mu = 2.16647407399212),c(nu = 2.88726942773222),127.519860994135,1.01814811971847,101.725320100784,1.25357050602343
165,179,0.00352795495495891,1.48662569,c(mu = 0.000764450863598369),c(nu = 2.88854936857973),52.0704789908775,1.00047223040878,105.665782690048,0.492784680766687
193,186,7.2261876,2.40524535,c(mu = 7.53399265237119),c(nu = 2.88877155423236),148.395137011173,1.02253168267891,103.8412129879,1.42905820089433
8,70,1.89472915,3.04410795,c(mu = 1.76730296419962),c(nu = 2.89190378050556),88.4579718051006,0.997518821908211,101.601332902908,0.870637906784474
193,181,0.0029645254286508,1.432963705,c(mu = 0.0185647487493229),c(nu = 2.89951196036214),55.599168558832,0.995582300481251,105.390370845795,0.527554539495679
60,8,2.2089272,3.782435,c(mu = 2.17195757590114),c(nu = 2.90232587175292),145.908875889837,1.00497139947678,100.825944423676,1.44713621800278
177,129,0.791557855,2.6875619,c(mu = 0.913081896499868),c(nu = 2.90308732547257),63.2568203848568,1.02384635489343,103.244738817215,0.612688076017578
87,183,0.00272509177770163,1.4631728,c(mu = 7.57327810721263e-07),c(nu = 2.91576544797658),30.2138349308301,1.09319953526415,106.116536855698,0.284723152734586
200,200,0.0051866009513632,0.564652985,c(mu = 0.192754645319102),c(nu = 2.92634938640508),13.2944583260726,1.11200424477873,105.423359155655,0.126105432729037
123,171,0.00531578998127724,1.694565075,c(mu = 0.000142197176109878),c(nu = 2.93432997583169),32.6692214941613,1.08625708525095,105.9835293293,0.308248099500963
185,195,12.598442,2.22451505,c(mu = 12.9486080644345),c(nu = 2.9346543287226),144.922419440238,1.02816811057307,104.315164327621,1.38927470779878
101,140,3.8234383,2.71612175,c(mu = 3.82156797847857),c(nu = 2.93498613072928),131.481804904854,1.00427588632815,102.695355653763,1.28030916362123
173,196,0.00279690961946531,1.236766305,c(mu = 0.00206304710562405),c(nu = 2.93749329754598),37.3689653450637,1.10038867146157,105.71054649353,0.353502716470686
200,200,0.172428237861508,0.558914203,c(mu = 0.77156174981008),c(nu = 2.94788584701598),12.7129255928691,1.08871791579657,106.94601392746,0.118872364906392
149,183,0.00901711152116836,1.41510403,c(mu = 0.00271250159575998),c(nu = 2.97586750147949),33.9386698958266,1.07085013775586,105.608053922653,0.321364409580761
54,178,0.010907203852683,1.659542145,c(mu = 2.84464598466017e-07),c(nu = 2.98393502030018),52.0186939116281,1.02176111481551,105.534746646881,0.492905849157742
76,186,0.00379328006545864,1.46996941,c(mu = 6.20422667541459e-07),c(nu = 2.98639694057402),45.4396196241366,1.02804023929033,106.353846073151,0.427249425402849
197,190,0.00403508659143753,1.24022946,c(mu = 0.0387302866417666),c(nu = 3.00775507376093),14.9733978768216,1.111468069294,105.429712057114,0.142022562564812
20,28,4.9746806,3.52621095,c(mu = 4.8416843580918),c(nu = 3.01337842586671),177.644053591169,1.01663374625013,102.01730465889,1.74131294867227
191,190,0.00338922875912448,1.242814125,c(mu = 0.0252982362354956),c(nu = 3.01539242948254),40.1833096218689,1.02157601325043,108.003051519394,0.372057169279641
196,200,0.128467268825762,0.85638976,c(mu = 0.500885113769736),c(nu = 3.01992659870305),15.6435255003096,1.01851814873582,109.72864484787,0.142565558173056
152,158,0.37916437446346,1.731767825,c(mu = 0.676236446459396),c(nu = 3.0218188384796),12.4417159053756,1.01892749313993,109.387326002121,0.113740013218116
129,191,0.00391003966486848,1.04724646,c(mu = 3.38936407011083e-05),c(nu = 3.02937011420939),31.466041532273,1.03657559258248,108.069407463074,0.29116511574309
141,187,0.00487456852185214,1.455172155,c(mu = 0.000204224459273233),c(nu = 3.04986087728884),38.5779756634325,1.0318267342003,106.581678152084,0.361956917289147
198,193,0.993756545,2.1809368,c(mu = 1.15546532977246),c(nu = 3.05168123237751),83.1073022598847,1.01948997522794,98.5600786209106,0.843214650624807
42,187,423.99634,2.54727345,c(mu = 422.992661395284),c(nu = 3.05575672845796),185.089827633802,0.998332483713897,117.038717031479,1.58144101651439
17,192,0.00268394688976882,1.30690722,c(mu = 1.59313842669468e-15),c(nu = 3.06166970772774),38.9344965412248,1.00378005893075,105.63347864151,0.368581031713984
133,191,0.00285400840471159,1.294428885,c(mu = 9.05024352772869e-06),c(nu = 3.06353713678318),41.1753901102948,1.09649610864725,107.563251972198,0.382801647917239
47,194,0.00295861634897793,1.32758639,c(mu = 5.78901239898059e-10),c(nu = 3.09384326582021),47.8071945606883,1.11215386066006,108.13094997406,0.442123134700628
165,190,0.00127516260982256,1.22178455,c(mu = 0.000325593983428667),c(nu = 3.09768665486873),53.4228092662967,1.02211498730186,107.919483423233,0.495024694074803
200,188,0.00476158074097018,1.39014055,c(mu = 0.254376844371973),c(nu = 3.11436890711907),32.9769139446998,1.0104623316191,107.571547031403,0.306557959374453
170,39,32.4604195,3.6689589,c(mu = 32.8005838708256),c(nu = 3.13054109566547),121.11716763974,1.01840709199127,108.599846601486,1.11526094584817
193,191,0.00384326051918717,1.46823837,c(mu = 0.0394472938474302),c(nu = 3.13058647223775),16.3861788708677,1.11082119247551,108.564943790436,0.150934346749151
182,174,0.0108049129946222,1.79646336,c(mu = 0.0468242325558058),c(nu = 3.13200033989216),52.9080426268695,1.08569390471694,106.692270517349,0.495893867196932
45,184,9.52852035,2.6103318,c(mu = 9.35029773024182),c(nu = 3.14962744483976),146.709072615798,1.00963007187939,101.525509119034,1.44504641137814
180,171,0.00908453968841352,1.50655063,c(mu = 0.00722851272548677),c(nu = 3.15509557541973),39.0425179536706,1.06235431420823,108.054578065872,0.361322200803648
200,191,0.00670776485744628,1.414849535,c(mu = 0.143386900489359),c(nu = 3.16268995931991),41.3074565855503,1.01738612664943,107.318158864975,0.384906496928654
4,191,0.00272137672404656,1.195836015,c(mu = 1.18235516416404e-23),c(nu = 3.18057390603676),49.8800882548586,1.07656167491137,105.841561317444,0.471271281658973
185,185,0.00473135634251589,1.567920845,c(mu = 0.0186843602096681),c(nu = 3.18061481115092),55.4564772541945,1.01454709227236,104.708102703094,0.529629281999735
128,197,17.719605,2.51660435,c(mu = 17.8476250160544),c(nu = 3.18351550792855),235.910157661449,1.01291752460814,104.835194587708,2.25029541452399
200,200,0.0672901450369588,0.5480836055,c(mu = 0.687189546020804),c(nu = 3.18976020547366),17.7719197966533,1.15822961370694,109.059911966324,0.16295556704778
145,195,0.0041196170539,1.317225675,c(mu = 0.0001623899839655),c(nu = 3.19092653061091),32.5439450210854,1.00617550131825,107.358363628387,0.303133765467344
48,186,0.00196985012119735,1.514000835,c(mu = 2.92254221667389e-10),c(nu = 3.20036656897164),22.8729515531116,1.17225178544073,106.399973154068,0.214971403423113
105,103,1.07597208,3.18562386,c(mu = 1.09491001597395),c(nu = 3.20814134265892),60.19324601417,1.02563862985605,97.2539403438568,0.618928608973037
150,195,0.00285142608753814,1.391724885,c(mu = 0.000577755519503012),c(nu = 3.21373430032457),21.1519526512671,1.23079065690972,106.960937976837,0.197753993666806
172,187,0.00423569320870282,1.41295736,c(mu = 0.00202219172725822),c(nu = 3.22468404505308),26.4315294807525,1.03892004209079,107.773773431778,0.245250107137465
24,115,23.475427,3.19065825,c(mu = 23.119564147314),c(nu = 3.23172710436379),147.083337877273,0.999317233329315,107.580983638763,1.36718714499907
148,18,41.6934765,4.0620651,c(mu = 41.9212711309607),c(nu = 3.23265956885237),136.612911146856,1.00181092397717,109.712732553482,1.24518739044496
125,189,0.0031452413054454,1.3310826,c(mu = 0.000155977994496879),c(nu = 3.23668687021472),33.1280843371703,1.0496884447426,107.542485713959,0.308046481511356
200,200,0.00995975304858776,0.6578281615,c(mu = 0.309491387980168),c(nu = 3.29489110533922),3.95995129350154,1.26994720537525,107.080121994019,0.0369811989355293
200,200,0.0217913655953979,0.79903301,c(mu = 0.257973189476823),c(nu = 3.30396976758831),20.37272714265,0.997744013955005,108.810408115387,0.187231419268697
6,17,72.3518765,4.15433005,c(mu = 71.6112820706999),c(nu = 3.33506269799758),151.229036218612,1.02315498607578,110.592952728271,1.36743827240225
46,184,0.00499713898692812,1.66337785,c(mu = 9.98821023053627e-09),c(nu = 3.34551727865234),39.9033475058747,1.01450957457842,108.517374753952,0.367713903845812
176,186,0.00529185864543397,1.703477536,c(mu = 0.00860639143543689),c(nu = 3.35369867172979),51.4190738202336,1.00096168097052,108.321884870529,0.474687768604579
127,199,0.00432236601564462,1.212267785,c(mu = 1.01211834194765e-05),c(nu = 3.36026231419922),36.6896516639039,1.04338883734775,107.188534975052,0.342290821237956
169,189,0.00730536713155641,1.356758035,c(mu = 0.00085742440828127),c(nu = 3.36295289682129),65.0236913303298,1.03142826114042,108.528287410736,0.599140490296702
38,185,0.00665350778040778,1.578179855,c(mu = 2.77549509978106e-10),c(nu = 3.37472330269756),51.3913022810052,1.01373716013976,107.743583679199,0.47697784430505
198,194,0.00385705911223081,1.38855498,c(mu = 0.0708539191558383),c(nu = 3.38984868056565),49.0936450250103,1.02930499940014,108.456424474716,0.452657786413152
154,194,0.00506724586206009,1.471229635,c(mu = 0.000883778843356547),c(nu = 3.41064749599809),38.2985762908516,1.06072583153131,106.984470844269,0.357982574373814
167,188,0.00466221226016442,1.490366425,c(mu = 0.000779426952546554),c(nu = 3.42105274121626),60.9800671208878,1.00380224319429,107.300499200821,0.568311122269423
193,174,212.70421,2.9303819,c(mu = 214.019696133137),c(nu = 3.43634740384476),140.686514680082,1.02311379434777,112.291270017624,1.25287134661494
170,182,0.00449594760830419,1.67072699,c(mu = 0.00311142104727606),c(nu = 3.4504852042937),50.1497724846065,1.05894795897663,108.082723617554,0.463994344388095
140,150,53.9725705,3.2047096,c(mu = 54.2035624070163),c(nu = 3.46691809305075),184.265252932938,0.998466560595676,110.008301019669,1.67501226021109
146,181,0.00524501958403166,1.74682384,c(mu = 0.000344209357573653),c(nu = 3.47134974776374),15.8448467438349,1.14881646398656,107.840935230255,0.146927942622196
180,184,0.00704314611089361,1.521625663,c(mu = 0.0161964692845557),c(nu = 3.47499744368517),12.9429712876609,1.16955168912179,108.418064117432,0.119380210235463
78,194,0.0014123804062831,1.2715708695,c(mu = 1.13064016242585e-09),c(nu = 3.49067537639419),35.54225568854,1.0811227706849,108.324314832687,0.328109674577096
200,192,0.00169642549286027,1.28272099,c(mu = 0.225492110380724),c(nu = 3.54359022773853),50.434378346442,1.01827115499744,107.526453018188,0.469041588658289
196,183,0.00758487176421167,1.69054928,c(mu = 0.116970873581553),c(nu = 3.5946093274579),28.6993966462022,1.0253058902432,107.987563610077,0.265765757525843
98,107,8.1593567,3.58856245,c(mu = 8.14751092148252),c(nu = 3.60247329030592),149.736471065579,1.00777607360111,104.104043722153,1.43833482074161
134,66,1.05950207,3.9549023,c(mu = 1.08740016970097),c(nu = 3.62468512813174),104.285352043324,1.01218548080017,99.4723842144012,1.04838496500244
95,196,14.970194,2.7153213,c(mu = 14.9574570316134),c(nu = 3.65908800547019),223.726140279749,1.00326540031938,105.354986667633,2.1235458079032
55,5,354.217925,4.48491885,c(mu = 353.719709449938),c(nu = 3.66230447293716),161.805790785457,1.01119065432185,113.134603738785,1.43020601512026
113,119,1.79337835,3.5106275,c(mu = 1.8094837877146),c(nu = 3.67092059584126),171.281313173565,1.00539783905366,99.7129604816437,1.71774373507941
95,89,34.0760955,3.86798465,c(mu = 34.0486753373469),c(nu = 3.69945447182973),173.410498251695,1.00756495522318,109.069072008133,1.58991449233899
193,200,0.5778292635,2.03025199,c(mu = 0.809676710493354),c(nu = 3.7130893578444),47.9633312644834,1.04497572367179,107.283992052078,0.447068852930089
194,199,5.388157,2.70776775,c(mu = 5.65198454406518),c(nu = 3.7169623449911),159.143476250192,1.00128913600944,102.785064697266,1.54831323713148
196,194,0.00447444146759386,1.42300574,c(mu = 0.0714836185841062),c(nu = 3.73689275951449),30.5100585799475,1.10989740821936,108.146801233292,0.282117068947161
51,30,3.69044195,4.2957201,c(mu = 3.63409747820773),c(nu = 3.75121460569025),171.224999308473,1.00305010432715,100.590148925781,1.70220445179785
127,199,0.00764486859416559,1.41369202,c(mu = 0.000148074564349352),c(nu = 3.75687930631535),45.324216916019,1.04631978411046,107.240859508514,0.422639441009147
197,197,0.00357167743167966,1.420574405,c(mu = 0.0718287827335529),c(nu = 3.84173093030297),54.3380226177205,0.998742322817748,107.939397096634,0.503412322834023
116,138,7.42034495,3.59980905,c(mu = 7.45157585455524),c(nu = 3.84361699452567),167.600318081335,1.00910691654977,104.286116123199,1.60712014515277
133,183,0.00928414116182334,1.661058335,c(mu = 0.000376638914108246),c(nu = 3.85158503936913),29.9477856994576,1.03235655095487,108.472987651825,0.276085192707917
51,199,0.00422818821367376,1.340771185,c(mu = 4.41428736091297e-09),c(nu = 3.86094641534367),17.7812755049335,1.15773887815165,107.988919019699,0.164658334080461
74,189,37.5881955,3.1533489,c(mu = 37.482214728811),c(nu = 3.87492996928923),170.077694269952,1.00282929357723,109.166660785675,1.55796369556327
80,196,4.39357725,3.03585125,c(mu = 4.37392072485366),c(nu = 3.89901411513535),78.7742345226341,1.03185487441647,102.638176679611,0.767494484713332
129,196,0.00362094121033345,1.576601625,c(mu = 3.69472522120123e-05),c(nu = 3.9034566153397),52.8537137135673,1.02154563130392,107.403110265732,0.492105988204616
148,195,13.9874645,2.95386015,c(mu = 14.1123484186204),c(nu = 3.90689486913963),221.55888447209,1.0147602365764,106.253188610077,2.08519751143805
109,199,0.00597492150288068,1.311942495,c(mu = 1.60918606930934e-07),c(nu = 3.95107404195265),42.339287973629,1.00710057078267,107.611085653305,0.39344727094414
200,200,0.3027458519155,1.52192291,c(mu = 0.715357830045358),c(nu = 3.96054018964528),5.97052857518927,1.75143861726241,109.027184963226,0.0547618337316796
91,107,9.6720035,3.9378453,c(mu = 9.64503202634477),c(nu = 3.97020235483724),160.506113509138,1.01053085879494,104.550589799881,1.53520045957044
82,65,19.790826,4.23594535,c(mu = 19.7321478047138),c(nu = 3.98647213317029),188.39711961665,0.997160078577908,107.206722974777,1.75732560784434
136,126,68.9479615,3.9045544,c(mu = 69.1555410859923),c(nu = 4.02054409891569),158.171297528037,1.0023661404637,109.792072057724,1.44064406986396
103,197,2.71870305,3.01583395,c(mu = 2.72139112350637),c(nu = 4.03765275668858),170.402649628292,0.997083341119332,102.772385120392,1.65805872296021
99,128,18.968352,3.89954625,c(mu = 18.9694636948526),c(nu = 4.09427950420086),171.253650111895,1.00565068988004,106.882776021957,1.60225675722264
34,186,112.746035,3.438891,c(mu = 112.225528887116),c(nu = 4.10554153802813),171.435904239517,0.997563845861594,110.387129306793,1.55304250881509
18,193,0.00535823994608795,1.65808219,c(mu = 5.5906041294836e-14),c(nu = 4.1344809776776),26.7872986822335,1.05069148431251,108.020163059235,0.247984245936976
99,194,0.00826417768854052,1.870648855,c(mu = 2.18661229655503e-05),c(nu = 4.14237726947856),29.3957694822851,1.02881125729038,107.939216136932,0.272336325335117
66,177,0.00746522182561506,1.962071975,c(mu = 2.79500841017038e-07),c(nu = 4.19893244651648),23.5687793595357,1.00758726236388,107.870540380478,0.21849134412792
3,118,5.4286487,4.08138835,c(mu = 5.21363960867088),c(nu = 4.20270866533684),123.254778110697,1.0336848276209,102.891654968262,1.19790840324919
92,171,95.804592,3.68840115,c(mu = 95.7519917443814),c(nu = 4.21021022365964),221.955554552889,1.00360684702186,109.797489643097,2.02149935553507
157,199,0.00671268129858382,1.162679985,c(mu = 0.0024643066290689),c(nu = 4.22158496397846),16.7010619630186,1.25369864982603,107.866311788559,0.154831120913416
116,192,0.00465830575509729,1.58459445,c(mu = 8.47145693854284e-06),c(nu = 4.23111541622217),31.4830283124314,1.00308007916813,107.834939241409,0.29195572913479
191,197,0.00290215155487602,1.31740851,c(mu = 0.0269054959545364),c(nu = 4.26094718732516),47.0490357985267,1.01673401426717,107.919281244278,0.435965058848289
183,51,10.475154,4.7115606,c(mu = 10.6737673752604),c(nu = 4.2612331094154),224.133843840347,1.01328560118044,105.11198759079,2.13233379919444
150,189,219.6813,3.50534795,c(mu = 220.19916569859),c(nu = 4.27229594186817),140.911670253948,1.00141574897373,111.191187143326,1.26729171505573
6,193,0.00684438000018953,1.62886288,c(mu = 2.19599461257669e-13),c(nu = 4.27552654980976),29.2018266313613,1.02526012567024,107.789598703384,0.270915069567324
200,200,0.00458973835396714,0.56257683,c(mu = 0.437104335231365),c(nu = 4.32253604381514),20.6202904301077,1.03084328375055,107.665760040283,0.191521338096649
200,199,0.000355170106874814,1.31312821,c(mu = 0.0727962625226196),c(nu = 4.42170043736095),45.3065898024648,1.10069065738941,107.768750190735,0.420405634493105
118,143,3.09863595,4.30115145,c(mu = 3.12344686989737),c(nu = 4.66738115642878),115.561862737447,1.00069664057427,103.401179552078,1.11760681297881
198,197,0.00525861152011794,1.565558445,c(mu = 0.0555903120795989),c(nu = 4.99114008576624),53.6198852114264,1.03999397127445,107.821472406387,0.497302476164757
151,196,0.00544117998883353,1.67729039,c(mu = 0.000522079138965659),c(nu = 5.08073890734342),40.398893442432,1.08195676386356,107.428085327148,0.376055230989234
157,137,11.5757975,5.0669879,c(mu = 11.6990416128167),c(nu = 5.37689569477382),203.204206898886,1.03069128721719,105.667394638062,1.92305495555098
8,197,0.0103138933013597,1.834460995,c(mu = 4.25649533686529e-16),c(nu = 5.41599865809475),55.2090150490619,1.00640581172948,107.75101852417,0.512375806792748
183,200,0.00631083530635194,1.578756915,c(mu = 0.0108187114316824),c(nu = 5.44547732059564),28.2134102710867,1.11769244955313,107.456303596497,0.262557051813632
162,200,153.33099,4.2930367,c(mu = 153.853693385606),c(nu = 5.82062270327203),219.115904342478,1.00866322075089,110.256814479828,1.98732300925098
147,200,0.00253737207433593,1.273146455,c(mu = 0.000104296369745643),c(nu = 6.24159193402753),72.9385633515791,1.01432802385037,107.374774217606,0.679289562032158
26,200,0.00463446143867622,1.25959791,c(mu = 6.085572923195e-11),c(nu = 6.80709989345214),25.3011342009517,1.16886513321905,108.075435400009,0.234106243544678
156,200,0.00731430469261769,1.532104495,c(mu = 0.00302104053655957),c(nu = 7.31640261688635),23.7942373148052,1.03098340555638,107.732113599777,0.220864851897368
53,200,0.00311923080914533,1.4647677,c(mu = 5.21257179249472e-09),c(nu = 7.69395575719647),50.5816640264937,1.00686311372484,107.281679391861,0.471484640371235
