"rank_mu","rank_nu","mu_mean","nu_mean","mu_sim","nu_sim","ess_mean","rhat_max","time_sec","ess_per_sec"
67,92,77.98172015,0.00308735037,58.698113991058,0.00284080427622221,40.6727290735571,1.0445282085763,1051.6733481884,0.0386742985772335
38,60,7.04653126663158,0.00535505034,0.168933009660358,0.00312618656565428,11.7452470497031,1.11883325930785,466.698640584946,0.0251666622276464
6,2,0.1622700949083,0.01230364625,9.50646692661348e-09,0.00327890405382509,24.9178247457342,1.04949386845608,118.01895570755,0.211134089404081
40,45,4.8634629651834,0.008791505365,0.0515854229094533,0.00370494094359821,9.30618537708076,1.14688480903397,263.912642240524,0.03526237052562
120,120,2.68010903248088,0.00376656686,1.49630450895659,0.00396440909433618,9.44553715828809,1.05900985737138,430.644939184189,0.021933468383912
37,32,116.916128,0.00654357715,91.3538541376186,0.00460162868768426,32.460603766517,1.06527301754497,488.22220993042,0.0664873557701178
108,102,7.288248865245,0.0074713813,6.76524570106231,0.00715766999419382,22.3852920402671,1.00057940098588,290.170627117157,0.0771452722925985
0,0,7.75891132,0.031359819,0.173356583162468,0.00728978056862882,29.1253058695292,1.05309356765221,96.6284527778625,0.301415421982228
116,140,0.201109241835419,0.00608051925,0.053153372447933,0.00749879063895346,26.5582458168951,1.00225225037358,191.787268400192,0.138477627000127
162,165,0.0893333775013055,0.0051763561,0.0883696862014649,0.00831345904214136,17.4202812848593,1.07279778045808,184.197622776031,0.094573865950707
74,74,0.749221637057242,0.01347670485,0.0173805558236265,0.00839609108174716,29.3488884845235,1.06860063102866,138.387996673584,0.212076836069452
170,101,46.6414243,0.00936859705,61.1793944845898,0.00929155061500568,44.8695298696012,1.04764590357969,293.710103988647,0.15276808410832
162,146,0.450042026793695,0.00768165675,0.594128636444817,0.00933494761383013,20.7751921732545,1.08743664382989,193.102642536163,0.107586265523859
10,18,0.589986537192514,0.03669838645,5.16935245928431e-06,0.00988977447088422,17.9607173841964,1.00840640316631,77.3059854507446,0.232332817174164
149,140,0.0779581342728104,0.010144541,0.0419438984433839,0.0122019864400642,11.867753038333,1.18418719183059,112.802805423737,0.10520795997717
15,14,0.478814267054627,0.05671200535,2.12796630377593e-05,0.0134099554021216,11.2171056675404,1.09070014433323,58.6957874298096,0.191105804329726
82,73,0.180384722607148,0.0170916083,0.0154187376468002,0.0135074163112778,28.4400999164926,1.03678896037794,100.239931583405,0.283720264641532
105,106,1.10383074646212,0.01531382635,0.490772919027414,0.0150531768079464,17.2264537835825,1.01344348735532,135.698054552078,0.126946947326878
9,14,0.527549180942,0.043431977,0.000540716749397844,0.0150676624989572,22.5838881151002,1.05631773186362,69.0116975307465,0.32724724826597
75,141,66.655151,0.0133433777,64.7634312481323,0.0151143984827302,56.5012097825182,1.04881103442209,214.395946264267,0.263536744826668
24,30,2.99274431674617,0.0336025073,0.235820967705803,0.0159851666063534,19.6136650494103,1.09198710991798,91.3570771217346,0.214692344231579
47,31,1.109630809617,0.04383427905,0.086330767812893,0.0181881153348202,26.8327186916057,1.01781275247101,76.6874675750732,0.349897050197124
145,175,13.8792750226,0.0132382617,18.7879491303209,0.0192162476260562,12.7578460559299,1.10689940454605,229.314795732498,0.0556346397761975
16,16,8.90893025,0.035403654,3.29080991252516,0.0202741115211721,16.1074488056163,1.07398135960513,95.6947548389435,0.168321125151796
11,11,5.226243105,0.0590260795,0.587691627516578,0.020486853015325,24.3817254098906,1.11662293915012,59.2928965091705,0.41120820275865
103,92,0.113106382922687,0.0318241798,0.00187445166467273,0.02054361287291,4.54248886184024,1.17291716911966,53.826639175415,0.0843910920582794
136,123,0.628470020050608,0.0218684181,0.407333622758474,0.022719869939785,14.6023450879157,1.0492819003712,99.4114623069763,0.146887941783057
96,90,0.324093542218914,0.02840054545,0.068348501286344,0.0238683687599716,17.1640721632131,1.01562978596646,75.3001670837402,0.227942019625602
0,0,0.092201939192755,0.1231630515,5.98573751274127e-10,0.0246292170731143,34.779168247183,1.04660405276963,39.468433380127,0.88118947900007
8,15,103.076594,0.032828284,91.8043298517484,0.0253596690621575,74.8459880107019,1.02532119290601,128.875977277756,0.580759809482511
9,9,20.04612605,0.0542166055,10.6354900655097,0.0263806791501092,41.2908176400079,1.00766841217196,63.2902631759644,0.652403949170001
96,81,8.6468093135,0.03001824135,8.74561904399843,0.0268813752071631,14.3546299490125,1.08301064446261,103.551136255264,0.13862358703266
165,123,9.208095835,0.0245470535,14.1240474929031,0.0269559531491444,7.10091999532521,1.1252897322897,109.951278686523,0.0645824230527622
154,153,0.0331305490666333,0.0191003957,0.0588215593291564,0.0271754304268466,19.8998545508764,1.04506847265172,69.2300682067871,0.287445254155123
49,41,0.303040601738755,0.0570970075,0.0202243330572593,0.0314076725628264,9.7415974505477,1.10553335356482,56.8404259681702,0.17138501840227
5,5,0.0327108757641586,0.1025742,6.16884244555397e-08,0.0329157952444371,23.8495247360669,1.03778506564072,37.750307559967,0.6317703424848
99,106,0.255160251715559,0.03274977445,0.115412373288938,0.033377079399051,32.1550937310566,1.02934588034468,73.420839548111,0.4379559526827
79,100,33.5022205,0.034798891,32.2784120757597,0.0339409258028651,62.2190434247159,1.00185363247614,89.2470648288727,0.697155066600993
197,191,1.8690596183332,0.0150540752,8.95011431405116,0.0340728255110726,22.8334266716617,1.05639862308544,154.483301877975,0.147805143948163
6,19,1.1722349204,0.088138396,0.0265259628366296,0.0343070007381097,15.402783210267,1.11678468872902,52.8231959342957,0.291591277995104
14,17,1.19875977324,0.116134667,0.0168496719485217,0.0348652264353776,34.5834666489678,1.00624586677658,45.9107828140259,0.753275473194555
36,52,7.86149568,0.0451053595,4.93390876118532,0.0352135097403149,50.8359933562956,1.00220242082153,71.273247718811,0.713254902552709
6,6,0.015815429726831,0.1690527835,3.41810607922261e-12,0.0353894300160184,16.4130572657395,1.0242685375845,33.3396956920624,0.492297752725054
149,156,0.078108434328947,0.02388254495,0.0926808528468251,0.0360917934366801,2.66254055964252,1.34365756759979,67.7885308265686,0.0392771539252622
70,76,1.21551017755364,0.05135899585,0.277650436513503,0.0374140582141435,25.9130968658026,1.0205281964425,64.8567640781403,0.399543474518435
116,122,0.141149267218793,0.03586862215,0.0603089115145757,0.0381979785302518,58.8708198042216,1.02120401850661,64.1155407428741,0.918198912808274
200,200,0.255207292286664,0.0148298431,1.49943826600878,0.0382580227957609,7.30881779058704,1.04289172298287,103.605051994324,0.07054499418607
64,87,0.16519576233105,0.060680543,0.00373921375449586,0.0388435557374586,23.3178431351264,1.0454107152372,48.7790648937225,0.478029728243667
100,134,5.480066628,0.03366282155,5.76816472889237,0.0392838236186078,52.6698192456988,1.03370975289547,92.6751010417938,0.568327616086938
18,16,0.0240150580970039,0.1280576725,3.06956716664368e-09,0.040219279920297,11.9573440459611,1.08443303846583,31.5521612167358,0.378970681717318
133,79,195.10551,0.0428534735,197.727327278266,0.041138121978053,103.615642548973,1.0095487271479,155.847914934158,0.664851002932881
42,114,43.323741,0.0406231555,39.1451259305598,0.0424946633966234,65.3049036269756,1.01314900430779,87.2432241439819,0.748538402468937
34,34,0.42452044636838,0.1170480985,0.00390065835378241,0.0426038496838577,19.7430139078071,1.04743419641057,43.2234678268433,0.456766078716758
0,0,0.69030000375,0.305611601,3.75449554041168e-05,0.0433661461406023,14.1281306088987,1.0343166542224,30.9111425876617,0.457056240118991
45,31,0.0970888219904905,0.083318604,0.00174545168438007,0.0434255947728814,26.0052292234416,1.02101276815106,42.844794511795,0.606963565113668
10,11,0.17409903121557,0.166151569,1.53975618737675e-05,0.0443328640447043,15.0885524040535,1.01629484595358,36.9517228603363,0.408331499483328
6,5,0.182005941330825,0.1989824585,1.1439623513111e-05,0.0461937410315924,45.8202978433143,0.996872484885893,34.4330053329468,1.33070864422838
82,90,108.577189,0.0491772025,107.406327457341,0.0485190855296549,96.4286097791819,1.03100191632428,104.207613706589,0.925350906227353
170,178,82.4748115,0.041440877,87.7907571396686,0.0486900918944723,132.125041500762,1.02791060915229,103.20470905304,1.28022299285645
151,85,2.22431505727316,0.05570645925,3.44031162992447,0.0496067005871201,46.6234665380095,1.0091505148492,64.4436504840851,0.723476497494871
71,65,42.278064,0.0565344275,41.0814767185917,0.0496302841445908,97.2602641979925,1.00514639378321,69.1323955059052,1.4068695795401
121,134,12.73596315,0.0443079395,14.0496137968417,0.0507324468445215,51.7754820564513,0.999030757927954,68.3542153835297,0.757458508827049
81,62,7.247109425,0.060607502,6.74360433834456,0.0509232502500812,38.5921790032244,1.07562540192309,55.148547410965,0.699785956566305
118,104,0.7906970390085,0.05479876,0.690585583527395,0.0540844870088378,5.78215009461298,1.19560669195875,59.2936563491821,0.0975171789130649
72,70,12.85587905,0.059371797,12.0726347413947,0.0541018785443982,51.1548768797315,0.999618585058619,54.5649092197418,0.937505030453226
176,155,0.56808473585905,0.03700537405,1.80443292511179,0.0550502132726576,25.913007179578,1.01086989757267,78.5242903232574,0.329999890134671
29,28,0.160507214648048,0.150373756,0.000180519870159331,0.0557907081054931,8.50637847688806,1.11231803436001,36.8361570835114,0.230924698730197
24,25,4.93512972,0.085542781,2.98247662388888,0.0562396826542677,17.1404183046212,1.06957915910044,44.6420793533325,0.383952059422646
1,2,0.158333258145431,0.5650671265,3.04512967166892e-11,0.0595578858022438,25.3632308404635,1.10054433587329,33.1563725471497,0.764957952031573
37,92,289.47506,0.061643986,282.69644004782,0.0596738945227217,139.049801701581,1.01684130029647,183.46589589119,0.757905446274597
146,117,2.353740768958,0.05902991425,3.43522173190313,0.059808891098211,41.0075989556183,1.00175973027337,60.7320697307587,0.675221495618638
16,13,0.0262857405235091,0.170901033,5.20542831834609e-06,0.0620143877020281,16.1262109569045,1.11806150652138,33.5258989334106,0.481007563404472
1,2,0.0313071159312326,0.2279232635,1.37887544175598e-08,0.0628505029366823,12.561094199041,1.12022191074491,31.1986408233643,0.402616712380436
0,0,0.28900143505,0.679558635,1.83229587195095e-08,0.0630744525573743,30.2987064056347,1.05978058177813,24.4663686752319,1.238381829679
60,52,0.000969385487005314,0.100162496,2.60323135478151e-07,0.0653439786875475,22.0297610688653,1.05076396982202,31.2508478164673,0.704933229275687
171,165,0.0790688256497648,0.04066674235,0.22431929722688,0.0654202448535291,15.8842799272445,1.03541048328404,51.0945634841919,0.310880039755285
189,199,2.3470822087985,0.03511811665,5.55151134541965,0.068170984404117,30.838336456807,1.04310491995763,93.4435307979584,0.330021096093694
35,47,0.416440300512533,0.113244979,0.0306624243319181,0.0708714300060615,15.5077351532918,1.06435245682015,41.7219333648682,0.371692630292873
16,12,0.22025396703745,0.2141185505,0.00166496289605673,0.0729035335411296,20.2253213760953,1.03480457853799,33.0575058460236,0.611822364043481
27,21,0.045750176672751,0.1369547935,0.00154403469703177,0.0749593965196812,33.2089775695926,1.03201793586929,35.4407923221588,0.937026950969977
75,42,0.00577390516303703,0.147950785,9.54142159876737e-06,0.0755133623491479,44.5366384640878,1.04394546932834,31.1900510787964,1.42791168733817
26,29,0.235408630394515,0.211460015,0.000554300323771329,0.0772577415337496,14.8007871403425,1.08492004152167,27.5922617912292,0.536410797068012
4,0,0.0526375701788843,0.562904689,1.59632009096827e-11,0.0794571410022362,8.73390804191498,1.09981604559254,29.2961359024048,0.298124915552363
180,68,15.193395,0.0878483035,17.271426918316,0.0799976388487333,101.053709403568,1.03300325707752,42.8167595863342,2.36014379368917
171,160,1.29874074318,0.0585759145,2.66310645141545,0.0802176537119438,20.0518104935976,1.02633137040444,61.2891294956207,0.327167487262654
91,42,9.0465843,0.1023176525,8.93029123705993,0.0804558867260347,6.19509237784067,1.16325093932619,36.585150718689,0.169333520735668
68,68,2.5607324505,0.099413251,1.97733834482171,0.0812084534646739,8.6325533859818,1.10073892556736,44.9223940372467,0.192165924612661
123,106,18.90151,0.083688111,19.6508373255147,0.0818849035920529,64.0256507844385,1.01896973750839,45.1382780075073,1.41843361356829
91,85,0.0758969550369604,0.0994237935,0.0140150513273797,0.0820218080978761,15.7381910560823,1.16683832616011,38.7270221710205,0.406387844295945
66,9,64.495772,0.1082109015,63.1986121357092,0.0820681699029205,129.644397092988,1.00068453371642,58.7811651229858,2.20554316713079
41,52,9.24201265,0.099870291,7.70938423499702,0.0826783738323501,4.6756346502443,1.21737077521193,39.6299376487732,0.117982387246805
96,71,0.128214411632417,0.135623535,0.0310964269193701,0.0837072049400155,25.160882636312,1.01168781449655,41.8107624053955,0.601780048695432
61,67,0.0194987110954992,0.1254595735,0.000148313122958726,0.0858345119260046,24.15115721698,1.09045293574534,36.3918840885162,0.663641298654309
6,1,13.11207745,0.1409294445,10.8095959865222,0.0866167657959213,80.6573942335938,1.01538143537567,30.6051867008209,2.63541585359551
89,72,0.0304553114707947,0.1382405045,0.00113495493560927,0.0876866008167337,39.6141173099695,1.05411429168133,36.0011787414551,1.10035611873881
47,38,7.10925265,0.1112031315,6.14057618472111,0.0881733857787468,84.8363033320764,1.01835264646386,33.9085228443146,2.50191681075547
106,111,0.332079391398265,0.0928024105,0.147053166507673,0.0888345750826015,23.9589929780104,1.03011328308993,46.2614755630493,0.517903778174065
4,4,0.0569479763641835,0.5933665255,3.17970730811182e-11,0.0898495034144248,1.98479286057538,1.53396057372273,26.0582461357117,0.0761675536503321
54,54,0.188143774472604,0.14817564,0.0206468206883311,0.091948366358816,5.18558048165155,1.16209175864299,33.76216340065,0.153591475170448
22,21,0.010898636961579,0.3114848785,1.05640094669865e-10,0.0937102998440405,11.9161639012701,1.12462129020432,25.6232540607452,0.465052716295141
55,52,0.6877851640455,0.125465704,0.375190101684409,0.0950774046820553,28.2865291539307,1.01939037725345,39.0670971870422,0.724049934360436
117,154,2.248748725,0.076417788,2.51088459290755,0.0953624537839386,23.4744885242784,1.06216817040124,59.2255423069,0.396357510795533
167,155,0.4429389673826,0.0702578825,0.975587763811561,0.0954289236048478,21.5667420479682,1.01822244459647,44.1214971542358,0.488803495778423
4,5,0.0404599360209429,0.3802276,2.88247864414834e-08,0.0973354855447298,31.4745977674212,1.02778929593107,28.7542798519135,1.09460567016519
51,60,0.0376880207950979,0.194612952,8.72425531024314e-06,0.0982011257076084,13.0458035545436,1.08472667452636,31.2792460918427,0.417075383346461
147,132,1.128672876751,0.0794557385,1.68423804136506,0.0993086460298634,16.7371470740701,1.0349414881123,48.9552001953125,0.341887011130488
0,0,0.18373434292939,1.147398265,6.15621331774967e-10,0.103860650958664,26.7417926255039,0.998134764539742,28.4421865940094,0.940215779019477
54,43,14.1807655,0.1246946585,13.559879813815,0.105268641715387,105.505830271273,0.999395304708479,33.3779466152191,3.16094430515886
53,45,0.0147412309946862,0.291993704,4.76387932404634e-07,0.110958673933633,19.0620689084961,1.00310636912859,28.3101420402527,0.673330034211513
9,9,0.23442053763193,0.548012827,0.000336928621160085,0.111890669039563,1.42138510905802,2.14614208946477,31.0602452754974,0.0457621984775282
49,57,0.098103393332875,0.169283518,0.0100339359924852,0.11710383942449,21.3193228127715,1.03270974660839,34.647558927536,0.615319620564322
1,0,0.0985707973095692,1.36876629,5.84394925718988e-10,0.119188704850752,6.08592489887768,1.08902802359607,23.5081481933594,0.258885763728376
42,92,59.42525,0.1275578725,57.5127313610278,0.122151636427806,93.4514546048323,1.01332707772359,48.6795282363892,1.91972802511621
132,54,79.8148685,0.1345524015,80.8043183245259,0.123442195150575,159.779556867877,0.996508541240632,56.2707216739655,2.83947943290376
1,2,0.00487330744471373,0.60643787,8.04384406918355e-15,0.12351047428846,37.6142581948512,1.03572749919204,19.14679479599,1.96451983716507
194,169,14.25119535,0.101374853,17.5177286770774,0.126676066916281,59.1391009344593,1.01556825542093,37.940447807312,1.55873492149615
108,174,60.8409605,0.110138799,61.0345348327782,0.127664076896897,74.436180703773,1.05154283186894,51.9165887832642,1.43376486106438
13,14,0.0396869800643531,0.5960353585,7.04667555672312e-09,0.128629811722362,13.041515842541,1.0963216237682,25.5051701068878,0.511328322370963
5,5,0.21699690165212,1.012200429,1.7387767737875e-06,0.131772222059002,2.66501278859985,2.12960107449731,27.6461505889893,0.0963972463371177
18,114,195.2316,0.1274381715,189.350427911356,0.132360079448746,179.886560550589,0.998915427169336,102.465168952942,1.75558740973924
120,83,98.502577,0.137587835,98.8871555702883,0.133016731376565,144.874324566503,1.01437857733505,62.895471572876,2.30341423545317
86,90,0.37814542830772,0.166460584,0.174898483309438,0.134636569526653,22.4857629881226,1.00537950056274,31.1736631393433,0.721306408156571
90,85,0.0850345255918914,0.20320222,0.00895614301670684,0.134878511797864,20.0024933620027,1.08933134464472,29.00217628479,0.68968939315402
65,70,16.0267095,0.1509510485,15.3605901677301,0.135416868456048,69.9646728979687,1.01768748420892,29.9212832450867,2.33829118640683
66,61,3.8036306,0.1794334005,3.14371720332516,0.13726852021824,30.6712287305704,1.05150957246278,24.6380984783173,1.24486996257291
180,192,6.59333802,0.088588393,9.11153752709254,0.141402694109467,27.482039213947,1.01763877785792,39.859477519989,0.689473142244906
68,58,120.597935,0.155354902,119.243477009356,0.14190677267062,133.351189836417,1.00103113426062,81.4817764759064,1.63657685931587
56,48,0.0076263651008166,0.289868577,3.51899466778234e-06,0.14233282246323,8.61928024187026,1.09843290970683,27.7558653354645,0.310539056797381
28,33,0.0748546905049103,0.33450619,0.000239559147917704,0.1424708197764,22.5531778219359,1.01558012982085,27.702038526535,0.814134230603022
74,79,0.0255883904019534,0.245024302,4.29103046579902e-05,0.142524681810697,4.29091847991158,1.25203036792722,26.8184125423431,0.159998973583419
185,142,3.85631829,0.1139072245,5.91422131144755,0.142796127214316,25.4323302578206,1.04950514965283,32.1997950077057,0.789828949275435
96,109,0.0190572948508133,0.1691507995,0.000355771688057419,0.143783823543779,17.238247537877,1.10694563898069,29.0388376712799,0.593627325343192
56,54,0.0376198556919031,0.3271113255,6.05994618158208e-05,0.146296398373987,9.37666118477138,1.11914097194892,28.2224576473236,0.332241128747361
37,36,0.17586563153206,0.3562353695,0.0050474732339921,0.148196571819155,17.4704000510461,1.18793680794622,30.3677265644073,0.575294960391352
50,69,62.9962465,0.1594774,61.5754852701872,0.148609963341789,158.536980553339,1.00822793821531,47.8017864227295,3.31654928439987
160,80,25.73803,0.154534249,27.0246260377158,0.149570009781748,72.7516351292117,1.01906470755191,33.1225361824036,2.19643914730965
112,117,0.419895150711966,0.1339214385,0.414645889494971,0.150894228800172,22.4875090418074,1.05677667343708,35.5209367275238,0.633077590670145
0,0,0.0252054000958979,1.01408236,4.86413488920745e-19,0.150993505026237,20.0708363250077,1.02097213184548,20.8761546611786,0.961424009869572
82,171,21.874981,0.129413756,21.7839925458575,0.151324829271418,101.580191295672,1.00655940376619,34.0817351341248,2.98048766871506
43,15,169.25319,0.185202255,167.179348859006,0.15182780744608,164.779160541216,1.00357233273735,88.2608025074005,1.8669574245872
98,101,0.243516322214296,0.1498602165,0.168641161678344,0.153226574814462,5.44304923624497,1.20535221729511,36.5462381839752,0.14893596459489
36,29,0.0597629710586567,0.448061316,0.000105830083971349,0.156204863650337,2.849187963438,1.28785561875396,27.948646068573,0.101943684729751
65,70,0.0279494739863156,0.2840671775,3.65434300920279e-05,0.156822681392715,16.1598510801176,1.08485243518206,28.5573842525482,0.56587294330627
185,177,1.4090319475,0.10932275,2.69506080851086,0.15682373716643,28.3431346249216,1.05728015916761,44.8529343605042,0.631912605697422
5,3,3.27982875,0.27505502,2.03021886586009,0.156967856551156,60.0460871231077,1.10298401608093,19.0973064899445,3.14421759711112
125,36,250.379385,0.185661645,251.273656736862,0.159176564794884,175.195045231778,1.03107211952424,117.770423173904,1.48759799370915
27,32,0.025090606166134,0.327603875,1.2599355880224e-05,0.159301474738329,35.6293318206274,1.05411827815117,27.7426695823669,1.28427913957037
170,192,9.261131,0.099893908,11.3968979754313,0.161538544391,25.8112679026364,1.08584680078675,35.6360659599304,0.724301833195024
144,174,7.1407379,0.128805397,7.85871814136948,0.162035265276426,73.9950631824188,1.03965180500324,30.1738252639771,2.45229308962552
10,14,0.00549571038414926,0.468438352,3.30660742192284e-10,0.166158043411877,8.98622720611025,1.11757675430973,21.1246252059937,0.425391083556862
111,55,3.749099565,0.205301801,3.98205826704065,0.166300517566312,33.3730122785933,1.00176541220177,24.5058443546295,1.36183890649288
61,62,0.00401345228993972,0.2962830545,1.93611053477892e-07,0.168013726625847,23.064253267624,1.00917922202064,22.8729765415192,1.00836256382101
125,115,1.33010257605,0.1578242475,1.56183648936921,0.168829803526384,13.0529142396198,1.05979635521801,33.6610925197601,0.387774527281233
45,35,0.00487218764768938,0.3945825385,2.23709356117998e-07,0.169446073602882,15.7783312380332,0.998197337595851,23.0909159183502,0.683313355512859
82,84,0.077235576581874,0.240772965,0.00936322328872424,0.170380894675213,18.9381132358286,1.04715189888544,30.2036681175232,0.627013684633931
64,65,0.217094690483884,0.2462726295,0.049542560188794,0.170978476976167,11.7633874992705,1.07660704484534,32.9085302352905,0.357457091373096
11,19,0.736602671,0.462931116,0.0751798804161126,0.171053760035232,15.1240050875936,1.1955579652774,21.3871171474457,0.70715491869833
100,83,0.0104863226472184,0.22189862,0.000614954644018524,0.171792074003535,19.1673033017679,1.07318716433166,29.6054081916809,0.647425739840125
48,55,0.053196373102904,0.2614394885,0.00143828823739783,0.172732717311002,3.34361150984302,1.26926872252811,26.9195103645325,0.124207738720551
2,3,0.0237467648742952,0.992074265,4.1515202853706e-14,0.173849917668244,2.74410500021331,1.36039100127745,18.8172266483307,0.145829406824769
103,94,0.0131600527126338,0.2052865535,0.00185734375206819,0.175266347978959,7.65990979586169,1.18110252149271,29.0292813777924,0.263868391923804
37,40,0.0292766891439746,0.612751304,1.06092933871868e-08,0.176589892839041,21.1163111075902,1.00652707727154,24.0382227897644,0.878447266766394
4,132,16.968578,0.1667725545,14.5232000840107,0.178408828402517,95.8302306483403,1.02426933359679,28.4208707809448,3.3718259861549
154,155,0.6527626818279,0.124050201,1.11465043563428,0.179831113521264,5.53050917576224,1.19527512308688,35.9354317188263,0.153901286591886
98,165,118.092725,0.158861735,118.081642319716,0.179955239396716,218.720520994314,1.01154590580388,71.6926639080048,3.050807559264
56,39,0.0738396840494041,0.3426382895,0.00618028041426917,0.180285133601038,26.0537581807531,1.0446521092343,29.7152938842773,0.876779421472874
44,46,0.0721257785338783,0.41447778,0.000348106204117701,0.180378890937413,5.88470410916595,1.16394712653592,27.5377869606018,0.213695607333486
135,113,0.321365000445145,0.183122628,0.405040806513388,0.180399727574691,16.0259990819336,1.29696899082613,33.5661561489105,0.47744516860486
114,93,0.1110762767522,0.2152861095,0.0673600011098013,0.18042194710029,11.3270515925845,1.13097235662153,33.335785150528,0.339786554941999
175,143,19.69861,0.1639152345,21.1798164443101,0.180573961521022,70.136833855708,1.0075011935391,29.0393102169037,2.41523759799506
23,22,0.0867049702909561,0.5588264665,0.000192794315515069,0.18064749423512,4.68777595557063,1.65269290285495,29.1408822536469,0.160865958510367
114,87,0.32025586640895,0.2251568765,0.266130263367805,0.181064726216472,2.9088084368101,1.34117778011919,28.7186584472656,0.101286362040601
132,79,95.3957375,0.190657145,96.1289987935293,0.182095846228304,141.690015500663,1.03882350188317,59.3485164642334,2.38742303838467
122,115,0.363160596027413,0.163107381,0.417452260049204,0.183740483604288,8.36814790810853,1.15574814361358,36.4034550189972,0.229872354251584
29,28,0.0276055235560996,0.592965971,8.8887600119661e-06,0.185137863602985,1.70420473337342,1.6749240175639,24.36931848526,0.0699323920118745
140,173,3.66831644125,0.1414979905,4.48486394505385,0.186392370162668,38.9327456444326,1.06937208293407,30.3799295425415,1.28152850354424
7,18,0.155383800171203,1.043795648,2.39179272151753e-07,0.186922323695255,1.3798572271743,2.12372508971246,27.4063317775726,0.0503481180324714
46,42,0.028728879653653,0.57291383,3.50571451835296e-07,0.189422974534783,4.20433773275162,1.3506987548383,22.4716391563416,0.187095285016854
176,128,9.3639575,0.1796611925,10.4678590739979,0.191338172825247,95.7027111734431,1.00143966187875,24.1641273498535,3.96052833970945
121,120,0.2557160499007,0.162910239,0.27722080800416,0.191429037278431,16.0259130408344,0.998886295994924,32.865172624588,0.487626011397995
28,43,0.00633418120206245,0.4290713855,2.48307872750478e-10,0.194480869148295,29.0423062322532,1.0630944373305,21.4226386547089,1.35568296232591
117,131,0.0126626394010738,0.1725374145,0.00246891844818302,0.196180567517083,13.4170554524945,1.25333248755042,30.6893224716187,0.4371896924379
90,137,10.27027885,0.18113467,10.1668554796475,0.196897154626512,59.3951729550338,1.00111251934932,25.5519165992737,2.32448993500245
93,93,0.0366347599924327,0.2521843235,0.00196460733972603,0.197241011582829,18.4097727522311,1.05329173755209,30.1947202682495,0.609701715686682
27,31,0.3468961111555,0.430735954,0.0266367457734584,0.199714491398018,32.1123060229073,1.00615009907866,26.9325456619263,1.19232345972789
91,99,0.0571998558202235,0.223933722,0.0148254711078866,0.200486464829658,18.2018389203593,1.03595293336853,28.1823306083679,0.645859960033071
141,114,0.0388884671582089,0.190069032,0.0434680742130714,0.202439299214526,36.8804867821789,0.999676435054838,31.858475446701,1.15763501752868
118,126,0.4357988872765,0.176239986,0.462164780390039,0.202744010408087,16.5855724932947,1.07138569973251,36.1070291996002,0.459344699936664
119,136,36.5735755,0.19347276,37.1470434309824,0.20282724623502,111.128809000038,1.01375734086645,34.7275207042694,3.20002138783192
26,25,0.15509100961045,0.547155855,0.00275913276431239,0.204038416821332,10.0732864845706,1.14927362206638,28.798321723938,0.349787275145183
2,1,1.16252913,0.512883705,0.47820626344923,0.204482091932841,55.9020803801598,1.03417707966318,21.2368791103363,2.63231146581003
0,0,1.114456285,0.526405305,0.413130370831759,0.204994998619449,39.6256095717397,1.09744658532764,22.2491552829742,1.780993887982
98,119,0.365905761406669,0.2005231685,0.188697541946727,0.205239070370385,21.8851707120251,0.99919018578185,31.6540982723236,0.69138506248842
164,179,11.5902214,0.162143355,12.7303738591109,0.206495285606272,68.5479483941795,1.0112558628489,26.5401225090027,2.58280452062447
134,141,0.0229991506043154,0.15741121,0.0167073653404377,0.206885980493201,14.52255294406,1.10374865427698,32.0913903713226,0.452537355845997
146,148,0.0127156381572707,0.163155377,0.0142522223577132,0.207498921849725,4.42625970825049,1.17268323042306,31.3086333274841,0.141375053390303
48,44,0.0113416263179399,0.426089851,2.20002237984674e-06,0.207557820845175,15.2074494290006,1.08444318039872,25.613835811615,0.593720110523413
83,75,0.0169331306854034,0.257787642,0.00181835145074164,0.207795930161662,32.3061862628577,0.999758534285126,26.0897588729858,1.23827078740496
164,135,0.438470123114376,0.139866298,0.862911341790175,0.208078645914278,1.35418565834218,2.14933818157217,39.9486808776855,0.0338981320181361
119,157,4.42028925,0.1705582195,4.79929656963025,0.20864207371706,43.4127105421203,1.00645605633422,26.4791793823242,1.63950362340533
182,195,24.094904,0.1503943325,26.0046416050592,0.212644656531648,76.1891616569626,1.01847783568414,32.5492963790894,2.34073144837345
39,76,44.330825,0.226956825,43.11416682914,0.21461941552964,139.188179836505,1.00641645643144,36.0699799060822,3.85883718812482
12,156,45.444038,0.19378081,43.0575917794568,0.214786818458198,134.764461304372,1.03521720006664,38.8618350028992,3.46778430031208
157,73,25.805847,0.231304105,26.786857318126,0.216910884586147,106.935307864434,1.01739297335833,27.8924965858459,3.83383780420351
70,4,0.00580339499850901,1.56633442,1.18780633588552e-09,0.218884026868428,45.5050466663865,1.0229951571852,19.3983483314514,2.34582067961978
146,144,9.4579966,0.200733632,10.0383945425829,0.219181889608928,102.766404833007,1.04778698885557,23.1074006557465,4.44733729959584
108,51,41.435308,0.242740745,41.6504981319345,0.220883921325981,180.148209810077,1.00402619943485,34.2061805725098,5.26653975377933
23,10,0.0152923655570114,0.84940042,2.29482366366415e-07,0.220928805075018,13.7984963946895,1.06894406364304,19.4358441829681,0.709950968159194
154,180,0.0896754917562308,0.13253196,0.175659035605026,0.222870869661078,8.24785011630265,1.11925370439684,32.8719303607941,0.250908602743323
30,39,0.402124444847219,0.5285980635,0.0312228273979831,0.22629461232124,8.37073845582898,1.1869985912687,23.5525486469269,0.355406906543899
101,4,0.0037083007530685,1.47188455,6.43957426797362e-08,0.226672326229946,26.7371344163523,1.10273904535005,22.0522451400757,1.21244500260714
100,106,0.0126833020156418,0.266281992,0.000287024275019873,0.227433873905708,13.4367455649494,1.0412515091193,26.9020998477936,0.499468280950992
140,130,1.3171933705,0.2057230285,1.76926898013325,0.229171722153861,12.4776519211152,1.09008592074432,25.7884564399719,0.483846404307275
157,164,0.0275311363047758,0.142172443,0.0434518544237651,0.229765798401569,21.6889356474408,1.09884499080748,30.7747204303741,0.704764668667279
81,3,0.00847399664633108,1.54636227,8.70828622406688e-08,0.232338311486359,27.2497065175821,1.01498027217299,19.9566736221313,1.36544331152277
166,57,32.9913705,0.254109485,34.2355698577792,0.23382613016493,131.069307911991,1.00591871781776,30.4028236865997,4.31108995871856
9,21,0.0144477160264577,0.7128083845,2.68663657646773e-13,0.23475981116739,3.28432122442358,1.28391885038648,19.4881649017334,0.168529014454894
93,100,7.0774363,0.24050348,7.14068694454597,0.235388847035407,60.0244128045818,1.02719226996893,21.4629304409027,2.79665504996424
14,148,11.13462965,0.21406227,9.83869214820025,0.235660362057022,91.7500021413558,1.00437260397515,22.8190274238586,4.02076742523328
166,165,0.621940779363,0.1722980035,1.08737959994633,0.23602360908531,31.5702434688912,1.00309428828772,31.0545935630798,1.01660462581048
194,105,10.3932721,0.235592835,11.9725829636322,0.23607586165805,74.4763096599085,1.01135714751222,21.9291970729828,3.39621689804889
65,67,1.861677555,0.28464531,1.64178931044129,0.236581646361533,64.3905817600643,1.00281710156778,20.5928585529327,3.12684038471648
78,81,0.538505111995,0.296105424,0.367955063062166,0.242052783379691,21.8417810818469,1.01781584427338,29.0321419239044,0.752331024665558
5,7,0.276850634265,0.742026855,0.00721077606686749,0.244053493685822,22.8597867188078,1.10345429500231,24.0186705589294,0.951750708380035
177,136,0.19676617344813,0.199323723,0.489189141517748,0.246259129761703,11.6782571993918,1.03924284067907,31.1309442520142,0.37513340761054
163,124,3.3563031,0.2309496055,4.04474753999782,0.246718409680735,56.8297957849836,1.00342124780682,21.8070197105408,2.60603221069746
93,95,0.359316623645,0.2979859925,0.257183250921271,0.252204664164881,22.2789094516762,1.03947626523675,28.7796771526337,0.774119505702564
92,98,0.0373372034662521,0.2990367345,0.00609574049983821,0.253945481166391,12.1807851566979,1.09445510504888,27.5010285377502,0.442921076205479
90,70,0.4966593081215,0.3231057255,0.419551494669594,0.256928183081832,12.054212160546,1.10709662064032,28.5209250450134,0.422644501940991
120,9,11.8068475,0.34073359,12.0150714200558,0.257121364193908,102.298822661436,1.00296554393756,19.4154117107391,5.26894944003955
153,164,0.193925570503898,0.1766416445,0.309809984893736,0.257566297849706,37.9040442962658,1.07499545477155,33.1882224082947,1.14209323506258
177,175,9.4445018,0.21176684,10.3826836886783,0.260028671546928,66.8040365698581,1.01944195743167,22.9378669261932,2.91239097274442
179,187,2.435551355,0.1660454735,3.71473528559035,0.262172138457873,48.5950037929835,1.01111521789549,27.9456567764282,1.73891077893624
42,18,15.1714985,0.32589059,14.7146598348995,0.262371049374953,159.426841698393,1.00224182838427,20.6221990585327,7.73083613662567
88,69,0.00579837779470297,0.4466900795,2.79146449687562e-05,0.262875010904374,21.1557142189603,1.03341091942717,21.3676474094391,0.99008158519196
91,68,1.473174275,0.31457557,1.50274851107412,0.263940784610544,20.5669037304086,1.05078577563066,19.3874065876007,1.06083831468012
198,189,0.0567833199593093,0.149024538,0.286867786370282,0.266984817372599,12.1744831718077,1.05695185324891,31.1967089176178,0.390248958758992
123,126,0.0409555260164624,0.258707484,0.00604931961310021,0.267502680795129,1.85998620609392,1.54998843884772,27.4102296829224,0.0678573739662154
0,2,0.00573415992492883,1.466716685,3.06404971573575e-16,0.268688226523449,39.2408756397076,1.00732752244727,21.3740684986115,1.83591044644855
4,5,0.00836871143888224,1.688808925,4.36362674444798e-18,0.268853269488199,29.2907496499546,1.20904352052091,21.3813555240631,1.36992014453855
71,57,0.0476530061424738,0.660306546,0.000117282301829378,0.270191982898375,3.22652385759828,1.3152578397834,23.1327862739563,0.13947839310783
120,168,0.2894077031687,0.1916093865,0.350229490218738,0.270936329648372,1.42172349894202,2.04977672429284,34.1433873176575,0.0416397906193321
143,136,2.21355082,0.241355762,2.60477909120816,0.273493038567014,30.1445905843493,1.03713904766908,22.7437565326691,1.32540068924189
162,43,35.611977,0.308314565,36.643332143708,0.276331240387535,200.587444699175,1.00078972695434,30.0310041904449,6.67934523358353
47,39,0.13972432348423,0.5322020315,0.0204786795197749,0.27729643340577,6.80004727469717,1.11998381650861,26.8922057151794,0.25286312869676
36,9,0.00210603096594705,1.461449065,4.91780328066295e-11,0.277748250604095,47.9073502456337,1.03569340569573,21.1955742835999,2.26025252274963
4,4,0.0909338126832805,1.312936985,2.34070194994992e-06,0.278687220102346,10.8160703344094,1.00779290878861,21.2720282077789,0.508464459935893
74,89,0.00354436283127919,0.3280836195,4.29500734538869e-05,0.280802514446515,34.6759778099751,1.02940769712763,22.8737685680389,1.5159713497507
41,34,0.0484989007059786,0.705013694,0.000255227252851485,0.280828130429723,14.2254962041019,1.06500624508181,24.2080767154694,0.587634299548116
69,54,0.0145797972098441,0.60373195,3.29685945770495e-05,0.28100776898851,18.2411089328424,1.06802081317805,20.5392544269562,0.888109595103041
150,135,0.053677538345711,0.2441543635,0.0736427427190564,0.281798524989411,16.1744318464776,1.07105315733249,28.152060508728,0.574538117430625
170,143,0.106004484772313,0.222490047,0.254196704183505,0.281987856600147,20.6561655200996,1.09642302358575,30.1086032390594,0.686055256568748
89,39,30.905378,0.322980725,30.8008327103435,0.283628548849192,138.531905585565,1.01231772320982,27.4820470809937,5.04081465173576
124,126,0.458371650011059,0.2683056525,0.525223054052618,0.28440300129672,6.30177412752879,1.16990305851636,27.5045883655548,0.229117194693987
25,21,0.0145456473832664,0.872164525,8.30246644374308e-08,0.284588139961648,18.5504102542326,1.15960110370815,17.4176907539368,1.0650327024574
74,62,0.0101239991746898,0.5205888135,3.47038662656684e-05,0.285368829281113,13.6594915003286,1.03911217235911,19.9686448574066,0.684046994569194
82,15,0.00510667094351897,1.407916325,1.36609259014072e-08,0.28632773751844,19.486462505868,1.02668534058311,20.916205406189,0.93164425035251
18,18,0.0139810380317658,0.816161965,3.42700634880206e-08,0.288703527104275,19.9199390881942,1.02491092561506,19.8846476078033,1.00177481045111
112,116,0.060741498108223,0.2863249375,0.0291631726303137,0.294250857002569,13.892480654822,1.07517710094502,28.7529542446136,0.483167069951585
39,19,0.375984313650337,0.590237733,0.142418525075649,0.298171377130477,20.2241652249149,1.04650340275324,27.3304932117462,0.739985373415173
143,104,19.7699665,0.300796705,20.2232538061801,0.299513864790699,118.896400104737,0.997952539464165,23.3471975326538,5.09253412271199
89,158,2.8159656,0.242267625,2.82761517279455,0.299524867416766,8.98052241111295,1.11085360391084,21.3752467632294,0.420136549092927
127,151,0.00691945392039193,0.22149495,0.00342542021335438,0.300720051389002,24.9374727512949,1.02885492706641,26.9617228507996,0.924921337159851
90,22,0.0162815782263694,0.84553267,0.000127105026903033,0.301044435814591,12.0748619536478,1.07333872507379,20.122407913208,0.600070429231387
150,162,0.306312378025,0.1822318,0.599474563610593,0.301727296040862,1.71665322604806,1.63033999990176,30.9113390445709,0.0555347415902244
11,43,10.247054,0.34694347,9.12680357106397,0.302303735870316,110.139521534532,1.00699844220966,19.1623620986938,5.74770067318786
145,148,0.091309295648387,0.233045943,0.11505023381372,0.302388206137988,3.162409586574,1.31606225804389,29.6138789653778,0.10678809048525
25,3,0.00153668991149843,1.325066855,1.81325595046754e-11,0.302555608689886,37.6007665142761,1.04986704093447,22.1629254817963,1.69656151870203
24,35,0.908943365,0.496242815,0.440866977704272,0.304581884971927,34.0536123625245,1.04082774324472,20.0180025100708,1.70114937019278
167,178,0.3797543686596,0.1708636355,0.903176361224834,0.304936499139674,37.4816277057465,1.03438843858122,34.0229294300079,1.10165786232058
23,52,5.53491655,0.35869319,4.84563797437681,0.305269934992967,46.657178151132,1.05369000914411,16.8431949615479,2.77009072552137
129,137,15.268977,0.28678773,15.5725014970028,0.305451900032715,61.6423820854338,1.06134772515268,21.8005087375641,2.82756622001297
134,100,0.00590921177598283,0.326739203,0.00220743759652969,0.306258649243641,11.1543723211883,1.12187098698115,25.3552820682526,0.439923022396771
70,3,0.00534911606260608,1.273246785,1.37424689953447e-06,0.306423037309084,31.8361887438076,1.00678580465855,20.2079660892487,1.57542766071572
94,79,0.02771202296339,0.382799447,0.0073371999763272,0.306546249955544,19.5024493527467,1.03038266147864,26.1078915596008,0.746994421522902
123,140,0.0946387945948137,0.2434483255,0.0761597852406,0.307649076493109,27.2864997114774,1.03935299620567,30.5750365257263,0.89244373227545
40,2,0.00747131109026268,1.66076842,3.70649166353271e-09,0.307842304798996,33.4237887947475,1.03376645627019,20.6622753143311,1.61762382343078
62,40,0.0195104576256649,0.497905235,0.00270414330009252,0.309095254053188,28.2657928828553,1.0205049029563,25.3388850688934,1.11551052092481
94,56,0.00730174818510139,0.55713389,5.1751985146614e-05,0.310555997011956,19.7489290553068,1.05047815712724,20.8669164180756,0.946422972116744
25,31,0.0452891983398225,0.811706235,5.47751929327601e-05,0.314062172824304,15.0390488232433,1.08946702273061,22.1366484165192,0.679373342353878
62,4,0.0102302589682227,2.270479205,4.11735217838448e-09,0.318077707185553,25.7414304356716,1.06945224455976,20.733941078186,1.24151169999966
54,29,0.0132290331230018,0.58282097,0.000224474199123977,0.31847431377132,5.34075967216782,1.16886801342429,21.9495205879211,0.243320105820755
186,196,4.2309493,0.20346942,5.31619673875878,0.318715318944559,71.7126002195998,1.02456176019215,23.5093619823456,3.05038479025729
65,36,8.02504305,0.37030625,7.8460477536342,0.319659296167741,53.3877191039205,1.02982713541362,17.3676373958588,3.07397706936526
83,63,0.0243606381933395,0.5959959825,0.000274369249257987,0.320334241184792,7.49940834699834,1.11330078642186,22.5210697650909,0.332995209606912
104,7,0.00563355211761043,1.35711517,3.6728741439434e-06,0.321463332272581,43.9060289314838,1.02179098792628,21.5821526050568,2.03436745791504
66,0,9.08026585,0.478188105,8.8714478062997,0.321967207157773,71.2006215615569,1.02861566333904,16.532881975174,4.30660677723781
172,73,18.908029,0.339928625,19.8001214812392,0.322461773189806,65.5728616573581,1.08892408795657,21.763927936554,3.01291484921819
11,6,0.00317622298416092,1.39986238,2.63087293429369e-12,0.323914879723345,30.7909171399745,1.02872861374048,21.4420194625854,1.43600826375996
38,23,0.0131564777072304,0.897672113,7.92371063646691e-06,0.325757453727399,1.6473869041121,1.77016824179432,19.6086182594299,0.0840134109561679
62,47,0.00986856107680214,0.715920808,1.00552196585913e-05,0.325823748090608,11.33040015197,1.08714448081425,19.9351987838745,0.568361533527077
198,179,3.96210085,0.253333225,5.13723682329922,0.328856950282211,65.6875876124045,1.04369154758351,21.0860152244568,3.11522053423428
12,67,16.598065,0.354633775,15.4273162502127,0.329240580079897,128.086820151127,1.01389899749936,21.2753257751465,6.02043989853992
35,32,0.00420164219523445,0.66938553,5.60356533558676e-07,0.329758292806256,30.5425441199602,1.01151089391304,19.1969614028931,1.5910092998029
194,148,34.091281,0.30411465,36.3571079530096,0.331556605437679,141.82347746668,1.00360960367617,29.0267181396484,4.88596322823553
12,11,0.00648648300242409,1.47503867,1.67529660246877e-15,0.333676025983674,46.4003725500047,1.02591292895374,18.4849796295166,2.51016627986504
105,127,0.35191217561,0.3291663425,0.246389602456482,0.334098066769199,28.5249333845147,1.05152193927958,29.8577597141266,0.955360805955535
94,98,0.0461109555706209,0.473582629,0.00202819424528216,0.33699271131926,4.41836527884706,1.22847567605447,25.4573686122894,0.173559386523323
49,48,0.0724615494379978,0.882277291,0.000371051303844634,0.338878312280013,3.22586372415738,1.2475532549355,21.2871024608612,0.151540761834003
198,200,0.0173770991888709,0.1260795035,0.148653743628484,0.341205266582411,32.837201364964,0.996840763196384,31.236784696579,1.05123500014265
139,100,8.91886585,0.34931339,9.25281005016602,0.342653956515587,102.702060726632,1.01326110845011,18.2082319259644,5.64041918755343
87,69,0.0834513855403525,0.641295555,0.0119621665524685,0.342899685799598,15.6720911267037,1.00041584793371,25.2605619430542,0.62041735896588
179,166,9.0275223,0.292573015,9.76019430399614,0.344537923449589,72.0294329580041,1.00553266699956,19.8574125766754,3.62733224582392
200,200,0.576588978894615,0.1294282385,1.97885647279673,0.346328949036501,41.2713594703219,1.00899407734318,36.3733212947845,1.13466018502522
12,14,0.00830025211332934,1.586419775,4.20563306185594e-14,0.347860240756565,38.4946710840784,1.03891201392566,20.5163922309875,1.8762885136275
174,192,0.177575300526347,0.2097002195,0.391471802720461,0.348980308323905,26.9177105132444,1.01248662063122,33.0068590641022,0.81551869146252
99,101,0.0238796150055899,0.4518799225,0.00149692583432491,0.351897958688061,24.7999056900991,1.10948989142836,24.3142018318176,1.01997613829321
151,157,0.0714261312649211,0.2139193535,0.113389786924406,0.352568302193631,18.9790137640609,1.00783891977207,30.9687838554382,0.612843366812677
113,125,1.48502373,0.31479858,1.62549462255011,0.353106013934022,45.7230930502458,1.0285183959599,22.7563807964325,2.00924274643065
149,3,20.5033335,0.498169575,21.0278400321105,0.353298284231833,137.5636894151,1.01940649192265,20.8204419612885,6.60714550012306
195,40,88.363712,0.40906773,90.9009814317719,0.354558110106308,177.352536628505,1.00271360048568,48.8423035144806,3.63112555852171
10,5,0.00630181348564904,1.78987716,6.56424247805305e-14,0.355857829628243,42.4142931588199,1.0309253689116,18.0189814567566,2.35386740702348
56,17,0.00693992213589744,1.54427567,1.04234053871124e-08,0.357136939623695,37.8213142577212,0.997920591373867,21.2839934825897,1.77698392403
0,20,220.969775,0.421664895,214.755416296677,0.357431725479248,180.143129687118,1.01782270214899,104.717222929001,1.72028177073848
30,27,0.0275032025144341,1.111512205,2.31801707985458e-06,0.361128509634303,25.5952076112931,1.03852895745241,19.2759687900543,1.32782989483254
196,200,0.00420244688632595,0.128128978,0.0504523049548348,0.362428538383442,17.3690051680378,1.05077597974076,28.5665459632874,0.608019086044207
35,61,2.06089435,0.42934008,1.62304485191313,0.364930711934801,36.4823830894324,1.0119889422175,17.0303597450256,2.14219685524191
51,88,10.76864135,0.38121201,10.3125014283256,0.365550731390625,96.3894336758306,1.0311301604207,17.7104632854462,5.4425133957416
71,14,0.00529772139067874,1.44613261,4.5828913300535e-08,0.369520911144455,23.0395041931977,1.09575505080816,19.5051920413971,1.18119853136024
47,8,0.00191565848372959,1.56315406,1.85574301559512e-09,0.373315538327667,56.967832021553,1.04704019247365,21.6423137187958,2.63224314931162
52,57,0.230981462283297,0.789184046,0.0325747239763709,0.381060896670345,12.824743321995,1.07146689663832,25.481831073761,0.503289708061869
109,16,0.00586863840758061,1.62671178,5.75590205368966e-07,0.386599839556728,25.4278522193558,1.15601198245764,19.8552596569061,1.28066077496556
174,124,0.00205126865422907,0.357061472,0.00378210934077283,0.386779607094495,24.9772905620925,1.03168203879486,20.3919172286987,1.22486229627004
86,9,0.0031163209263277,1.46943134,1.01291945243019e-07,0.390516634506583,43.3495877886595,1.04237329210339,18.3700335025787,2.35979905984244
81,112,0.0385237765697744,0.3980618305,0.00685646295964367,0.390615521539111,12.2447469269273,1.10835079365437,25.6234891414642,0.477871958004059
101,94,0.021527745927373,0.5827616885,0.000486982545994828,0.391939108059951,26.4643227026731,1.02025488569406,21.9779953956604,1.20412813936154
135,128,0.167852692566432,0.34393137,0.247173286932836,0.393314507421017,18.267906049389,1.04735761224063,31.0581965446472,0.588183091156895
47,26,8.73861455,0.479163685,8.30668760603968,0.393470995254724,91.3395940883673,1.01664813155877,16.5543344020844,5.51756367062796
106,103,0.821243628,0.412330575,0.827934893103782,0.393894322085942,41.5794575809606,0.995980199599425,22.4952671527863,1.84836469371784
132,120,0.015527760224288,0.3689319935,0.00910928915912196,0.393903901579971,19.4770266572374,1.02156799619462,23.4190101623535,0.831675912953274
116,132,0.0497791133221729,0.335511258,0.0252334924524368,0.398183461322152,10.6712364407212,1.16417985175551,25.9626004695892,0.411023404732541
127,59,22.0240705,0.449399995,22.3160316100342,0.39839122219168,110.14246758169,1.00567188980011,21.8477218151093,5.04137083554032
63,63,0.96294604,0.516303695,0.722365877080618,0.399036267815064,11.1439217835887,1.13883888053677,16.5915508270264,0.671662456377261
91,46,41.5090545,0.44671899,41.4828499869341,0.400900395112579,115.318316640913,1.01529411641515,30.3718838691711,3.79687730723765
54,11,0.00862800017519578,1.711685585,4.34883937955654e-08,0.405010625925098,57.4851660801883,1.07172048996728,19.2886502742767,2.9802586112959
61,50,100.6192185,0.4478739,99.88415611246,0.40557890687606,108.586339434316,1.02098462601872,54.6847677230835,1.98567798594635
10,27,0.00645512729677146,1.5669996,1.49531068472216e-14,0.409862331876889,38.9443489548225,1.03034974879515,18.766907453537,2.07516070781724
155,144,0.0114174273672891,0.3711332075,0.00389410536705546,0.412921089430909,22.5220589087615,1.16140947968627,23.362339258194,0.964032696377451
72,12,6.5111447,0.587605875,6.41313352669175,0.413575527092282,100.77132682697,1.01910958176363,14.8349528312683,6.79283095626499
86,111,2.34624535,0.40045976,2.27576995243183,0.413670288665896,32.8142277179798,1.09965146888103,15.9621765613556,2.05574895076797
194,144,5.16836315,0.375246525,5.98852706528763,0.4155226464252,67.7663523805217,1.00491550852725,16.2842037677765,4.16147779448812
2,8,0.0058070549769275,1.525076345,8.86898427205897e-20,0.416034655698569,63.2687174634692,1.00018781672474,21.0527429580688,3.00524818022444
56,109,53.583417,0.41367824,52.8595947803393,0.416181739579314,177.907761526009,0.996212294333962,34.9514923095703,5.09013348987377
125,18,0.0015617628349315,1.37024304,3.89462439069485e-06,0.418135786085003,70.3449441661903,1.02607115619865,19.2309467792511,3.65790332497242
40,61,0.00682251039222824,0.642165248,1.34389331024528e-07,0.418558532188243,25.1499501156951,1.00380874198461,19.9094276428223,1.26321813800419
98,101,0.00941167330572803,0.49384071,0.000822420968147196,0.420846310483701,24.7634002527973,1.0048769747641,21.9444513320923,1.12845839151068
0,12,13.795206,0.531921505,12.5576784678372,0.421296771306421,122.670026746281,1.02864889241634,17.7364823818207,6.91625453714619
91,171,37.25216,0.37303528,37.1606434643772,0.426179054771183,191.430030978702,1.01585573323914,29.3902730941772,6.51338047677508
72,69,0.00740825923260724,0.6334068175,2.59533416238955e-05,0.429106144929935,17.1259670369921,1.01677848263095,20.1314344406128,0.85070773707225
84,103,0.0488655214334325,0.534551529,0.00119738281532871,0.429253102646696,4.51025841651953,1.22097121565867,25.7756507396698,0.174981359814053
167,170,0.0163736081674516,0.2766959555,0.0243796886046802,0.430836623419281,21.371041641896,1.04890810898426,25.7556376457214,0.829761698617709
88,95,0.0437137043128475,0.4809820155,0.00704399279135742,0.431144259214404,21.1727403824028,1.01967265722044,26.2418553829193,0.806830922335775
58,11,0.00497765872268232,1.606920185,3.28257539881015e-08,0.431559085169791,34.3852149489498,1.02185186162382,20.0080456733704,1.71856939504665
86,102,7.75677625,0.435311305,7.66137656293936,0.432110361868668,110.332327008131,0.998423133685337,16.5505502223969,6.66638423046652
90,86,0.0243567360332731,0.6840783545,0.000372199116891578,0.434126732723252,14.2299823334035,1.12921268194151,21.4138219356537,0.664523239997192
9,4,0.16524051641765,2.590778555,0.000375789035427305,0.435080509470985,7.0644441146457,1.4349309512333,19.535041809082,0.36162933172538
138,121,24.8840815,0.42652662,25.2293855657087,0.435609232382405,140.911553368908,0.998263363145557,23.1021835803986,6.09949067708332
100,68,13.499076,0.470763105,13.5566452339077,0.436885082984497,155.33112835852,1.02612714510478,18.0460679531097,8.60747774873322
169,153,4.39842115,0.38344287,4.84443937571239,0.439336067350413,124.196527557439,1.00575589887921,17.2247703075409,7.2103444829721
1,18,0.00498204607474721,1.60622044,4.66961595055797e-26,0.448729530594013,39.0822228032397,1.01830545810442,20.5920858383179,1.89792443126452
116,58,3.22196495,0.51998376,3.32423635473121,0.448880211711349,97.2506647212066,1.01190477265896,14.8741457462311,6.5382352963597
192,146,2.74800258,0.39692091,3.45357477579893,0.448905183923681,73.609671191646,1.00928581263763,17.1495053768158,4.29223289968223
124,17,0.00616596813487698,1.29854776,8.7437519672803e-06,0.451319521070766,54.235516388664,1.01174017614234,19.5225546360016,2.77809525443193
122,123,0.0602790187424221,0.3852509875,0.0502069332454631,0.452057502154737,3.35538629342629,1.25351529071767,26.3970501422882,0.127112168796882
80,84,245.03157,0.46343538,244.378321342379,0.453153080395524,186.306567149098,1.01442485856471,114.065364837646,1.63333162011339
70,77,15.314469,0.471854205,15.0659275129336,0.45382836337456,123.493940270677,1.01713773499007,18.7249619960785,6.59515038249693
132,89,2.98632295,0.479055585,3.18143210931972,0.45951038324199,67.9691509949778,1.0026002111174,15.9185070991516,4.26981943542936
109,13,0.00273203269980171,1.60679723,1.9508988118701e-06,0.460627159297223,42.621887774895,1.01663898015539,20.9016213417053,2.03916658320907
58,50,0.18280493561,0.84643957,0.0489332863120472,0.460999226490425,22.4653964909764,1.08668325939233,26.9771723747253,0.832755789929416
199,200,0.0577289082885095,0.1385592805,0.528406894802662,0.461091965907089,32.7776419278859,0.999922700120711,32.9510207176208,0.994738287738617
40,50,0.541938351248,0.66072396,0.325467982186299,0.461337447812848,39.9099633348894,1.00008912779509,25.1862118244171,1.58459571503318
99,106,2.24207365,0.459311445,2.31024712338727,0.461542058153098,63.5384654559517,1.00842875713907,17.424619436264,3.64647650919226
70,20,0.00300652341026954,1.325402065,4.16881729271887e-08,0.463700765250839,52.5157683805385,1.00938428492136,19.9699242115021,2.62974299873862
69,175,26.963403,0.401345705,26.7032413032346,0.463741859460833,121.822008876205,1.00570599072062,24.7874701023102,4.9146608497513
135,27,0.00138276346354998,1.343799225,4.38839496363821e-06,0.464689162322315,24.9402674177095,1.06825930299137,19.8731989860535,1.25496994395376
16,13,12.6000055,0.6004321,11.9886972491288,0.468492829958737,130.245655995238,1.02925420948314,17.1115121841431,7.6115807062297
199,200,1.570088846,0.244129189,3.03135442846337,0.469898134572655,25.406495712388,1.04159953557238,24.264059305191,1.04708348231545
0,29,4.41617445,0.58684801,3.78188116185578,0.475650345756746,113.885152914127,0.9998175928588,13.5418334007263,8.40987697485766
57,100,29.8774975,0.4755617,29.4218212101298,0.475832093324878,165.743074090278,1.00588732455663,24.6654992103577,6.71963185000848
82,31,1.98317595,0.63213926,1.95941287636851,0.476226823096738,52.188728998589,1.01476486916732,14.255380153656,3.66098472549007
121,122,0.508747422184172,0.3782310875,0.695400332840536,0.47742673787174,2.31010348706327,1.39603455895107,24.2893974781036,0.095107484207699
31,17,0.00874901432709726,1.553576575,6.27952953515988e-12,0.480591057910843,49.5507987852721,1.00909657419774,18.8112304210663,2.63410726869739
54,170,66.8547115,0.41182558,65.8814656786992,0.480798168018982,167.58236124851,1.09181735568975,40.6209506988525,4.12551548807654
80,61,0.014795466132039,0.828802015,0.00020407754591171,0.480818873211309,14.2539549653265,1.09698002434948,18.9489533901215,0.752229142785132
85,30,0.0090668517933216,1.620358455,2.35155741699997e-07,0.483913195827218,17.6450644356634,1.04635232412066,18.7210049629211,0.942527629826029
197,163,7.65304845,0.426070925,8.72244234050917,0.485506977171443,95.6342939550291,1.02076866595245,16.8437526226044,5.6777308535562
146,152,0.0572560975835852,0.360709873,0.0702421909984417,0.492096983369448,16.0098077186073,1.04467279629956,26.362343788147,0.607298343700596
27,136,57.5195935,0.46521031,56.0458561037966,0.492334016259658,161.674344228277,1.01457253338022,35.9975762367249,4.49125638807137
197,200,0.060281657858318,0.2086250185,0.288402112114709,0.493288181853123,14.6860520511667,1.08672584212222,29.5827267169952,0.496440108163848
39,22,0.00270961845963161,1.62472161,1.88821721062084e-10,0.497533294096453,37.3462808908442,1.07728367052561,19.4581301212311,1.91931499368971
120,145,0.656103053025,0.422322557,0.753864043153938,0.50285835231115,27.1008993250572,1.08906841546559,20.8687469959259,1.29863567421408
44,185,178.418425,0.414844815,176.718701661187,0.505035052688701,161.193180054938,0.99686680267484,83.9024634361267,1.9211972265588
178,190,9.2075961,0.406793525,9.79127156651709,0.50734800692976,155.191094811744,0.995233505989598,17.2602553367615,8.9912398040377
197,195,1.00642246962,0.301422755,1.82427722616689,0.507804505857128,43.608252678108,1.01270848861933,26.1206233501434,1.66949509946777
149,33,55.4457735,0.59526852,56.084810810972,0.50825474510593,214.3861940392,1.02160677000288,34.8344078063965,6.15443773956832
99,96,0.0785653317609834,0.701924291,0.0144534268454291,0.509205388708182,5.67745379196144,1.46868214032904,26.265150308609,0.216159196701819
122,142,0.0111765346997837,0.390495651,0.00353499797302801,0.509476495096737,37.5885248986723,1.13251851624465,23.8598470687866,1.57538834135469
144,165,0.3797804009605,0.3387174155,0.57542945227776,0.51164002017197,7.37155512829757,1.15347969691933,24.7613022327423,0.297704662663098
22,26,0.00314912002890582,1.40190255,9.05538403759152e-15,0.513580999228102,38.2808795966681,1.02924080465,19.2610974311829,1.9874713646738
44,28,59.479812,0.608690325,58.7721723596145,0.513980400661261,244.125362195542,1.00159299008081,36.3613321781158,6.71387288561636
159,126,0.166576892224481,0.448708076,0.276469183004767,0.51494369455013,22.3097702880142,1.01279640617751,26.3181366920471,0.847695661325289
160,35,0.00480409067783573,1.481964265,0.000235961682526605,0.515043511104748,32.8129279704057,1.02101508524074,19.1951239109039,1.70944079979427
26,60,16.5932325,0.56945428,15.8848173663668,0.516928952602272,127.799883458488,1.03530440744482,18.6844058036804,6.83992227536153
194,184,0.00369380351268065,0.273616803,0.0242074996978429,0.518211027331105,25.4592572091677,1.0102054847193,23.1649177074432,1.09904371475437
126,183,4.1356636,0.40303009,4.28387353297703,0.518766394607149,82.4283569148157,1.00695951279729,16.6053292751312,4.9639700332991
78,78,82.332662,0.53984707,82.0481538643093,0.519858906581733,132.739887409797,1.0036095485435,45.1481473445892,2.94009599987949
71,12,15.472753,0.65794062,15.2885415008052,0.520492621652182,145.499210443603,1.01781807221721,17.6465172767639,8.24520828453719
117,118,0.0604421422004454,0.5136122105,0.0341973005773513,0.523848489964284,8.25968237615039,1.13403811647364,25.8334052562714,0.319728750205908
26,31,1.7052952,0.70041251,1.40289136803078,0.525326672396802,60.7879618369354,1.03533818505392,13.8950932025909,4.37477899216974
107,121,0.0564588962561981,0.503323811,0.0221637704292424,0.525870073712746,9.72633940684504,1.13529678825093,25.6185636520386,0.379659825544945
57,26,0.00706585775886153,1.75753353,2.49502603340284e-10,0.528975943738046,35.417611657289,1.019009501046,20.3346517086029,1.74173682268209
47,12,1.7452944,0.783143905,1.60061213699892,0.530066139032551,84.6922098085471,0.997372465232068,12.1330106258392,6.98031283580855
53,44,0.5155331025,0.82553503,0.32848323533729,0.530299419375463,33.0879655104911,1.08469245824984,20.5937054157257,1.60670286587787
62,91,3.9213019,0.550915695,3.76481916810014,0.530425511879036,78.7470955543455,0.998460728393845,14.3966989517212,5.46980219690785
108,96,0.40995608592,0.6143816595,0.409849148676651,0.531095086197021,6.67403573319688,1.16688991295184,19.690616607666,0.338944984109768
110,164,12.239226,0.46194462,12.330115798143,0.531717714602159,85.5730935501157,1.00244023240942,17.1611406803131,4.98644554835934
57,72,0.0120647056921362,0.83417051,6.22304993602639e-05,0.53184688888321,9.58612079204057,1.10607827543211,19.6452550888062,0.487961125915984
78,36,0.00550237064638195,1.46991179,2.94954973784747e-07,0.533486956325433,45.6731019315978,1.07201016471005,20.5275099277496,2.22497039788814
42,13,0.00605004245886613,1.64327121,1.37415123859955e-08,0.538252710073025,55.4543514252999,1.02741761069931,18.5623497962952,2.98746398133107
67,51,168.53419,0.603609105,168.023984071574,0.53844566646749,137.434071749621,0.997923357223373,79.1189196109772,1.73705698239278
108,122,0.025719813964508,0.5019685,0.00658229224189426,0.542115900807809,25.0459683278247,1.08135145763378,24.3839399814606,1.02715017945695
107,109,0.0240604978773166,0.6814522915,0.00151643651089383,0.545840974164326,5.09090350085284,1.20443649423974,20.9970662593842,0.242457848061396
91,96,0.0131203130848727,0.7287714265,6.67669328738619e-05,0.547430533373855,16.6970709279443,1.07083506612044,19.3639516830444,0.862276006532523
159,184,0.00121087312102921,0.326953778,0.000496794320281255,0.54863470013848,34.7193177959968,1.02192727086415,20.5165710449219,1.69225733286412
74,74,0.2760633262405,1.1213605015,0.0724217725990123,0.548883240194931,4.66625993733493,1.24473411515205,27.7205607891083,0.16833209013464
96,16,0.0102935400653195,1.66005792,2.11941042861063e-06,0.549818820975612,37.8743598165741,1.03206483266247,20.5090515613556,1.84671434967472
9,52,1.7650396,0.67462513,1.29197807361117,0.55061832925048,49.4130209841403,1.04419691206361,13.6383004188538,3.62310694636343
55,29,0.00627953220403227,1.465102155,1.64252461422812e-12,0.552453707065878,28.5836198607986,1.0907811685093,21.0223896503448,1.3596751052671
154,139,0.00121928483464933,0.45281279,0.000432827390187173,0.553587125498243,31.4082907114036,1.02983485031484,19.5447442531586,1.60699420287005
57,53,0.095071298653576,1.08640964,0.00773761045078688,0.553865505011014,13.1784267635163,1.05821341942186,22.4235954284668,0.587703555638818
61,86,0.0126115535576514,0.798445935,1.85516724013697e-05,0.557249148120668,15.3744922645197,1.12803368366204,19.0108647346497,0.808721353768709
113,133,44.2163065,0.537180315,44.3755412064735,0.558230733599355,191.850100918976,1.00409806975437,30.2948379516602,6.33276537821726
61,37,1.20142919,0.71250822,1.11616903613814,0.564625672517826,52.3490807880279,1.10049620082402,14.7290937900543,3.55412773753781
51,35,0.00306004638761737,1.39331465,8.58328366034263e-11,0.565956062506458,5.61140372363041,1.20306875291037,21.494863986969,0.261057884666414
191,169,0.9659074985,0.367802981,1.71246130537102,0.569220635298427,30.3658205445531,1.05717516987641,19.2648930549622,1.57622575209322
29,41,0.00436399790491212,1.75789511,7.35653791101013e-15,0.56932366099798,25.8950097856024,1.06757616922125,20.5827808380127,1.25809092509885
63,158,141.31967,0.515858855,140.633244647974,0.571347433901676,134.673462912771,1.00984239531497,70.7084791660309,1.90462960738476
110,175,120.396885,0.49200735,120.605798425357,0.571516232937339,190.496044557156,1.0371869409963,59.5853507518768,3.19702816469794
112,94,0.507052940505,0.5954512145,0.623071152152905,0.578028294985238,11.7247577089884,1.04955023311933,21.1705341339111,0.553824369041668
81,0,2.1862829,0.934396915,2.13258488670313,0.581623445436194,68.3056582762331,1.00113666762236,12.2144486904144,5.59220149901956
85,109,0.00505587567408837,0.592778325,3.12580105516629e-05,0.581778155930909,2.41458744086154,1.39346957301172,19.264319896698,0.125339874639198
177,122,26.7001435,0.56439713,27.5188319099854,0.581861959113715,159.995154471,1.00428988967237,23.0368721485138,6.94517699449584
25,49,72.51925,0.64994947,71.1973747350077,0.584770805552632,179.514461184987,1.04164660195783,40.3418428897858,4.44983293587805
45,173,80.9023395,0.50686802,79.9363967287934,0.585114723411395,157.112576451554,1.01376514868711,46.6174118518829,3.37025523747964
119,115,0.95517111,0.56350716,1.06293837934961,0.588235868853349,31.2220330273538,1.03501220482029,18.5654127597809,1.68173115412718
68,102,0.034188205928856,1.01352065,2.59817193299356e-05,0.58909837130706,3.05384329746573,1.32655490456894,16.7724797725677,0.182074644827442
149,190,0.0539215012393,0.337861815,0.0878397408790526,0.589618460902199,19.3935364496421,1.0463248330832,26.6848785877228,0.72676127739868
24,139,16.7765365,0.553460605,16.0581620380035,0.591016640527389,127.578364181217,1.0217553538873,18.8571994304657,6.76549901546366
164,117,36.95044,0.574580575,37.6406901772123,0.591487965428943,138.23097454344,1.01072588295341,27.1594851016998,5.08960217860644
152,199,49.364917,0.410401505,50.0078102217826,0.591839283390807,151.607521378143,1.01095354756029,33.6632697582245,4.50364811460725
119,136,0.0884004703672623,0.456627189,0.0753980517108973,0.593045655768485,11.7501209934351,1.07072513247599,26.7975816726685,0.438476916945804
21,47,0.00500970330733497,1.246604325,5.33499486679092e-14,0.593421191478088,30.6999454155273,1.07896916599987,20.2451858520508,1.51640719131346
182,188,0.115134815029314,0.3845392325,0.260304603499819,0.59478046382739,30.6910765699857,1.02358149721409,26.2169346809387,1.17065846726543
146,63,9.6364865,0.651428965,9.96846297203044,0.594932494779101,90.7879256391629,1.00678076750497,15.1697821617126,5.98478769644462
113,28,0.0115433317510726,1.7111267645,8.19344824063737e-05,0.595836637112187,27.4502054321242,1.06773668936416,21.1794626712799,1.29607657465964
26,82,33.1106495,0.629049885,32.3045407543256,0.599998181706644,115.567075154726,1.0062624524179,25.9586730003357,4.45196390251658
174,155,12.1990755,0.54040302,12.7976147146995,0.600673003834,126.819314958667,1.02227756377718,17.450306892395,7.2674547067098
111,61,0.0019055248744441,1.36816003,1.75883509446521e-10,0.60155033376803,31.0352900641821,1.00493987224389,18.8508560657501,1.64635971734831
117,162,8.9577639,0.537055605,9.07468936176331,0.606062236761448,133.437725321864,1.01405811187151,16.1423785686493,8.26629884526548
37,15,1.233092405,0.842912135,1.04573730714057,0.607170617857443,42.4572456307018,0.999998228399374,14.1856577396393,2.99296982980653
189,175,1.075279995,0.463618655,1.54859890851858,0.609705232592305,7.73376640219679,1.14519276795717,19.8279078006744,0.390044500909659
35,150,79.0021715,0.561870285,77.8715965076824,0.610565099089616,138.407461008164,1.01139055937819,44.1088535785675,3.13786121785348
37,122,189.50052,0.58847663,187.990616374546,0.61220753933416,173.228446968035,1.03741678926711,90.4030609130859,1.91617900122406
179,179,0.0235048130639201,0.3124392335,0.090825808386192,0.612278930673892,24.0370827303365,1.00292792809059,25.0563614368439,0.959320561803175
65,80,0.6882962646,0.70465138,0.604250136144956,0.612763524114577,23.0361277696341,1.0592147860882,18.661856174469,1.23439638341815
157,91,196.715295,0.624237505,197.936031656232,0.614798300326658,165.629238039801,1.01378995837581,91.5093274116516,1.80997110048381
116,124,0.0514299039011551,0.563002535,0.0217832770282172,0.620482178011118,7.74849065286947,1.18410327606201,24.9906735420227,0.310055294821891
66,49,0.00127066486126498,1.153929865,7.09993289923975e-12,0.620761540396341,36.7199961454151,1.19015133760034,18.9991900920868,1.93271376134655
54,167,22.982177,0.55076825,22.5247673079414,0.622255027649019,93.6680219359597,1.00281534742343,21.7702059745789,4.30257858126543
91,140,61.4347075,0.582646325,61.2900817054228,0.622781970247829,139.009025340804,1.0156537414438,36.6210911273956,3.79587339047946
171,139,1.90303747,0.56649963,2.19860520033677,0.626556828502331,13.8906875364315,1.0770354346057,15.7701916694641,0.880819195325831
57,27,0.00312084178703191,1.425366155,5.64041803844161e-09,0.628360500767608,50.5009525318489,1.02255556577538,21.396956205368,2.36019329324885
99,52,0.00449025747486673,1.424504835,2.37835051548101e-06,0.633974146222676,31.9358905476425,1.02317741340166,21.538605928421,1.48272783548641
166,169,0.00257600310909771,0.431911735,0.00416571177667718,0.64084912163748,27.4865797251564,1.07361130457075,18.6767554283142,1.47169993367726
185,180,1.45672466,0.46808809,1.94958122043387,0.641723509867568,64.9161238301796,1.00420032344482,16.7363274097443,3.87875560993053
78,119,0.0117349775232495,0.61625296,0.000538026428199348,0.641738613154971,33.4574570030202,1.00343891005418,20.8099882602692,1.60775953280559
61,34,0.00398032202104354,1.416010805,2.74258376455017e-08,0.644329344296439,26.3924596260024,1.01136287887423,20.6019558906555,1.28106572822891
155,151,0.4195898155,0.49970179,0.61787820980306,0.644721303163438,32.8058111306657,1.02295634811115,22.6151480674744,1.45061226363792
107,65,0.93937302,0.738891875,0.966302095676764,0.644932532934292,66.1014268491146,1.01629781273229,17.7111048698425,3.73220232926678
144,141,0.558359562,0.54077118,0.758366278758932,0.645766067853206,29.4031647053204,1.01361477777906,22.8770892620087,1.28526686103155
123,141,0.052299429922602,0.5351271285,0.0745076550938725,0.648064485475903,1.57650159891358,1.79166756095223,25.499945640564,0.0618237239065235
98,42,1.153994315,0.82889436,1.15610139134042,0.648716034224528,65.5531320452548,0.996513871012828,15.3613345623016,4.2674112577516
89,68,10.52668895,0.69040903,10.4303430845068,0.651932739685897,182.805649299124,1.04425080606795,15.4398157596588,11.8398854069722
183,169,52.7625395,0.568725315,54.0619708266168,0.656772300853468,166.374765744241,1.00524837856534,33.0883116722107,5.02820353581146
132,103,13.8946975,0.658688015,14.1107158324343,0.659385961922164,119.367513267472,1.00994536216905,17.0463964939117,7.00250714631125
200,200,0.0151694329740697,0.2247803105,0.310977963338598,0.664310050299888,16.8180703078331,1.09583696088233,26.1139259338379,0.644026882455105
127,46,0.0030269374983074,1.431652385,1.40696289762655e-05,0.665403997194643,40.3759167354644,1.02633835139313,19.944436788559,2.02442000060016
5,51,0.00254332500595105,1.37824447,1.41868257773988e-18,0.667852118663927,47.3413968558929,1.08229330590831,19.7823913097382,2.39310789654578
70,49,0.00504877541719519,1.537155425,3.88429849518679e-07,0.669314341215269,52.8640292901754,1.02876536198375,19.1616730690002,2.7588420436887
56,58,0.0927745724208633,1.30762053,0.00400061937402697,0.670179997118887,3.98582424560854,1.2078711157312,20.988623380661,0.189904033881569
7,64,87.959171,0.720163775,85.7227685773812,0.675715411505824,206.595739371799,0.999790837254072,47.5013873577118,4.34925695571834
122,125,0.0645274102547396,0.6705918015,0.0296270121471323,0.67787334896897,28.474163540652,1.06545533804812,25.6316514015198,1.11089851740741
112,79,0.0129205260359895,0.848082145,0.0030528904844265,0.677954494472525,12.3701128762055,1.06323273785298,18.822140455246,0.657210741021633
158,30,0.00688786447666037,1.75024964,0.00298927961765374,0.678834957105027,43.5401760297106,1.04632733272786,22.0298206806183,1.97641990195667
197,195,0.0203524891439465,0.275293957,0.162234453012358,0.679043262040279,11.2107852745517,1.10404294653745,28.0168733596802,0.400144053571854
144,165,324.4939,0.60100956,325.574700703131,0.681964722708004,152.742431625384,1.01320466295253,144.264473199844,1.05876677907939
167,158,9.4435598,0.614790525,9.8012570121032,0.686956250486427,172.083222020047,1.01415593987029,15.6750178337097,10.9781834920771
132,32,0.00635762628165069,1.55661818,0.000499991319775681,0.688575967953243,49.279962223808,1.00074530776518,19.8496890068054,2.48265664045983
116,94,18.5569,0.69839632,18.6579045681648,0.690853603818334,193.836215251784,1.00534981712009,18.2321193218231,10.631578909193
71,90,0.0146698228650689,0.840390035,0.000438167742042496,0.691638622801339,26.6239012092756,0.999521226567633,19.4882309436798,1.36615279684532
68,131,1.60237613,0.64033159,1.49305075849757,0.698210918091212,54.2351276273912,1.00011363475232,14.3776135444641,3.77219261455762
94,43,0.00517179218749701,1.407697065,4.97025527036828e-06,0.69879782020967,47.6640904802625,1.01994792970336,18.3388526439667,2.59907702000886
114,100,0.6771949435,0.717121225,0.740503585569563,0.699990076241449,36.5473027972084,1.03174698575204,21.6640882492065,1.68699935011329
144,155,1.018008685,0.571878635,1.2504970663726,0.704987312018945,48.1518844636574,1.03646355635983,17.471497297287,2.75602506438498
148,28,3.05791785,0.878831275,3.21295395584714,0.706008873101522,79.1815775679427,1.06074929582988,12.3025140762329,6.43621109289464
183,192,0.4112375703,0.362303795,0.805490380018374,0.712767827545693,9.22949973933083,1.15040820856682,25.3368880748749,0.364271244047654
64,52,0.00274947685043692,1.41855827,1.86570689642053e-07,0.714262068311774,49.218635606505,1.01771768907718,19.5070412158966,2.52312152631307
188,96,64.7448415,0.72649894,66.2094441464181,0.716990191893877,151.760093881114,1.02597563169791,37.5906527042389,4.03717634474596
156,21,18.62709,0.865568555,18.9964616687947,0.718194244342205,182.145367186685,1.00700269551242,18.2822742462158,9.96294906933619
107,107,0.0191417164252237,0.85774042,0.00180969541993125,0.719300713336177,34.4377068365126,1.06716839785355,18.7078306674957,1.84081775426517
137,141,0.34006687018,0.616147155,0.463148283064219,0.720401695526569,3.07320004993449,1.29852541236328,25.2979791164398,0.121480061145966
145,32,8.7498135,0.87041352,9.01904559609155,0.723541129208193,83.9663314910206,1.00211885831502,14.1380274295807,5.93904148999879
14,62,0.00438188810254082,1.40596269,3.18198926752319e-18,0.723840547914863,49.4621885894409,1.01477189495013,19.333034992218,2.55842854519999
84,59,46.2743705,0.78205962,46.0987667281468,0.727654240728007,185.335798143089,1.01602211907724,30.5198137760162,6.07263856533533
146,33,0.00322014917553613,1.6086957,0.000635288295629492,0.728312253800017,40.3644613280407,1.02601216111063,20.1540467739105,2.00279684675003
114,111,11.2342095,0.717009005,11.2878879152802,0.728363007078489,113.199600034061,1.00941111774844,15.9621667861938,7.09174396874303
177,177,0.0896962500016698,0.3439125895,0.319582340854823,0.72937401046284,23.8065679482181,0.997737457695474,27.6145601272583,0.862102015694201
62,97,40.3814545,0.731180665,39.8618594980463,0.732447477916928,117.488115333188,1.00380017432594,28.2439994812012,4.15975490338705
143,154,0.0380131004833985,0.528077205,0.0363299845520708,0.733346186447652,14.5201780516072,1.07272878406702,26.702273607254,0.543780588318988
109,54,0.00603512614315909,1.487867315,8.51609392625533e-07,0.734474773988087,44.818656575246,1.03703740003183,20.9472599029541,2.13959519206259
106,47,0.00444170666575853,1.435868955,2.54240165064194e-06,0.73910274914689,33.4793066518508,1.03303189538162,20.1379272937775,1.66250012543226
49,44,0.763005795,1.08680714,0.625512227792624,0.73962547688082,23.3997161625675,1.08172572861093,15.0496342182159,1.55483620553679
142,142,0.0263232403515377,0.5849313995,0.0215882246769767,0.741659640562889,6.52318109958631,1.13077185480906,23.5537936687469,0.276948214428905
118,43,0.00527530661067921,1.55708301,5.68623401494295e-06,0.743092911318007,30.6094778488028,1.02109594555611,20.7905960083008,1.47227514961965
126,131,4.7091213,0.685500865,4.82307969171268,0.74334053008114,82.7046156557395,1.04851868696581,13.3347771167755,6.20217457940822
2,52,0.00436864273046273,1.45439261,5.64382786196073e-14,0.746041963984486,45.337353058059,1.07407339763354,20.6883707046509,2.19144144820776
91,41,0.00324482499893046,1.71648067,5.56907848230178e-08,0.746671768065641,41.0016632256948,1.04173170489295,19.4153671264648,2.11181498442056
184,156,28.1995385,0.66594184,29.0068222369733,0.749552971739191,160.854511998856,1.03226456485497,23.1575787067413,6.94608508237652
2,16,1.364763985,1.06676778,0.970028312742093,0.75303433918195,51.0318249064957,1.02593399385583,11.6510083675385,4.38003504045868
82,47,0.00174084506068272,1.531817945,2.50244541349224e-08,0.753789957056904,45.1175283021603,1.01175464047483,20.3428382873535,2.21785808179031
123,41,0.00509467770700765,1.61797361,0.000147116505944425,0.759312229532622,44.9500006632317,1.00027597202142,19.2674942016602,2.33294481330939
135,153,13.6713695,0.67754519,13.8734698559361,0.762295739580475,154.047810272242,1.01788090880707,17.9569797515869,8.57871492886373
183,190,0.0169986183919068,0.322893178,0.0543053211992016,0.766987812875931,24.4961785720241,1.0460972706556,23.4522938728333,1.04451098493184
109,57,0.00185621580454843,1.55615053,4.10745063408019e-07,0.768435256104643,24.4133079152866,1.06463111255909,19.9302361011505,1.22493821906492
124,35,0.0033359640332387,1.93250717,5.48657311799199e-05,0.769209004271281,26.8616004082386,1.07470763925425,19.6834580898285,1.36467892408191
104,48,0.00815842674169809,1.536425415,1.01095372501746e-05,0.771988975008266,30.3425957772255,1.06352058265709,19.36155128479,1.56715726601214
163,57,0.00445501617076807,1.432180045,0.00135811300517155,0.77354523150761,36.6186458996613,1.00775651937423,20.6946184635162,1.76947673445725
159,57,0.00520199671949588,1.3932725,0.000644415963850279,0.777739766196316,31.5298018808667,1.06305809207273,20.9568946361542,1.50450734368213
118,97,0.654076886,0.790378385,0.749405168378509,0.783028662911883,40.7079977191322,1.05385520623077,18.3433299064636,2.21922616704331
152,127,0.0253622826017474,0.690802285,0.0432140971346269,0.784560505364365,20.963641665117,1.00658917742905,21.0254921913147,0.997058307808686
75,115,6.93430185,0.77004724,6.8104073177197,0.785947868136434,109.77697161727,1.03736489239399,14.3577263355255,7.64584649769008
78,68,0.238832356141,1.07926495,0.159706467070779,0.79119002625962,22.6024824495923,1.03363523501847,26.6632289886475,0.847702371652582
11,44,4.9874929,0.92207486,4.55386807614983,0.792593290658554,65.2919625003202,1.03438967021581,12.1131618022919,5.39016679261781
145,115,0.0142640859831918,0.79221489,0.0100881280256794,0.79366090721284,23.5681604986621,1.06728831155627,18.6548013687134,1.26338308475313
167,145,0.0134033628794862,0.636246355,0.0259495915359892,0.798635931055708,29.9233616925804,1.03203587603361,20.1668033599854,1.48379300171855
101,125,2.6154104,0.76192779,2.63294374478231,0.799343691196457,80.7080356917495,1.00835394263868,13.0999684333801,6.16093360088538
200,200,0.100686985871404,0.301608643,0.507192156702422,0.803623351715314,17.3155317437864,1.02005731949482,29.9966859817505,0.577248158490606
52,89,4.52339875,0.811778145,4.36049562435124,0.804180771147582,129.571570029534,1.03115190832292,12.0895812511444,10.717622665158
104,66,49.3608995,0.866502665,49.4020063057149,0.811573065860556,178.719932380291,1.00696950051577,30.8610987663269,5.79110723612004
82,50,10.68899535,0.888501965,10.6016821777911,0.813125417807422,142.416667422363,1.00738904027731,15.2054007053375,9.36618969682074
97,44,0.00207244510584638,1.8156121,6.8827968242706e-06,0.814887082437502,17.5837353510554,1.08879947929756,19.1428284645081,0.918554715341921
148,190,15.452969,0.663960505,15.7331925879956,0.817098632686876,136.017664110667,1.00837386002,17.6702044010162,7.69757163096791
131,148,0.0162935892336689,0.617568215,0.00751449248498014,0.819436995307057,8.49301722543617,1.11015446237242,21.4828763008118,0.39533892512872
179,191,0.524103022924,0.487715068,0.869129768501797,0.819663407616064,29.4454812336417,1.03824830151947,26.4399933815002,1.1136720349652
191,162,8.9886556,0.718885915,9.56467607481359,0.81975346017543,117.125651663851,1.00915767244526,14.3351652622223,8.17051282781607
183,183,0.027968977144611,0.4094323685,0.0982460893266287,0.826372192245469,16.7531215976386,1.04867308435342,24.1133854389191,0.694764392999709
192,200,0.37829687398,0.375237329,0.835892995094264,0.830000286716682,22.6215307663805,1.19333214670663,25.8680264949799,0.874497742252219
145,51,0.0102337054587368,1.735661575,0.000976564309808223,0.835172079834885,11.1808470787897,1.20087451974672,21.0014576911926,0.532384334611144
125,127,0.163749310418199,0.735971195,0.195042313784156,0.836476228573311,8.65248999110195,1.15238596360872,27.0924696922302,0.319368816848151
159,65,0.00479281571770778,1.356051265,0.00216597202285683,0.837279013658331,39.1372312980274,1.02096845474432,19.7342565059662,1.98321286065148
72,71,1.177091775,0.918608635,1.1320854255174,0.837456972955184,51.2807670930723,1.054322419804,13.4294621944427,3.8185272314399
146,67,0.00279432019414444,1.50141199,0.00013475463052408,0.839631035823529,25.8046447402,1.00265287699964,20.1454541683197,1.28091650476562
162,66,0.00518631494574623,1.396057905,0.000701402434486099,0.839925182793996,48.5364536828926,1.00047584443893,19.0730314254761,2.54476871558351
45,61,0.00973892934322687,1.502737725,2.86065909403634e-09,0.840471215563715,21.9342491606871,1.03806038204964,21.1387281417847,1.03763334357519
124,54,0.00800654583628695,1.593593975,0.000180457428668224,0.840782589860354,39.4191503410257,0.998521951664374,19.689293384552,2.0020601842397
1,71,0.00515325098919043,1.48809384,4.54197744525341e-21,0.85075707334271,43.2174717227274,1.023772344202,21.1079933643341,2.04744576979787
111,133,0.00638739287687344,0.677493065,0.00106317216388081,0.850874101552604,15.6413096967221,1.00768889106876,18.1778454780579,0.860460042726319
193,155,0.855906912,0.6840967,1.31751936289548,0.858312542873049,30.6046052097157,1.03862970901609,17.650698184967,1.7339033781554
143,89,0.00560317934368987,1.35569265,0.000148094228511004,0.859404764688493,36.8663451103312,1.10174480084416,19.8952515125275,1.85302231977905
162,69,0.00285571177184948,1.61631261,0.000994130210289472,0.862920674969584,39.4110507600121,1.09146639833527,21.5231020450592,1.83110458137047
102,198,12.7814955,0.631879545,12.7897627989119,0.863683339231222,100.748076254563,1.00479791405283,16.3916234970093,6.14631468767842
39,101,162.71106,0.87231671,161.206129104414,0.865192832253238,169.974609944521,1.01376349477616,76.071629524231,2.23440211557949
178,163,0.00364005610983613,0.58924155,0.00985622690786531,0.865825192067475,25.2080053108161,1.00149203352103,17.737900018692,1.42113808761196
182,184,0.41694957778,0.476353377,0.840237231051139,0.870522378423015,28.4099112830957,1.01731591413948,21.4938838481903,1.3217672284708
9,5,115.410655,1.11128878,113.722277027296,0.872819895041856,206.475334317158,1.01993809617844,55.9181110858917,3.69245903174386
65,57,32.6102455,0.967612125,32.2875045508992,0.875091783157417,238.456475036992,1.00836189965364,23.997903585434,9.93655442393429
93,135,2.80487355,0.78539403,2.79383520210366,0.876090461502768,47.3560025348701,1.01642496439537,12.5670878887177,3.76825585642517
35,52,0.834206485,1.104635005,0.653542592714332,0.879421027410829,50.4308520813201,1.00932054370045,15.2642724514008,3.30384905287066
100,108,15.949947,0.87287109,15.9237412981429,0.882955313353449,151.63801354811,0.997697457258603,16.6701090335846,9.09640202368268
88,177,46.057229,0.74681971,45.8971868107913,0.885139468570403,161.907535871826,0.997198051987007,29.8030848503113,5.43257641566374
174,184,0.39259042085,0.528754665,0.684582672539521,0.887764199382526,23.9180963254575,1.08042564900838,25.976701259613,0.920751872472885
168,175,0.0116117881585645,0.54998877,0.0234131095704656,0.891353875908394,46.6606621388375,1.00246824640752,21.7527370452881,2.14504786416957
94,64,0.00394406465503479,1.46468525,2.85346760252716e-06,0.893303713327845,39.758320297914,1.03654660986602,21.7569134235382,1.82738789845533
144,73,0.00277812981478336,1.40933006,0.000104849547924388,0.896386890471456,11.4543566404265,1.20028598299721,20.724157333374,0.552705543398884
163,133,15.162048,0.849374775,15.6064673113871,0.90033747212668,131.2177005788,1.01587620401242,16.3913395404816,8.00530672034048
197,120,4.8346023,0.86821237,5.27650596450336,0.900906989808597,166.467556576871,1.00318482327709,13.465505361557,12.3625183093479
147,64,0.010627203082699,1.597005065,0.00112892941206572,0.903167888636695,19.0956931424738,1.14473965160306,19.4341661930084,0.982583608312643
167,120,32.1977705,0.874501805,32.8429212928251,0.905548222109059,218.690313664359,1.0016326024199,23.5374467372894,9.29116552467421
33,50,0.00335292432633348,1.70710067,4.04394290391303e-12,0.914126035368367,34.4640443836106,1.01742131939288,21.6548173427582,1.5915185909031
2,91,0.00380828303031298,1.268728895,2.15745233948797e-19,0.917425293481675,33.0937706387637,1.10744533254221,20.8810844421387,1.58486838796454
9,73,0.00944865944144249,1.70874043,6.72564261651074e-15,0.9198153177227,42.5901809575587,1.00938996270107,18.5568335056305,2.29512114470586
102,128,0.7009416945,0.854372235,0.735046000639224,0.923944687213037,37.1044928968384,1.02073513547823,17.1007144451141,2.16976273219038
175,96,0.00293093214772812,1.149379485,0.00173409128763059,0.925336188678165,51.4407882471508,1.00012052297471,20.1406669616699,2.55407570886549
77,63,0.00555047635996048,1.523470215,1.220857718784e-06,0.927911659995989,38.7220930524088,1.03542481460396,18.8958613872528,2.04923672220261
192,154,0.0117865202339615,0.662239645,0.0731548976173615,0.932019148710409,25.0213767153145,0.996862029140813,19.9939818382263,1.25144540581088
195,186,0.0813235357396495,0.539536563,0.298136372769709,0.934493635525498,26.8797506833891,1.02487846139903,27.010440826416,0.99516149536889
175,137,16.69876,0.871143965,17.3181496707301,0.936719197816977,88.3092325240999,1.02148769539284,17.6898112297058,4.99209581025973
20,60,246.38459,1.037829345,244.501837097493,0.93971539883239,175.927605254006,1.01668046366736,111.814649343491,1.57338601236018
73,72,0.00575402374398064,1.29728454,6.98465728878337e-08,0.941075291019067,21.4085329627514,1.11713278855027,21.0732500553131,1.01591035585675
200,200,0.00551493599241304,0.208120516,0.200028154468625,0.941520144172433,31.4570324647903,1.01697337166764,26.7801601886749,1.17463944364654
20,3,5.03777955,1.249197295,4.77755787974255,0.941656086276696,98.7636594794546,1.02740664541456,11.4198377132416,8.64842933494017
104,109,7.99821205,0.943113415,8.01622917114005,0.942275871473044,169.511684247889,1.00109397657032,13.1983294487,12.8434196847985
13,67,0.00240534846577649,1.39722573,7.67702328793205e-14,0.943835508479626,42.2099348127994,1.04045010553778,19.3755071163177,2.17852026062589
161,96,0.00365760809505682,1.35546675,0.000582182524466517,0.944233018432759,19.5032315821178,1.03586450823755,19.7797920703888,0.986018028537062
191,200,0.0216801406896995,0.47831941,0.0914397578711488,0.944961319767688,16.228650560328,1.0481512608139,23.571138381958,0.688496681719447
112,60,0.011683605913355,1.814802523,0.000194997621073691,0.94942892848428,9.92384136949444,1.1937539687492,19.7754700183868,0.501825815531436
82,43,0.012479120364346,1.895530865,5.04339476582933e-05,0.951592438756794,26.6395129180064,1.00909473255803,20.1789751052856,1.32016184067884
61,37,2.84455175,1.119096315,2.75637695147224,0.952902602274782,50.4627502309304,1.0774449585689,11.2266027927399,4.49492612881647
122,104,0.0182877996898764,0.961824525,0.0129255119721065,0.957290689869024,25.8645532796968,1.00486936871699,19.688414812088,1.31369404426693
176,160,0.0093015344173274,0.6539424125,0.0252736978395174,0.960512897598972,11.1681357573418,1.10770977587407,19.0622413158417,0.585877367319892
152,75,0.00630918184534665,1.524864465,0.000535432027876534,0.964333324122624,41.0983515867073,1.00878575178412,20.2088570594788,2.03368015646538
75,71,0.3281607147,1.11124596,0.331557542429331,0.968269983973497,2.69945529010216,1.59858045002874,26.8960635662079,0.100366184942162
165,161,0.00734697445359918,0.602724995,0.0134044727147864,0.9712774840098,44.2746386830958,1.01271695152692,19.8125913143158,2.23467177920864
176,80,0.00221422391673346,1.402284685,0.00233799566973381,0.977907850761004,49.0635505274678,1.02299754354702,19.9104099273682,2.46421599085344
26,62,0.00234430766361368,1.57807986,3.91646532993532e-11,0.978605520886031,38.1466872506005,1.03000999802981,19.1406397819519,1.99296824375587
126,63,0.0157056314738582,1.879448705,0.000481926784111874,0.978981934863909,43.3429486848987,1.04883954964399,17.7638885974884,2.43994711220081
85,83,0.00916850149531482,1.631390795,5.51569821819374e-07,0.983761307301576,30.6603791994314,1.00883962933649,20.4665203094482,1.49807484300481
148,100,3.81425675,0.99341941,3.9495698732601,0.985672826664353,105.685610236594,1.00769290021585,11.012665271759,9.59673318207675
38,48,0.00627193763993193,1.87815739,2.93188568305861e-09,0.991394813841952,36.961359798017,1.01149682109628,18.5105340480804,1.99677436112925
134,121,1.31749325,0.941284415,1.42314842675348,0.997206827955727,75.6966294796186,1.00973370617009,12.630687713623,5.99307268106824
146,61,102.28692,1.09292583,102.936524279798,0.998664281397658,177.97610600174,1.03911238532498,51.3819208145142,3.46378849175811
146,44,8.81599555,1.13240241,8.9804580382184,0.999072846127437,134.930893463261,1.01205420159953,13.881751537323,9.72001934341505
193,181,0.0371467066266115,0.537440208,0.165991204072663,1.00526020128367,13.7292071129645,1.00042205410947,23.777836561203,0.577395133389287
99,123,0.0198450113150227,0.884534815,0.00253614993170804,1.00981123745809,11.4692197894293,1.13607269097508,19.158451795578,0.598650658821844
159,93,0.00326817958283731,1.449970045,3.26351310698901e-05,1.01305060533518,36.6017985484379,1.07019615113334,19.9178185462952,1.83764092756263
70,71,0.00653524763221589,1.68427852,1.2085133587701e-07,1.01509517145477,32.2151160931987,1.05736194592309,20.9599840641022,1.5369818982054
150,71,4.0395394,1.080528285,4.18467849294718,1.0151371657657,111.55282526478,1.00047535321146,10.7986326217651,10.330273208845
112,91,0.00438715089396014,1.36504342,2.72798600124371e-05,1.0181069690062,31.3776931907897,1.06307004013752,19.8661098480225,1.57945835550251
41,74,0.00491988041185848,1.47834597,2.91587695874826e-09,1.0220272335777,35.887963417902,1.06997201524573,18.006427526474,1.99306405255221
169,72,0.0088657692602801,1.77392173,0.00422882679245948,1.03754492341792,27.0745599987803,1.03520426643811,18.692419052124,1.44842462194339
76,172,122.48981,0.89420853,122.249809040709,1.03933155908702,120.899723398394,1.00699900206057,60.5113763809204,1.9979668391168
20,68,0.00834027500534258,1.580169405,3.3193969080798e-14,1.04192795051706,42.6030050899043,1.00870317443518,20.1967089176178,2.10940333218059
112,189,3.8771099,0.798453395,3.92624690484893,1.04284390827764,115.046047309085,0.998945065227524,12.0053014755249,9.58293696694153
173,174,0.015905437594009,0.5532389345,0.0216452068617055,1.04620289254134,12.9368362957936,1.03094660379938,19.8152980804443,0.652871142451341
112,62,0.00444256517907556,1.5491957745,1.83040233805753e-06,1.04896378867816,39.0123437437067,1.00368094651413,21.4064884185791,1.8224541541268
157,167,0.0315245600179442,0.5478293955,0.0701478329265342,1.05719676281764,2.93480391211431,1.29402529366268,22.7859239578247,0.128798986494752
155,93,0.00660530213433898,1.72558562,0.00106783952276199,1.05808729252699,37.0093711439639,1.00758373923092,19.5398018360138,1.8940504849825
135,95,0.00615399469181903,1.38762543,2.97199139054949e-05,1.05939322337306,44.2579921278511,1.01795512279477,18.9404776096344,2.33668828421404
108,38,6.63250675,1.247812005,6.67173807998186,1.06069699146713,85.0628448999904,1.00466940480844,12.4616339206696,6.82597847453218
63,50,0.093549586770539,1.38206194,0.0568699969804462,1.06169939415033,2.10231522289514,2.00688947918101,20.1998734474182,0.104075663066287
84,95,0.00291199742490958,1.25719041,5.53016757083273e-06,1.06255192648865,62.6406435089415,1.03860842110025,20.8702673912048,3.00142984920929
103,75,0.00445898225429412,1.499601355,3.1800374301487e-06,1.06661519543326,34.5438226109837,1.03618564304855,19.4899256229401,1.77239376277172
72,80,0.00476510329049926,1.478067055,1.58109371722118e-08,1.07572807936047,49.8237230567497,1.00933550504712,18.6964030265808,2.66488281119715
143,159,0.0887999366118791,0.6236689745,0.129945847606695,1.07763457647997,8.08179617765047,1.22735672925004,25.0160598754883,0.323064312200873
74,99,1.37595397,1.08462822,1.33151501474061,1.08296159644005,38.4230965620733,1.00101840098457,11.5823233127594,3.31739112477938
112,27,69.542781,1.281083025,69.7295032437865,1.08367534396784,206.684407767925,0.998306058913325,38.4915819168091,5.36960024700017
174,58,1.02975291,1.272476915,1.23458338384585,1.08800314237106,29.7367721383165,1.02817754551681,11.6745309829712,2.54714919012091
139,132,0.0206250486065327,0.909157215,0.0164265411848279,1.08822077005875,16.6830385740131,1.10659217620371,18.4340693950653,0.905011162563979
134,78,0.00908630129780314,1.62777048,0.000257900775141741,1.08934708776957,36.0693773699016,1.0194037513735,19.6067621707916,1.83963966389282
58,103,0.00456751787096783,1.236298134,1.34375509660812e-10,1.08969630632005,34.5824829843816,1.06818025324905,18.8902034759521,1.83070992477166
87,89,0.00363092352912753,1.571343675,1.86490831067929e-08,1.09062965389205,45.7815730176784,1.02854746263756,19.6482765674591,2.33005540513922
176,86,0.00532546425613193,1.536600495,0.00363849471812091,1.09428810615583,37.1451005987024,1.02514309789511,19.9168281555176,1.86501084955197
17,9,11.886709,1.398349085,11.4273772971458,1.09486637076762,168.918240521466,1.00483058981212,14.2192795276642,11.8795217572612
107,81,0.64449156128,1.1929251,0.689002981860038,1.09805185160077,11.0812053649984,1.12110872996087,17.5288519859314,0.632169486849003
124,164,0.82973828,0.8149235,0.982989716720948,1.09999162539426,35.2650285466451,1.00479669711373,14.7251205444336,2.39488895457471
23,82,0.00491951003429784,1.56581129,3.3760515259238e-14,1.10103824180064,39.2880619077228,1.03468510536507,20.6401886940002,1.90347396965141
187,196,0.0140185846118721,0.550322874,0.0509757370210838,1.10131369416772,21.6774558432968,1.03678993050392,19.8389303684235,1.09267261090848
124,78,0.00252642097475728,1.59307975,5.54363158459337e-05,1.1108527704094,40.9636250565143,1.00606208857101,20.3084383010864,2.0170741072849
80,175,234.23251,0.95778704,233.807041151192,1.1181851001163,145.918375138088,1.01656604989551,106.479687690735,1.37038695644846
32,21,2.2205868,1.44602382,2.06091189804489,1.11829183366512,86.8463607105987,1.04145272708378,10.4250347614288,8.33055838162939
156,171,0.0566502582281567,0.6043238405,0.131066817364378,1.11881023780515,13.8484552117303,1.02811164128347,24.3215379714966,0.569390604655012
159,115,7.4536795,1.07289937,7.73975635422864,1.12102969545792,111.662366297641,1.00220498754812,13.0162718296051,8.57867504300795
168,156,0.286520967065972,0.7931749265,0.514216358012211,1.12121514420183,9.93829096512284,1.08644671145025,24.9514267444611,0.398305518434092
119,151,0.5246985925,0.919207265,0.599261279219059,1.12472977717599,31.0298466560431,1.00263895508753,19.2218561172485,1.61430022505468
187,198,0.29792023268,0.49732532,0.734800004713657,1.12491895033888,10.3206468817684,1.09103519870598,26.7283346652985,0.386131310124897
136,156,0.152141925201413,0.8081706355,0.21025884124674,1.12738248000173,4.19181422825012,1.23623946283969,26.2316002845764,0.159800171654598
123,39,2.6469788,1.287576355,2.695027799781,1.13019541233239,92.3985611025524,1.01932528156388,11.057190656662,8.35642289001158
71,77,10.833386,1.187576805,10.7240742749394,1.1346118328228,63.9297937568204,1.0454683943946,14.0637030601501,4.54572977567815
83,99,0.00549775246694605,1.5193314765,1.228477683459e-07,1.14047504294747,59.9844049417871,1.03476814358179,18.6142103672028,3.22250601870689
133,17,38.755798,1.38245451,38.977478946933,1.1419862437192,156.398072852841,1.00438195782704,25.9617772102356,6.02416666572348
168,83,28.011469,1.19181716,28.4987699028501,1.14402553330548,215.691515026194,0.998479436087346,21.7775893211365,9.90428792854739
38,30,0.78394004,1.852263705,0.584725227686395,1.14764898254575,15.0593483318248,1.06600780126807,12.6612164974213,1.18940769513672
97,122,0.00142932675066398,1.15656404,3.16367098021359e-07,1.14906770603198,40.5664127587601,1.02822799039769,20.8633432388306,1.94438697069693
113,82,0.0103104789890796,1.789947805,3.214788073843e-05,1.14995024811189,34.5831341094359,1.05694237224612,17.448205947876,1.982045272319
100,166,7.0820274,1.011158545,7.08644773510685,1.15208380410468,71.2342389393224,1.00370771305538,13.1877548694611,5.4015440569251
97,99,0.00299506357920141,1.36456851,1.18313309015751e-06,1.15274411446798,43.299596290777,1.02709640772167,19.3396918773651,2.23889793929211
112,160,2.0782756,1.026007605,2.11488409717239,1.15329291671257,91.1409871303624,1.03441392043504,11.6749813556671,7.80652100023457
146,148,0.0571113526548839,0.9298920505,0.0562546213465771,1.15403419670309,22.1983092488189,1.02607508240981,22.0861802101135,1.00507688688758
179,99,0.00428156211317424,1.3895324,0.00630899111535963,1.16013633126084,37.9041259450806,1.08557212674512,19.6494691371918,1.92901526654159
111,20,3.5400091,1.387257655,3.57025257980293,1.16144930325296,172.928139501259,1.00052555270936,10.9187278747559,15.8377552298074
111,121,0.00589425097036328,1.284827875,6.87519548281477e-08,1.16247701154329,13.2693450003646,1.26594250164097,20.7006888389587,0.64100982839719
13,92,40.4678205,1.179519485,39.6477200258769,1.16851408450321,178.515695071822,1.01981002271973,26.8861229419708,6.63969645073476
134,134,0.0336459295751231,0.905356474,0.0271151128890906,1.17220898462972,17.5310016451415,1.07109110223368,19.8394804000854,0.883642176690575
120,103,74.824805,1.171700805,74.9382983982098,1.17316547344914,139.31011599425,1.01582547761105,40.5017244815826,3.43960949261799
194,196,30.55165,0.93332642,31.6415613446053,1.17459306952263,175.445948731297,1.0310467191744,23.2157201766968,7.55720466115043
178,181,0.00778666219024367,0.59963107,0.0279912177126669,1.17533663329885,21.7944215894824,1.04865631526567,18.9692504405975,1.14893425323957
163,66,0.0105353668555966,1.730829245,0.00338377293032535,1.17662530875133,46.8566103947931,1.00178338624671,20.1582155227661,2.32444237645314
121,102,0.00159359475784688,1.55161004,8.4901940703102e-06,1.17814949422691,24.6086279544505,1.09147666328167,18.6207692623138,1.3215688142517
26,160,1.764103445,1.003590095,1.51862751333282,1.18357204397838,92.1248915423407,1.00363742938606,11.8169491291046,7.79599628769166
61,164,1.12363344,0.995039095,1.03627218664933,1.18559071297198,48.019207508125,1.01705430923489,12.844006061554,3.73864721629657
106,91,0.00257052414062878,1.631143655,2.49188099479392e-05,1.1860551959568,37.8432757498098,1.06667343650167,21.6458654403687,1.74829118540272
200,200,0.011405975557277,0.579728331,0.059843790213131,1.18884114272811,2.26986125527039,1.44763794622747,20.0660529136658,0.113119469236749
46,171,106.98805,1.030420395,106.311951538418,1.19570510681577,156.591692269062,1.00991664548177,55.0529041290283,2.84438568221679
129,125,0.0742236202929588,1.15093233,0.0704580169298097,1.19892514366419,1.94705204255072,1.52841943209781,20.0605471134186,0.0970587707076209
158,111,0.00118592614056292,1.38976932,3.23138100817698e-05,1.2079575043947,45.8121827666478,1.00918554213261,21.4298646450043,2.13777284763801
88,100,0.00414106187788958,1.41078948,6.88024521255909e-08,1.21444574115223,34.1452495822062,1.01042412981162,21.5166022777557,1.58692572095857
105,124,0.5955318219,1.11890025,0.643695394811245,1.21592845685037,19.0536251086491,1.09268125318857,16.6251525878906,1.14607219440063
39,105,0.00359365447116428,1.400604855,3.00368585490275e-12,1.21858546244436,40.847915518569,1.00719601180428,20.119124174118,2.03030286830861
18,75,4.51867935,1.284732405,4.26079824329829,1.21882795388719,135.076448569148,1.01042611151714,11.4976544380188,11.7481743165368
200,200,0.0307210146902737,0.380151153,0.256366661993261,1.22091375653606,6.09837286188549,1.17160109788436,24.7854306697845,0.246046677305467
99,121,0.00466287826982425,1.28519215,1.39966237293772e-06,1.22201468059384,59.2985118114837,0.995374143433095,20.5300495624542,2.88837645671982
189,175,95.349504,1.078567285,96.758081929606,1.22494165156082,140.196631518024,1.02185804232819,49.3908143043518,2.83851630090802
166,47,15.0625745,1.39971789,15.3581135565041,1.22747636079392,101.039635983134,1.02451699241437,16.2156422138214,6.23099810977654
101,7,12.408086,1.57329295,12.4010959769601,1.22747948812153,148.521376405168,1.02700545835476,13.9240057468414,10.6665695996901
34,123,30.86965,1.182959845,30.3828772624697,1.22995060276841,158.415613792086,1.02958788944768,23.2484159469604,6.81403903618636
157,123,0.00483611675488125,1.39234409,0.000900465017196434,1.23128766880874,35.1216152458913,1.05902202036389,19.1124801635742,1.83762729615952
49,34,12.737505,1.40373238,12.5420579860531,1.23158757178316,159.307024128792,0.997736966840817,15.1055917739868,10.5462286094036
72,81,0.00578514466186532,1.721684445,8.91637426787394e-07,1.23205320506507,40.244434107811,1.0399562967581,20.0005900859833,2.01216233795097
112,85,0.00609301800608454,1.6851158,6.07406820681299e-05,1.23251766305417,36.2701466859223,1.1001191476921,19.3853559494019,1.87100751621955
55,85,0.0129745899563423,1.773385175,6.66461593953694e-08,1.23283357685208,50.9180622957051,1.05164641300889,20.0950894355774,2.53385596809324
116,86,0.00432978090685536,1.52278191,0.000175073138449384,1.23847405767805,18.646371340026,1.13178288840333,20.9560363292694,0.889785217349645
25,105,0.00508485175183344,1.45329653,3.82232933748721e-13,1.24313866184482,26.7504080267619,1.0315042640263,20.1575675010681,1.32706528331578
141,105,0.00143184253943684,1.338941255,2.36491064015171e-05,1.24828877185964,37.4348249648697,1.06064172794353,19.6612911224365,1.90398609795014
174,97,0.00358081460208754,1.59525291,0.00449739094418279,1.24855772349616,37.675929059092,1.01839547934455,19.3383691310883,1.94824748683302
80,193,43.0128695,0.990779095,42.8387213335831,1.24959971543405,178.278924348062,1.01755537986784,28.8024337291718,6.18971736987272
155,108,0.00319176356586881,1.421450845,0.000228222185107385,1.2631913032823,36.0234471500151,1.01776044790534,20.592547416687,1.74934389714328
103,111,39.5061955,1.25256834,39.5969953955281,1.26379971587678,114.781362263913,1.00950231823925,26.0280408859253,4.40991170895162
159,95,0.00396600985056283,1.53411096,0.00146583337882396,1.2709375433021,31.3138794644162,1.01979662692446,19.9968342781067,1.56594184003914
118,126,0.00313256747022817,1.252697875,3.98244450311508e-06,1.27818191662963,38.1220149117236,1.0609560961378,20.5210783481598,1.85770037348657
118,96,0.0043812683587865,1.669474245,3.35928160773904e-05,1.27944025274824,27.7149355293345,1.03979402468448,19.8915326595306,1.39330317093768
34,157,4.08075115,1.14508082,3.87123890726851,1.28668585807457,98.145971256557,1.03602648981981,11.1254644393921,8.82174149144284
115,194,2.7386636,0.93591582,2.7972727977968,1.29425805783274,56.1293583628536,0.998657383262076,12.4699778556824,4.50115942565819
178,168,0.0258740865818888,0.7283106,0.115068222772293,1.2969848345892,5.85029994844865,1.17878211919475,21.1025207042694,0.27723228094097
160,117,0.00535375328816218,1.3811331,0.00169739156814701,1.29719490189232,40.6630422876248,0.997309046417497,19.913250207901,2.0420093085302
98,161,17.1293375,1.160319985,17.113027602042,1.29875493221842,144.708017376365,1.01685743656597,17.3756737709045,8.32819603339222
162,199,13.3578005,0.954998885,13.6511425228527,1.29966653345159,191.693066721286,1.00989199915035,15.6081132888794,12.2816296353938
49,119,0.00658219782517423,1.482333095,9.64250590422036e-10,1.30221252635757,41.2786957272727,1.01296458394728,20.2288115024567,2.0405892715081
130,169,14.0229155,1.12627128,14.1479140273626,1.30320759378566,145.764708055967,1.01748714999577,16.1692814826965,9.01491561093525
49,93,0.00503295920160305,1.660889295,1.04613755624846e-08,1.30751300703019,39.3085289610514,1.01684590648774,20.5915024280548,1.90896847368921
125,137,0.0587053960206332,0.87673043,0.0806948022282067,1.31075289526574,5.59443253580321,1.27298413749318,20.6416101455688,0.27102694491128
148,106,0.00577955879675544,1.522084205,0.000352644524909216,1.31277431278661,45.8985238920293,1.04691085055214,20.5967149734497,2.22843904725559
76,99,5.44701115,1.34049325,5.39281382011222,1.3129387549377,172.26847745916,1.00131114481274,11.8469190597534,14.5412048981067
193,200,2.4467463,0.80523574,2.84662364033873,1.31473742857698,26.1245247976724,1.03475771974172,12.8877172470093,2.02708705482616
69,117,0.00441918318329454,1.608770665,5.27712857789225e-08,1.31588502360001,50.2209246121911,1.01812966660967,20.4122774600983,2.46032931456877
13,37,1.305923505,1.585991465,1.1037525757002,1.31969472376286,77.3864973225107,1.00855738334097,10.3731353282928,7.46028031770087
85,127,0.00185980408758811,1.24913882,2.85271069054482e-07,1.32236122253288,27.0073666499743,1.12783816411576,19.7646868228912,1.3664454636688
181,88,0.00567539101670535,1.828459285,0.00934975477614472,1.33080670752798,37.10363713196,1.09318831060851,21.6865746974945,1.71090352669879
86,120,0.00509610536439298,1.421969435,7.57902055910687e-08,1.33200729474792,37.2708459522836,1.05380161400874,19.4955193996429,1.91176470799573
140,105,0.00524105671131927,1.536432695,0.000140142102721002,1.33237989943629,35.9972095922484,1.12583200161773,20.7338075637817,1.73616010862998
177,7,11.909344,1.8575491,12.1637334233256,1.33831343910041,142.262445971312,1.0058492937811,14.047744512558,10.1270667219308
0,175,88.012351,1.105678855,85.7540479477857,1.34086275122007,169.48362879628,1.00191110643973,45.0357582569122,3.76331242896898
93,130,1.1851391,1.251321455,1.1975422774681,1.34594688097096,59.6993102231312,1.00923980649118,11.1184043884277,5.36941346415386
113,124,0.00297036217791236,1.461306425,3.86331297348924e-06,1.34855904778992,26.7926661115364,1.10313315627599,19.9954636096954,1.33993722948965
16,95,4.50953775,1.385963785,4.23310050540732,1.34922591868617,118.58093716551,1.0094658638936,10.851254940033,10.9278546878514
200,200,0.016309178073843,0.30109305,0.219921446315617,1.35049991701974,11.9549642028143,1.1269928603049,25.4685208797455,0.469401590271455
187,188,0.0313520821188255,0.5816866075,0.0926672674825477,1.35457680756224,20.0203759369109,1.04782410135883,22.0571765899658,0.907658142702567
68,99,72.448087,1.362096255,72.1992204375343,1.35523624075427,153.852611198838,1.00144622009167,39.578040599823,3.88732258765548
115,111,0.301515468113,1.2329588,0.371326644353342,1.35762243175154,37.9945032670775,1.05735341922838,25.7869412899017,1.47340092956105
166,82,4.86035505,1.40552602,5.04008821308189,1.36006630851896,129.940236651244,1.01329406913549,11.0874342918396,11.719594744014
200,200,0.00247742104041452,0.302447236,0.192839320156506,1.36148461213687,21.8342201065327,1.02540043575175,22.1669721603394,0.98498883603048
169,190,35.082348,1.102284885,35.6737105256463,1.36645268814194,189.96222929028,1.01288596999785,24.3585767745972,7.79857670044112
142,30,121.13841,1.5708177,121.618627281719,1.37164188594166,153.090676488742,1.01406871188357,59.1017479896545,2.59029016393119
82,98,0.00551274951181059,1.810109075,2.97936358798599e-07,1.38017582701165,41.7616732822396,1.05053291063341,19.4207150936127,2.15036743399705
111,100,0.00501458258685041,1.617083005,6.16991979186096e-06,1.38222402049613,33.4044515562377,1.01226687271594,20.589736700058,1.6223836197062
101,120,0.00389721722207208,1.31472038,2.56117624233468e-05,1.38420502216888,34.9348758833259,1.05122342416012,20.2488267421722,1.72527901631787
175,138,0.00467511135204157,1.26730473,0.00165295926103807,1.38781080029895,37.9240785901297,1.00536900935358,20.0921838283539,1.88750406198313
198,200,0.0137886546104336,0.468926245,0.110218759849575,1.38808627912007,18.4887388274578,1.01163789416081,21.8049507141113,0.847914726791498
200,200,0.021577841491384,0.4911680995,0.250315103522157,1.39624531092521,19.5743506747873,1.03932562016595,21.678543806076,0.902936601733418
147,102,0.0066480751943197,1.58417744,0.000543356168861986,1.39658914972251,41.5320212427162,1.01688599325489,19.9732460975647,2.0793826421525
178,190,0.0211992228809394,0.6573065985,0.0595236104463443,1.39766278914455,24.0247229199462,1.00538267433379,21.110123872757,1.13806641139376
182,112,0.00463988009536046,1.555744015,0.0128678421099269,1.39972962414298,35.0186508088148,1.02049143697405,19.8943197727203,1.76023363497119
74,119,0.00423237043300723,1.367752045,5.37954273867865e-09,1.4139242249132,33.8273087784909,1.08101447345392,19.8118786811829,1.70742559667599
195,115,0.00101843257259521,1.5020234,0.00941915131259137,1.41494615032216,31.586343221232,1.04424153627711,19.7723073959351,1.59750415511574
142,131,0.00343782577279048,1.275816155,6.22174731158675e-06,1.41800225681322,31.8641237604166,1.02538728161172,21.0358057022095,1.51475651617517
157,108,0.00482856945422826,1.62177394,0.00179739623296637,1.41997523471906,19.4600228056685,1.0406623977306,20.6544327735901,0.942171737127112
190,200,0.0185462176311726,0.5809055145,0.0830442010429256,1.42648910344618,13.4802270376477,1.09808126628806,21.1149394512177,0.638421297337431
45,98,0.0148415881165301,1.81789588,1.21353667255549e-09,1.42785499243369,25.0205897234045,1.01844190533418,19.8823745250702,1.25843066138078
200,200,0.00923786333752351,0.40587751,0.223643216521606,1.42918419226062,27.9719505295149,1.12431036199281,22.640762090683,1.23546859498275
185,132,0.00834718482020847,1.355304595,0.0107908094456359,1.42964641872367,43.6109513742159,1.01486116587698,19.6588191986084,2.21839119296153
150,103,2.4321788,1.441578485,2.51327976416504,1.43718609097505,88.9579589970142,1.01807347704556,10.7789373397827,8.25294332760333
138,114,0.00917439190130448,1.54502817,0.000957691178117823,1.44317130420964,31.8457398938917,1.06753569955523,20.036406993866,1.58939374228329
36,59,77.142047,1.551117005,76.395880660984,1.44494822044468,106.213604670598,0.996439629837504,40.9339764118195,2.59475413778587
43,51,3.77564795,1.595840285,3.65614969409228,1.44736226838026,103.3971515346,1.0294711393318,11.2111258506775,9.22272686184781
97,130,6.06743725,1.387455215,6.0620869876512,1.44923556861684,64.9282888885112,1.04341801290925,11.3997371196747,5.69559527617985
30,161,241.463695,1.28678405,240.086789890747,1.45545217010707,150.813780732416,1.02228042568924,110.517011404037,1.36462051241196
181,109,0.00514256406199766,1.61233414,0.0146298390048121,1.46286339770577,39.7897004972194,1.01101723857239,18.647340297699,2.13380030942693
111,132,0.00326580687624222,1.34590989,4.88715831260634e-06,1.46316261619762,45.0274043161627,1.01492646074568,20.0077388286591,2.25049940434376
188,175,0.0337508825309223,0.803201761,0.157939403274648,1.48016328418925,18.4431538894312,1.06566646001442,21.0314092636108,0.876933811627264
168,155,109.97939,1.344065945,110.76560131617,1.48151037708584,152.627448375176,1.03530206232512,54.8511774539948,2.78257378345594
27,18,0.81334101,2.57635613,0.688060208396353,1.48427211159858,68.1707981841212,1.0760898588411,13.2179226875305,5.15745172639207
7,8,13.0902835,2.01629595,12.5617283776182,1.48637581582788,109.04802092966,0.99828835059224,14.5431702136993,7.4982290193468
64,110,0.00594561005975164,1.70087318,1.22401196785229e-08,1.48712283903391,33.1778139106905,1.0207042429439,17.9650011062622,1.84680277582201
184,143,0.00245571777970064,1.23427638,0.00844697899650547,1.49017588211393,33.88517338801,1.06253342100556,19.2670209407806,1.75871368449538
184,174,0.137088133881412,0.5766984925,0.502355814081004,1.50132505352749,6.23667855968103,1.13055403356396,26.4221298694611,0.23603996311022
184,120,0.00501418595401826,1.477527115,0.0177448241743624,1.50157363374679,46.5531690893843,1.02350287093386,20.1188066005707,2.31391304731086
185,147,1.7762532,1.345462225,1.96614194816375,1.51028938643806,59.2999420472023,1.03847747982324,10.1656980514526,5.83333694814284
90,133,0.00232362182586043,1.350641235,8.10678975111635e-08,1.5119450117201,50.3924376554804,1.00788373620429,19.2517659664154,2.6175488390722
85,32,681.234985,1.72782705,680.784234578469,1.51220234231733,195.259629833174,1.01323532061224,351.533399820328,0.555451146129992
182,187,0.0107174328299448,0.642585516,0.0357010735461443,1.51944008054395,24.0697182001972,1.00927589252269,19.3949167728424,1.24103230151009
160,139,0.0027217314698401,1.365346015,0.00094473865431915,1.51967294548654,41.8042230042409,1.02801320372499,20.3767638206482,2.05156340683891
71,91,0.0147516309106637,1.86901173,6.65194127162173e-06,1.52066503332782,38.8770374989684,1.01985083054472,20.1470127105713,1.92966759178989
25,22,0.876647795,2.43894675,0.744364392030623,1.54445269562134,39.3796989606889,1.05997581672812,12.2231690883636,3.22172577962437
11,120,0.00701822485949152,1.5315331,4.14428767337713e-17,1.54608131919483,55.3900285291964,1.0411059048872,19.8831865787506,2.78577220556751
28,139,0.00527665956676999,1.319965035,6.70731236223641e-10,1.54687890155563,52.3577463046011,1.00676171916834,20.1377220153809,2.59998356639401
95,200,0.122692498045,1.078965025,0.173182534190497,1.55682439078625,1.33765478146623,2.35407023215919,21.904659986496,0.06106713285168
119,30,107.240565,1.81533505,107.41509848829,1.57086529835855,208.972688641626,1.00603700106574,53.502608537674,3.90584112351229
3,118,0.00611174278260026,1.52984519,1.18360560818439e-18,1.57359548366659,28.5064942224864,1.01112872910717,19.9109556674957,1.43169894496941
190,140,0.00273422545740651,1.386784815,0.0194420383870147,1.57494888647248,39.5506100043761,1.03874840000657,20.0305132865906,1.97451804846425
132,134,0.00597730003144155,1.45985205,0.000104605538418061,1.57593533207758,39.0672774923462,1.05508189729614,20.5033667087555,1.90540792872145
111,170,0.5874726575,1.153750205,0.640000570606177,1.57676974020204,43.1218233122343,1.00069926567874,19.5110263824463,2.21012582664694
77,96,0.00785908671549551,1.687889585,7.60294106550105e-07,1.57772430242112,55.1754494981943,1.01163834788864,18.919929265976,2.91626087616603
160,91,2.9144834,1.61256065,3.04866746272661,1.57809066802184,135.961394727758,1.00892666092263,10.2972400188446,13.2036734580276
4,142,0.00189402073070961,1.472362625,1.46161745283617e-13,1.57866391002229,69.0148873560615,1.00088209674985,20.4458904266357,3.3754894463365
181,194,6.25001935,1.210581605,6.60786727593137,1.57906080415215,154.313954356341,1.01440806632116,11.8962016105652,12.9716996574178
55,66,0.53626864686387,1.494534466,0.530143043131678,1.5809525344637,10.4954657444103,1.00742096222199,25.3167304992676,0.414566396901605
163,116,0.00572281276358131,1.5903011,0.00139140549797205,1.58633825860597,26.6779527831393,1.01293391815264,18.9703397750854,1.40629810005705
55,109,0.010899433172499,1.90008915,2.77503673818453e-07,1.58872093010988,34.9570896942844,1.04914016098321,19.7227385044098,1.7724257555039
136,151,0.4860218745,1.25182005,0.610774804577149,1.59468001793214,36.0626333087958,1.02425801259588,18.0785241127014,1.99477750971161
160,158,0.0378655417171716,0.98697057,0.0857838252941945,1.59815949948278,2.51710381997757,1.36469794290041,18.8618235588074,0.133449653588888
139,174,26.5545,1.35224153,26.7712650090485,1.60005313142449,211.10204278124,1.04475704047273,20.3412692546844,10.3780172288229
161,63,207.0938,1.7379823,208.113015056232,1.60505180542645,179.232271518617,1.01951292450919,92.534729719162,1.93691894991834
94,146,1.176545295,1.41177062,1.1802786859252,1.61140429591028,70.8118677702754,1.04128201291932,10.3836007118225,6.8195869367021
5,118,0.0100016790547515,1.711111475,6.43660131535127e-18,1.62473749857335,40.8795572317477,1.00039434810569,19.0482783317566,2.14610247287256
148,177,3.51837145,1.384006195,3.62639767632188,1.63062559929394,96.94422541032,1.06099832276655,10.5527281761169,9.18665048434823
41,155,0.00583350901362604,1.345719975,2.26378447523542e-09,1.64065515983377,46.1652475063414,1.05432022628475,19.0731592178345,2.42043003883564
36,133,0.00498481345887222,1.516363535,7.7128667753575e-11,1.64767946464685,47.4090710197805,1.04006320490542,19.3809409141541,2.44616973085952
171,193,0.00717331870416494,0.6210328095,0.0120042383426493,1.65060807220331,21.02463420247,1.0473592598188,17.9271800518036,1.17277977583289
200,200,0.00146387891774397,0.5054692145,0.0367304050594499,1.6547949044578,20.2827001014706,1.05406316707989,17.9251682758331,1.13152076395377
90,152,1.5271417,1.45819962,1.51535379464908,1.66233589767582,52.139790190282,1.01063176229873,11.1450800895691,4.6782786459364
66,9,7.30724185,2.1583577,7.22257012028826,1.66516420581953,125.760598713649,1.01279691031036,11.3766975402832,11.0542271400245
93,121,0.00647542829772406,1.67526978,8.87545421230253e-06,1.68316898719635,36.6942456321285,1.03266503441757,19.251492023468,1.90604684496128
194,11,11.5441635,2.06497295,11.9750863238505,1.6879768280977,155.301709517085,1.01256553998395,14.4619016647339,10.738678295386
140,123,0.00976923089641052,1.60587035,0.000169837567179565,1.69232970700344,30.478537780521,1.05835426777452,18.8365068435669,1.61805678906597
185,126,0.00652213522578558,1.5456371395,0.0213084708606149,1.70043562931758,28.5811542947333,1.12346525759264,18.7699565887451,1.52270753315813
120,103,141.83073,1.71220845,142.131171240858,1.70264678974317,149.986803700743,1.00810949537623,68.9550800323486,2.17513783800092
199,190,0.0658864878199078,1.00807109,0.197345493241309,1.70422611808308,7.04293976799059,1.0685039830871,20.5030581951141,0.343506793033876
200,200,0.0810464205379165,0.579988271,0.41796108666881,1.71327180765661,8.64532549415219,1.04761806586092,24.664972782135,0.35051023856852
68,180,7.99743695,1.43940083,7.86201814977274,1.71445586698833,115.176177822964,1.01687926267516,12.4425203800201,9.25665976870016
200,200,0.013702865723804,0.511396721,0.205204937057408,1.71588190258288,29.711723729276,1.13083725864863,21.7343723773956,1.36703849613698
128,131,0.00238578508648644,1.56001032,6.95449848376272e-06,1.71825546670248,32.306305819288,1.01851335169537,18.2173609733582,1.77338012166165
111,150,0.00222389195396705,1.298919685,2.64248288545211e-07,1.72095351945773,53.578232912083,1.00571743213724,19.2063629627228,2.78960847590311
137,66,2.06805635,1.86109285,2.12958248515287,1.72854852066376,143.617190741704,1.00284759574639,10.4782593250275,13.7062069459068
200,200,0.00530440798459487,0.4587044505,0.104842433396126,1.72867271795402,26.4486222261008,1.02642105820079,20.05326628685,1.31891841696854
171,70,1.93975915,1.8664108,2.07103655649268,1.73194535131013,65.4725684533128,1.01399334388478,10.3172619342804,6.34592480741154
168,133,0.00743285422013927,1.59100551,0.00812695753131341,1.73773589802867,35.6842933864467,1.02277028572001,19.8990278244019,1.79326817879453
172,128,0.0119505046553721,1.74641002,0.00974264012464944,1.73888733693847,23.4405559487694,1.01399907407633,19.2350647449493,1.21863670643086
110,158,0.00201213625595743,1.170435615,7.20201616040117e-06,1.74213566180113,34.0873177044176,1.00344993415785,18.92316198349,1.80135422051335
89,27,34.739436,2.0203906,34.6730807687585,1.74264395822502,144.58534398565,1.03621786580353,23.7360265254974,6.09138786689235
119,186,1.097842295,1.313769925,1.13567733222508,1.748554642202,68.4487147607888,1.00351828401638,12.6544783115387,5.40905069933822
180,199,0.78380102,0.949347685,0.992272231093516,1.74892616346659,62.2509781619207,1.00862762197303,16.2282989025116,3.8359521559149
194,124,0.0062520137869918,1.65903095,0.0373384933820975,1.76884715047457,39.2058157679298,1.00314463719397,19.1359782218933,2.04880123259519
196,195,0.0277664941111918,0.733660599,0.195986448561872,1.77670012013106,8.06528592313199,1.11978175112121,20.8445672988892,0.386925082563925
24,67,1.7130271,1.9180399,1.58308208543603,1.78355616057683,91.9454945168899,1.01306404234328,10.0175387859344,9.17845156197348
73,67,4.65715185,1.89468345,4.60353657608052,1.78408212778591,175.798261791201,1.0031940972902,10.3610589504242,16.9672098800291
176,125,0.0122188629442599,1.711477635,0.0241150704993128,1.78409428956194,41.2034478661274,1.05681715342687,17.8900589942932,2.30314767990821
166,70,0.832578635,2.054669395,0.935019672485613,1.78910709403086,38.7794133373872,1.05495354908768,13.4115262031555,2.89149890549094
18,81,9.15012875,1.8636364,8.86625346985091,1.78924025632403,125.746317200661,1.0149882652814,12.6513361930847,9.93937045712174
195,153,0.00235275607801585,1.296995115,0.0238018005394941,1.79727619825953,36.4468225547048,1.04577757829313,18.6912143230438,1.9499440713047
131,158,0.00295261609654113,1.243205525,7.01537336033088e-06,1.80327164902913,41.4875696471785,1.04999976584912,20.2836537361145,2.04536964527801
196,197,0.0154259683075057,0.63377566,0.138100059445702,1.80539315713008,11.0430331747237,1.13593514584135,20.4459362030029,0.540108951973636
77,158,0.00255199273940424,1.351602423,1.93311265287579e-06,1.80913391001202,12.4081590026079,1.1261189919121,21.266104221344,0.583471183694955
130,102,0.0109520870376984,1.91381946,0.000304529785745725,1.80947687098252,39.8575876109804,1.09416245315394,18.8954348564148,2.10937657237612
167,113,11.5159045,1.78688585,11.7151282877763,1.81920984371822,93.8458176074202,1.01477330244582,13.7814030647278,6.80959820757364
183,148,0.00263257136236371,1.494190235,0.00470841472851417,1.82087096047665,34.6869152821084,1.0497312179605,19.5025069713593,1.77858750841871
160,181,0.3782053237,1.00565719,0.627452197624859,1.82292726033987,41.6705885719104,1.03548674106877,23.367390871048,1.78327947702282
144,182,19.357655,1.501734945,19.5576994299989,1.82466716430111,163.440130234857,1.03321454708417,17.5352344512939,9.3206698027808
92,82,26.4577325,1.9123467,26.4247089941289,1.82491697674328,151.879306200781,1.01397941411711,19.8233458995819,7.66163830112978
200,200,0.0175885970656816,0.377588579,0.42316875552064,1.82557166225072,15.4097210702083,1.09127426489756,24.4612803459167,0.629963797981678
110,159,0.00438408585563546,1.214801135,1.17314249359382e-05,1.82720821611366,29.648849584612,1.00025158545659,20.1296327114105,1.47289570603072
38,127,1.5793913,1.71490679,1.47472924838478,1.82940884630559,83.1116120791103,0.998472779673371,9.60636568069458,8.65172270571954
123,133,10.55401345,1.75628385,10.6254585246738,1.8524459686324,186.853538889274,1.01135434054345,13.14701795578,14.2126176078678
47,155,0.00442010661977345,1.33175544,1.44312721151144e-09,1.86524512864528,24.5733717509297,1.01466303439716,18.9374454021454,1.29760752990189
123,118,2.30828515,1.8175915,2.34105844791806,1.86772669050775,105.252730913734,1.00125751044829,9.89477634429932,10.6372016154133
172,124,0.0050442576091606,1.698665505,0.00683525448669828,1.8684690143422,47.8674338598591,1.03087058089378,18.4376037120819,2.59618519886574
98,117,0.00827013761279742,2.072285795,4.60190292026758e-05,1.87476729187902,31.7425817273174,1.06657485218078,20.6248288154602,1.53904703943644
106,137,0.00604277743758581,1.718431765,1.47578396197549e-05,1.88182072897033,34.9006858794996,1.06347918624381,18.8073887825012,1.85569013769588
197,163,0.00442734899668263,1.26721596,0.0662952646024479,1.895869060204,45.1269947936161,1.0348215661962,19.9130613803864,2.26620075796405
118,166,25.788733,1.68767075,25.9014821316726,1.90637351724031,151.2328343331,1.00368856346171,20.3656766414642,7.42586838608605
58,79,24.7793395,2.0056781,24.6209422844789,1.91755421111475,180.88049681366,1.00159706535005,19.015533208847,9.5122495292167
175,42,2.6323452,2.17546225,2.76187894252309,1.92498734784638,137.809975545215,1.00448628871684,9.85015487670898,13.9906404792752
162,133,0.00343833348692758,1.71598881,0.00111908683637739,1.9342309518841,31.8483396616543,1.08540794326201,19.6908667087555,1.61741685283426
193,179,28.638625,1.6372284,29.3272501109521,1.93586366127984,164.707475442466,1.0226901736482,21.7171607017517,7.58420853003958
133,83,6.3493878,1.9906174,6.43811218401219,1.94092338393222,162.426620437878,1.00451159464295,10.9853205680847,14.7857879459404
46,161,0.0024807311297504,1.34774214,5.89920236067949e-10,1.94773825115231,35.8664358019918,1.02049976334476,18.4386737346649,1.9451743828279
127,164,1.4241122,1.690330755,1.46679630036783,1.94948873929646,99.6301678332455,1.00271874397329,9.98067164421082,9.98231094908678
163,139,0.0107617762934013,1.74582939,0.00115723393980019,1.95017461652982,31.3616125552359,1.02359686013678,19.172196149826,1.63578613061083
155,154,0.00338316719673338,1.406172835,0.000836803119162259,1.95472192822737,31.1358761369097,1.00586218360902,17.4106528759003,1.78832329602113
112,163,26.2603155,1.73587365,26.3505181472229,1.95771645232964,133.94567228296,1.02863784881142,21.0652487277985,6.358608626643
191,143,0.00326360857468797,1.532354525,0.0170590742019279,1.96975395517621,46.3464783745153,1.08015284924785,18.9654738903046,2.4437289910382
72,135,0.00592165498254957,1.649084085,8.64270045360606e-07,1.97787844048839,60.3333287439043,1.00017721161731,21.7358717918396,2.77574920029458
120,146,47.646451,1.84676555,47.7301598878265,1.98676961736407,193.86169626644,1.03153560856785,28.3865685462952,6.82934592641144
199,151,0.00328027601005064,1.436241955,0.0620835621186447,1.98946900380787,65.3657293359387,1.06749420881033,20.8342337608337,3.13741940722676
35,102,18.7297455,1.973179,18.4630480559789,1.99052833200024,131.769390308638,1.01827266178418,16.9067361354828,7.79389878996744
148,148,0.39610207918,1.36422753,0.599712841299405,2.00280919966673,29.8732119224029,1.04832912645459,20.9553117752075,1.42556752401776
145,38,2.75258675,2.276232,2.81641505332307,2.00522721015868,106.789225090516,1.00168219141365,9.82792162895203,10.8659011663184
117,8,22.6825485,2.67708085,22.7610448770182,2.00611901528978,182.381851994961,1.03845382904891,18.4809710979462,9.86862925267113
142,163,0.00557922875647762,1.422369779,0.000227843110541281,2.00967514240426,14.5042773294727,1.15627038254316,18.4451584815979,0.786346040016037
173,156,0.00552666280376237,1.629900365,0.00440459974964579,2.01015682542714,48.8772803738469,1.06069446300454,20.4020507335663,2.39570428542421
91,114,65.889471,1.9638141,65.8198498714789,2.01109044247118,128.248805400469,1.01647726824443,36.8327112197876,3.48192682952891
190,181,1.156879315,1.55502316,1.320662441409,2.01112792173978,87.6729273504412,1.0038340152247,10.8289835453033,8.09613635330215
175,105,0.0154449072262695,2.257012255,0.04616154558248,2.03707513436227,17.7376659322837,1.04713554889695,19.8872256278992,0.891912540450092
92,164,49.4549025,1.81332785,49.4006412917312,2.04622268515856,208.068773939909,1.00674610694991,29.1067688465118,7.14846690943656
85,81,74.2973055,2.156887,74.242509576713,2.05376205138671,106.219529691166,1.00838537808604,39.5172271728516,2.68792972812978
153,124,16.5823745,2.00984095,16.8146518500371,2.06971733602651,141.23459228633,1.00449822998064,15.6358344554901,9.03275055056233
129,163,0.0053002157977314,1.386898635,0.000189644995254704,2.09236718767473,50.9549713493028,1.00791982777079,18.4590237140656,2.76043696235547
39,134,0.00430299006074499,1.94361463,5.04629968944268e-14,2.09486372919854,36.3739273431069,1.00583679850413,20.1809442043304,1.80238976803185
23,170,0.00468296564405698,1.27172633,2.24680172914696e-11,2.10056550564397,32.4392206279338,1.06666426039251,18.4151194095612,1.76155364005358
186,193,1.053342795,1.402762775,1.26158475826893,2.10974032232513,72.4328159297265,1.01691065935289,12.1658191680908,5.95379685732197
19,136,3.0563406,2.01855785,2.87400275689082,2.13029003191773,117.273445955682,1.00612973332796,10.536936044693,11.129748292887
56,126,2.9247157,2.05091975,2.84886543049026,2.13296117204979,160.649659826683,1.00422867854312,10.3312892913818,15.5498171908412
177,164,0.00705560206047131,1.61131798,0.012291750099593,2.15443569509749,24.4468208451585,1.02928416747931,19.3739812374115,1.2618377475225
172,152,0.00604976539715851,1.518023335,0.00246148996313423,2.16270174401131,56.775186490976,1.00655045733781,18.7534165382385,3.02745829674345
7,145,0.0063652713122587,1.547745405,2.36292934610967e-19,2.16716196104646,27.5030017037875,1.01917782607776,19.6432163715363,1.40012720847694
52,67,88.1239495,2.37132835,87.6991977579105,2.19141782207736,189.916030116081,0.996995577944958,45.6000733375549,4.16481852365075
200,179,0.00317523287812358,1.251163375,0.0965481440241277,2.20710386898255,56.1559234582981,1.00864745310956,20.5430347919464,2.73357486014253
149,185,0.774647465,1.530237955,0.887983892568477,2.21865457114801,36.2038439460826,1.0077305668122,13.0596644878387,2.77218790573034
154,174,2.0926135,1.8982614,2.18410168845435,2.22302229062428,101.243231429795,1.03637372790241,9.50339293479919,10.6533773910437
139,150,95.59691,2.07557105,96.0296802497189,2.23995710094847,156.445932386867,1.03342591122369,49.2537639141083,3.17632440557612
29,37,34.4644885,2.6054248,34.0661486008108,2.24353242584344,192.404845605939,1.00142049068761,23.3147144317627,8.25250706668819
82,94,9.0602864,2.27845205,9.01062367426828,2.25039143303135,148.234097248849,1.00738617214919,12.2878730297089,12.0634463662229
166,155,0.00604851712737961,1.5535209605,0.00407735908381843,2.25907121985313,26.8560610886337,1.05259493855344,18.2663941383362,1.47024425758284
141,171,0.00475877918630129,1.371626195,6.28867609369288e-05,2.26037854456396,43.5535093740723,1.05388733347415,19.339231967926,2.25208061242068
98,32,215.38913,2.55574735,215.363674524651,2.27607655433383,206.811076841799,1.01795762434129,100.795214176178,2.05179460683836
130,108,0.252426264740998,1.90806434,0.347511634008617,2.27658484128608,1.35421977599282,2.16904666466641,22.3203837871552,0.0606718857931172
186,174,0.00476397848265701,1.41286297,0.0109169949087116,2.2943771233758,40.1735099014699,1.07635193494291,20.4439837932587,1.96505291276532
171,161,0.00640636911721847,1.47763667,0.00255214239647792,2.30362695311943,63.573018050553,1.07230921545173,20.3919427394867,3.11755573574905
28,172,0.00210194448780697,1.55569675,3.81049562212092e-13,2.31477172563877,44.6091549882012,1.01909155999053,19.0934536457062,2.33635861882081
188,165,0.00781140246376294,1.60913654,0.0324839605007079,2.32807032689623,50.3932246846606,1.05795830773785,20.6930587291718,2.43527191142697
125,139,0.0064281018661546,1.99325541,0.000264848896833515,2.37435295561413,6.11737399519002,1.26517443394701,20.0332460403442,0.305361097391329
165,171,0.00332713781181365,1.339865935,0.0019449540321605,2.37508427113867,26.7765580561255,1.0973729572747,19.3902115821838,1.3809317109633
195,176,1.60725405,1.9602886,1.80204656858575,2.37750552589153,116.420741671741,1.03071539926562,8.84905600547791,13.1562893939955
174,170,0.00180427360889131,1.40517736,0.000245696064004586,2.37895132257562,30.8857401596691,1.0269841000322,20.4688649177551,1.50891318516046
197,165,6.75565205,2.08883,7.15186150851812,2.40385201943836,112.820355958912,1.00674279439498,11.9515390396118,9.43981821797036
199,53,23.9391175,2.627551,24.612821367535,2.41881723079264,145.123956632517,1.006509428437,19.2347826957703,7.54487112892778
169,175,0.00315035606716423,1.4340965285,0.00045708698064945,2.42916787470348,27.3752508624851,1.02285145079177,19.2599895000458,1.42135336379182
17,175,0.00257418213720208,1.43777784,2.62235775098898e-14,2.433617451454,30.8119185330405,1.03687701245767,20.5248770713806,1.50119868810342
119,97,15.824431,2.48290165,15.8973272869414,2.48277613121321,112.031306192905,0.99860102613086,15.1779797077179,7.38117380246184
144,115,11.2823715,2.4319217,11.4102949877958,2.50272811012647,176.894656523133,1.00260259333228,13.4747915267944,13.1278213968194
118,180,0.00172093866971266,1.35590702,2.43470719627991e-06,2.53705171817067,29.8635622585345,1.04499938997402,20.0196511745453,1.49171241787198
176,198,0.0345704301105957,0.846952885,0.120745980583335,2.53845473969832,21.9945605465498,1.03375646058653,20.6822125911713,1.06345297678348
80,71,4.47858245,2.72782585,4.45745575853036,2.58324507661516,122.050753089695,1.04535477214977,10.3701481819153,11.7694319260106
156,155,0.00652838636509124,1.82306958,0.000848505408250273,2.58381780651825,34.1188580975182,1.03646954883348,18.8854098320007,1.80662524144458
199,109,19.6447765,2.5831396,20.3263774493,2.59409436318456,211.877538173049,1.03147015225175,16.6428151130676,12.7308713540107
55,164,0.009053251147852,1.565063635,2.16587710578176e-09,2.60126653000246,16.5175348060885,1.09761738283048,20.5380570888519,0.804240378465704
110,95,24.4966255,2.6440981,24.5491920807115,2.61283812641541,124.577550632909,1.03687479730763,18.630051612854,6.68691387558773
190,170,0.00859877174161609,1.446746555,0.0635159146439481,2.66219103119298,38.3372502178726,1.06520121934659,20.0014383792877,1.91672466204092
134,192,0.817192645,1.75168971,0.88280519128415,2.66964267420544,61.0005149853249,1.00083550155223,13.1155292987823,4.65101435067422
200,200,0.10964694107213,0.6880776455,0.506342903818403,2.676092844701,23.4095145757446,1.02640712054546,25.1620104312897,0.930351517008919
43,182,0.00129466934442452,1.36794991,4.56033093650588e-12,2.68126599650241,37.4936561249355,1.03072883835956,18.7028312683105,2.004704827149
77,28,7.2183588,3.1263029,7.16091768470414,2.68370184392534,132.144911104345,1.00247677918065,11.7954638004303,11.2030279894144
169,185,0.00591408249898817,1.4458646625,0.00469317327854393,2.69513302267226,42.8139903348507,1.02338905959458,20.301304101944,2.10892808264229
167,113,7.6654431,2.66463065,7.84464465614167,2.71226320917135,136.509035821728,1.0086019564654,12.1164703369141,11.2664028405896
166,169,0.00840357721102345,1.67578106,0.00462721354593869,2.71316226386479,19.5706421427043,1.08211942309806,19.0962271690369,1.02484338762144
180,146,0.0110195599671874,2.045954995,0.0303298718048471,2.74560263438695,23.9771870466345,1.00476738045148,18.3502721786499,1.30663931374988
87,165,0.0132949274281997,1.57003114,1.48048431650046e-06,2.80115918080545,25.5125176391047,1.05546248145615,19.5672671794891,1.30383652479829
80,142,10.5683775,2.64149475,10.5085101209625,2.83981980230803,185.635150539909,1.02785282436228,13.3408651351929,13.914776040289
83,172,0.00681311862781247,1.512223575,1.29940271411415e-06,2.84694919857021,22.2078166085599,1.12716499861072,18.5944654941559,1.19432401084827
172,187,0.00818245342394764,1.476875635,0.0197651655034614,2.84936844517669,28.6579793342359,1.13576967647516,19.0916187763214,1.5010764498283
163,190,0.667259685,1.938052225,0.795519840296207,2.85185808553373,86.8170283519862,1.04928854367943,18.120002746582,4.7912260040006
188,169,0.00437221290351091,1.53291184,0.0165994181515306,2.89589781154628,29.7469273542453,1.02504413049877,18.8990166187286,1.57399339628955
131,172,0.00526873194251086,1.69901691,0.000104347287821008,2.92625590801854,34.5403004269254,1.00628783689854,19.276269197464,1.79185609378549
86,154,6.6662981,2.66440455,6.62631619158413,2.92686415352966,148.343691360734,1.00027187182283,11.7500247955322,12.6249683674829
183,125,6.50789975,2.8468069,6.71995528145542,2.92835663180607,154.261772382156,1.0014292658451,12.0482678413391,12.8036473303544
69,187,15.188724,2.38324045,15.0935121840851,2.93984958333004,144.685619980479,1.00108696707341,15.3671371936798,9.415261812069
126,185,0.00370554604694581,1.43869023,5.43609374472695e-06,2.94280068986239,48.8414702618343,1.00283508617868,19.2795476913452,2.53333071106018
86,187,0.00340683401562067,1.3576988,1.34094704522413e-05,2.95367477638677,47.3576403852947,0.996320829523302,20.5168309211731,2.30823369199881
190,168,0.00993626247980678,1.750057595,0.0693529867768964,3.01120084386373,32.8385255646398,1.00510046753791,20.6821095943451,1.58777446830755
184,199,0.65686885,1.53974543,0.862579114465335,3.01719505107355,32.7338330685124,1.03319122216606,14.3703236579895,2.277877231409
200,200,0.0538029537036287,1.34525979,0.287235597613802,3.02985586570764,14.4661751895386,1.01945909467742,17.711065530777,0.816787401322655
187,185,0.00380519101884772,1.52145971,0.0153252401760488,3.13137395171488,52.902880812622,1.0087574658664,19.2452957630157,2.74887335918667
200,200,0.0296708754383022,0.782907605,0.192901156918144,3.15072332758216,13.3031397399492,1.09503948324934,19.3653078079224,0.686957309013538
171,178,0.00341294361012029,1.69102624,0.00472961505952351,3.16559198612329,35.169728685852,1.07829703800599,21.5222220420837,1.63411234291155
137,164,3.90873425,2.79285385,3.96428882804708,3.1694308587462,161.442410934926,1.00452905470123,9.91409683227539,16.2841269019433
181,187,0.00360930965549674,1.41811712,0.00793295469885567,3.24688152537527,27.5779563410779,1.0456033375567,20.9263830184937,1.31785585290616
145,196,0.00339147539921794,1.388935185,0.000356172973540794,3.27796196921786,37.2419489071215,1.05115764797827,19.4433336257935,1.91540965267995
167,148,8.7563869,3.1037566,8.9355716963647,3.36737869704738,122.753108940573,1.004836022496,13.0153894424438,9.43138194084835
28,130,62.05873,3.26512645,61.6601842852013,3.40395933770792,145.480907637397,1.0277835206997,34.6966743469238,4.19293521283243
199,195,0.00633808181916712,1.403045235,0.173235505786306,3.41741369532724,42.2385930015795,1.14072519566385,20.4651882648468,2.06392398911536
147,30,1.23212885,3.9618281,1.26059214277791,3.42641726858708,184.220557888625,1.0015670641304,8.30050992965698,22.193884405875
21,187,0.00302503915464814,1.676937485,2.25353361929578e-14,3.45848066244633,39.4785178605521,1.08652959407513,19.0024003982544,2.07755425804935
3,198,0.003571844749304,1.494518435,1.42291147784523e-13,3.51677150674886,40.398048975571,1.01006560679712,18.8639452457428,2.14154825246262
121,185,0.00855711454364279,1.60852267,8.14568491405017e-06,3.51720080234038,27.6941400175214,1.129622569644,20.5048630237579,1.3506132660059
135,196,0.00587259586556327,1.240784275,4.52326592208719e-05,3.53906722010467,14.902619695346,1.07594942157034,19.8459839820862,0.750913621052888
53,180,0.010320842935032,1.82473141,5.14530944554843e-10,3.62831155616682,14.9430968670274,1.15812336071766,19.1910305023193,0.778650050356672
25,105,9.5918347,3.6333463,9.40024418908643,3.62932033512348,136.229850025537,1.0069961642659,12.9910688400269,10.486423534744
200,193,0.00339389334305489,1.49578498,0.153838053963446,3.69712449621676,30.7076151685207,1.03293651576061,19.6457011699677,1.56307046019123
158,31,16.964807,4.19353495,17.142069497071,3.70647162988093,115.371272661738,1.00725638517558,16.5917119979858,6.95354841475936
48,122,1.97179135,3.62644455,1.92364095829072,3.7451972482797,106.279856709282,1.02527855438497,9.45801711082458,11.237012522175
131,121,44.5879845,3.6706772,44.7308255226659,3.80255467168096,251.950759015319,1.00577508072113,27.1427710056305,9.28242584233771
33,89,6.76789,3.8890336,6.65071617376616,3.83549048075276,141.018716564574,1.05334068225535,12.4067196846008,11.3663176205718
84,187,0.0035749540395755,1.71280757,3.47557019071676e-07,3.84433538374932,55.5542034034833,1.0018838840544,18.1354951858521,3.06328571865093
51,134,41.4321395,3.58920835,41.2401606085322,3.91569190741588,159.040529667865,0.998751073678356,26.3262143135071,6.04114696378001
111,200,0.00604208568954284,1.350972305,9.60517187442179e-06,4.03972234585466,26.2850172579635,1.06280402748638,19.9582557678223,1.31699972000267
125,169,3.82234715,3.54909065,3.86873410454464,4.04348977936986,173.479120450412,1.01358324271408,9.94571566581726,17.4425980270729
142,48,97.014836,4.5427253,97.2624325663457,4.04628297230375,124.274996990489,1.00232965173583,50.2039778232574,2.47540140002447
65,200,0.00513814609032111,1.3692554,2.87183432490928e-07,4.11933098903012,29.4937546895815,1.13274301350425,19.0420658588409,1.54887368357084
200,199,0.0037646856943086,1.12360126,0.12661245994392,4.1710335678685,28.4562653636633,1.00124241790003,20.3646061420441,1.39733934283725
146,195,75.4987675,3.1641431,75.7839663071525,4.18540532642477,119.894773630491,1.00537690145175,40.06396484375,2.99258383682399
0,143,4.07034815,4.13364025,3.84323028813518,4.47560998404334,142.330051331123,1.00704805735865,9.60984015464783,14.8108656377894
3,9,1.36961835,5.6073633,1.26184544332819,4.57160263585425,204.262497767239,1.00282110513343,8.10118627548218,25.2138996464541
92,195,0.00531513252187428,1.45169184,2.15311511929561e-07,4.76315135137498,34.5648714599494,1.05470145266046,20.6117701530457,1.67694822925444
156,132,89.360963,4.520659,89.7366853758334,4.77917751741068,225.062582283644,1.00562525158649,47.1930558681488,4.76897666708508
155,197,0.00417801613150096,1.336028255,0.000981583217807117,4.80719062733026,27.3228248470633,1.02713516670447,21.3321855068207,1.28082632875695
137,158,1.32612285,4.390125,1.34794470933898,4.87780994408763,169.21529929202,1.00423778036733,7.76808619499207,21.7833961988101
61,199,63.5424745,3.6620502,63.3329772902043,4.98218053529743,225.938213069558,1.00730948931597,34.611278295517,6.52787831586164
183,199,0.00437536092012657,1.52157112,0.0129231608990689,4.99288292516845,46.068197344922,1.04742468654928,19.3153357505798,2.38505806680265
74,195,0.00699172798788412,1.580839365,2.32147852611749e-06,5.66465556036447,47.9475288946194,1.00750016976805,20.7358577251434,2.31230024483049
167,183,83.9611315,4.89153255,84.3709500285258,5.76515236320383,228.86785574934,1.00086630448366,44.7802500724792,5.11091062195733
162,200,0.00659333896577225,1.665534025,0.00395977432805531,6.31925340245034,31.5541599368516,1.04513906408761,19.8258774280548,1.59156436083886
108,200,0.00297969606956941,1.352691365,9.10350331463507e-07,10.2988116517445,43.7292009638752,1.0097116711185,19.8609552383423,2.2017672583771
