"rank_mu","rank_nu","mu_mean","nu_mean","mu_sim","nu_sim","ess_mean","rhat_max","time_sec","ess_per_sec"
79,70,2.24851903623714,0.000307290433,0.0701875276213151,0.000231315204064321,39.5067709944906,1.04518685598427,1202.69196224213,0.0328486197919207
34,33,4.0353867896206,0.0014147898,0.00013014739839047,0.000477872115671252,6.24715360927109,1.51242428594164,325.063501119614,0.0192182560876692
1,1,1.679891767751,0.0101756286,0.000137975965870685,0.00288710578771376,28.1083256257419,1.00775599273804,52.8705172538757,0.53164461188776
191,199,0.327881980442385,0.001644589155,2.18405856575021,0.00348474462145601,14.100895631421,0.997508450738288,168.665372610092,0.0836027894357331
74,83,0.0471388285353334,0.00555040381,0.000340293788323051,0.00461466955809973,32.011482659576,1.07938638923672,54.7946271896362,0.584208421544488
34,23,0.635088585897703,0.0175863371,0.000959196101552104,0.00624397619563837,19.5362843964658,1.00205790380096,36.8578989505768,0.530043354415352
23,23,0.248528326987233,0.0147497312,3.11448233310004e-05,0.00644289964589388,6.61408673648933,1.13865683087906,34.9312109947205,0.18934604750717
28,35,3.145757015775,0.02496733915,0.233192828576598,0.0125620237212365,35.0569597440553,0.995161976002172,38.2181844711304,0.91728480117984
98,108,8.45724888,0.01312809715,7.61734521882306,0.0140323553861998,38.0477906013767,1.08785847374757,65.1340606212616,0.584145840724029
70,49,65.530989,0.0170746653,61.9789621958996,0.0144648440373697,67.2264477913949,0.996873277192833,59.8772125244141,1.12273843348977
0,0,0.0387426134083387,0.1460020285,2.98784967274941e-19,0.0147526732232246,32.4231568016064,0.996618718824073,14.8015134334564,2.19052983651787
65,66,0.458803390165428,0.0278115594,0.00552933202225405,0.0151458181945998,4.90210839498459,1.16770953439645,27.2170062065125,0.180111962270546
101,94,3.72484949481295,0.01979518965,2.43862989530725,0.0163267640002122,9.2513977234425,1.06675159833529,53.4132595062256,0.173204140862518
36,36,0.208380765119251,0.042723393,6.07586257566851e-05,0.0169099761208146,21.2973442709871,1.03915142468502,22.1593306064606,0.961100524615029
7,0,8.84346695,0.0535795475,2.1393890074092,0.0171798620386761,29.0232590348457,1.04680595455477,23.138708114624,1.25431631234859
0,0,0.185668338045,0.15714068,7.68699791437863e-12,0.0173265221198377,10.3390680223208,1.16260696112435,14.278484582901,0.724101214123394
180,144,20.6344032875,0.0170055141,31.9699709990666,0.0212916492414024,30.0811283583797,1.05813482046668,50.0968928337097,0.600458963757097
10,18,2.320193932,0.045173249,0.135195498563074,0.0217905203810581,44.7792563707624,1.01894916844828,28.4130163192749,1.57601205966946
20,21,18.7103739,0.0362093555,12.9838452071739,0.0240212987071042,59.9248414230102,1.0018813825694,27.7080798149109,2.16272083173234
136,160,138.414,0.02222165,143.036326101263,0.0252944533797585,48.5068396252787,1.0021461144138,62.2007737159729,0.779843026499561
86,70,4.8123266495,0.0338332552,3.96215713900223,0.0279966180336873,61.789654764203,0.997920294320455,26.0388789176941,2.37297676906571
7,8,0.0540095390270724,0.175805711,1.40869524953117e-13,0.0292649358462083,11.1970668499051,1.01479779667085,12.6864490509033,0.882600545272976
51,50,0.0586048941446604,0.06227240785,1.75841034122509e-05,0.0294998391820007,32.4043714597443,1.05894708387109,17.0432505607605,1.90130229818662
137,147,8.2130455715,0.0236955216,11.1711278671953,0.0315320768307654,36.9993435441688,0.995319807167253,38.8693344593048,0.951890328426028
75,104,0.320430471730934,0.0432517365,0.00698958226351727,0.0330938045465558,8.29661869720676,1.10813886431271,19.6310622692108,0.422627088816233
151,148,0.0279638595121398,0.02639093985,0.03142352932664,0.0350003778092333,16.3665187965886,1.06314604104393,20.032196521759,0.817010694698966
93,105,0.104054032036723,0.04177002865,0.00653766470507617,0.0358239324600334,3.23613345824067,1.33916668193927,19.449155330658,0.166389408857232
74,61,0.85750817318635,0.068358357,0.203026752179606,0.0360163439969936,2.47257707759287,1.50891678492755,21.4696519374847,0.115166146372215
147,139,0.165511253287838,0.02730907325,0.133102543523914,0.0362289259432495,5.19350357748455,1.20096403724568,23.352965593338,0.222391608326016
12,18,0.00501810986782933,0.089695805,4.16436537870719e-09,0.0368387431669489,12.9134006688686,1.095934948483,13.1029679775238,0.985532490884481
162,173,0.145499033642686,0.02380786435,0.310708787545167,0.0390188840389847,23.3138500672972,1.0274616809277,23.3664500713348,0.997748909060765
2,5,0.0205481550747149,0.1508331055,1.91255371984648e-10,0.0394987809094225,9.33549435067894,1.10343673922729,13.2121429443359,0.706584419348951
124,85,17.0194888,0.042659153,17.9742723732111,0.0410500994602049,87.4822267483441,1.11021227535177,25.3639917373657,3.44907172554654
133,125,0.118231403662636,0.040216151,0.0665366872412459,0.0414929329328538,22.0105422619354,1.0642051503235,18.9307601451874,1.16268665880968
162,146,31.5359995,0.0366802345,35.562401875887,0.0418586442134659,61.1194324200761,1.0107388863778,30.4950914382935,2.00423837205902
76,84,0.0260426566742542,0.0701620775,2.3322630286453e-05,0.0437782507428329,35.624233273621,1.0384999961502,14.1261236667633,2.52186899350454
134,43,101.5011755,0.0505702325,103.472461123925,0.0440065224819215,122.429752831195,1.01812260780123,37.2382502555847,3.28774182435797
11,23,0.0502114763617436,0.129945337,3.41734848608792e-07,0.0447189421044786,9.97455974770482,1.09663113542549,14.4862263202667,0.688554736560347
151,123,0.32914901036615,0.042668214,0.542552456664455,0.0449340299485325,24.9375781675061,1.01506178099899,22.0711033344269,1.1298745599459
86,68,1.095382660955,0.0608628145,0.753905428596768,0.0460702932491148,25.8725097787802,1.00552620210747,22.2688798904419,1.1618235809824
0,0,0.0578802164242168,0.3123055755,6.05377497262567e-11,0.0466072231710097,4.67532044584706,1.1943045772996,12.7598278522491,0.366409366958893
0,0,1.677224766,0.2038679615,0.0693636229730401,0.0492801850371179,67.3939225665664,1.0102096903247,11.2905714511871,5.9690444241846
174,189,0.0330019357468769,0.0250020504,0.0954473648047077,0.0508399671121989,11.8399189061358,1.14654996558832,20.5687561035156,0.575626394058516
180,186,1.29153450159,0.0290158729,3.73286491493755,0.0545070935796399,23.123536475398,1.06328912138286,25.7171189785004,0.899149570164892
182,194,20.1117017,0.0338405325,25.4115751142563,0.0556782504517184,33.6369125478271,1.0728992265019,28.7395293712616,1.17040582374542
26,19,1.63735177025,0.1363812105,0.395422770828557,0.0558510761874985,11.9883951127479,1.08376283048452,15.4095108509064,0.777986740055588
126,134,0.0613022224947995,0.05120351505,0.0441250271699068,0.0564210392315453,21.3923786222347,1.03611528255294,16.7277228832245,1.27885778426472
67,21,15.43475315,0.0770939565,14.7172620144545,0.0569772483878495,43.8182382116618,1.05648562795775,16.669038772583,2.62872015654157
74,87,0.0752951219309462,0.07566284,0.00290806378060104,0.0572571071343042,25.3018326343423,1.02694844608847,17.3481452465057,1.45847479801557
148,24,72.1736605,0.073942455,73.9300063703173,0.060754667379024,83.6603841291537,1.002717069941,26.935783624649,3.10591981636635
37,23,0.0382031621126495,0.1333650265,0.000341636660653335,0.0618957511061739,28.7261542965339,1.04883244697935,15.0769696235657,1.90530027013082
39,42,0.30855789290025,0.110342232,0.0221114540821205,0.0630168886701486,26.7070312052255,1.00865603990215,16.5276026725769,1.61590472219777
72,54,0.0103454861985534,0.1072395315,7.31424626320495e-05,0.0631741925392542,17.2588920137482,1.10965354334029,13.4907619953156,1.27931187428413
89,97,0.0813898736701847,0.075141927,0.00749193693490294,0.0632861102591862,44.6565254126239,0.998922681370422,16.5665781497955,2.69557931691374
27,11,10.3382735,0.107467027,8.04450954929358,0.0633546222922332,31.1756642008381,1.13878448732653,12.8684477806091,2.42264371992209
75,53,0.0448478195664119,0.0971587085,0.00545433753761691,0.0640076951897441,30.989914202988,1.03385766902265,14.7655248641968,2.09880207361486
78,81,0.0331410386426295,0.092377054,0.000466658058962028,0.0644693131868919,21.9248513043563,1.07550443439834,14.8226456642151,1.47914561280294
177,177,12.8202377,0.0474272775,17.217913584056,0.0668544356273444,15.8399145943138,1.03648708046111,21.6077318191528,0.733066974677719
0,0,0.0112852672847547,0.3872925685,3.21561020990308e-16,0.066859275351901,31.8767585573732,1.04242972197382,11.0773787498474,2.87764454725467
10,10,0.282110520019115,0.472758702,2.07033429871543e-06,0.0676609901703352,4.49048465436757,1.22194034079865,13.0661909580231,0.343672051693862
25,22,0.00447997176281031,0.1766867995,1.5461872315347e-10,0.0685451520698428,7.06465483775998,1.11566142840556,11.4618175029755,0.61636427520557
66,69,0.322829173607234,0.1161550865,0.0257145626924817,0.068684238217722,10.3552320915445,1.38340068662747,15.1614563465118,0.682997190697115
30,103,83.910476,0.07089901,80.6633638255578,0.0693065653464407,134.551067136328,0.99894281153581,30.3561375141144,4.43241723601257
42,54,0.57422240535,0.1020908865,0.10718790218508,0.0697410126512036,33.2977413559583,0.995610766429606,17.156366109848,1.94083881999026
75,86,0.0580982716540315,0.0844679605,0.00521900623333091,0.0706684276001118,17.77631721644,1.0526264798778,14.510226726532,1.22508886673259
128,117,0.0053405517521465,0.0728779045,0.000459981592138308,0.0733039414333405,22.9337639082015,1.09230466134351,13.5909314155579,1.68743136191157
158,146,0.155685082219127,0.05534830725,0.228424547568884,0.0733468367527696,5.0457874121839,1.18047719518118,18.3688597679138,0.27469246735705
33,40,0.0724330322463852,0.1414797545,0.000313564704369094,0.0754372378048178,26.3097293163392,1.00947584143957,14.1250834465027,1.86262469995201
32,24,0.0132274448590464,0.210706364,3.20141481525312e-08,0.080040030449028,26.6041604846171,1.04082458721292,12.5213932991028,2.12469649735572
15,9,0.0301875871030523,0.2571434145,1.90291690591566e-06,0.082712796298366,35.0429906035089,1.05541825366748,14.4323592185974,2.42808469999505
133,103,24.15956,0.085242521,25.152283693752,0.0838450611876821,53.0972926661286,1.01502126793015,16.9040606021881,3.1410969184088
186,157,20.68554,0.070151482,24.8334806267254,0.0854440171517721,38.4462617369197,1.02848913248606,17.9160118103027,2.14591629789007
14,16,0.3694451809,0.2079803385,0.008608179236078,0.0858180946397523,40.8919083270925,1.02100429989947,12.6965301036835,3.22071526575825
29,22,0.52788959244992,0.2638855005,0.0331308616935626,0.0879124387821498,22.4544355477964,1.12190052016517,11.0531060695648,2.03150457495614
81,79,0.0155660760671063,0.130055441,0.000191377781731238,0.0894978132108689,10.0161440446364,1.13261674060638,13.365042924881,0.749428497980345
19,23,0.156772186512706,0.205910143,0.000650209692307257,0.0899700063734412,32.1518000906638,1.03029372128411,12.456836938858,2.58105651125359
17,23,35.248623,0.11070655,32.3145168599085,0.0902713996046373,132.435612303072,1.01978999051573,16.5844922065735,7.98550903177966
66,69,66.014958,0.09662073,64.8357437476407,0.0908073801123954,133.156262747963,0.99924245496009,23.2110557556152,5.7367602813909
176,131,0.0576443326280762,0.0797510285,0.137724851810077,0.0936350893188348,48.9696727947342,1.00012555755125,15.234671831131,3.21435691805767
129,85,18.002192,0.0983406535,18.5797814801136,0.0938736068369601,75.5436109509057,1.01216071286303,15.0784273147583,5.01004576763559
84,87,0.21250045522825,0.1049451085,0.114606919446788,0.0948890827241522,13.2349461282799,1.11825263457683,15.9562327861786,0.829453061110022
5,0,4.18190505,0.227897735,2.89697088125077,0.0956459016204648,88.8173369139441,1.02030953421498,9.77347683906555,9.08758862137294
180,181,0.0333925657423254,0.0547042555,0.0980014971793202,0.0970174722342001,39.7761289710388,1.00108412676258,16.3331406116486,2.43530193713455
41,48,0.150419669799567,0.254478249,0.000194162971394507,0.0976167880404358,2.5203227143684,1.46056423036289,14.8666813373566,0.169528266408415
74,70,0.109037762189466,0.1727948875,0.00298375112769086,0.0981959658060877,19.5567152446011,1.07046212524342,14.3637924194336,1.36152867387179
13,75,13.63875335,0.10458755,11.2441673928343,0.0991609042173195,96.2970848818232,1.0129465934173,14.130788564682,6.81470000354437
164,149,0.0525478945350489,0.0689739666,0.0965697898504571,0.100979603178861,15.3319610545803,1.05477345417781,18.5978710651398,0.824393340553847
12,5,0.0152286442338146,0.5148735145,6.3866257174402e-11,0.101747569661674,22.6059806662736,1.04155264643793,10.86297082901,2.0810127378694
130,85,12.1312575,0.108836434,12.7153468518714,0.103110316383146,71.6856011897993,1.02287066898384,13.2565181255341,5.40757388259606
142,151,0.112951989407317,0.074946202,0.114299891899326,0.103793247630242,33.104305202772,1.03424813881176,17.3532025814056,1.90767698627826
22,11,5.64260825,0.168646654,4.38879335264662,0.106375062680865,51.5329172014508,1.07244788244774,9.96334958076477,5.17224822673493
2,3,1.40820805,0.2852087515,0.244096445335264,0.110265808893867,35.7515036754055,1.01187680639604,10.8084199428558,3.30774561540205
22,4,0.0179878982353607,0.45572249,9.61156553674917e-09,0.112306954869125,33.4252191271232,1.02100381226373,10.9633114337921,3.04882510443851
2,1,0.151458224116415,0.4898470665,0.000180264527262168,0.112310735511667,19.7925358739425,1.01849256479797,12.8952076435089,1.53487531345844
128,110,4.82373427,0.113254549,5.20999854855505,0.113692956716792,45.1866734281828,1.01331809372876,13.1235160827637,3.44318345352056
45,38,1.1341618763,0.220477899,0.536231016386161,0.114678137879604,8.28562406603991,1.14015239816224,11.4568431377411,0.723203064441498
54,63,0.25437624386669,0.1761085385,0.0430561697972125,0.116412495715286,28.9182538331174,1.00015614555123,14.2525169849396,2.02899276413246
36,36,0.140815759107207,0.3102937905,0.000688874831282282,0.117624811362466,27.0803053187326,1.06583866946443,12.6551976203918,2.13985637609459
52,56,0.194490603871541,0.2455430745,0.00562368226916024,0.118241783889938,13.7364931872737,1.0341694656151,13.10400390625,1.04826687213685
113,104,0.032634148124584,0.135551929,0.00542874986470322,0.11827613275947,36.5365528414763,1.00097735236568,13.6338195800781,2.67984717172463
8,9,0.3991496935216,0.818139455,0.000407034655361117,0.118637093518425,15.6929010631281,1.10276832149398,12.2676613330841,1.27920885954086
200,200,0.957751157192114,0.0579927562,2.67728635467765,0.11877134450953,3.40391810763838,1.33043088345945,19.0500650405884,0.178682755170964
4,12,0.057349683376394,0.448525063,8.27675125002962e-08,0.119196484413225,8.95033660470045,1.39292744426832,11.8000409603119,0.758500469176666
56,40,9.442006,0.144243774,8.69107726771517,0.119844085521195,94.2345033981134,1.01903583302995,11.4903011322021,8.20122138783782
153,158,4.838179405,0.096386844,6.0781149945323,0.120060875020206,47.075670224365,1.01183455090353,13.8381533622742,3.40187516296095
5,12,0.05693279655676,0.3551108775,3.66738292905401e-06,0.121423643887234,6.21678633675718,1.17700751116434,13.3090975284576,0.467108030688361
87,98,0.13176990078479,0.136565186,0.0453568550220556,0.121781487591858,31.0498354050744,1.05036238527071,13.1158213615417,2.36735729689936
1,2,0.0193040895955809,0.579736865,4.17579175276877e-12,0.121925675596398,29.3374213719623,1.00453909678591,9.760906457901,3.00560419244824
45,58,4.42671405,0.144939207,3.68478019249389,0.122169909579421,25.2299272121201,1.06022983682194,10.9950008392334,2.29467260448878
40,39,0.132371242202302,0.256703668,0.00494556664073338,0.122316341974197,22.7056327724528,1.02661207779897,13.6947085857391,1.65798582936603
145,119,12.1312484,0.1172075125,12.8662078766851,0.122555493332548,119.51665964821,1.02953009264149,13.2049705982208,9.05088419237471
137,180,66.188175,0.099326997,67.7130246478146,0.123228188208041,95.0869040733348,1.03021389140835,22.2740297317505,4.26895829890149
26,27,0.0224045056938386,0.3554955025,8.23679934508776e-08,0.12325585934709,12.4935593743779,1.08115786762395,11.3410685062408,1.10162101282634
82,74,0.046262911909717,0.221912551,0.000831985315143213,0.12396589774297,7.06045908730299,1.12352879373671,12.8162403106689,0.550899399211911
49,114,20.7174555,0.1196795765,19.6424537561462,0.124012491957416,76.2300449736639,1.00520218606087,13.7318978309631,5.55131169136562
14,5,0.0450138433191438,0.8299286495,3.47523110559026e-09,0.124198515109472,2.20764668976495,1.41484961246875,9.22177720069885,0.239394928083673
92,187,18.0548065,0.100584336,17.9246714884796,0.125161240710349,95.001803697591,1.00219492901274,15.0772771835327,6.30099205189059
101,100,0.36167699792245,0.135974142,0.289286324632251,0.128369950706856,26.2372660785346,1.02826149920103,14.7949900627136,1.77338855702633
39,17,8.33766655,0.17859878,7.52952165380103,0.129993324737042,69.3938231459928,0.996095467719712,9.55506086349487,7.26252026411595
0,15,0.0069902508681963,0.302220445,3.71344202042418e-09,0.13004484703595,2.24728686113011,1.46911063676891,10.6154630184174,0.211699372625685
36,35,0.0126988532024124,0.3076877855,6.66422344362558e-07,0.132680145336685,21.8649501623497,1.0318702774156,9.9455041885376,2.19847578844213
190,174,0.0569124046186399,0.0736783535,0.216111099026192,0.132854004203044,17.3421092832155,1.07164694154337,14.7830107212067,1.17311078306517
10,10,0.0478073343380373,0.4981588425,2.18541560285921e-06,0.133256332193392,24.7874504450447,1.04843854782559,11.370530128479,2.17997315560171
96,117,0.00730077914883245,0.130390671,0.000291370659823727,0.133589909459629,2.16871486306505,1.45487280243634,12.4638609886169,0.174000244791377
156,116,31.553841,0.1312562055,32.9300585718849,0.134058971775919,97.208647808719,1.00564769664849,14.2975211143494,6.79898613411788
2,1,0.013672576610517,0.87113826,8.07347743896551e-14,0.134148426554336,21.5609530768259,1.05726291007498,9.05777311325073,2.38038122695788
84,82,1.139412454585,0.2127436185,0.805681486903756,0.135990527026903,1.38458769208874,2.07946945208957,14.8852899074554,0.0930171800950448
0,0,0.0423531571384147,1.077262805,1.45631096313235e-11,0.136218869829471,6.61433247587257,1.17533259190566,8.66210174560547,0.76359441047067
4,0,7.57443265,0.26581725,5.99151524380264,0.137082768974843,57.5942941649873,1.03814699015207,8.65261316299438,6.65628904009107
151,125,0.157972864644166,0.1206905475,0.255572804611579,0.137406947055657,27.228403761899,1.00871560538112,14.4053373336792,1.89016078771303
24,20,0.176059244205465,0.799929129,6.58744798787113e-05,0.140029967514453,3.19777681361428,1.32869076965785,11.5405704975128,0.277090011650936
159,157,0.09086805658237,0.0982785645,0.150253012428642,0.141100347289836,24.8633924147178,1.00527122299456,14.3939826488495,1.72734628221225
22,0,0.00339894442879327,1.56926755,6.49655933855015e-13,0.142835674954459,26.535061560918,1.0518608824246,10.3003797531128,2.57612458928022
7,2,0.013410708665935,0.68020668,9.34176795071086e-11,0.143244093567746,7.54991977484756,1.13223157307571,9.28339219093323,0.813271659708755
159,169,61.7218195,0.1254106285,63.6951424144787,0.143779135043179,95.0157822369423,1.03628050345686,20.8013548851013,4.56776891513908
79,70,0.9183000011115,0.179007613,0.582173867664775,0.144651007038833,1.39974757448305,2.11952563074252,15.4798724651337,0.0904237149004809
0,43,59.3961775,0.159789725,54.0519998986768,0.145257916861751,130.206056443669,1.00826025456249,19.7183737754822,6.60328574385619
10,11,0.0186764414612204,0.445095775,1.11586949287768e-07,0.146705823036856,23.630466821331,1.04329441879415,11.0037226676941,2.14749749107253
4,5,0.0514711572226509,0.4246625635,3.26850378615165e-05,0.148525073359035,27.4072986850914,1.0728986863684,12.1740758419037,2.25128371475675
157,137,0.0115844131564523,0.119621683,0.0141507957278229,0.149717702558817,12.5600212251761,1.00192394844183,12.2771925926208,1.02303691421484
195,138,69.9898565,0.142708165,73.7760648834193,0.151421968593674,122.013492395576,1.0205862023013,21.7447094917297,5.6111806157715
44,46,0.460855261718812,0.284823518,0.0644859149975503,0.151489550623261,2.27684000566347,1.51199671081748,11.3122820854187,0.201271501936666
68,62,0.28067318448307,0.259301111,0.0677906275062893,0.151817737085885,18.4714370523515,1.13000089258473,10.5147092342377,1.75672352329111
170,161,0.244545806222428,0.10265491585,0.580866518522647,0.152317301210981,5.03506215201198,1.14644320047263,15.3860321044922,0.327248904578973
34,28,0.0186248480638766,0.405831445,1.24044780329871e-06,0.154846596485682,20.2361042713281,1.02690802626265,10.925938129425,1.8521159493691
48,62,3.54797974,0.187931236,2.99134254456161,0.155403896515497,25.2571086293057,1.05879588361823,9.66397285461426,2.61353265466243
111,127,1.02804481105,0.1415883225,1.15040192238276,0.155432460905548,34.6799194701077,1.0462150686779,13.7792217731476,2.51682715040486
20,63,18.486168,0.169029015,16.6368233104083,0.15555887503474,35.5762088213919,1.06415952981617,11.6839776039124,3.04487136379646
7,7,0.0507517703892435,0.719475435,2.89399637028244e-07,0.156467336878739,3.176280407749,1.28939208522105,9.71782112121582,0.32685108813277
77,84,0.676234638782561,0.1784318365,0.479659501028718,0.157349890795128,36.3498679589204,1.04336912596784,12.5809061527252,2.88928853912851
164,161,0.0507431794355247,0.0963762225,0.0889149995048706,0.157982143968855,14.2211372649573,1.0446816178706,14.4487516880035,0.984246775918005
183,189,0.0273479281553226,0.0811547385,0.102120033614587,0.15885813811405,36.2029882950363,1.07310283063591,13.5146312713623,2.67879955938946
193,179,0.087634904465421,0.079428307,0.525449088314496,0.162748365808337,13.5525775261013,1.04124020912181,14.8852336406708,0.910471266576005
185,170,24.942888,0.141688583,27.0662367343727,0.163733288774949,116.585478704235,1.00786207374577,13.2006981372833,8.83176613022895
42,72,60.496072,0.173434715,58.8812214668256,0.164342079424196,162.096840416598,0.996918449649979,18.6953296661377,8.67044568410041
94,106,0.0417618432218208,0.1710660315,0.00719778549741643,0.164483930746393,28.9442977594442,1.02898248543683,12.5746419429779,2.30179896101198
65,67,0.0532449113568347,0.3058125015,0.000526170829202245,0.171106821401247,17.157516241309,1.05411427888818,11.9571752548218,1.43491383839927
67,62,0.0815014284775807,0.364897016,0.00135439503381036,0.171326967748305,4.05959730488204,1.47157804662244,11.3099930286407,0.358938974993332
181,163,7.6867716,0.132656292,10.0370259827424,0.171850004048279,38.4667127651344,1.00701454181346,11.7947797775269,3.26133369937325
139,117,0.353800611749343,0.148896085,0.567895017508755,0.172139529128838,8.49762372375309,1.08081472711148,15.2369110584259,0.557699896729001
70,122,5.5435179,0.159347899,5.0607879538401,0.173136395800402,77.8440751932646,1.01867571371551,10.6834721565247,7.2864022157556
3,1,0.04846786057536,0.78604579,1.2787758681396e-06,0.17739770066726,10.3545110333264,1.11107712337777,9.47772026062012,1.09251072500518
26,18,0.0232678497647076,0.912875845,2.71224500614354e-10,0.177868445909436,9.17089696322365,1.04989538901958,8.57980918884277,1.06889288110854
186,178,13.3056824,0.1462795855,15.0258614248329,0.181420411610628,117.494107822499,1.00374061931968,11.4979627132416,10.2186892367626
94,96,0.00345363009749351,0.20446095,0.000115907087374603,0.184715997479973,22.0022414616922,1.00818853172499,10.6726367473602,2.06155629414954
16,34,63.0818545,0.219417045,60.4682351732718,0.187009036228501,162.586809689018,1.0112067078563,19.1546823978424,8.48809739112833
6,6,0.103747813853,0.66964388,0.000135916041209329,0.187532317317025,9.29201616085702,1.17526220110845,10.496550321579,0.885244759104745
157,47,7.09872365,0.221499565,7.68982394305806,0.188697105039579,79.1142456989109,1.02250519878779,9.27682089805603,8.52816353450236
14,7,0.0224092553344439,0.837956356,5.08294334516999e-10,0.18996545121138,18.8973435560828,1.00762990114912,8.44094228744507,2.23877179970659
46,61,2.7992171,0.227059397,2.24096840611863,0.190209569177598,29.7608861565272,1.0009595357728,10.4124772548676,2.85819458982393
38,32,0.0405345959892238,0.5310150525,5.35922439756144e-05,0.191471657347424,17.287060913884,1.0773051998705,10.8306798934937,1.596119641969
42,25,0.172494853068,0.450093283,0.0147387516446574,0.193909501227358,52.0188512048132,1.0008655550746,13.189786195755,3.94387372416657
4,6,0.00835292541184311,1.533202695,1.82202810019148e-21,0.194336426540037,31.9056120773727,1.07381739355717,10.4944231510162,3.04024448206885
151,141,10.91872395,0.1818906515,11.7106619710672,0.1959960528042,64.1155323901165,1.04355161591561,10.1158692836761,6.33811396649608
93,55,217.191715,0.21523845,216.862058824693,0.196354811472827,231.165806114647,1.00431847214805,46.0481595993042,5.0200878412118
15,18,0.0722888151537514,0.7566759745,6.08042636882142e-07,0.197147242663687,11.3837873288806,1.13606014611901,10.623105764389,1.07160632505812
163,147,0.163040823420538,0.150084397,0.335926154047989,0.199408435500288,18.7771852157303,1.05452158425941,14.2531287670135,1.31740795460902
184,87,156.03087,0.208530305,160.621962451353,0.200357680187686,121.504782986206,1.01105089157538,35.6303102970123,3.41015225445271
144,65,2.160320635,0.23958657,2.56280749834303,0.200547140366469,32.1146752785571,1.01256461623004,9.48917531967163,3.384348396639
134,35,6.83134455,0.243367045,7.15225679305782,0.200680237675926,25.6943882594654,1.0438209126592,8.76121020317078,2.93274418300869
134,148,0.0293235668025055,0.154463201,0.0167138183633199,0.201674002525167,25.3468591998031,1.01734092403998,13.6269361972809,1.86005561579285
66,56,0.0490712959418838,0.532491602,0.000112778192825043,0.203651745945138,7.48220220108512,1.09360205264351,10.6083860397339,0.705310136062207
46,26,0.0116150777020654,0.521707859,4.33154610161916e-06,0.206014707177548,18.4110544499922,1.02003943008344,10.3580286502838,1.77746703273385
17,18,0.0131622686065565,0.664243995,1.36918286669899e-09,0.207503024914928,23.6046903710521,1.0344885691771,8.81588625907898,2.67751757195631
54,9,5.2018556,0.301105275,4.89894745544442,0.208319685926449,60.2016024504068,1.03063779267414,7.83005046844482,7.68853313181311
23,19,56.0400995,0.258398315,54.0097313533206,0.209165785914652,206.916173998237,1.00914786968904,17.0012938976288,12.1706133217952
50,51,0.0372653524610537,0.524696634,3.36694927452908e-06,0.211250724211141,21.601418353968,1.00180677090212,10.7055771350861,2.01777242659551
91,39,40.4428285,0.242137815,40.3197074862963,0.213071943893203,128.706798713483,1.00163529431809,14.3032486438751,8.998431189868
40,46,0.037644954782719,0.388061902,0.000187712536622961,0.2138740341237,19.7907672562601,1.06398369110729,12.0212297439575,1.64631802883627
164,101,5.34669975,0.219096225,6.15386220558181,0.216379169072038,61.1047150479996,1.04105059413658,9.03895974159241,6.76014904312813
46,36,1.3699435,0.324461515,1.05755801363314,0.221185772776568,60.567113143714,1.03995049032415,9.12867736816406,6.63481802467241
46,25,0.149324854205254,0.43495588,0.0332903502238649,0.223611706219937,27.8286844333258,1.04854606728913,13.9745757579803,1.99137955350336
49,69,2.12861086,0.28475693,1.53535616211359,0.224564655607387,46.957782315472,1.01517375914868,10.5609817504883,4.44634631750035
24,24,0.131951777744955,0.79122468,0.000258345143547276,0.224797100406328,1.37307057483324,2.14874608131915,10.6948897838593,0.128385668537274
33,35,0.0268412719540725,0.717390071,2.53268055865135e-07,0.225160488185285,15.6144190708538,1.01648359615245,10.3162467479706,1.51357557184501
99,87,0.446631865076347,0.230079402,0.453116185184302,0.225700812823583,16.4818600807832,1.0658128692295,11.1754970550537,1.47482120925708
52,79,10.9644266,0.242728875,10.4636516537295,0.22577542984027,70.8066276443278,1.00396971686319,9.0951714515686,7.78507893131757
44,34,0.12722527005595,0.5035343585,0.00912811527332313,0.226993957085655,4.8584659141284,1.19403396323396,12.9741764068604,0.374472009765443
19,16,0.00924568529642067,0.751285055,7.21689999369391e-10,0.227734574399233,14.5291166434791,1.08422143283771,8.49583888053894,1.71014503073503
87,84,0.0637498743477818,0.3857917065,0.00118991073931316,0.228300223732597,2.12962992562507,1.4593824123119,11.2686114311218,0.188987785996723
10,2,0.00787655896461147,1.583110765,5.42811681004551e-14,0.228303886694232,27.6005219246894,1.15636649729578,9.03823304176331,3.05375196646896
93,16,13.354495,0.305663935,13.2775466893527,0.231956413649745,128.143003837835,1.03392252735051,8.78613567352295,14.5846830278292
121,98,0.00612649310598575,0.2403278205,0.0023324645510938,0.232096782301092,20.2851953103457,1.00303545268068,10.3374202251434,1.96230731348297
162,159,32.830724,0.208301855,33.8143232090711,0.232426306056383,146.850330181987,1.00189725047773,14.3672988414764,10.2211509485729
60,62,0.064771775548937,0.35427546,0.00504281178383029,0.233265093646863,17.9863598970918,1.09510426706628,11.8439862728119,1.51860695232143
5,2,0.0383047601097299,1.031813735,3.23337019094302e-07,0.233377574546956,10.5674276421255,1.05020627993522,8.81126284599304,1.19930909187791
133,148,172.674925,0.215362205,173.792310429654,0.233918722538997,159.123547619613,1.019996163398,37.1514980792999,4.28309909010839
192,186,1.6704099675,0.1379438695,3.31120291002227,0.234179397598321,22.5811480624231,1.04486203697855,12.1071231365204,1.86511261245113
72,82,2.78505655,0.261103965,2.6153616637781,0.236331326978286,33.8022042673083,1.06922070054621,8.45747590065002,3.99672486973451
128,153,3.52504575,0.195502557,3.9382759678878,0.237559065177258,6.04592108848395,1.2015888345863,9.80376005172729,0.616694110890519
5,11,0.0226528033424926,0.935913485,6.30589966642469e-12,0.237694282369358,10.1811641996794,1.12799886649193,8.31109666824341,1.22500851645505
155,142,0.128378020236608,0.207176909,0.251312559703745,0.239005311451469,19.5729951738271,1.05799169605927,13.0860362052917,1.49571611042251
98,136,0.2735251045298,0.187695628,0.163843430638628,0.239415369346208,18.4925493461014,1.0350958296008,13.4516503810883,1.37474204444833
30,28,0.138623880509438,0.897362371,0.00030595332180745,0.240281646861633,25.9252842497192,1.00459428507875,12.7005212306976,2.04127718688087
65,56,0.68047888775,0.342909772,0.504307642134193,0.242375754991449,18.8203243525717,1.02119855168213,8.54294180870056,2.20302616756726
99,86,3.0612193,0.25133496,3.1616606138044,0.242834207858306,60.039123395097,1.01594605476441,8.82168197631836,6.80585896842245
66,77,0.53150625692,0.2796002445,0.341413850565552,0.244765990776188,15.7420012165928,1.10651332553055,10.3581631183624,1.51976764960248
77,90,0.143283500693784,0.3527985105,0.0140756779113162,0.245743780190595,21.5808241031094,1.03830419104774,13.1313207149506,1.64346180948416
170,177,0.8711493475,0.160727124,1.55716783500245,0.247457477691482,27.2656422749127,1.006881602077,12.4452505111694,2.19084720315129
99,123,1.07101210095,0.2201041,1.08797419715426,0.247856574928303,25.1032705602872,1.02485252478645,9.58872008323669,2.61800014416664
35,46,0.0607370493764877,0.9041430075,1.13874688711176e-06,0.248269953555714,3.20760888421921,1.26476767512146,10.1983096599579,0.314523581963136
175,194,0.0571843790259383,0.125088034,0.176756114966709,0.249403113648308,13.2648851213923,1.12917775907434,12.7457919120789,1.0407266345547
19,30,0.4440171804,0.51698261,0.0707590345211603,0.252556475044146,19.0735815363137,1.00609344597298,9.58832049369812,1.98925156380095
0,0,0.0099053017316327,1.72742233,2.46374118978454e-14,0.252561784661182,25.8504898101643,1.0038627277286,10.0508968830109,2.57195851385757
29,33,0.0148814213068363,0.596381737,2.95154154766857e-06,0.25355057495416,12.4815665471335,1.07939245338096,9.35546231269836,1.33414748838141
36,40,0.5492804523,0.447303153,0.196212119229354,0.253638351294321,1.84823348992039,1.5889903013424,10.261887550354,0.180106581839968
188,196,0.451253572431157,0.118032563,1.25008574879539,0.257518462409324,10.0909650842265,1.16706018649546,13.7320163249969,0.734849482071872
47,3,0.00358107903545311,1.373213945,5.62492307526455e-11,0.258337171372428,35.8533424124058,1.05707688954197,9.68706965446472,3.70115460002718
165,124,47.137546,0.24818062,48.6549963643752,0.258345672829514,169.013081130517,1.02156220510978,15.4085865020752,10.9687596008729
76,76,0.0265731479517685,0.557243905,2.03060471933099e-05,0.258769516101278,2.1132354581977,1.48563733466,9.22162342071533,0.229160893021348
147,97,8.8745117,0.263025945,9.35123900181726,0.259042729594594,46.2804997318842,1.04549204358273,8.64655613899231,5.35247779438784
62,30,0.774599351325,0.429651563,0.576015991105903,0.259095339978063,8.53432528766775,1.13544522105929,8.16785359382629,1.04486756399728
158,117,14.305699,0.257083135,14.9301315770363,0.259326339160761,131.013485834627,1.00091141279109,9.29643630981445,14.0928718778305
164,83,8.1878338,0.27692968,8.83025011729587,0.259339477424457,55.8315377838685,1.03070704199985,8.02067923545837,6.96094883548572
107,9,0.000708726154032137,1.34767016,1.52388131024845e-07,0.259495862729513,33.9176648202928,1.02752848309127,10.0191221237183,3.38529308271426
69,153,8.38780665,0.23334271,8.11149590127008,0.26207333716381,94.5255899887554,1.01618827330385,8.80166459083557,10.7395128516005
65,38,8.23466895,0.31211454,8.0177930785826,0.262555066974496,54.743377661733,1.00221367249576,8.24112200737,6.64270928312628
56,63,0.0865629942015856,0.415921886,0.00638401035377243,0.263018982239694,4.43397102705832,1.2382336466244,11.9718701839447,0.370365779024621
70,93,0.06751076262585,0.3211215415,0.0124348555611993,0.263213334943339,16.8288160450159,1.08496793688947,11.8303968906403,1.42250646369525
121,121,0.0615448822880725,0.2211649605,0.0483656360606478,0.263282419866339,11.6317127573014,1.16952190954064,12.6389391422272,0.920307679814633
102,106,0.049543555003308,0.3025575575,0.00838579673890772,0.266834614453725,12.7995355157886,1.14036938390277,12.8899972438812,0.992982021145464
65,48,0.0421955979156647,0.532325325,0.00128661185552821,0.267761418717579,5.45374756689122,1.17345101319353,10.1013243198395,0.539904213963292
96,112,0.244266999455,0.24969223,0.188661183312869,0.26817063652308,12.3197569282095,1.02487578573622,12.0790603160858,1.01992676630675
107,41,15.188906,0.31073112,15.3569199837385,0.270715934255206,62.5202222760335,1.00387219282725,8.95513367652893,6.98149514394148
66,40,0.0960608819106728,0.297459336,0.0671458415246388,0.272035944536776,12.2885757046376,1.25880413490209,11.8866395950317,1.03381410754423
44,38,0.00224473675274983,0.5285696915,6.81709474592729e-08,0.272114742071187,13.845342883417,1.05766096270505,8.65648698806763,1.59941820538769
100,96,0.064105286975527,0.310517447,0.0261871311042616,0.274350281517378,2.02234957452427,1.51539483156679,11.8405106067657,0.170799186089887
10,12,0.0703613070563098,1.426544575,2.02289406330855e-08,0.274466739945043,4.88559907700099,1.26283446147242,7.96715402603149,0.613217600794213
184,176,0.20788060406202,0.138068993,0.743181570002737,0.275078118061649,18.35111989831,0.999610645600979,12.7204346656799,1.44264880726299
67,61,0.0787150149820713,0.48736044,0.0108701712952182,0.275218481263057,10.8615961048963,1.04874309201798,10.485032081604,1.03591443691937
80,95,0.3490077885945,0.320585912,0.204019999980684,0.275438657833652,17.6604659035812,1.07142826288269,11.7296769618988,1.5056225300106
24,22,0.0911559432055307,0.641103444,0.00227647852315267,0.277099874270096,9.10258397477483,1.39154950450395,10.9653112888336,0.830125450614824
15,15,0.32466644941797,1.537656244,0.00260345972706972,0.284111040150049,3.30876437468941,1.97006359896577,10.9369592666626,0.302530556621436
31,47,0.0351462686068713,0.6374000365,2.50546015055508e-06,0.284717818526095,12.6333855794592,1.01053354207752,10.1870815753937,1.2401378634264
13,1,0.00568834368961438,1.64847466,1.80342881027706e-13,0.284736334221333,5.35999960451404,1.20113624939041,9.9675509929657,0.537744889220702
109,130,1.21757595,0.2564238925,1.32025700182539,0.285003044908637,10.0884569739476,1.12243681136682,9.68752098083496,1.0413868515904
20,41,0.0300188520705707,0.55276432,2.72520545534093e-05,0.288074487636511,4.48083676707703,1.28734709429244,10.5147359371185,0.426148292631775
186,186,18.0203395,0.228044425,19.49550329959,0.288408944516551,107.745461873512,1.00216030333263,10.4541823863983,10.306445582363
146,127,0.0604228620776965,0.237443216,0.084666598167426,0.28954468900016,20.7682579001706,1.11007556103171,11.9677159786224,1.73535684981731
196,191,0.0190240144182706,0.13985553,0.119001039340048,0.289940926838674,25.1545413150668,1.04428325922499,11.8477685451508,2.12314590880174
62,5,0.0021054736969432,1.195908385,5.34642108236776e-10,0.290852705963421,37.1349016173109,1.00747906464993,9.45921421051025,3.92579138085803
173,73,4.73548735,0.30841764,5.29409697698499,0.294304158590924,44.3466708295405,1.04861205088858,7.75909328460693,5.71544498859406
3,49,28.8043085,0.33206952,27.005216351144,0.295291483303364,156.72086194052,1.00417984164815,11.6644387245178,13.4357825217174
95,81,0.442615736826,0.335647854,0.422655274906074,0.297738001778115,13.330834345895,1.01928418357741,10.9940819740295,1.2125463842625
56,55,0.0129015962123561,0.431365695,0.000517953523575253,0.300943544355195,22.8355804521855,1.06267315983879,10.0144603252411,2.28026071406257
45,35,0.0191980323411436,0.80351119,6.02865311109383e-07,0.301205392213293,10.4540617263763,1.04280797660572,8.93668627738953,1.16979173285134
122,194,34.774073,0.223267165,35.2023332372904,0.30126385584663,87.3212567302222,1.00664938526642,13.7183060646057,6.3653089761219
101,109,0.331237363109331,0.338722906,0.219138125028861,0.302646295870386,10.3769925178239,1.09906777239721,11.4733684062958,0.904441673129728
53,54,0.320099376329,0.5777850025,0.11401742645272,0.302811462520439,18.4431130979998,1.12884509539038,10.5161161422729,1.7537951129944
150,134,0.0221033982029336,0.250218298,0.0270520755303912,0.303454217347071,18.3299457470885,1.00376010934797,12.7330710887909,1.43955418290444
8,1,0.0029154725597885,1.61195706,4.68243563177915e-11,0.306596632054665,60.5649898204864,0.999332865120021,10.5107867717743,5.76217471970109
161,160,0.00997382358417218,0.2091522505,0.0137988924582412,0.307364358482741,30.4801134834694,1.0624163749337,11.6302103996277,2.6207705996828
51,54,0.0502914806537399,0.6157896125,0.00029819351898196,0.309185309878329,19.8629096144802,1.00770741562116,11.1577003002167,1.78019744929827
129,105,50.833168,0.30895899,51.2815306061985,0.309458813192846,156.500570613892,0.996467490668201,15.1596155166626,10.3235184587548
49,43,0.944034436,0.4755028105,0.642242439234395,0.309520261132156,33.2508571552566,1.01126752429254,7.77915215492249,4.2743549030875
141,117,32.8888165,0.30644128,33.5168831251582,0.309683118325472,148.726650945565,1.02930854707462,12.5660228729248,11.8356183535219
47,69,0.122212967090331,0.5430164075,0.00520476368690641,0.310636956232273,1.45716973756701,1.95204507448166,11.4767544269562,0.126967057354165
183,133,4.9887268,0.2837069,5.94168948521261,0.311887841586158,6.95851252394879,1.16350545878469,7.91933226585388,0.878674147055567
20,6,0.00326736215976149,1.31252219,1.31035206002421e-15,0.312956819866089,39.8350770956481,1.05896256138127,9.98840832710266,3.98813062012685
116,110,0.059553857989455,0.3794185035,0.0188235327349343,0.313943077267675,8.37672126682597,1.22606327324807,12.1358444690704,0.690246260832938
110,114,0.0886268191640706,0.378924185,0.0225317178997924,0.317122139285288,11.727206533562,1.01868219337508,12.7701995372772,0.918326021400788
71,57,0.7352997095,0.39256035,0.608088380690325,0.317124248933238,26.8049081628811,1.09763857758353,10.037663936615,2.67043291468478
32,40,0.0329824643359528,0.93185892,7.2743972749202e-08,0.317268192612813,2.25040057710076,1.40908534759163,9.28371548652649,0.24240300991201
178,196,2.87149205,0.199357838,3.6761364702633,0.3174640254549,55.6927194933517,1.03775124617565,9.74451303482056,5.71529016322746
41,57,0.108628505185722,0.5429501295,0.00654419614501701,0.319016339886748,19.8960946993795,1.05340653868286,12.4281044006348,1.60089536247887
150,154,0.579986613945,0.231203218,0.90466216848822,0.323565200801158,27.0640165456999,1.03266508969762,11.8461968898773,2.28461647204483
145,4,46.696256,0.4350946,47.2758856928343,0.324607652964217,138.468751958251,1.06230145207374,14.6756777763367,9.43525430774449
106,6,0.00282029847440046,1.61273077,3.18726796413001e-06,0.325421024069102,39.0581276200196,1.01314578618854,10.1153125762939,3.86128726378219
82,2,0.00713266993911502,1.657793365,1.34706208839274e-06,0.326467544322474,35.5905584221215,1.05588081162388,9.27118706703186,3.83883510976505
78,175,12.806407,0.282707635,12.6084815302655,0.331455728543514,102.46514833532,1.00794448452812,8.54124665260315,11.9965097020224
54,168,83.692075,0.29388548,82.6400618800087,0.33429523905791,149.116686372795,1.03232601782288,20.9343633651733,7.12305809217336
184,176,0.133804549318235,0.1962812945,0.443675702813698,0.339343363181181,21.8040942206109,1.06966586931278,13.5086572170258,1.61408301878664
170,164,6.7741774,0.293875975,7.39124259666362,0.34194471433196,67.8908503090079,1.05273667943433,7.73710012435913,8.77471523151982
200,200,0.0551904720621978,0.138971807,0.480013082279779,0.343356248935904,31.1998258434293,1.00030246798986,13.2217969894409,2.35972658393907
179,187,0.152947798207989,0.216008545,0.368054481069649,0.343840856809222,4.24377241508687,1.2705754881704,12.7186567783356,0.333665141614288
59,61,0.13609319343044,0.6114186,0.0217890394095122,0.34480988036865,25.1768068905104,1.02370223575475,12.5875709056854,2.00013227962345
22,45,0.0826682512824059,0.82003103,0.000153058541364299,0.349982716692044,5.08899318943071,1.20699509000848,10.4733262062073,0.48590038057008
163,179,0.1732214742182,0.222649662,0.340933311045569,0.350793726996036,47.7204963190235,0.999461999856413,12.5569090843201,3.80033780595039
57,44,274.947385,0.38781042,273.380425676315,0.354065221300493,167.24278236504,1.00907837374576,54.0258612632751,3.09560603856076
43,40,0.0495104269731942,0.93070299,1.77440597099626e-05,0.354337831813869,16.9315120432621,1.00183272637291,10.3154761791229,1.64136989405579
44,53,0.0564970551535244,0.88179617,7.98768835491453e-06,0.356104872938096,14.6727350555891,1.09227740360615,10.1313738822937,1.44824731828644
62,69,0.0485899193413089,0.633273825,0.000367008064361241,0.358592758207723,16.3515430815605,1.0453878575472,9.90650939941406,1.65058573330861
88,88,0.0174584142840164,0.4640770695,0.00103256064879944,0.360462790265258,17.2216746744492,1.01928610933878,9.44479894638062,1.82340299377667
42,7,1.413755305,0.582491355,1.18427754086934,0.363321695302889,55.2140613610725,1.01340892311449,7.00087404251099,7.88673828807653
143,145,0.0221010124290073,0.282419633,0.0110394031064786,0.363356624512097,22.5379252139444,1.04794562763268,12.0552065372467,1.86955944257856
18,157,48.6911635,0.333667865,47.1739187455092,0.363661566334264,125.907841249738,1.03013549777762,14.6101198196411,8.6178513800054
136,158,0.427914925852,0.235387343,0.547228239391167,0.364277927257431,9.29684132610893,1.11216311388449,11.733633518219,0.792324160429383
42,41,0.0985243238980281,1.55141719,2.56363994022964e-05,0.367580628451514,2.65825923621802,1.30552958876421,9.38680267333984,0.283191127876582
64,10,0.00435688275585181,1.708197985,1.93035382150671e-08,0.374101120745581,55.7237571683015,1.00588816227499,10.3382556438446,5.39005409500387
3,32,8.09990245,0.45258932,6.9090669879676,0.378275057462826,100.832956140367,1.01342418099664,6.97200012207031,14.4625579998448
26,5,0.0064361965465039,1.570419115,2.29260494664463e-09,0.382570580520064,35.9063139612107,1.04240674045108,10.1936950683594,3.52240416457637
175,149,0.128068875379083,0.231707296,0.346586556539055,0.38380024007731,1.91652082554505,1.60910039618828,12.2788078784943,0.156083623468182
54,142,59.7252695,0.367491035,58.789432210574,0.388722243686821,137.732635224032,1.00243136560921,16.870481967926,8.16411976171682
156,130,0.5399792685,0.332393745,0.806147570722263,0.389311410135636,47.2836660536184,1.04367861757453,10.5541841983795,4.48008724927109
103,6,20.420501,0.50074228,20.4115524295541,0.391820410666863,138.533542229536,1.00377394559362,9.11818408966064,15.1931065294704
122,117,0.06400845856489,0.3392206345,0.0821366148458841,0.392363114180208,2.03773789737903,1.55802559237123,12.3627870082855,0.164828359172842
103,116,0.394136856493499,0.3844806015,0.375924782980425,0.392835185306306,39.9984472547288,1.0497894714701,11.3953952789307,3.51005351509686
66,45,0.0092511325575695,0.753335185,5.35138425534855e-05,0.392839019332401,16.9616336333528,1.01194818371218,9.28140377998352,1.82748580230209
92,118,0.4981848895,0.3730736025,0.454427506639654,0.393552723571356,55.3597579509557,1.0479914252158,11.288592338562,4.90404439195185
55,21,12.66724,0.48103586,12.3559129224544,0.394584719228794,120.969622842585,1.00569380355979,7.9003734588623,15.3118866433949
115,79,0.00628999588256969,0.50735017,0.000979588843590979,0.39540582895589,21.4247875976859,1.05350729322436,10.0060374736786,2.1411860243423
34,42,0.0106428157589736,0.765262475,9.73488826608979e-07,0.39719681555974,21.0405196710802,1.0724983166644,9.08442306518555,2.31610962194334
57,14,0.00957302052157546,1.5565742085,1.99134465227627e-09,0.397229899272447,16.1306905264462,1.2574674401991,9.77974820137024,1.64939732540212
121,138,0.536990074,0.330600925,0.649231634330253,0.402011039770028,44.2311191309802,1.04730103556515,9.8707115650177,4.48104666412678
28,40,0.0477846739172164,0.997111755,2.03998117137019e-05,0.402298185539196,17.2185028612703,1.01165120635736,10.3558466434479,1.6626842260323
99,91,0.011566921807403,0.4842816915,0.000776969631046969,0.403560909538095,23.1257338425243,1.02827790110708,10.3128607273102,2.24241696402275
69,172,5.5678589,0.33832571,5.41208122793245,0.404094363969086,69.4360979376041,1.00841996150545,7.17366075515747,9.67931162449847
120,69,15.4652425,0.4348158,15.6247606139744,0.405620612539448,124.777515491147,0.997454667574319,8.5223114490509,14.6412761651703
92,9,0.00477724553149512,1.55285791,3.36035956915451e-07,0.414104365811599,31.3466811854104,1.09040830215419,9.85883259773254,3.1795530428846
80,16,0.00817245079021428,1.51426319,5.63482121743436e-08,0.414307363732914,45.2597695106457,1.03769143302781,10.24635887146,4.41715638486092
22,25,1.316143305,0.59751426,0.935907431184893,0.414679287587834,13.7446855804822,1.10711164227561,7.06843042373657,1.944517347773
165,160,3.3968701,0.34351055,3.85123600794109,0.415556526683365,47.4085116643831,1.04343290411891,7.09741568565369,6.67968648929666
55,105,14.1915355,0.421844945,13.9093025302214,0.416557110866577,162.278177969349,0.998742419216358,8.38294219970703,19.3581411040888
146,139,0.0628768563954601,0.328824074,0.0871428398584867,0.417322605184505,15.7376783996953,1.04130993329116,11.0259509086609,1.42733071551528
58,79,0.0948345826818162,0.5772955195,0.0111414426522458,0.420420716879278,22.7548927925278,1.02525894528137,11.8062040805817,1.92736739405971
62,22,0.00215485495984866,1.36049817,4.12514568095728e-09,0.421202870073495,32.2567650380179,1.00913299758608,9.68072962760925,3.33205928466613
50,189,116.026525,0.3479363,114.755479493629,0.421575240104131,89.2606108734165,1.01154392785772,30.4024434089661,2.93596832572649
20,9,0.00244443848378533,1.45091857,1.46978887900454e-13,0.422886900603956,37.6385892820561,1.02288268939542,10.5452299118042,3.56925260016606
28,48,0.0136607001027884,0.6681022985,1.58667495300347e-05,0.423864030643919,28.1169405366603,1.00492191344629,9.76802229881287,2.8784680948238
84,69,0.048597142165002,0.68355222,0.00485038659088466,0.424399830081764,13.295281665516,1.0060347365453,10.9727799892426,1.21166027921369
145,156,11.27196645,0.382003345,11.6899215956137,0.425031803889185,104.62919049699,1.001490022523,7.82638072967529,13.3687836192619
83,86,0.163523863858226,0.5607093935,0.057546416754161,0.425336545510369,20.6580975196953,1.05853414575791,10.9610269069672,1.88468632501617
88,93,0.0120600766747506,0.52534447,0.000354290695616344,0.426298205577664,31.7520730358889,1.00367922491408,10.1178596019745,3.13822036329626
16,63,7.1991405,0.46947515,6.55337275120372,0.427512846114901,68.4769551525374,1.04429940492183,7.32452082633972,9.34900135805298
151,143,0.0496010804706777,0.3251524765,0.0738288077294239,0.429584776944915,16.4744647658759,1.00440389512423,12.6083014011383,1.30663633757903
49,49,0.090562954088091,0.9756175785,0.00145397118998337,0.429776992663276,7.46108379187074,1.27690595548393,10.8989598751068,0.684568424635807
164,140,1.306787035,0.380423685,1.68804994083444,0.433163965204075,48.8914290417009,1.01367170543532,8.58800601959229,5.69298961017985
44,57,0.0773860769915317,1.065606215,7.92686965360066e-05,0.435770079045342,6.24968491889942,1.32198656000428,9.15297770500183,0.682803467934173
40,43,5.0018727,0.515280435,4.66980884142542,0.437749147065065,80.403055193647,1.01871840551004,6.49817967414856,12.3731659057553
142,20,0.00957921221114543,1.7441572675,0.000193528777345072,0.438557382449024,36.7014344205199,1.09628341374772,8.72703695297241,4.20548630861698
83,17,0.00324760940368336,1.47924254,3.66785452623687e-07,0.442768736652748,50.5664005555975,1.06661715285287,9.08273458480835,5.56731016231325
165,160,0.263224734171765,0.284051321,0.539145038673047,0.448171272151401,8.16534952338784,1.07347334594986,11.894195318222,0.686498691582644
50,67,0.075027756981652,0.658659705,0.00581953110567143,0.449354102067439,21.7997418877455,1.03635211513876,11.8093948364258,1.84596604565246
33,21,0.00445195974700337,1.64459949,2.20895268964771e-11,0.453265265946564,41.3886999742162,1.0160633348935,9.12535262107849,4.53557267240426
30,29,0.694699319,0.76709141,0.34974204329088,0.454524122755948,9.57120840384306,1.11876225828873,7.82039904594421,1.22387724048517
198,197,0.0701197921664574,0.1897447005,0.399613787953965,0.457723703595632,15.8582417168786,1.06787863383421,12.4120554924011,1.27764830946714
182,133,311.062775,0.44209899,314.787094891235,0.458921512302569,113.826208699094,1.00800587146089,65.1106657981873,1.7481960490452
35,13,0.00944470596918879,1.40688684,1.03080708835319e-09,0.461570180752643,53.182993110707,1.0178460093827,9.66754126548767,5.50119121814001
110,94,0.0297307288061206,0.60787708,0.00615702421839167,0.462496201263971,17.1649836832092,1.00091193672439,9.7726674079895,1.75642769436481
148,151,0.162572787545317,0.274855419,0.316079793998456,0.463538972554728,24.2179498114336,1.01510589696554,11.9969472885132,2.01867602057581
123,126,0.36243140512755,0.411707867,0.446057311361947,0.465580129195411,14.7317474583329,1.09870925131963,9.97316908836365,1.47713804186088
154,142,0.654439696999,0.3458156795,1.04558301592557,0.465788418463523,29.0658321185336,1.023745934623,8.81959080696106,3.29559871367193
137,146,134.5837,0.428611055,135.245050028843,0.466910188406626,193.643511187794,1.02195531118605,29.6709806919098,6.5263603248744
78,20,0.0109083205452754,1.76617699,3.95480604462309e-07,0.468365738634147,35.6081318332063,1.04453759114662,9.88748288154602,3.60133435979599
122,13,0.00456980836614498,1.755826705,9.44199721150744e-05,0.469419234362036,28.601110698355,1.04313535363784,10.1400628089905,2.82060488550391
16,94,3.52874115,0.4726514,2.93539829049066,0.470009178950982,90.1332969584368,1.04482492912145,6.50833010673523,13.84891292855
3,22,0.00150693486960536,1.32176947,3.77359071846735e-18,0.470189499048103,45.1996020959408,1.03388079768794,10.6936790943146,4.22675878874761
47,45,0.829756617,0.61307332,0.680707355635505,0.47099867342316,43.4362187441947,1.06198998006865,7.85195469856262,5.53189879612349
167,148,19.9310055,0.438827025,20.5546342451897,0.472512305438726,137.22353020232,0.998976420028343,9.98241233825684,13.7465299521261
124,121,0.0477744568416726,0.444034785,0.0252656657536878,0.474985118897071,6.59616555779482,1.17986470432231,11.6202712059021,0.567642995668167
193,200,0.00262793567339045,0.2038418995,0.0202550154001672,0.478821358741239,20.8682428774056,0.998361710431066,10.4342861175537,1.9999684350517
93,21,0.00280751749452279,1.695693875,8.47737983243326e-09,0.479745747522473,47.2302035529769,1.01478051650261,8.66272974014282,5.45211555361281
19,133,16.5981815,0.45075005,15.7210898478703,0.480087630069661,147.310126313038,1.00395270148734,8.88886690139771,16.5724302036601
165,18,0.00415400993732377,1.476447895,0.000636666521712984,0.482802694526747,29.9348437082702,1.04664498710251,10.0140616893768,2.98928093682765
68,23,0.00705584311348142,1.641871885,2.04263321129349e-07,0.492477077033143,43.8487097857652,1.05896003241827,9.56772565841675,4.58298151005107
106,89,0.00499880657253026,0.60553638,0.000189440229585322,0.494670801187996,33.5401857017997,1.01942978181993,8.65280032157898,3.87622324048721
8,23,0.00430511766340898,1.58399912,2.18630519687788e-15,0.495107331279182,24.5277029930472,1.08362017849069,10.0968928337097,2.42923277457778
87,175,10.3452285,0.42124937,10.2718966705337,0.495387482159908,121.651117567514,1.03625780439755,7.32857799530029,16.5995528253267
37,34,0.6691591581,0.757857255,0.428643220339679,0.496363549922826,32.3825919847897,1.0047610143317,9.69505929946899,3.34011283319983
200,200,0.2792270807,0.206667794,1.0802363656729,0.49982377322836,17.7718294021049,1.09104468734769,11.4243977069855,1.55560317995918
112,17,0.00177553608701047,1.43448597,1.80249126295913e-06,0.500495707805103,42.2215419249098,1.01115346798411,9.79810309410095,4.30915469243528
78,35,0.00363486575230777,1.203248235,1.42301420285848e-07,0.501459785318391,42.5654377436406,1.05906923676393,10.1659142971039,4.18707422664057
37,34,0.351947457298,0.749625475,0.180283102229311,0.505882092045365,27.3436220511987,1.0838671247228,9.89255809783936,2.7640597892643
146,127,0.436993234082817,0.433616808,0.65782860443939,0.506038197172142,31.1968087996243,1.08180281549089,11.7859287261963,2.64695379756403
84,153,21.392012,0.45913981,21.261716643257,0.508438225702631,152.000929911448,1.02285245804452,9.62436079978943,15.7933532494722
200,200,0.0419049659103525,0.1598292125,0.408834813377455,0.509302936007966,27.2915524914173,1.02817345326459,12.4606742858887,2.19021474001003
100,63,41.844665,0.54454146,41.8659926073397,0.510433432478828,113.598519151348,0.996048477427924,13.1901776790619,8.61235700650756
42,119,105.98481,0.491234085,104.754630587898,0.511336723163531,242.626894071673,1.00081964331256,24.2182207107544,10.0183616694818
109,77,0.0140824508513257,0.774858075,0.00112892046395492,0.51309747723153,27.6317158812288,1.03919205351471,9.11397266387939,3.03179709883695
17,24,0.00471712733498959,1.475941285,5.29640625743072e-13,0.517066466767281,54.5637241184146,1.00110897506784,8.87468266487122,6.14824508986614
54,51,0.0241685807622507,0.88556698,0.000745471746432395,0.519430185903005,13.5861929120487,1.07336103287651,9.1993350982666,1.47686683514863
105,44,0.00675132523187489,1.3970335675,1.71294109536616e-07,0.519800710314915,6.71876622105152,1.18228812261631,9.44108510017395,0.711651907568096
18,23,0.00933224161990781,1.987994335,1.73602934929884e-13,0.52214125951859,53.3845302793837,0.99827266879128,9.49965286254883,5.61962958560785
21,69,4.0928001,0.5725699,3.61953238367818,0.522591306415651,72.1751337500718,1.033917115219,6.48398900032043,11.1312856555594
77,21,0.00489904705228565,1.546950315,3.41250415327145e-07,0.523728990366522,38.8377347445519,1.00892498640618,10.08748960495,3.85008919617564
129,23,186.5229,0.63566194,187.031810276382,0.526961983455986,145.420723275062,1.00661341080035,42.1145629882812,3.4529795148421
95,93,0.388634938435,0.550784745,0.377614004667038,0.527081287739056,18.3589738973096,1.05706911630851,11.7490518093109,1.56259196020912
99,56,5.70880825,0.59547454,5.68780452897223,0.529109249203365,92.1361109095612,1.01267430370015,6.44731688499451,14.2906130647927
39,23,0.005800481572808,1.514191245,2.48827632281933e-11,0.529301007267641,32.3065701453258,1.02070784315206,9.51958560943604,3.39369500635645
67,67,0.051926725050095,0.824276545,0.00299361382967519,0.532541411345915,12.7365427610065,1.0754206664302,9.53560018539429,1.33568338787055
154,93,56.4607615,0.541516075,57.2535329488677,0.532746089753753,186.640807624112,0.999737862348681,15.4238088130951,12.1008247629244
185,194,0.7933884275,0.319299583,1.3427382255004,0.533183916283955,23.2056629206188,1.03981476362336,10.9496266841888,2.11931087606188
10,34,0.00416090675549955,1.41754532,7.50161110331479e-21,0.53435365184826,36.7683143712671,1.00557947017645,9.40883159637451,3.9078512559875
151,24,0.0054345403743833,1.61048706,0.000411525289767899,0.538538029469297,29.3848967630579,1.09141519643595,10.339688539505,2.84195182966939
142,142,30.036037,0.495202275,30.4674809313733,0.543455614737141,147.896081336706,1.01200089389852,11.0354318618774,13.4019296378986
91,57,0.0172506837750446,0.907368078,0.00145270035618447,0.544395554727086,3.90194399660265,1.2271141670427,8.7277364730835,0.447073993198158
12,22,0.0117314968693402,1.812230045,1.78861773150801e-22,0.545223088128107,15.0322895792218,1.15306733637147,10.6401193141937,1.41279332828242
21,6,2.20457245,0.861130275,1.92205008955486,0.545272322697226,81.8483028159749,1.01305076320825,6.11229300498962,13.3907688569838
92,97,2.3584871,0.568903955,2.34817225927139,0.545771590689927,84.4724048105885,1.01165048307629,5.78824901580811,14.5937751779318
120,34,0.00597518316448704,1.50327181,5.38256930897557e-05,0.550891758997129,36.6501440722139,1.0361920505315,9.86260867118835,3.71606998656248
81,176,6.001828,0.47284923,5.90120008655237,0.552212850726556,101.600189766562,1.02438064925541,6.93239808082581,14.6558504837707
78,22,0.00366853069014194,1.52772998,2.90363715598501e-07,0.552234530257292,46.7755793885251,1.06711447606389,9.32981777191162,5.01355766340344
147,7,51.8259705,0.70664011,52.3022473021598,0.552540757406703,201.680489338443,1.00549041301834,15.0926978588104,13.3627858468465
118,22,0.00753654201369381,1.895546005,2.87957816345115e-05,0.554017492146438,38.1004315625777,1.0058310451645,9.94223260879517,3.83218066421752
124,99,0.0112667905284522,0.597056965,0.00429087757744963,0.558377207790588,32.2479293792707,1.03693785818824,9.84011650085449,3.27718979510765
54,112,1.161077955,0.53732146,0.968434474434911,0.559503141571791,48.261501242318,1.02171184512987,7.72235798835754,6.24958093306196
92,35,0.0028977059746966,1.39288228,1.49441296451687e-06,0.562118260435816,46.774064429496,1.0222125850299,10.1008675098419,4.63069774788364
179,197,3.74157745,0.38570149,4.35786114276686,0.564052178242824,69.9063248201437,1.00791404645286,7.21484112739563,9.68923966387852
154,40,2.5694618,0.70824283,2.77461761788811,0.569371200864874,62.2451601369241,1.08378855961959,5.46477675437927,11.3902475681267
146,63,0.00182397429232204,1.259463207,0.000101740141159612,0.571391697343263,15.8710261212345,1.18874213800246,10.0328965187073,1.58189871605289
13,165,98.1038965,0.520315775,96.0801280855015,0.572811217376781,112.044759323543,1.00782125415562,23.3367164134979,4.80122213160789
151,196,21.1417415,0.43662442,21.6846854887163,0.572914325386105,133.640977895391,1.09397402967311,10.2173705101013,13.0797819031098
145,26,0.00323932499922584,1.598873925,0.000268539079038806,0.573275804663998,43.9405330699805,1.00624949632831,9.29530811309814,4.72717337987573
175,174,0.10301015282843,0.2847628215,0.365200525474874,0.574476129500454,5.84100617142583,1.17784347800946,11.4239504337311,0.511294775420183
136,172,49.764041,0.50756093,50.2815269669383,0.576407412391036,120.977450361358,1.01199441858544,15.1738572120667,7.97275529027343
184,179,0.0212253028489799,0.306458656,0.0824833306749527,0.579384210354937,3.55257401711457,1.23721529822881,10.7181434631348,0.331454232660135
4,31,0.00563693791519739,1.453344295,3.97076939001229e-27,0.581987497591176,35.9026554709528,1.06419671641986,11.0809812545776,3.24002492614281
153,53,57.693272,0.629408695,58.3390531907023,0.583094218378379,249.048673339312,1.0117333374797,15.925384759903,15.6384713521251
27,35,0.00353484083012407,1.45775198,6.48926761251818e-13,0.583562344216598,55.7332177616873,1.0041427078992,8.94705629348755,6.22922399652887
151,136,10.6759027,0.55108823,11.0889940745527,0.584308330677303,114.301885469264,1.00689219701652,7.47059512138367,15.3002382825017
161,169,0.0126687599235854,0.337656611,0.00703717554903078,0.588324555245441,11.0457531101058,1.17237045413031,10.2092998027802,1.08193052643021
199,187,0.0345837563224486,0.3141985835,0.17703435629543,0.588623675939745,7.23234117634557,1.13905362831451,11.0680480003357,0.653443242758453
127,134,0.0571268440399031,0.4697652605,0.0329638902459138,0.592136238203936,24.5903827844912,1.03838415624104,12.0760657787323,2.03629089432408
42,36,0.00412801580768035,1.52367021,2.97274265341621e-12,0.594892709576371,42.6012401681904,1.15056386601989,9.38176918029785,4.5408535799042
32,29,0.00364809548785508,1.552428445,1.85341997366958e-13,0.595946174936776,38.2177518588331,1.01449832694471,10.2161026000977,3.74093265845507
169,30,0.00337980743470809,1.703208775,0.00124279404235575,0.597668868456988,40.8080656169238,1.08652340135722,9.69244742393494,4.21029527755298
59,57,0.127501948952837,1.164406671,0.0137552089501332,0.597877444579217,1.60964999096875,1.7360402379613,10.6269056797028,0.151469302493497
159,151,0.31352092906,0.4733842905,0.527817009548707,0.598909345471931,54.4467642876397,1.01087858181009,10.4126482009888,5.22890654103434
73,87,0.050440721177325,0.74456757,0.00564462351121576,0.599316444023271,35.6230684694561,1.00521550106471,10.8822810649872,3.27349277754553
133,63,114.161945,0.662369745,114.868418624372,0.607712368244596,139.408171320823,1.06617967973643,28.4920971393585,4.8928715439569
44,56,0.00834962006952204,1.332457465,2.61268129180315e-10,0.608761098342105,26.0548365186376,1.0211506741382,9.63912272453308,2.70302985688977
49,16,4.06564555,0.777337345,3.90809920521124,0.609034246428631,95.5893601144901,1.01688206794659,5.67384791374207,16.8473603042783
147,39,0.00366683765877602,1.47306549,0.000553527369820427,0.613801431446729,28.8855934290389,1.0284082468509,10.8530368804932,2.66152172402148
45,73,6.5187506,0.65565695,6.25534217493193,0.617211839335162,92.8463758998633,1.02590110849806,6.4491605758667,14.3966605897987
121,43,0.0044569108212347,1.23735341,7.19897048391325e-06,0.617367410945913,56.6526019342319,1.0445838737787,11.0160315036774,5.14274145960096
17,43,0.00285516254964517,1.479478335,2.21937428987857e-15,0.618710841538093,36.9261435554168,1.04988288996948,8.81350755691528,4.18972166495094
127,124,0.55117939005,0.5282085845,0.709650765397859,0.619603211749651,15.25144881395,1.02117787818959,8.4769024848938,1.79917709813563
156,33,0.00348517780097474,1.6176252,0.000154874317932302,0.624063392635823,57.3879421714935,1.01138612783273,10.2432837486267,5.60249462768103
83,77,0.175834959295726,0.8698716275,0.0888288876315685,0.627187443750569,22.5352051307654,1.00170450206892,11.1884763240814,2.01414423894896
72,94,0.0143434505815284,0.82692434,5.8229820981446e-05,0.627454188232742,24.8660241344217,1.01670630366955,8.78950071334839,2.82905991425182
75,39,0.00656384798381729,1.459939065,1.424419790404e-09,0.628600432775096,30.6329593125507,1.03210561909927,10.8549494743347,2.82202689058838
172,194,0.9714026275,0.399409285,1.31885549571285,0.628606840188522,42.0882872400021,1.01499779511635,10.265252828598,4.1000731246237
163,155,0.95916948,0.53601597,1.17691071448489,0.63898007125025,64.1111616127503,1.01725198128018,8.61443138122559,7.44229755575917
158,150,1.100141015,0.517254975,1.42944287360677,0.639008057574954,12.972978520155,1.09352777736532,7.82987141609192,1.65685716032232
140,28,0.00518699032759762,1.565264495,0.000367421488074146,0.640667852221666,39.3167217358737,1.02318833679989,10.4046931266785,3.77874880663827
69,131,4.35955595,0.60467652,4.26965976624692,0.642272232546141,142.263165593076,1.01008554221566,6.02795100212097,23.6005842686877
116,37,0.00629338899215242,1.673654795,8.49026935261914e-06,0.643765632640649,36.8065227466765,1.05105240143865,9.9609580039978,3.69507859905687
84,86,0.0827463413115114,0.96237853,0.00984294223724658,0.64522590109656,4.10993810936537,1.27418817933593,9.25519943237305,0.444068022455522
145,21,0.00877976879387863,1.702705865,0.00282985834232509,0.647615291439196,34.6879511697471,1.0224402875755,11.2298197746277,3.08891432506513
104,35,0.00184644013622885,1.555658555,7.31529187845186e-06,0.649210307676024,24.2415412157952,1.2247902305497,11.3306210041046,2.13947154414691
61,55,0.19222597934035,1.23215968,0.0651161103179472,0.650209151327441,1.71372162857472,1.71865196848028,10.2917561531067,0.166514014040005
55,23,8.4841964,0.78739386,8.29195486452937,0.651479532002945,126.846389259409,1.01089482831422,6.49230432510376,19.5379610855474
195,197,0.0166912192753077,0.2636284025,0.13004892369265,0.651494416980779,19.6808747919995,1.00795418887165,11.0214483737946,1.78568860684357
55,70,0.00171501777202692,1.327680869,8.81181819902655e-12,0.657165601874225,38.3773662451082,1.00060226382772,9.22213363647461,4.16144113259445
63,84,0.0350914537481848,0.954820685,0.000304622049337053,0.658162605390339,6.38645678565801,1.15783588057566,10.2875111103058,0.620797072992729
34,23,1.464965145,0.91483849,1.27844382386631,0.660505228866069,60.3432355598616,0.996887304871016,5.49213743209839,10.9872042180136
142,131,0.0196046805662224,0.520931607,0.0276020561252388,0.661059867211276,2.65807012898453,1.39713058706055,9.18062806129456,0.289530314400921
179,176,52.8876315,0.58150213,54.1329938815057,0.665370895986456,160.980751174293,1.04062858191715,15.1021196842194,10.6594805590441
28,34,116.8363,0.787179825,115.568115996259,0.66733377270889,181.989810589739,1.00587445175568,27.2142980098724,6.68728660661095
74,43,0.0138229848607739,1.748444665,6.9782327776127e-06,0.671630576716325,34.8067541054499,1.01952879907905,10.2968332767487,3.38033579547677
98,165,0.6863101365,0.52202393,0.703234919378596,0.672429202310209,38.4105565551024,0.997770636112143,8.38158178329468,4.58273361141192
171,69,50.0310745,0.707043195,50.9362299755837,0.672556668135802,210.641573921196,1.01026059685629,14.39692735672,14.6310090133834
101,38,0.00728912574424484,1.48563479,1.32812736682113e-06,0.674253080257516,20.4525058978502,1.11858363489351,10.7272279262543,1.90659749549964
117,52,10.4422212,0.74605035,10.5578786051795,0.67752539977551,139.557543442145,1.0250083982652,6.82918262481689,20.4354680653875
68,89,1.306134575,0.71084683,1.22841085925541,0.679015241126997,34.5959596981398,1.03009800496634,6.0901460647583,5.68064531298114
92,80,0.118093760844697,0.754385619,0.0960932852881335,0.679949164583801,2.00639398102891,1.54492229644325,10.1567358970642,0.197543187236842
82,49,0.00848165381839973,1.42891308,1.23840643946366e-06,0.680124525838071,27.8919666692901,1.00868747770013,9.65177774429321,2.88982687005839
146,39,0.00542144183185476,1.703842115,0.000161530650033061,0.680426091774431,33.2502069379609,1.00358605743822,10.2002322673798,3.259749980821
84,77,0.374239376,0.958179945,0.299723400710812,0.680922359284123,18.7662686426297,0.999908985239362,10.0928914546967,1.85935504477232
169,62,0.00426267945704725,1.400596665,0.00136089997413058,0.681044154380418,16.6145984674208,1.08565490157987,10.940309047699,1.51865896977702
122,36,0.00432715750533877,1.509211355,5.63994349696639e-06,0.681171762511918,62.4663454684486,1.01696528439424,9.74078154563904,6.4128679178125
58,143,13.5528045,0.64083761,13.2435086599796,0.681305737768263,124.788581293027,1.00980478365326,7.87689733505249,15.842352132446
200,200,0.0115789612314442,0.2201980325,0.221756121326647,0.690341032535462,19.9807624593895,1.02366790712879,11.9389338493347,1.67358012964474
85,45,0.00498939287167955,1.57272175,2.24612040804821e-06,0.690523408201325,32.5238093689062,1.10481054560037,8.98033833503723,3.62166860039259
101,52,0.0131805610356971,1.616371645,1.1512743367592e-06,0.691401612731762,29.18557276904,1.02227573872712,9.62080669403076,3.03358893876832
110,105,0.722078479,0.71945083,0.775903289873192,0.692256706588685,31.5132243953819,1.03771473899191,8.8753719329834,3.55063704747626
141,64,0.00625586463964154,1.248992475,0.000269859081123738,0.692374160660964,34.2058477415139,1.04984735124233,10.7887094020844,3.17052267020051
31,139,33.450422,0.663102175,32.6513416007049,0.701273008151784,168.326161976929,0.999674780066071,11.618812084198,14.4873813912404
96,54,0.00340755432549135,1.224047335,1.80717585481033e-05,0.7032446745635,21.4677999203207,1.14638259034348,9.97615694999695,2.15191080372159
186,180,0.0109344859326292,0.4532150955,0.0340556495634396,0.703850650906029,6.4419491486051,1.23801027652232,9.93165564537048,0.648627920522792
156,61,0.00239790588120917,1.22380305,0.00011896204271749,0.706824997743316,44.3768970486769,1.05354477582221,10.3306331634521,4.29566090931135
34,22,0.00630660760137926,1.712026825,5.3036391927196e-10,0.707387274506198,27.1813944558537,1.1039492531399,9.77574872970581,2.78049233950306
74,80,0.0321199201619181,1.045494105,0.000586620291520153,0.710439748175846,15.9110006777849,1.00047822702902,8.67479133605957,1.83416523365186
52,2,3.58302965,1.02362369,3.46498115087765,0.711441240787673,157.091970007867,0.998034000119013,5.25098919868469,29.9166431435845
186,174,0.0572098026329696,0.327442128,0.259445190160652,0.712755300954594,8.0767383654995,1.16602555859359,11.7317047119141,0.688453942869634
69,38,0.00438616786273933,1.365727135,8.37112245376001e-07,0.715387375718331,43.5481098431985,1.02196415054714,9.52652907371521,4.5712462016573
132,131,0.162199619246419,0.584099721,0.234685830738383,0.716701594298675,9.9546244799811,1.14417242800084,12.0948069095612,0.823049475234846
104,59,0.00330227213165439,1.566901465,6.12892534431654e-08,0.717915715241543,40.2783671896681,1.00747241995928,8.91243314743042,4.5193457862044
200,200,0.43389226077,0.295950398,1.20854435694116,0.721725159023086,52.904101191224,1.00875811608453,10.4940428733826,5.04134601216578
134,172,7.4274839,0.609655505,7.58931231178306,0.723054685982526,102.051764046711,1.01832488068837,6.7155339717865,15.1963737322235
19,58,0.0025821356648453,1.60895331,1.74218557056339e-14,0.724255607650736,27.3402135177598,1.01110233672477,8.938800573349,3.05859978566638
155,56,0.00388861688320942,1.44525902,0.000248134963851709,0.724976623274174,28.5269241600032,1.01815462717926,9.13344860076904,3.12334643867172
124,34,0.0289930675250283,1.543056605,0.00375073197948801,0.727223530561727,20.9059393465482,1.06803833010918,8.85110855102539,2.36195717474579
36,39,0.00445550731717865,1.52244496,7.5220828770673e-10,0.728726988216656,32.9611879834805,1.07526769544607,10.3803443908691,3.17534628354663
79,35,0.0055215767534221,1.717751515,6.94186357007065e-06,0.73476942681583,26.6497750006355,1.04222776579614,10.1941039562225,2.61423418037328
163,138,0.175711856793548,0.6157457575,0.362748448541916,0.73604368305065,22.533558643157,1.0666388119068,12.160626411438,1.85299324893021
83,49,0.00433386338276817,1.624618275,2.30288522219033e-07,0.736059473054369,40.6605525966167,1.01466045874661,9.12670254707336,4.45511973101996
119,111,0.0433959448649114,0.806896685,0.0153143825198692,0.736884118222736,21.0349842559677,1.05777250932369,10.6811685562134,1.9693523368032
100,57,0.011884343294316,1.53129602,5.33408778109485e-06,0.739047925690372,18.9737549116371,1.12864230288252,8.77112245559692,2.1632071616478
134,55,0.0018162030276592,1.44291006,2.48747714950477e-05,0.741539179733776,30.8188268668697,1.03653230463388,9.02145195007324,3.41617148075809
52,72,1.9224547,0.820905455,1.78582563720351,0.749146240269462,62.3903862174813,1.02002441272134,5.71295475959778,10.9208612430661
194,146,119.889705,0.701947095,121.966616786663,0.751277574996332,224.313562802732,1.0131625851548,28.3457794189453,7.91347309549756
198,197,0.00634390459522539,0.365868712,0.0525808610224295,0.751649229477861,4.78473746956825,1.18489663321078,9.76496696472168,0.489990133797101
112,43,0.00815144071108961,1.49163756,3.13135944026695e-05,0.751825062400903,60.4839631254724,1.00074677402734,10.3254971504211,5.8577289058673
170,38,11.718221,0.869658285,12.0846388708477,0.755784821510541,158.697181325621,0.9974792246384,6.80084466934204,23.3349222106222
144,116,15.682987,0.740233175,15.9427752285189,0.757563603959008,134.499875746521,0.999874869500159,7.79863214492798,17.2465982812122
41,158,29.305688,0.692107095,28.78550408827,0.759161568575032,81.9034238721842,1.04630770208377,10.5981097221375,7.72811624143723
95,130,0.0399955362205631,0.68814564,0.00509021535204966,0.760033054509594,15.8802317595445,1.02957269338089,10.3019149303436,1.54148348796497
127,116,0.0672038811004329,0.789836114,0.0462513912579874,0.761824456184435,17.7795802207511,1.12380394107769,10.7797069549561,1.64935654513101
141,48,0.00503956192614682,1.69699652,0.000165360634375962,0.762856397997494,13.1021486250208,1.17295381367822,9.4928777217865,1.3802083002661
76,78,0.00488151335455596,1.641293375,1.19494562758041e-07,0.763690421150149,24.4765195036812,1.21661125836908,9.61243271827698,2.54633974780826
200,200,0.0431017382375325,0.2965226145,0.299519837034767,0.765564384299266,12.5192207664225,1.10990176254942,12.2733762264252,1.02003071815463
96,50,0.00517040875395398,1.56154725,5.42991996029357e-06,0.765697842113263,29.7598321276759,1.08062117097931,9.97437167167664,2.98362975706854
164,62,0.00823664876305813,1.407406745,0.00295244594205445,0.765886954145936,42.1548137826779,1.04247322622917,10.0048155784607,4.21345235722612
150,38,0.00818869962059569,1.697203605,0.00133275787975681,0.767356988518837,25.2929980399117,1.09082812636619,10.983350276947,2.3028490762968
47,48,0.00370134283220104,1.523604915,8.61785398284844e-08,0.767792470004357,44.2265842376003,1.11341920245805,10.0159058570862,4.41563497786976
142,44,0.00569854602608731,1.499727995,0.000296470974069468,0.771952351249973,59.8356024897051,1.04409405456942,9.59495806694031,6.23615049406733
86,114,0.31572556375,0.734211355,0.26495153512667,0.771954861346632,28.7636740561365,1.02412666311881,10.6643671989441,2.69717588672157
186,194,1.48252923,0.46049793,2.0182541672711,0.772911166131747,34.4947917186768,1.02624887411749,7.21439957618713,4.78138081407844
179,44,7.14444105,0.87132337,7.47238616759465,0.777207697116391,148.366100827592,1.02122733226122,5.94643950462341,24.950409520224
66,93,0.0217812221601922,0.97216897,0.000796288638828497,0.786256353228251,32.127847137018,1.01107263085308,8.8052191734314,3.64872770390084
142,127,0.932611045,0.70282662,1.13103958554526,0.788855826099915,33.6153199106745,1.02097125274545,6.8318817615509,4.92036031710295
48,40,0.0127729792568372,1.65290034,1.2234279481959e-10,0.791659298643716,34.9205668128312,1.00709921510426,8.87055969238281,3.93668133960224
126,39,0.00808460860159259,1.56420635,8.48230575561665e-05,0.793115624749261,54.9235728021415,1.01794485301589,9.14468598365784,6.00606438540301
195,196,2.7529106,0.574866755,3.32572917900425,0.795294340212543,97.8428337883144,1.00040095892329,6.22910284996033,15.7073716946153
188,185,0.0116143132891942,0.325240568,0.0704128720867661,0.796871558243951,19.7375555483693,1.02288750156326,10.882316827774,1.8137273395675
51,59,0.00988588445273653,1.72142919,1.096720093522e-08,0.800569617983026,38.9107532812964,1.01213604952195,10.1877977848053,3.81934880365708
152,56,0.00488417507926331,1.57113801,0.000687661532554796,0.804161493092504,23.5897908938778,1.06423777806405,9.91852188110352,2.37835749889511
19,60,0.005878053911734,1.53824463,2.83030502525404e-13,0.80569280189864,35.2812299363454,1.01986003403166,9.69127869606018,3.64051339795732
166,199,5.67212285,0.560003755,6.01341078926291,0.806975015852618,87.6935681251778,1.0231532260648,6.47497892379761,13.5434522887598
143,197,0.47778697985,0.470008959,0.650082722717337,0.80717078734701,32.5899585962785,1.04654768576508,11.5897090435028,2.811973835922
110,115,0.0464451963572796,1.1411766015,0.00195105481794585,0.808590203267976,7.7271184658351,1.20034200398133,9.0004243850708,0.858528235474344
29,59,0.00535354757896186,1.558168796,6.55729648333456e-11,0.809876546971152,30.2037825550865,1.01226411738626,9.16203570365906,3.29662353782621
143,142,0.0453143037719471,0.623320706,0.056881500893497,0.814914516797174,18.4269996170753,1.01311822482604,10.8823518753052,1.69329202255359
74,73,0.368310925538883,1.235211654,0.222714092120788,0.816746389566927,30.4765426047029,1.01457365878785,10.55992436409,2.88605690286393
150,148,0.5466981305,0.5868601275,0.849706947378597,0.816974344015866,27.5896250380852,1.03904341301078,8.13845634460449,3.39003170501445
92,129,1.7913665,0.74789367,1.79681581517822,0.817267453223417,39.9327893022447,1.03101682782351,5.35831761360168,7.45248642985968
118,171,5.39892205,0.705142495,5.44836647196962,0.823667555568596,125.048469092258,1.00845929834139,6.01864051818848,20.7768629334745
83,89,0.2385100988933,0.938354304,0.17608378819297,0.826907848532031,1.52602551517744,1.87228459235241,10.6810824871063,0.142871803210919
92,54,0.0128956681368609,1.68002733,8.94697442215942e-07,0.827520226265108,37.6123046790311,1.00019234431589,9.70323371887207,3.87626494102455
129,132,0.133429879858035,0.650139256,0.170104913084474,0.830251787168113,14.6717142290087,1.03518644868416,11.2065758705139,1.30920580902969
66,46,110.742665,0.956565765,110.327675331257,0.832385636889118,111.501055042602,1.01326981523936,26.0265402793884,4.2841289639601
117,86,4.5710404,0.875555375,4.62467696319006,0.83448392991973,61.710975325513,1.04089893539563,5.07068228721619,12.1701522260809
76,57,0.00373843200544337,1.413831605,5.29371431787626e-06,0.838755820227701,36.2808623235987,1.01977954320187,8.96928095817566,4.04501347351909
107,37,0.0114165004402841,1.96296432,3.31741046706221e-05,0.844357053079259,25.09433548063,1.06967216252167,9.94905424118042,2.52228351281484
4,2,99.052244,1.10751676,97.4162924646859,0.844834026820158,122.964678048585,1.02195163576064,22.954386472702,5.35691416517786
195,200,0.022482046597184,0.290410988,0.15028054268539,0.845295576236423,17.0046693010431,1.04639343711956,10.7939374446869,1.57539075876462
129,88,5.0779318,0.880291875,5.16111573932915,0.846549640179307,132.101641405052,1.01749573075934,5.71324443817139,23.1220006136011
122,70,0.00433731059607962,1.49310547,3.6835738566648e-05,0.849687423861379,39.8399240769715,1.02962195161497,8.85701870918274,4.49811899298196
136,63,0.00293195931798064,1.474409525,3.704864937446e-05,0.850436655074826,25.1584658149459,1.06308391826809,9.47235774993896,2.65598771489685
80,91,3.0289582,0.871553295,2.95829317506658,0.850793759473835,126.237612120051,1.0063097041044,5.65329217910767,22.3299288486408
97,23,27.709976,0.981215815,27.6502315316346,0.850833953343856,250.548926013607,1.0031500564544,10.1272261142731,24.7401334962285
175,87,0.00412922439691997,1.31056421,0.000757687555678034,0.853233452706868,26.842399874124,1.05014513024027,10.3965001106262,2.58186885860642
65,155,24.608928,0.761788285,24.3411125761051,0.85566045742407,165.664593566087,1.0028155060465,9.62727069854736,17.2078462062029
76,68,0.00156887360288174,1.459712175,4.99761140113359e-09,0.858810874634288,41.409814053415,1.00608650213298,10.2922313213348,4.02340491197242
188,177,4.00745075,0.707675035,4.41064323910102,0.867365811237874,101.233706143909,1.0081827731795,5.85020470619202,17.3043015121779
200,200,0.0162918269545948,0.224910654,0.227343638844076,0.872972468020985,11.8061497246331,1.07433509516279,12.0101668834686,0.983012962199856
117,133,0.0351905218374646,0.689897953,0.0214525627605435,0.876009148449802,7.92792673879831,1.14243841401764,9.80850172042847,0.808270922998013
100,119,0.2180082427605,0.840873325,0.191773336687817,0.876402068894512,6.14657141241176,1.12683744943285,12.4979224205017,0.49180745451971
107,153,37.638798,0.80063742,37.6407914688467,0.878296005946618,122.439938221448,1.04676643642767,11.8122072219849,10.3655426899016
145,148,0.0340148575566558,0.581773706,0.0566423912259174,0.89011822706943,11.3634967886069,1.02460735136001,10.606614112854,1.07135949961974
132,69,0.00655087482224994,1.438173355,0.000210609090487097,0.890406166601263,47.6348667693313,1.05674834772838,10.3234484195709,4.61423981922808
109,68,3.1016959,0.975172165,3.13365007852656,0.891620067044565,58.4457960709752,1.03551356387524,5.27308702468872,11.0837912966978
190,199,0.057738553150473,0.3808177675,0.222075222994155,0.900877275164863,32.2757055687917,1.05638874618052,11.113716840744,2.90413243663593
136,144,0.0462898650796999,0.6965523605,0.033727763159851,0.902607566533977,5.57592535137938,1.14881132252658,10.2199692726135,0.545591205085245
164,182,3.6231982,0.732128645,3.85968914405194,0.905493675871671,108.882417214638,1.0239590598517,5.8395631313324,18.6456443343211
186,174,0.0298833802193616,0.576030749,0.107187889367641,0.907939336001437,39.6645601492463,1.06418494015066,11.2226452827454,3.53433251697173
112,63,0.00593346773106803,1.517364135,7.0759730975569e-06,0.908889212114358,30.5615425464292,1.03946057645757,8.94177103042603,3.41783998297853
93,69,0.00274372221845818,1.57537792,2.72331510159492e-06,0.910162780794838,43.3001888720731,1.02299562663972,9.66077470779419,4.48206175816718
165,149,0.0134913395139842,0.6158070345,0.016613254983414,0.911260041209931,19.4191938022754,1.03854287681078,9.02663779258728,2.15132081828103
200,200,0.00707223855781163,0.3373969195,0.127821550439585,0.920909676503074,8.08897600877124,1.15273869662562,9.71033716201782,0.833027306241376
57,96,30.2338005,0.923663575,29.8952240974869,0.920968040421127,198.78842919979,1.01386077646297,10.5336327552795,18.8717827759997
144,146,5.5139909,0.863819225,5.65320948935162,0.927270130714564,151.638081471684,1.00385917247631,5.81607365608215,26.0722422786219
164,75,0.00241130644867785,1.36398623,5.86629736330416e-05,0.928003925449975,26.8694826158255,1.09178381285615,10.036789894104,2.6770992418213
192,198,0.0217907373134269,0.445441235,0.0965910959784189,0.928709402678321,14.9552783748114,1.11455751685831,10.0098593235016,1.4940548005204
199,199,0.00550934140197277,0.2558771435,0.0944909087064058,0.932414946110206,21.785032646428,1.04766663535109,9.47543096542358,2.2991073151103
142,74,5.74688945,1.00304615,5.90005138783891,0.937214701662488,145.235916191492,0.998425732458004,5.48411679267883,26.4830093307601
130,146,0.012215823221288,0.70942582,0.00243773929294004,0.941520011321945,11.9732936095247,0.999429360091781,9.07674980163574,1.31911685032532
39,62,278.101835,1.00965175,276.719742043423,0.941675725302103,163.796086608796,1.01305861512645,57.7871005535126,2.83447490945
133,130,24.7193385,0.906802265,25.0049353804874,0.949677549889973,171.379118984951,1.0036402775492,9.71384167671204,17.6427745776231
176,139,4.48872785,0.87102217,4.81111475725535,0.950629120570238,55.5592570562868,1.01457976240192,5.69945573806763,9.7481688795646
80,85,0.00413245656213819,1.40396806,4.77746957672073e-08,0.955998252523183,35.3216128847084,1.04311285601931,9.4709267616272,3.729477988133
72,71,0.00596088581272001,1.59295422,6.90931877330415e-08,0.958019661453142,45.0767250875971,1.02822254856792,10.0013144016266,4.50708009741859
16,47,0.00366058780524931,1.95253132,3.09608275503152e-13,0.961050091418701,40.9063343074434,1.01555900285626,9.55567121505737,4.28084363586988
152,82,0.00436472115768568,1.2821381,0.000261890362355051,0.961336788898916,47.9060830184807,1.07333244413013,10.305878162384,4.6484231875878
136,130,0.0154597105269267,0.784989605,0.00774848470975788,0.962847333770072,31.6199202296172,1.02474213915293,8.98050594329834,3.52095087172827
134,73,0.00725133081722808,1.577856355,2.47584977585854e-05,0.966000053557256,50.2168231737895,1.01013829752251,8.72331833839417,5.75661935352845
79,71,0.00748378017844228,1.437641275,2.42465614946401e-06,0.968471636291237,27.1373415455556,1.06426781801709,8.854905128479,3.06466767873965
38,61,112.055375,1.028110985,111.223906969491,0.968622474685035,171.66130359144,1.0079814093939,26.577564239502,6.45888020604618
79,77,0.155418342129967,1.0298498085,0.129907753085578,0.96941973535937,2.20347267537769,1.46021063593273,10.7227690219879,0.205494744021743
63,42,29.5034435,1.0989888,29.2917227314865,0.971885810433943,207.960721812775,1.03064343405898,10.7324314117432,19.3768507651704
121,91,0.00609016724683642,1.306412495,0.000114336530919296,0.973891914438457,32.7750204103061,1.00909190809367,9.47420215606689,3.45939635553568
112,88,12.955749,1.01055105,13.0070993890932,0.974823263356727,138.609168816362,1.01705063825645,7.36127829551697,18.8294971677373
155,146,0.127151819978608,0.6499085685,0.254883319340872,0.975685388543786,1.8185726445217,1.58697049647478,11.1388716697693,0.163263631940144
166,168,0.059515867529955,0.6317267055,0.139580549789827,0.976197858955932,31.2927256573872,1.01363327882517,10.223263502121,3.06093310134235
93,117,9.93262175,0.944396645,9.93638059343382,0.977050199915521,81.4091875804376,1.02905410886945,6.83978867530823,11.9022957352946
71,63,0.0116533787329991,1.6921844,5.34334652661857e-06,0.978681999695163,37.7848882538477,1.02602041273695,9.94054937362671,3.80108652285304
193,55,0.00260319389511817,1.548192815,0.0155932420414928,0.979645702181785,42.7830508897316,1.01392405745602,9.26749658584595,4.61646254664645
100,61,0.00632485944736104,1.75965325,1.11666568427662e-05,0.991655098654203,23.1337141445364,1.06133689370223,9.4990406036377,2.43537375086882
40,68,0.0119140480338799,1.64800849,2.31518707397298e-10,0.992585778356744,21.0125265426448,1.0520352553001,8.63232445716858,2.43416783589445
65,101,1.84132315,1.010214465,1.75999389123939,0.995162298984571,60.6616955379897,1.02274269926217,4.89642000198364,12.3889894072433
125,83,0.0022867963954136,1.37781983,6.36462668516745e-06,0.999155529311606,52.7252775980368,1.0088075502583,9.37774133682251,5.62238557284647
79,86,0.00597675175991709,1.46619404,6.3703611943131e-07,1.00216509938147,23.6931195986695,1.05127007659678,9.5362184047699,2.48454036946328
144,108,21.791656,0.999176375,22.0475663502259,1.00399244033775,179.835720814317,1.00845065898126,8.89910387992859,20.2082954914063
135,86,0.00251723964851291,1.631610275,3.88367481388019e-05,1.01022541220264,37.1695474457642,1.01704138470643,10.1341936588287,3.66773605252577
166,165,0.146787843045293,0.6062645185,0.349912730472745,1.01065164574621,19.8002838759292,1.23289834170119,12.0300805568695,1.64589786263923
115,95,0.004734924759098,1.324419825,1.41106828697554e-05,1.01092247825028,40.2575740409049,1.05702002068832,8.72619485855103,4.61341680921272
151,97,0.00281232966957322,1.294097675,0.00108880829697651,1.01152185210046,21.5730518798701,1.01078801106777,9.42315173149109,2.28936692251017
162,159,0.184961600486,0.69950066,0.340329788044591,1.01381025970589,17.9497177018237,1.1400871783253,11.1582963466644,1.60864321435498
151,129,0.0463460766662412,0.901607706,0.0611086113793547,1.01381514449696,6.38460633836854,1.18702423896472,9.76977825164795,0.653505757645174
109,93,0.00934122355345947,1.51484533,1.37221018540287e-05,1.01453088746636,37.8958390231327,1.00057395145009,10.0045359134674,3.78786575918229
152,156,0.0547869525996754,0.655955623,0.0728474223693499,1.01864925657653,29.8393626868472,1.00832746712163,10.9324223995209,2.72943741070185
87,135,1.420803595,0.925969385,1.40153864956218,1.02259684748548,94.0336251024185,1.00062210121926,5.44585514068604,17.2670081508214
171,165,0.11187560997276,0.653725025,0.266387238970617,1.02573675772484,30.2797015329908,1.02562274069713,11.1667296886444,2.71159975903981
158,162,0.043018942424342,0.5554153585,0.086963757478947,1.02633951407243,18.0431732881122,1.0163193653448,10.8729810714722,1.65945044597316
60,98,1.28801985,1.035457125,1.20382700451027,1.02961314784673,65.561068460345,1.00368766976146,5.44244289398193,12.0462574872104
143,77,0.00221187571330165,1.7669082055,7.50694392598687e-05,1.03475858392065,37.6705747406292,1.05135022729981,10.7608909606934,3.50069291457647
196,188,0.00525005607107582,0.431718552,0.0555773208387015,1.03867426681416,22.6768972677857,1.02870282279198,9.29852795600891,2.43876206804663
151,102,0.00276406296384033,1.28028478,0.000182983526279929,1.03951954366452,23.1864566688599,1.14696700123538,10.3710200786591,2.23569682567405
13,19,0.776096955,1.77877786,0.500504814688651,1.04285460467221,64.0732924131969,1.00406364062413,6.32468962669373,10.1306619288908
44,91,0.00256632178711931,1.4372917,1.34818782921568e-08,1.04473041183935,43.539766352683,1.02817678592697,10.1904575824738,4.27260169627374
43,38,8.6019695,1.188575895,8.42462156624587,1.05086539729646,117.128073361999,1.05354230054637,6.49780106544495,18.02580168003
149,69,0.00264517964358869,1.56675958,0.00146752279196973,1.05093051923081,40.7513052936306,1.02917324935458,10.1799561977386,4.00309240060218
66,83,0.00802591694737411,1.592094988,1.76816583598574e-07,1.05147227163335,19.8249458536579,1.12343683101434,10.2943761348724,1.9258035255289
138,182,4.19826585,0.85339937,4.33770272473808,1.05298606186205,117.439001576089,1.00007880945924,5.51756167411804,21.2845833925112
161,164,0.015817415864742,0.653372525,0.0273115139036964,1.05414825377895,22.5367021799715,1.03282498521798,9.60224080085754,2.34702530871324
38,70,88.888609,1.12579363,87.935161211607,1.06181114617237,168.849510285551,1.01279674171499,21.5236945152283,7.8448200501121
175,95,0.00451770890810188,1.43395171,0.00145204953657024,1.06230281647386,25.0669791580635,1.07212913234196,9.34863495826721,2.68135179841376
97,116,0.6375618265,0.98872622,0.643578665467966,1.07280618633473,58.4093692154213,1.00206696069185,7.47696208953857,7.81191191234539
121,78,0.00480461451116035,1.552785895,5.47938179497389e-05,1.077881903276,16.5413961622473,1.07052791858998,9.2165584564209,1.79474759916739
81,82,0.00927548903787876,1.51359066,1.56793403571861e-05,1.07793380416093,41.6840437858616,1.06089892130891,10.8874893188477,3.82861856991227
158,73,1.58598923,1.152971725,1.73281529961703,1.07898557643367,68.135158608374,0.999809976110623,4.99414730072021,13.6430013985667
168,135,3.77312205,1.01247752,3.95497422753922,1.08345106727677,47.0171728468998,1.06338318171846,5.1186740398407,9.18542038054117
185,100,0.00280025910332309,1.33058862,0.012620610081496,1.08706257589826,28.3431792108451,1.1362252497097,10.3147447109222,2.74783138169504
37,41,4.82903635,1.2436784,4.63646055925656,1.09605041160012,125.008058036693,1.01405455614037,5.27757954597473,23.6866269750568
108,40,6.55241075,1.240883455,6.57200330394567,1.11079683931537,109.854235946406,1.01268249405331,5.67144536972046,19.3697071531203
83,124,0.00238032397972792,1.16985564,6.18817423563561e-06,1.11796383982688,57.4081419156933,1.0208821193126,10.1547882556915,5.65330762889293
27,89,0.00439236255709822,1.5774949925,2.58017388447678e-13,1.11815867694196,5.3378538173861,1.19903383177751,9.00590491294861,0.592705993343476
36,86,0.00816207234681659,1.579748505,2.83390077340147e-13,1.12547669120309,19.2073878850846,1.13903987198612,10.3008289337158,1.86464487554167
130,117,0.3492532005365,1.07633456,0.459560739026143,1.12972123474061,1.89533129632847,1.56720710070641,10.3194308280945,0.183666262985015
175,69,0.005748725934017,1.90060681,0.00637785290876543,1.13020999854129,19.8941420861033,1.11310547136815,9.82073187828064,2.02572907321712
103,99,0.00115853539980238,1.38839436,1.39781194073717e-07,1.130428886041,40.4437071685362,1.01817816163123,9.95274543762207,4.06357295301215
63,88,0.00432119092037018,1.574853635,2.7888808826004e-08,1.13686735923404,38.6557160861813,1.02678591878523,9.90700244903564,3.901857931805
15,81,18.29379,1.19376208,17.760295574564,1.13869367674907,154.585644044624,1.00266138658608,8.53171610832214,18.1189390366419
62,112,121.560075,1.110995285,120.941947256229,1.13894293900912,185.033225670258,1.0023035677809,27.4836792945862,6.73247652495735
122,110,0.00251756076201454,1.43459784,1.43929093436517e-05,1.14189692881451,31.403948614372,1.04758195563089,11.7696273326874,2.6682194539121
131,51,3.7999051,1.27697839,3.85554724360788,1.14229740542761,191.550880142426,1.00625924674108,5.20237636566162,36.819881277095
9,98,0.00230893161619031,1.34215306,1.03046110089418e-12,1.14332006458056,43.5870602682285,1.01140728327774,10.190761089325,4.27711530926644
143,108,0.00440521425764474,1.35128613,0.000134490551396326,1.1445320746045,41.6118245396672,1.05646351474696,9.63097381591797,4.32062482309853
67,138,27.768788,1.087967785,27.5566776360727,1.14543703931458,154.563178652266,1.01008874149231,10.1962954998016,15.15875826228
199,200,0.00063796563901589,0.315711874,0.0259004521423845,1.14551981848307,36.9379735048691,1.02009786973374,9.40274262428284,3.92842545849078
17,100,0.00126124601422787,1.395670685,3.26200018049637e-13,1.14573228839817,50.2553849214401,1.01070746279102,9.37797546386719,5.3588735772525
39,162,6.58919985,1.02110195,6.35945045029526,1.14672066292944,144.608293800244,1.01855208721233,6.23002529144287,23.211509911343
175,87,0.00605783063969375,1.608274335,0.0119856787553974,1.14832653748857,28.1880469655516,1.00749478248357,9.80313062667847,2.87541276751327
81,108,2.9652409,1.127330655,2.9113700380619,1.15297196426934,115.837803473109,1.0248934578275,5.42289471626282,21.36088003437
152,95,0.0106984527970578,1.513752285,0.00164881840586841,1.1530778940634,18.7529555718876,1.03508688078057,9.35829520225525,2.00388587521457
198,190,0.0318259508272836,0.555405505,0.210435351562943,1.15818034632678,63.8397317015266,1.08920057470677,11.3791904449463,5.61021735336884
170,171,0.0518150585671176,0.636731059,0.114000518074341,1.16154457050358,23.3074258317799,1.06703235417203,10.8063526153564,2.15682632812284
154,93,0.00547773963650672,1.45197964,0.000335838464300943,1.16293666798486,38.434435052369,1.00224563411787,9.60347962379456,4.00213636702471
156,144,0.442693988177248,0.930173638,0.686206478107518,1.166635776438,6.47485406106807,1.14161213281139,9.06917476654053,0.713940819065055
46,20,8.55189505,1.41931414,8.38886181325897,1.16807438114662,113.739418071652,1.00282501144573,6.37987613677979,17.8278411105739
150,140,0.0173757530119521,0.89381951,0.0192681612004091,1.17514575577684,18.0291301296996,1.05904346334917,9.21266794204712,1.95699337511272
170,20,4.71120605,1.4364805,4.91189619555338,1.18094295050653,112.717379464294,1.00616287685559,5.1774754524231,21.7707221405639
192,177,0.0685030020545394,0.5268237435,0.286405588077615,1.18148586853391,10.8778912221815,1.1001610137509,10.2826843261719,1.05788438866052
113,92,0.00232768556534282,1.64882082,8.18363742824709e-05,1.18385083158366,32.7411469393946,1.01702923781883,9.10731983184814,3.5950364699941
8,63,0.00641972604371336,1.894809235,9.02433633912366e-12,1.18804575863306,38.2917919528574,1.09577180043085,8.78604292869568,4.35825231718302
186,74,54.745881,1.27963545,55.6671969524411,1.19297066653673,191.99000630959,1.02711060261305,14.9879415035248,12.809631413656
83,148,1.71256925,1.06102567,1.69387763311076,1.19415501299056,83.5214384388375,1.01143033615636,5.63449740409851,14.823227778592
70,67,18.9487835,1.271960755,18.8120333598948,1.19573020124761,171.084473746785,1.02786891556168,8.33021593093872,20.5378198074519
28,121,0.00363292716668629,1.205458525,7.06914451324288e-12,1.1973582129056,41.8359020185028,1.01622022404645,11.3813784122467,3.6758203183444
93,93,0.00642145742530813,1.718741345,5.14582076976253e-06,1.19858597714614,22.6162317561017,1.06872568917959,11.0974311828613,2.03796999354497
1,87,0.00316726842292836,1.678025705,2.6995670966972e-20,1.20215822585428,51.2169512861255,1.02949651755117,9.18471670150757,5.57632346762735
200,200,0.1750749233328,0.402403347,0.737853038491199,1.20881738190543,21.9725326381037,1.04166029324001,12.218199968338,1.79834449387331
83,72,0.00502441764200354,1.726652625,7.56442510827898e-07,1.21417535371201,33.8649719006959,1.15673824161875,9.99263334274292,3.38899374560662
200,200,0.00427995301044764,0.4367635215,0.0910018443619615,1.21560781337016,23.3353216763524,1.02917988193574,10.2324948310852,2.28051145508153
148,135,0.028854232113192,0.8910474,0.0381686365305686,1.21874141069228,15.4184205935068,1.06781615406229,9.20673656463623,1.67468901551176
193,180,0.19930574898,0.61753893,0.584511233115154,1.22205192272121,22.1371169184515,1.03360223179245,10.6294405460358,2.08262295861916
149,66,0.00543233301066522,1.643953505,0.00290765097237981,1.22413399266926,18.6868440468577,1.10671605812595,9.3549907207489,1.99752673248636
61,69,465.148205,1.310822865,464.126342065952,1.22620133915529,165.026917436878,1.01011756395593,108.10236120224,1.52658013758037
200,200,0.00463978576616772,0.336184227,0.153598372058771,1.22822619103668,5.85228797490709,1.15251769201811,10.5009136199951,0.55731226697871
196,194,0.00919395971219311,0.4493205675,0.0844833427469242,1.2301057345238,8.80442977096221,1.13768153395374,8.83706474304199,0.996307034855043
190,90,0.00280104517743921,1.598411625,0.0181344789988989,1.23117622230675,4.38270568883455,1.26017003649891,8.72887492179871,0.502092850235439
79,72,82.920425,1.32191666,82.6593389855288,1.24757232144075,137.916382808169,1.02386252637783,20.1717519760132,6.83710482719448
124,110,0.00417499226848802,1.401766045,0.000131403321039971,1.24950693765531,45.8365918359771,1.0300483141448,10.3829395771027,4.4146064315986
177,177,0.0312504895656583,0.577725665,0.0919273229589511,1.25322752528847,27.0676390612666,1.0337902245212,10.0019698143005,2.70623082890793
188,171,0.6945527615,0.86936876,1.09466673184619,1.25681264601143,30.2643132142877,1.02194953062031,7.79559993743896,3.88223016280518
76,92,0.00396063023577069,1.607658465,1.13967343092894e-07,1.26203656746508,25.5142569776255,1.02887432892714,9.13200283050537,2.79393879428019
138,76,0.0158728511759214,1.94931637,0.00377750466705699,1.2639436730368,51.162507766981,1.02244378035139,9.2504026889801,5.53084114142732
176,105,0.00649440402297851,1.384913025,0.0093011869843588,1.26636519439225,29.4441139126385,1.04504085959211,9.89020609855652,2.97709811294386
56,117,0.00135690185324668,1.3646371,1.31918986913661e-10,1.26770464843822,39.3520213353899,1.01384358327021,9.80413746833801,4.01381778483578
25,111,0.00808087508967612,1.49303782,1.34036291065097e-13,1.26891044790408,39.5987081757844,1.04400454787691,9.81451940536499,4.03470679920794
161,21,3.88247225,1.596961925,4.03670394760934,1.2701785038132,97.2837647694534,1.03559031808293,5.33676815032959,18.2289659263997
70,145,3.5433807,1.140103155,3.46643739497253,1.27627239016829,103.244469153359,1.02382046466905,5.21645069122314,19.7920914554165
187,183,0.00564952046110556,0.711767715,0.0268351839902835,1.27668976062601,36.8708169116051,1.00114360319702,9.23239064216614,3.99363700483046
198,188,8.75694085,1.01847772,9.28081308085441,1.2783095808055,146.679750500273,1.00580391870795,6.44625163078308,22.7542700629039
199,125,0.00173714067833381,1.21377553,0.080723572978224,1.28510382013254,37.8505560363893,1.0207686160133,9.89369368553162,3.82572548124685
154,112,0.00453625918389176,1.430126575,0.000416687525134505,1.2883206250199,36.0876975723001,1.01801951687802,9.41954016685486,3.83115278803993
111,55,8.20094855,1.39610961,8.24294274648155,1.29288536232962,180.996340624764,1.02358602773381,5.87818503379822,30.79119483039
200,200,0.00451199325588997,0.307110966,0.247594504674488,1.30017549666439,34.536912286107,1.07367468386082,9.83420085906982,3.51191853624329
179,39,9.1148192,1.48959485,9.42662094021907,1.30153648330089,140.029770155569,1.00344844369624,6.26298975944519,22.3582946059254
146,196,3.20828195,0.985401075,3.31169262537833,1.30341588245805,128.602474679279,1.01883951818156,5.69540405273438,22.5800441002138
130,111,0.00543558857895093,1.51863256,1.62514658456782e-05,1.30522729266259,44.1147664735703,1.0050310403706,10.1700444221497,4.3377162028409
197,200,0.181852837955792,0.4616600395,0.624762990333244,1.31513960869394,6.82547012101105,1.12752981151075,12.0148708820343,0.568085182772717
193,186,0.0318893106774243,0.626572802,0.182874577374295,1.31619574407272,3.46797181207628,1.30182182362599,10.1139280796051,0.34289069338643
189,121,0.00552738587930849,1.428252645,0.0108167953853648,1.31679220886793,56.2039417926059,1.0122660199994,10.7686674594879,5.2192104551512
10,133,0.00298664422934644,1.14510662,1.28439581173718e-16,1.31957587475935,45.1494663323631,1.06822845620543,10.9069774150848,4.13950305516535
175,97,0.00217521794822853,1.514555335,0.00434269612273971,1.31974694699347,40.9291526812178,1.01059116812604,10.019971370697,4.08475744760243
161,163,34.228086,1.152215915,34.6617989990092,1.31986861948653,136.046635931454,1.01551273576731,11.5142323970795,11.815519371136
1,90,0.00818581840756344,1.716151625,1.37412742769035e-18,1.32119465606023,26.9630151859832,1.00579774015223,9.32912039756775,2.89019907954161
103,143,61.891882,1.23780704,61.881967228267,1.32787066708842,174.03230369176,1.00578034653523,16.2008812427521,10.7421504475023
125,70,191.61139,1.47092039,192.015838907348,1.33631782805856,261.225575871197,1.01233408510259,42.3642909526825,6.16617368063507
95,133,0.00122925288270558,1.228536115,5.02954395260842e-07,1.33740393956863,52.4008323184699,1.0291050799747,11.2397804260254,4.66208683197558
118,177,2.8168695,1.115702555,2.88150675019446,1.34226098669025,59.1683947993501,1.04454580391238,5.12691020965576,11.5407511307523
21,121,0.00228303397485629,1.47348808,5.17420833644694e-13,1.34343613425947,24.6104445103589,1.12268332408905,9.66670489311218,2.5458979851443
176,152,0.699436195,1.12383747,0.869171364806123,1.3441810624314,49.7033238985414,1.03308297892042,7.59628963470459,6.54310542234536
83,126,0.00236794658253596,1.1891501,1.56583972221551e-07,1.34601551151365,23.421298415064,1.07487884325189,9.84918022155762,2.37799470496033
156,74,0.00358654393235701,2.11456944,0.00115855998669446,1.34907474642898,20.9809166881017,1.08342784247316,10.1361458301544,2.06991069778068
85,98,0.0124059824529934,1.536403145,2.10491912196967e-07,1.34913176369815,39.9046462403631,1.02440951951288,10.8959820270538,3.66232673120084
1,97,0.00857514518557664,1.49364497,6.87306809730241e-20,1.35292645592813,45.5794680766656,1.0278351904955,11.0798931121826,4.11371008864245
194,116,0.00276743547290501,1.463591825,0.0127407841342028,1.35401383409294,47.2317258327753,1.02524789614165,9.98100113868713,4.73216315442561
180,95,0.00791743384350767,1.67376768,0.0232157336470074,1.35574953024769,25.5555689537834,1.09081512402653,8.82748675346375,2.89499941121473
181,107,0.00939672040110107,1.627877985,0.0157859974267436,1.36012562640562,26.6867501704595,1.05660012147728,10.0319154262543,2.66018492347118
76,109,0.00197296774189669,1.44978553,3.56572495452203e-07,1.36180669517752,39.1406127273991,1.03177495082342,9.727694272995,4.02362693861146
144,101,0.00228517036248195,1.52370525,4.7019513895867e-05,1.36335592255672,54.6938698009457,1.02613327520297,9.0315854549408,6.0558436914335
28,100,0.00525749846845881,1.484007065,9.303204946403e-11,1.37270432783288,50.2323029010327,1.01984503738326,9.57239675521851,5.24762023404932
189,168,0.00980910019569955,0.6819993415,0.0472774696310495,1.37386453758349,10.8912416506533,1.07546030944702,8.63436889648438,1.26138247985766
44,13,87.276198,1.7633887,86.7050384233945,1.37514395598,180.010694284917,1.07093160590491,21.4760360717773,8.38193294532027
186,119,0.00177331509837316,1.3805917005,0.00440625587171752,1.38187437170275,38.3190585830055,1.0121744312022,9.46694421768188,4.0476692058072
122,89,0.00684104757419883,1.80661966,1.85381159181418e-05,1.38201003221632,29.3430141765502,1.00893978334918,10.5134463310242,2.7909986176428
34,78,42.166805,1.45977236,41.544967489369,1.38488203689808,174.743733533175,1.01585428741821,12.9857778549194,13.4565472692863
57,96,0.0152262583213638,1.7937028,5.57694023747279e-07,1.38490640448112,28.0785364898676,1.08836460005791,9.56451511383057,2.93569889907594
155,123,0.00582944150099204,1.412783675,0.00170148596079377,1.38909635637067,47.0618502422114,1.01129362866009,10.2111847400665,4.60885308024549
54,0,51.69281,2.01411495,51.4028444951045,1.39521736071345,191.984075537236,1.01555582382353,14.7815792560577,12.9880625210298
199,200,0.4716285366,0.57740192,0.987689035701455,1.40064381583564,32.5964703093472,1.00136397071187,9.14490342140198,3.56444117638915
162,119,0.00345704937847368,1.52824652,0.00160987555271244,1.40519841751964,35.8703957700401,1.01222929137758,10.3910126686096,3.45205967060377
178,1,17.756542,2.0644163,18.2058497376725,1.4053133558944,198.103204688948,1.03573834483303,8.08541870117188,24.5012920184623
194,111,0.00256270082803455,1.56399759,0.0266853725041195,1.40850065241203,55.6506082070987,1.00529301549571,10.3260190486908,5.38935750018343
86,188,27.282919,1.143487585,27.2038924315678,1.40988128387192,111.010741395438,1.01884635145004,9.78647994995117,11.3432758216596
105,74,1.354960205,1.555949975,1.36315994495776,1.41785668579329,65.3419971375845,0.998950663533238,5.11150670051575,12.7833143857547
94,142,2.4853702,1.313595425,2.48815535593681,1.41807955659001,96.7122114128742,1.0264906958904,5.52761387825012,17.4961952015886
186,112,0.00486200785954051,1.508401455,0.018053865069502,1.41823602452042,28.7398857428832,1.0982010171933,9.54335927963257,3.01150621083918
109,111,0.00333520873209923,1.559788495,4.89617319729437e-06,1.42281801158008,43.1699217101693,1.06911261025621,9.9676775932312,4.33099097622147
177,187,0.101224767130674,0.486653138,0.330818800548609,1.42583206651402,22.5946610565291,1.00981660403573,13.1818232536316,1.71407707581758
173,134,0.00264992154784122,1.311037311,0.000545831088490556,1.43489015439602,52.7614193565938,1.01912675124463,9.95685076713562,5.29900674325083
190,200,0.226526443156667,0.5827652765,0.575961051480943,1.43941219730565,19.9050549710148,1.05100519588658,10.4058477878571,1.91287200974078
58,44,27.131512,1.62336815,26.8769671997784,1.44208023587651,111.083992759399,1.01419118499809,9.88348293304443,11.2393569667633
143,13,3.51957745,1.8160369,3.60454677282935,1.44328832246815,123.863633110467,1.00525665525989,5.48762488365173,22.5714467983173
161,108,0.00293295956622346,1.57799729,0.000891637802049922,1.46779885912806,26.3066473339077,1.09925821310756,10.2619404792786,2.56351587567941
25,22,18.273031,1.77103825,17.9607032246208,1.46785071715388,156.963374292955,1.01876162001033,8.32287645339966,18.8592700098102
186,168,0.0176833033298904,0.83533249,0.0673506822499436,1.47116643970311,6.51690508788502,1.14155090837347,9.37329435348511,0.695263035824961
141,124,0.000931853546938993,1.331450315,1.33521946676465e-05,1.47183479968579,43.8736995180866,1.01513384181439,9.79910826683044,4.47731551926997
181,116,0.00767176371482789,1.54583145,0.0133042165433497,1.47184097701193,42.6500023005791,1.03097029696576,11.0740990638733,3.85132930946184
90,168,7.71741385,1.30733587,7.69992897981404,1.47770682850835,168.926420980613,1.0121359286722,6.53326177597046,25.8563680399169
27,144,3.15852825,1.35175466,2.96240458009642,1.48070950103987,81.1014248738773,1.0207982094305,5.57230877876282,14.5543666178319
26,147,2.48369125,1.34844999,2.28325029496802,1.49045986271175,22.2986235299335,1.08679171321427,5.443772315979,4.09617122752925
147,86,3.1539645,1.548401985,3.26231146555498,1.49215550693519,113.783401647321,1.01080746724809,5.46219944953918,20.8310594840913
155,112,0.00290880597068133,1.60113807,0.000286638074715075,1.49483151080045,37.0264547798921,1.03337898598295,10.3269340991974,3.58542568629055
131,195,67.8871605,1.152849655,68.1396980083743,1.4981368250411,151.326530160454,1.00698589348368,19.0532038211823,7.94231414205615
184,127,0.00409492041622255,1.39344057,0.0139849220335051,1.49991352779023,63.3136352445333,1.0305014321658,10.6902377605438,5.92256567746464
27,82,0.0134820741079861,2.00823432,1.57378500002455e-11,1.50205591452985,15.0728282375233,1.14250248261244,10.1172997951508,1.48980741331276
158,126,0.00449010273220292,1.5686575,0.000227170345519191,1.50756168505577,30.9584275084406,1.05143117310255,9.26697206497192,3.34072740172164
200,200,0.0242988808428041,0.386101922,0.27624409886404,1.50848292914821,2.49951387935734,1.34442376373747,10.7978475093842,0.231482605879095
140,114,0.00939045679170575,1.82047249,0.000351936819708268,1.50848535793896,3.83435454473822,1.22385050286547,11.0263953208923,0.347743250006015
140,136,0.0014263689710703,1.448948835,6.46624860839497e-06,1.5092532119887,41.4375442322403,1.04003964796195,9.55688071250916,4.33588588983872
185,49,9.2703213,1.6762019,9.63040991518071,1.51405139920312,121.101614115378,1.01630580371645,6.34692645072937,19.080355673802
3,100,1.56288285,1.50725824,1.31498581492636,1.51742465994765,85.5863274190234,1.00005404197647,4.92728805541992,17.3698648133389
86,169,134.510235,1.36138325,134.259042877179,1.53246427574331,143.096765219357,1.026614808208,30.9204275608063,4.627903832764
72,103,0.00621330915336218,1.766269185,8.23545140299864e-07,1.53278163731711,36.1640893946098,1.01606381145607,10.1660718917847,3.55733165961914
35,132,0.00291457310454621,1.32462166,3.58390838336359e-12,1.53970943267201,42.0580584371401,1.05146678364439,10.4378955364227,4.02936188529381
184,200,0.0952841945993917,0.685895267,0.275878134521052,1.54122369578332,22.5101107401744,0.997398670954623,10.7045707702637,2.10285038263331
64,115,0.00437133735633325,1.59750915,5.46760616456536e-07,1.54363553731481,26.7539009189996,1.03843047772029,9.56589460372925,2.796800720402
123,188,30.737105,1.22927107,30.8415269959233,1.54709663247019,149.673734821314,1.01245249417837,10.6512091159821,14.0522764309199
118,114,0.00331650314466082,1.59419745,3.4878678777569e-05,1.54712590692869,61.7781427567191,0.995236053302764,10.7043340206146,5.77132053593857
10,96,0.00636194748467682,1.785287465,1.53459915386673e-15,1.54885446693148,22.786411079797,1.01868775723397,9.84395551681519,2.31476168709558
147,20,12.1841085,1.8432778,12.3257778053623,1.54946166696565,200.31098666016,0.998455207206584,6.40429615974426,31.27759579878
0,117,0.00386353452863546,1.51550298,2.79037388190695e-24,1.55603171292242,41.5585821984238,1.01684837294334,9.74715709686279,4.26366188473558
200,200,0.0287247788455658,0.50249608,0.27506076847645,1.55619748969071,17.345293379651,1.08153174305616,10.5292971134186,1.64733630296613
130,124,0.00458731521363287,1.5254057,0.000140952184481276,1.56580416369787,25.2835262718172,1.06716792546632,9.87280559539795,2.56092617519003
34,128,0.00235218358959791,1.48933594,1.91883970225946e-13,1.5751751525856,41.5409241059789,1.00453816610452,9.66728925704956,4.29706022044251
150,152,57.2916715,1.454104145,57.7986573986588,1.58256426449581,189.881397269632,1.00748682888418,15.5445408821106,12.215310745405
39,117,0.00358813421750345,1.761462,5.02107335986248e-10,1.59083301878651,34.7129301001636,1.02714990334638,10.0198175907135,3.46442734968908
14,113,0.00687104817753601,1.592593715,1.58977916913148e-13,1.59177180911218,45.1722408808035,1.06592261894707,9.55654215812683,4.72683949208442
97,104,0.00874149170290151,1.74661581,2.16444175730161e-06,1.59579248119217,36.5028600644736,1.02023435717883,8.57454800605774,4.25711769747922
97,1,92.3555765,2.49682575,92.2506138885454,1.6091762828303,163.55090127823,1.05152360050423,22.6618223190308,7.21702336977925
128,98,0.00898635850642598,1.63760172,0.000802033221407337,1.61053714582532,10.0247073701659,1.14129398548607,8.9734411239624,1.11715307780827
117,130,0.00562520585390495,1.40542802,3.70998949586863e-05,1.61609136121054,25.0833233486462,1.05864159776646,10.0529382228851,2.49512359397026
173,187,0.141557964097925,0.927902755,0.311847657680528,1.61758764656193,23.9993987178528,1.00305272505961,11.2271058559418,2.13763003803438
189,146,0.00246145432642002,1.377553225,0.0144076331110851,1.62132283371809,20.2897483586449,1.09392108006991,9.53957557678223,2.12690262741111
158,136,0.0173062992353581,1.55428005,0.0122126851067152,1.62526998745187,13.7236148449594,1.13789823312405,10.1558527946472,1.35130107953048
182,82,1.51912826,1.73344027,1.68546021422534,1.63794172386856,43.8231564239598,1.0147005330593,5.19585204124451,8.43425795732692
192,132,0.00282909185060474,1.448254835,0.0266047225201244,1.64270579946943,43.4561180716612,1.04575824406913,9.93460631370544,4.37421642080679
200,200,0.00421788304716616,0.517026555,0.15341705740918,1.65205872072877,8.68885891403878,1.1532904855641,9.21517872810364,0.942885555495551
139,192,24.6688005,1.330105845,24.9005390450086,1.65904521269372,165.636092855307,1.01954362413549,9.54489612579346,17.3533677760729
129,26,57.6369615,2.0343372,57.8311612731057,1.65964443310183,143.57928927233,1.0153881477374,15.6982650756836,9.14618835776523
46,137,0.004543234418472,1.513725655,6.5363609753648e-09,1.66206105381356,50.1893366374855,1.01319734148149,9.02954244613647,5.55834771660665
200,200,0.0196751641955628,0.827510471,0.113468860956641,1.66391660322629,3.94482308325095,1.18234173097609,9.58504700660706,0.411560118644358
86,86,16.0450815,1.7622194,16.0356026695067,1.67366554363122,120.451971032551,1.01462425480175,7.62657952308655,15.7937081319258
159,35,103.93919,1.96521115,104.430264597982,1.69442510890658,203.916024811718,1.00795109634211,25.2453546524048,8.07736819780796
185,108,0.00497223209712932,1.921451595,0.0226152211598504,1.69697279188402,35.0222034297921,1.05426302723709,9.4496431350708,3.70619323176479
40,76,52.4255285,1.7988763,51.9683127184608,1.69993367131472,154.584692743003,1.02131204043766,14.76846575737,10.4672140818595
49,120,0.00764759093261335,1.63677052,3.15444082903218e-08,1.70308374019848,36.8961062228346,1.01035313482069,8.73233485221863,4.22522805724295
197,161,0.00300838278162405,1.1720787315,0.0563732679683387,1.71708385452581,31.2714002804994,1.09431333146633,9.3021445274353,3.3617409607289
37,112,0.00481357334576953,1.642668055,1.54060741924854e-10,1.72694020400738,43.0315474155526,1.07677902963182,10.3372707366943,4.16275712532158
70,126,0.003141252007757,1.594994435,1.17225484788129e-06,1.73033648048933,66.1197375727782,1.02351153762216,11.2012140750885,5.90290812491733
198,118,0.00392699448085701,1.65948444,0.138472592753045,1.73330388388388,36.3999755120924,1.00018012849859,9.82352757453918,3.70538742176838
28,134,5.00013275,1.6294786,4.80445814800922,1.73589246354593,96.4111982088729,1.00469537216869,5.60322880744934,17.2063646732928
200,200,0.0384237911617732,0.5576439815,0.293252119523051,1.7422922841351,12.8246071005781,1.00569763499908,10.7783584594727,1.18984789277509
91,135,0.00234593360051061,1.606224725,5.1647150322021e-07,1.74355899471883,43.6527248514167,1.06223601555217,9.41198396682739,4.63799396655062
36,9,11.2260315,2.26187675,11.0075861972441,1.74414687135603,138.486114436754,1.00048377199023,6.69777154922485,20.6764463999644
127,130,0.00231324654178612,1.49413279,1.4774425782857e-05,1.75097089986254,39.3806342182403,1.00800043935333,9.33420968055725,4.2189575299844
137,137,31.2701955,1.650610965,31.5431430286057,1.75375901541098,136.478181426165,1.03293824856214,10.7047865390778,12.7492669683746
158,146,0.00336945494768246,1.44880238,0.00100881582483631,1.7551978682505,33.4852299243838,1.01933408693127,8.9769651889801,3.73012807997623
83,188,39.162221,1.471528,39.0245834010171,1.75966190437895,131.79879904923,1.01514263684716,12.5573062896729,10.4957859598935
186,125,10.54689245,1.70604185,10.8896459447678,1.78015553972049,150.65672392815,1.00293894913154,6.65775561332703,22.6287554963082
78,99,7.146385,1.78918785,7.11243991701757,1.78019487842359,130.550310668862,1.01973518137557,6.27727198600769,20.797300317696
33,161,0.00254346364961602,1.254618295,2.43274228957284e-12,1.78780791465399,59.9896622225983,0.996419069865041,10.0109395980835,5.992410765727
19,143,55.208627,1.6981258,54.4595092618882,1.79581133784981,195.464377287263,1.03896992690972,14.7817738056183,13.2233370539719
199,188,0.0153747034226453,0.836711503,0.140647285604956,1.80596331428909,13.5479925701096,1.04294469806002,8.60002064704895,1.57534419115128
54,142,0.000713327462349402,1.47181585,1.32330327049161e-09,1.80975589735778,43.9261668214943,1.04353559467726,8.92626190185547,4.92100358520329
137,114,30.324207,1.76812195,30.4979890330351,1.82210348891021,152.4523578516,0.997422081772575,10.7961888313293,14.1209421429533
200,200,0.0210236992256467,0.3472765955,0.441552613258517,1.82229254578792,4.94340637331927,1.17969395374089,11.619255065918,0.425449509910446
112,134,0.00361710768199399,1.499018175,3.710217938758e-06,1.83999992627221,24.1047961116483,1.08494155269484,9.20395350456238,2.61896109098114
50,149,0.00303325281988522,1.22478811,1.69398497988358e-09,1.84255056277495,34.0936019737839,1.01977942297051,9.26280570030212,3.68069924781774
197,159,0.00190770728698523,1.372790415,0.0334735386004662,1.84378449691572,56.3248368326164,1.01326622603766,9.89565491676331,5.69187560665659
165,113,0.00693472885271262,1.81692403,0.00446369293665672,1.8584401907661,32.5480211230094,1.09462167652048,10.9371705055237,2.97590872397678
197,200,0.00637951994860038,0.55108953,0.0786540020445239,1.86742899128864,3.1159151788726,1.27251798422623,8.63309693336487,0.360926699065584
83,2,4.5699054,2.64369675,4.51809041965533,1.87271558910361,161.798835328636,1.07343478610298,4.49879002571106,35.9649671142548
178,184,1.187700745,1.424031385,1.33301962601726,1.87326449495753,48.4040900041778,1.00484520988094,6.07777094841003,7.96411882169407
197,32,3.6184782,2.17618175,3.92008880806418,1.8771182701441,151.131726522268,1.00180089771568,5.23765301704407,28.8548565608419
64,167,0.00130910740145432,1.0795764,1.38793511338134e-11,1.88187322548098,35.8979046936325,1.0379427167091,9.52537202835083,3.76866169497505
101,98,0.0151895458921279,2.205398825,7.40136887427131e-05,1.88258040969706,14.859939126518,1.15783121591672,10.7305314540863,1.38482788015678
200,200,0.00155704966762704,0.49919007,0.0354019527395482,1.88388508097163,19.5398165644281,1.00514838303165,8.76012301445007,2.23054134424786
111,136,0.00874755420577498,1.6967047,0.000160813261130207,1.88588978500824,37.4542257030935,1.10126997526434,10.5780961513519,3.54073409498236
196,140,0.00810236894276922,1.591349475,0.14975020823672,1.89364953842038,42.0381671154964,1.0508325499778,10.284907579422,4.08736459621729
190,156,0.0021470610845787,1.41637073,0.00948968117687814,1.91720494429116,48.4569541530007,1.0080702776321,9.3122980594635,5.20354415672477
1,122,0.00837385926579142,1.6704959585,3.58541523739554e-20,1.91784541198854,23.7780156202205,1.06877630828737,9.34131121635437,2.54546873233288
66,122,0.0108960689606574,1.691645345,4.82771902018285e-07,1.91819078580901,32.9987203609701,1.02193925417915,8.47792887687683,3.89230917600319
200,200,0.1350381629559,0.585304855,0.552209979983463,1.91968763389627,23.743949422868,1.06671979143517,12.0286478996277,1.97394999180273
17,164,21.480454,1.73234485,21.0349817821407,1.92115087560348,191.90425315987,1.0011504117041,8.19123911857605,23.4279881690513
124,160,1.4454804,1.70638715,1.49358734771197,1.93846116681876,58.0756976413066,1.00107678542535,4.78950786590576,12.1256085734236
172,143,0.00587760832456539,1.541850645,0.00396093541136082,1.93874268320618,28.8712804174325,1.14061414809962,10.8135073184967,2.66992748671355
11,129,0.00748074431898706,1.75891153,9.58650373262408e-15,1.93993723572321,13.3030540658388,1.24449311035329,10.5823488235474,1.25709842754734
143,105,3.05314775,1.95173,3.12352513038909,1.94164526813405,148.213777828036,1.01030572354081,4.96956920623779,29.8242708124476
151,0,2.59044395,2.90691295,2.65169918007042,1.94882299553223,127.711058719941,1.00649880452547,4.24599480628967,30.0780063439456
186,136,0.00543629840579841,1.698757635,0.0294587149580095,1.95000453507489,31.4810429116965,1.07954291639379,9.85191798210144,3.19542275614657
81,43,13.141814,2.17467055,13.0707256132832,1.95300005784518,131.336274000049,1.02643484704205,7.23061013221741,18.1639269160502
162,147,0.0061525011210689,1.652325512,0.000391041874695747,1.96270994454524,18.386642296947,1.10669944347456,9.9494194984436,1.84801156487805
192,145,0.00136838562050667,1.560250375,0.0131606818984521,1.96523612040173,35.7273879392632,1.0990024818401,10.8502130508423,3.29278215753467
125,172,3.4019303,1.7024844,3.4455961526207,1.96577898171852,126.914454103532,1.03753050602374,5.00886273384094,25.3379780695668
171,193,0.5024596820665,1.0056252435,0.766455223444114,1.96783996937525,19.0428502005983,1.10685092911306,9.06042551994324,2.10176113237533
137,124,17.542141,1.89873405,17.7415196404007,1.98626004391825,86.0250271233169,1.02552477629104,8.04200553894043,10.6969619340316
31,163,0.00249271788465736,1.306397605,5.62875414920734e-10,1.9964358175527,45.4824602453902,1.00487645249563,9.08476877212524,5.00645216033938
154,50,7.4101183,2.22456465,7.54354964777729,2.00365324364845,186.447952935705,1.02610484857622,5.8632287979126,31.7995356077668
116,168,0.00422864436834241,1.250736215,1.33092764638333e-06,2.02793132207156,51.4133244656666,1.00923274862952,9.36917114257812,5.48749976740409
168,150,0.00843163855194897,1.5854308,0.00100868985556065,2.03391359840324,26.9490015937465,1.07852045432923,9.97001767158508,2.70300439592521
159,74,1.41834315,2.16281125,1.50204312315499,2.03451320329248,85.6751891991288,1.05509671594985,4.31752777099609,19.8435757089207
200,200,0.18180318769675,0.614447994,0.680088773295941,2.04159582845299,27.0347263199379,1.02023480273319,11.4291501045227,2.36541878203523
61,126,0.00793888481925747,1.78099826,2.36028007181361e-10,2.05112123158295,32.4917029027478,1.05089276567481,10.5732190608978,3.07301898462593
149,165,0.850131375,1.63982769,0.946604057699238,2.05319005140111,81.1246562069692,1.01355957779475,5.6477210521698,14.3641400589007
0,170,0.0374683828343802,1.569027185,2.72643344743922e-23,2.06469663959804,51.4873769026763,1.10480537589054,10.2353780269623,5.03033466541705
65,151,0.00665703437825008,1.66364455,4.48117902220879e-09,2.08511785638484,25.330371449561,1.04133015185592,11.5355513095856,2.19585269656878
65,178,6.1330844,1.76421925,6.05424074454031,2.08974121496913,149.04215848339,1.02432237852953,5.20468950271606,28.6361287076995
106,137,14.1471385,1.98143945,14.1753937810166,2.09251169551478,175.902604064213,1.01397679922876,7.97089743614197,22.0681053135408
25,119,17.3628515,2.03664025,17.0081132444499,2.10725473563901,200.051521798381,1.00335070876136,7.58421516418457,26.3773531562101
176,170,0.00367080515990359,1.418835435,0.00286943488983398,2.13057694934259,54.1538724773231,1.0165265819722,10.7344791889191,5.04485327366649
194,137,0.00611270115323576,1.86240586,0.0460959908389083,2.13806501722739,35.5704230824523,1.09172115471981,10.3134827613831,3.4489244715315
171,183,0.70060969,1.45906228,0.87434125781076,2.18478434418877,62.2561125011766,1.05795428102493,6.83211302757263,9.11227789264128
196,141,0.00640802645087559,1.70736099,0.0584790400765006,2.18599212840735,15.3712189212786,1.07906731304855,10.5218751430511,1.46088208729886
182,152,0.0034243936828433,1.646927855,0.00825124396564733,2.18740703552327,47.070797070884,1.01011031673439,9.89091777801514,4.75899184760283
23,172,0.00380975917191941,1.287556415,7.97514170837598e-19,2.18775362100237,21.7637817342934,1.06174891087943,11.2514786720276,1.93430413625549
101,54,1.2566759,2.47785435,1.25644502471499,2.18911035710888,91.32966453949,1.00481556999882,5.25824785232544,17.3688397931071
31,170,0.00532551489168459,1.40554772,2.31381335823755e-11,2.1972625768984,40.5851727034581,1.01471203556395,9.66861963272095,4.1976180928773
196,153,0.00747799615836999,1.55241344,0.0527960121894086,2.20144953102453,44.1269430905309,1.0127344364532,9.44462323188782,4.67217611619968
100,151,3.7416242,2.0402172,3.73575081177223,2.21094774568224,185.303878364963,1.00018986319659,5.15581321716309,35.9407663854286
109,151,0.0104353445628691,1.6876286,6.38790718819229e-08,2.21707609767418,13.9615358397058,1.11891965700197,10.1438338756561,1.37635690911812
188,193,0.0614688450534412,1.006823785,0.221725491069788,2.23013871318605,2.58979740338473,1.35525075064008,9.77896404266357,0.264833513252118
120,164,0.00536002898281927,1.40468372,3.52229114104793e-05,2.23021574491825,48.9207055433611,1.04179083920756,8.94827818870544,5.46705237719464
165,200,0.110748583026223,1.115365535,0.273639179669368,2.23149358382107,1.8108965694323,1.5894496258885,9.90819430351257,0.182767567324584
200,200,0.20437353731716,0.711569001,0.724287754709463,2.23523861024334,16.7533362180821,1.01972873491444,10.4393963813782,1.60481847858241
50,156,22.822664,1.99070035,22.5391286180132,2.2367641466949,143.378911028616,1.00158808054479,9.60344409942627,14.929946959048
72,167,0.00286168849588527,1.31181182,2.12538673351862e-08,2.241046749651,43.633137648664,1.01919316461892,10.1479206085205,4.29971216093554
30,146,0.00721604957086595,2.064332989,1.3092043159119e-10,2.26185271707002,18.1452741137609,1.12330489603452,9.12446045875549,1.98864077451827
25,155,0.00629099063574585,1.61874487,1.6253739363717e-10,2.26525005082349,20.3278162827813,1.08864250212344,9.24998879432678,2.19760442253172
189,165,0.00490132175401183,1.51877787,0.0172759950270785,2.30278568095788,58.6217517415677,1.0334825176719,10.1073338985443,5.7999223464865
200,200,0.0942621275480714,0.636307542,0.50153522008491,2.30775002391731,18.9581168822576,0.99673940873781,10.6272671222687,1.78391270908513
200,200,0.0321388817171371,0.8503733865,0.162483372958855,2.31151322965609,3.71751935278076,1.22743661500666,8.39950919151306,0.442587687925501
185,146,0.00636401455598079,1.65362903,0.0284831831607086,2.31248569308202,35.3119485364919,1.00332763195605,9.32983303070068,3.78484249614057
192,168,0.0059417973961918,1.42929026,0.0482370223074169,2.31708557254501,44.7278857380798,1.05129431458932,9.49401307106018,4.71116749084959
200,200,0.014690487231761,0.5350566065,0.29506492483785,2.32441641969938,22.8949200461833,1.00860989886663,10.4083843231201,2.1996612860775
143,9,166.743545,3.0828,167.075718156595,2.32692956430396,163.512411269827,1.00571908323992,38.5721065998077,4.23913614483897
199,173,0.00435831443049781,1.346629035,0.0831776904132968,2.33759955743343,21.1853201566023,1.03367347508836,9.75867557525635,2.17092165768056
76,159,0.00559333631155296,1.698851785,5.48372167050099e-07,2.33779939536846,22.3806980883088,1.07907430075858,9.68215107917786,2.31154191927867
172,151,77.3278815,2.1444836,77.9490784350722,2.34289437478714,111.755840559091,1.02744840740411,19.9046037197113,5.61457249452398
88,166,0.00699286414959008,1.566764715,1.41339596324907e-06,2.34782851656289,49.2127312103879,1.03093799315013,10.2629871368408,4.79516641248921
200,200,0.0132990825946441,0.508721891,0.275584981150586,2.35618205549734,2.23103188381537,1.46594223618089,10.3789050579071,0.214958309317578
194,22,13.094286,2.892421,13.4601145559309,2.35651677572644,160.930016407485,1.00721016047892,7.20705032348633,22.3295258370885
200,200,0.0168503448510857,0.836849215,0.138532729690483,2.36108373282736,21.9991317304965,1.02700340009931,8.88874793052673,2.47494156684819
49,148,0.00524035378999717,1.898577865,2.77320977302982e-09,2.44183570789343,35.917701356446,1.0466146276624,10.859991312027,3.30734162896324
196,199,11.7995185,1.81497955,12.3729887309621,2.4424678413359,130.920553718723,1.00355368356256,6.790203332901,19.2808001911174
182,183,0.00337212513390516,1.2323236,0.0042773288986169,2.46122382400389,41.5914258273801,1.04505468339779,9.85409355163574,4.22072569226584
197,191,0.0185735790201438,0.8716697855,0.180593403079406,2.47282758031137,3.76587052371557,1.31662923201288,8.13700151443481,0.462808138481358
57,147,121.42325,2.3130072,120.995049463629,2.4804937003158,165.951265480079,1.00078889263273,29.1246840953827,5.69795933018851
200,200,0.010001298171338,0.83058362,0.172811110260464,2.48233576172918,41.9604559618063,1.0034460673658,8.68548655509949,4.83110021477958
155,177,0.00446054541865454,1.385906185,0.0019127919377863,2.48423496280589,63.0742091523226,1.00499972333072,9.00058007240295,7.00779379161539
180,172,0.00576370949736445,1.569442835,0.0105619611513687,2.49200563059157,23.6350748222105,1.12347988011264,10.5876436233521,2.23232625341498
108,139,4.9412686,2.31714045,4.95141546231818,2.50994105044978,128.98726421827,0.998095487241674,4.88719773292542,26.3928883722615
125,148,0.45503175645,1.93183301,0.576820927762235,2.53379211218879,4.7502789341024,1.22740400352668,10.7050681114197,0.443741121930371
58,180,0.00228403599176747,1.321815265,1.1485550553242e-07,2.54034400742597,44.4678835745838,1.00155316073744,9.45996189117432,4.70064087848707
171,161,0.0091912411401537,1.650907985,0.00125233162203549,2.54201545369738,30.9630522657396,1.00601734675985,10.0247278213501,3.08866762445123
138,182,1.4354901,2.06065525,1.48819094943214,2.55753310569876,100.127343738632,1.00999807027596,4.33177638053894,23.1146151007395
194,189,0.00171227001313389,1.260567375,0.0229821586184146,2.56004720839276,57.8834053142577,1.02020070258063,10.4903938770294,5.51775328865427
196,170,0.00504337736639749,1.6318339,0.0728336421929519,2.59409864618013,38.746296355883,1.05709583759334,10.0035192966461,3.8732665182016
42,107,6.4331066,2.61837005,6.31029699693599,2.60214521002837,137.824436271944,1.02949755725829,5.25190162658691,26.2427680621872
96,174,0.00994540752037928,1.53507685,3.72481770974254e-06,2.6217438071147,43.452440792725,1.0376512221669,10.3354337215424,4.20422035140685
138,184,0.00404990810637366,1.225377925,6.57574638352023e-05,2.62353846026357,3.40240787187287,1.2744455032036,9.32055258750916,0.365043578685729
150,180,0.00479060836820429,1.34619582,0.000792886477308042,2.63166473412314,44.5556365535141,1.0120867101161,9.47353506088257,4.70316901422469
108,178,0.00289225316015836,1.41884404,1.79114216288097e-06,2.63642805932597,7.99989582232879,1.2755079853372,9.60086131095886,0.833247722597278
188,136,14.446144,2.47068525,14.8935048662997,2.64200622244366,179.832798651907,1.00588672350027,7.13842105865479,25.1922374954155
155,102,16.552353,2.68071305,16.7488954980628,2.65226181692883,197.164656761811,1.00632644666635,7.42194986343384,26.5650752685886
200,180,0.00168509229615047,1.38951836,0.0474684724744667,2.67140917584302,46.8047964793021,1.0087123287816,9.58819007873535,4.88150486118392
45,179,0.00927260525806436,1.53906697,7.23414147910288e-11,2.67728440360886,18.8321707338563,1.10905721477885,9.62107920646667,1.95738651867646
34,180,0.00545976145696986,1.414814155,1.00270323963395e-09,2.69028179388111,65.8393264385994,1.0153124183556,10.1924149990082,6.45963949123012
88,60,9.2864392,2.98809065,9.25797699729671,2.69054774639776,114.603036578979,1.00028577912947,6.29135322570801,18.2159596620141
162,166,0.00860938937201797,1.67876428,0.00296468009259057,2.69331680668134,60.815407253338,1.00887366363966,8.70572519302368,6.98567964241191
120,142,34.440852,2.56842685,34.5351476161736,2.75834406999897,260.777383509423,0.99657545896913,11.2014772891998,23.2806242227404
171,170,0.0122725799904875,1.70735046,0.0219325258292465,2.78015923160629,29.1191757178208,1.05884208300944,9.64608192443848,3.01875683266249
0,181,0.0037264675920506,1.36745572,3.58609754171511e-26,2.78172624099291,36.4524446907369,1.02322879471405,9.51278328895569,3.83194314255619
62,174,0.00434358428368274,1.57574308,2.89592169027017e-07,2.79108347791875,44.3649491248077,1.02871896199866,10.504903793335,4.22326086917197
127,124,15.430142,2.72416995,15.4985611737526,2.80380565083278,207.75377498029,0.99719594192188,7.50974655151367,27.664552133043
148,128,0.77823998,2.64423147,0.852521295095434,2.8139592095228,37.6957025418711,1.08302859630358,6.34448838233948,5.94148815006122
0,26,4.9766637,3.3759536,4.61760969565728,2.83199039385845,129.070546192938,1.00522346060376,4.75429129600525,27.1482200304781
200,200,0.0184388082088982,0.991312154,0.223089226903322,2.83915859242007,29.9515794448178,1.04432519377447,8.86755967140198,3.37765750157985
164,181,34.786684,2.3549918,35.1541724907959,2.8800482444226,163.865008206648,1.0079383687191,11.2884168624878,14.5162080921358
177,200,0.158210731925101,1.137302365,0.392966190664793,2.88088296663745,12.4063205216064,1.03035111649981,10.8917894363403,1.13905254908921
92,185,0.00229411957954274,1.38371296,2.99725807844061e-06,2.9138781347207,45.58680873143,1.08851189914512,10.0814032554626,4.52187136812811
200,200,0.0134288958966074,0.803548855,0.244223052262976,2.91652943057487,23.6011469092228,1.06770782354529,9.52519345283508,2.47776037579563
146,199,22.526177,2.2284871,22.7346704891682,2.94085966489274,138.71383890396,0.997897561833817,9.09854054450989,15.2457241054623
97,87,2.42806235,3.0279843,2.43600579102634,2.96131723113515,180.621235493059,1.01435601466126,4.87870812416077,37.0223491334869
198,191,0.00527873947610557,1.291039875,0.141592294323559,2.9893097193203,45.1565390882424,1.00209582219537,10.8344445228577,4.16786841198685
114,170,0.00940949284220411,1.671601845,7.716450588361e-05,2.98974933460411,35.6646887358107,1.08600228538555,9.25292873382568,3.85442163900304
73,184,0.00330458287385824,1.4738973,9.18206851298347e-10,2.9986502077498,31.6814193487361,1.00692502580684,10.5658566951752,2.99847142193431
95,137,42.528317,2.85409495,42.523960320572,3.01476368866979,118.922465218321,1.04040144688502,13.1068725585938,9.0732907248989
29,189,0.00194937071938861,1.270455265,2.05818876017685e-12,3.02375391175033,38.8490968027489,1.02123562228207,9.49253606796265,4.09259406807679
193,186,0.00683278057225769,1.53295049,0.0726222859143079,3.02511089616758,54.3196882571144,0.997914316260112,9.10517501831055,5.96580385856146
189,181,0.00670471420959322,1.583821285,0.0416218935335073,3.04118801183912,50.4437011462185,1.00359796773613,8.85339283943176,5.69766891191695
159,164,68.1225485,2.6900071,68.6065326327951,3.04350316361211,216.786660280362,0.995742750832281,16.623202085495,13.0412094592488
73,199,0.00257022308736145,1.177638855,2.07594102537113e-08,3.04600965352806,31.8543397030163,1.02514413368167,9.74034309387207,3.27035088969882
17,155,11.8240855,2.73194785,11.5234846280302,3.04785599593917,121.99325391661,1.01737000973045,6.75684952735901,18.0547536870031
164,164,54.569574,2.7685569,54.9544968717606,3.05674606776262,196.272523089555,1.00848210140779,15.6599314212799,12.5334216229609
27,84,3.85102575,3.21368055,3.74198854657286,3.06355447498654,157.609602148245,1.02054584963507,4.95958042144775,31.778817713422
174,187,0.00230668003340843,1.46163096,0.00156112823852881,3.07729942476862,25.8801244817135,1.03840711322332,9.01759934425354,2.8699572351488
200,200,0.126142615319862,0.782270377,0.573927150427367,3.09045958495653,7.47964252051892,1.15193546467914,11.0803878307343,0.675034361141425
150,186,0.00604567072509605,1.456595855,0.00139104484054911,3.10858288672284,41.5994730113991,1.01052191382139,9.64667940139771,4.31231009971906
200,200,0.0259223705610361,0.9211151015,0.302665768703208,3.11539175982466,7.7669505474459,1.14974728235047,8.75922822952271,0.88671631152019
44,19,12.8894565,3.76136665,12.7371119851887,3.11762664914358,208.657547169904,1.03039943632909,6.55140018463135,31.8493056887877
188,181,0.00873865948942114,1.709340605,0.0567685611318618,3.12559762042774,52.3568515221298,1.03853082186027,9.16490483283997,5.71275452141337
156,172,0.0100498413624792,1.633294205,0.00243718389474732,3.12983576539401,28.6108070494009,1.0979724927145,10.2186608314514,2.7998587604886
198,197,3.1442922,2.38711215,3.42914328373356,3.14614392545915,124.9118352,1.00618127517889,4.97085428237915,25.1288466939761
191,179,0.00514733870341309,1.804719935,0.0351750968161053,3.21649161605686,40.0329254218054,1.04708559724949,9.52802968025208,4.20159537336226
124,181,0.00564986260883581,1.6788298855,2.57708617488712e-05,3.22807856787883,32.9131962587317,1.04035873266011,9.90353083610535,3.32337999481355
49,181,1.8537484,2.88481925,1.79857588572344,3.38794477639965,126.063718459039,1.00057924084773,5.03985118865967,25.0133810979775
160,191,0.00375617478023237,1.33087927,0.000863448647797775,3.39512776993461,47.8265536147471,1.01113443968883,10.1171605587006,4.72727039738608
76,184,3.11377005,2.8546028,3.08746015715507,3.41813446696409,181.306006806645,1.00331129326042,4.4827995300293,40.4448170372366
125,141,2.13658695,3.2273325,2.16355316336847,3.43930601819576,131.249368498369,1.0165445231551,4.5263409614563,28.9967922469856
112,130,29.1180875,3.30006005,29.1390778170896,3.45641136440189,144.495783050231,1.0050064943789,10.3143348693848,14.0092196811572
79,185,0.00424058476912658,1.47828414,1.223536786749e-06,3.45800958150451,25.5800629394741,1.11966468764931,9.9453821182251,2.57205430976837
103,199,0.00609069502483725,1.5145617,5.30197804690497e-06,3.61485835666106,44.8787802138809,1.06915338431656,10.7224481105804,4.18549754226336
92,35,7.96458185,4.207677,7.94641804679646,3.63929083844954,111.260520882792,1.01755269711986,5.66486716270447,19.6404465783933
2,197,0.00318772362464526,1.301805925,6.21550223961249e-17,3.65421612418754,65.039502200436,1.01234421075545,10.1344120502472,6.41768874977306
160,197,0.00328006331070573,1.227647495,0.000954092289946039,3.75118269529415,43.1411093425747,1.00289015509498,9.49311232566833,4.54446422443838
175,197,11.4474875,2.9045902,11.6885452185681,3.76754804282778,162.942717957093,1.0051478482318,6.5330798625946,24.9411795637197
38,184,0.00873762991002247,1.807164685,5.50970099341869e-10,3.78211512402929,26.1402115784746,1.10136002634881,9.33925127983093,2.79896222890233
97,191,0.00289043489364112,1.58976819,8.34327683744016e-06,3.80784787313109,31.368279027863,1.03976706533844,9.15613341331482,3.42593075175678
86,197,0.00552030334951946,1.492040115,1.33059743161571e-08,3.85328491676345,62.2273387207561,1.01404793166077,9.81835532188416,6.3378576839705
197,193,0.00329604557872785,1.36357434,0.0250768592037695,3.95424876482837,62.4037469689327,1.00056994940905,8.92884683609009,6.98900408020204
55,192,0.00514101655818803,1.496071195,6.95483572078889e-10,4.1045962559509,29.1556328809599,1.04286203342032,9.41684460639954,3.09611489831171
158,162,5.3202883,3.6665034,5.44733592609512,4.13425070236486,175.169692655471,1.01057279606214,5.173264503479,33.8605715090867
110,191,1.2994347,3.4221907,1.30726111369106,4.25262866630785,109.182543632742,1.02926351554765,4.15946578979492,26.2491745696326
69,124,2.3094405,4.18485165,2.27549563732466,4.26246137116018,131.583570795077,1.00059530985143,4.72307348251343,27.8597339809021
107,199,0.00821959613429416,1.500073205,4.55627018866413e-05,4.31639080740032,46.4813773637455,1.00827528770323,10.5455629825592,4.40767149564408
7,55,2.21259815,4.84742985,2.08939621289266,4.42058183657027,134.585942527982,0.996791954292997,4.61246871948242,29.1787220061808
38,196,0.00268839971837336,1.52464117,1.80855356532004e-14,4.65471291764202,42.82125760456,1.01412226662444,9.7628755569458,4.38613166323674
113,197,0.00230891803335613,1.31159505,2.36007307249247e-06,4.66350327604141,53.0713399826225,0.996994735548061,9.40378022193909,5.64361764419023
184,198,0.00276126967566308,1.41677861,0.00810929087898128,4.68203446122794,39.460593391622,1.07653379856831,10.5820956230164,3.72899610789701
44,65,35.279642,5.0863307,35.0479944186033,4.74909426718172,108.875792121922,1.01750707630812,11.7283892631531,9.28309844421482
200,197,0.00160027050761842,1.281130755,0.351380775838209,4.78029931386543,27.2689818985553,1.1238542205299,8.59743046760559,3.17175951597429
198,15,1.44424905,5.79335535,1.5664221199606,4.96392021763417,234.047573779317,1.00477123589988,3.66101670265198,63.929665660847
200,194,0.0065270178139591,1.63936048,0.240985884007667,5.05045230494214,25.9876121920699,1.01479352077821,10.4686799049377,2.48241539793498
153,197,0.00687620636608256,1.48414958,9.92750196256451e-05,5.07814986627947,37.2651958495275,1.07985960679737,10.8076589107513,3.44803589355105
189,200,0.00909586182814927,1.53606038,0.0567224069229895,6.82456708206752,27.8901055112235,1.08987432095791,9.89805555343628,2.81773580282048
