"rank_mu","rank_nu","mu_mean","nu_mean","mu_sim","nu_sim","ess_mean","rhat_max","time_sec","ess_per_sec"
0,0,2.03713225,0.000563150375,8.5728992349182e-15,1.95477751379384e-05,8.3068359318199,1.2065471365749,2103.20416855812,0.00394960986479728
0,0,0.147893229735929,0.00288034611,1.75850856367517e-18,0.000595636959458624,30.858959012535,1.04954530491147,395.107169866562,0.0781027563305341
66,63,7.57732733009229,0.00167240448,0.0582536871347406,0.000873993244562243,2.56567031881079,1.56188161643141,1339.24374175072,0.00191576054367581
7,0,224.94931,0.0017460393,141.967520010368,0.00103402404516944,2.32703042762135,1.45116223067815,2476.24692058563,0.000939740866823977
139,143,0.124396276166792,0.00156149784,0.0301913297413121,0.00190362896854172,35.9071063469282,1.0479215056466,641.600392580032,0.0559649070701733
81,83,19.5722829349705,0.00282280395,7.48900187547042,0.0021203150626439,13.0165095375867,1.09916631267406,913.495357036591,0.0142491250090342
3,1,0.593880391623012,0.0140776724,1.00937142587132e-06,0.00331744711864281,19.7173325550628,1.12441652287118,140.835473537445,0.140002600621926
90,84,46.69840713454,0.003961049025,40.7084034105791,0.00350678823699827,23.5221015846751,1.02724623034879,599.650061845779,0.039226380653196
29,27,0.469096357142074,0.0164118854,5.71738307055951e-08,0.00372821430278547,8.74503529400732,1.15542884459682,125.193067073822,0.0698523927754776
9,3,0.5362055359959,0.0152231436,5.16274341009929e-05,0.00457779598132448,26.2268176454552,1.01927217678418,133.819208860397,0.19598694289708
131,146,45.634515055,0.0041947397,60.0276520099279,0.00538870302115036,13.4595184413723,1.01559741185545,550.441054344177,0.024452243042461
173,167,36.07676661,0.00419415817,67.0782049454074,0.00623863900529961,26.9634893244233,1.06624216579589,758.750334024429,0.0355367083417391
193,194,0.0840599880121015,0.00274248342,0.949103869020297,0.00639413186111742,31.5549038398409,1.02769184738275,363.454008579254,0.0868195235022703
38,39,0.101731019469487,0.0141088959,3.20746791377028e-05,0.00692293290504646,40.4479539284703,1.00080078181676,117.917321920395,0.343019611281338
5,8,0.359940623992165,0.02757285675,1.42196158621701e-05,0.00893704192722137,24.5331085049695,1.01878709561622,73.7559969425201,0.33262527146218
0,0,0.530552204272652,0.07077181695,9.97275312286961e-11,0.00909362288640706,7.55906158692762,1.10532144287744,45.2682042121887,0.166983906662069
200,197,0.406139780925333,0.00430077785,4.17973084327373,0.00910799489398966,54.7918904929682,1.02325462490245,330.68484377861,0.165692173450957
45,48,0.0506264463044202,0.01973410755,1.58508256910473e-05,0.011314688619505,19.7203978830115,1.00017540440641,72.5305128097534,0.271891058246587
143,165,1.3433699877078,0.007290528605,1.73458138406284,0.0113292663635154,17.1342791783768,1.06514708767829,278.962414979935,0.0614214613090771
58,79,87.0407365,0.02128236815,83.4962788163402,0.0200798614734024,70.5234221130525,1.00350794419173,148.162934541702,0.475985592018649
2,2,0.143525994962457,0.135787697,1.69140615409521e-09,0.0215036675909825,12.6491220831591,1.06811070141144,26.2349717617035,0.482147348891898
148,139,0.55313091752568,0.01610297775,0.804604999511826,0.0216632493984576,11.7204514725157,1.0529305887677,123.642481803894,0.0947930784105835
93,105,7.96436749,0.02196105775,7.35011323981197,0.0218708989536067,23.7770812247581,0.995248474658937,126.288522958755,0.188275867574471
199,196,15.1755989734744,0.01041861554,40.0088134571522,0.0219743108067,4.56735899649565,1.20681566242191,262.388468265533,0.0174068587186292
120,116,0.0361052996658056,0.0219457863,0.00451055170461068,0.0221968842561027,17.0496216781651,1.005587610594,61.2824928760529,0.278213579082836
16,14,0.07197140805983,0.065391748,1.050997142542e-06,0.0222791072094635,25.4262355271437,1.00328142495617,36.5046257972717,0.696520919522588
75,122,7.05096632682,0.02118592975,5.45984224922131,0.0243324894639215,47.1018679171608,1.03606149371294,154.754663944244,0.304364771417363
84,55,3.06717903085,0.0359925589,2.68491045816334,0.0263573154389566,22.70357976552,1.12851326802226,83.9607775211334,0.27040697377779
67,64,2.10843945027082,0.03964090635,0.802887985327254,0.0268119919113417,1.64082676526841,1.81939676753867,99.980673789978,0.0164114393619228
94,123,4.1576028535,0.02690019115,3.6235948709498,0.0294458829321398,16.3614257046777,1.09201515083123,131.662130832672,0.124268273657755
141,144,0.0317922359790003,0.0231187014,0.016094008482653,0.0297378131003036,9.80693946283049,1.13493126751567,59.3930051326752,0.165119435208292
69,58,0.199080109144262,0.0601564834,0.00337964003835683,0.0312580107161627,19.8531178499676,1.07289704086759,46.7757880687714,0.424431499064833
178,188,0.359176122742911,0.01322183605,1.16878401812659,0.0319623509647147,34.8849420531112,1.03870760902907,134.679704427719,0.25902152222077
125,126,0.401575180382546,0.030110082,0.392110075184974,0.0345008342942513,21.136539140294,1.06963633884344,69.8059177398682,0.302790076037097
77,81,0.8381833675577,0.04326756645,0.195696015529068,0.0347603795829268,11.1505286056699,1.08301437704308,58.8801441192627,0.189376720666382
0,0,0.3656429305725,0.9018504675,7.0457747889043e-14,0.0363289983668587,23.6816478656219,1.03746900477805,14.4916672706604,1.63415619633825
14,13,0.0648622417387966,0.140467008,1.31202455234794e-07,0.0364985200574748,8.37106946961947,1.06277731229682,23.2453398704529,0.360118179225244
62,86,41.9105295,0.038980835,40.0007707087791,0.0376021964528984,63.1692683016066,0.999586005613824,78.5344624519348,0.80435093498307
0,0,0.0291194791422816,0.1600276235,7.35178722855968e-10,0.0377863606027325,38.8361288004291,1.03632274628578,21.1609997749329,1.8352690899999
52,18,47.4210925,0.0508418475,45.1500167618581,0.0397832554447388,32.438287282625,1.0696424984219,61.1614863872528,0.530371140381338
196,32,96.662271,0.049766057,105.780605000503,0.0421894579458691,132.744627085516,1.01661543895415,85.3549797534943,1.55520659097903
181,161,12.9172697,0.032660384,19.5797069481673,0.043290286377658,21.5498407141567,1.07601077849363,100.383048295975,0.214676094021552
126,124,0.928119828744,0.03773467545,1.06245160253574,0.0438399912295616,5.35735684022873,1.16494109911323,73.3747906684875,0.0730135894279228
0,0,0.025652880576215,0.234702515,9.6827556281865e-10,0.0441586322256323,19.1866390377732,1.05312726974403,17.2988727092743,1.10912655178316
198,197,0.980410701204324,0.0187547056,5.53745322533033,0.0464489254713953,11.363802632351,1.11186162446533,103.371910810471,0.109931242861383
104,104,0.207994389245735,0.07131770825,0.00873648830976372,0.047038726280055,17.2837093870409,0.998303498694083,32.3291685581207,0.534616575615565
114,117,0.522870859554026,0.05039018145,0.272242295888679,0.0476341118714119,8.65811691562826,1.14283589930709,60.3066589832306,0.143568174088964
5,6,0.158634539414225,0.1909842645,7.08671218647824e-06,0.04924614078081,7.47888123045513,1.12523526699696,21.7693588733673,0.343550826368378
117,112,0.063830646811291,0.05024356,0.0320251362737199,0.0499875316020778,46.3578084374318,1.0085761649483,41.3748097419739,1.12043556759616
68,79,3.208876065,0.0595861815,2.31279087064521,0.0504705038916176,56.2378666488344,1.03080050541167,54.2237226963043,1.03714506958165
5,1,0.0352507269778555,0.2229171655,2.86114577879058e-08,0.0505980444474445,10.426292878362,1.1090240968948,19.7635223865509,0.527552360072063
1,1,0.0209692341183451,0.3064733375,2.4480675774388e-13,0.0506697236940584,21.7407399947037,1.00772365308583,15.9423553943634,1.36370940534862
26,26,0.0794066275200161,0.152492051,5.02621515165834e-06,0.0508177474591234,16.5985763879503,1.07430247544669,25.0363793373108,0.662978307059524
110,76,1.5829497117745,0.068286182,1.38631472255096,0.0530979899245587,9.17044721282757,1.08298081587839,43.1243033409119,0.212651486572018
0,0,0.0420216896797,0.282468256,3.17920387886611e-12,0.0534836531487973,31.0603970047651,1.03829653330217,19.3021397590637,1.6091685892068
162,164,16.3371869,0.044252463,19.145914871096,0.0538709066716022,46.6554616531664,1.00501572926981,60.3337049484253,0.773290181550239
199,200,0.562555345256568,0.0190836711,3.65159824198084,0.0541047146885882,32.9336142309532,1.01070495524682,125.664790153503,0.262075114204415
143,128,0.120686201339166,0.0483244864,0.148606579865721,0.0570642046611902,11.4201278650262,1.09513458199356,48.0012814998627,0.237912978741179
38,22,1.2848349391,0.128092536,0.47361584876642,0.0599465016076214,16.9876303595633,1.09949857799683,30.2843644618988,0.560937323975731
119,145,6.597450385,0.0506804775,7.65188904988347,0.06032263255697,42.1220880345378,1.05374759267669,59.3203399181366,0.710078332198825
40,47,0.0467068658284618,0.117383016,0.000241373426730625,0.0646482365361947,6.1345966078077,1.14027892974598,26.0726871490479,0.235288237562108
104,104,0.00234273012573184,0.074459673,1.178904851911e-05,0.0653121493938647,23.2417403800039,1.07144252424547,19.6709218025208,1.18152777044874
112,92,1.2288478191969,0.0821824013,1.02369220995718,0.0656779859744513,15.8865781431808,1.21304153538186,47.7481622695923,0.332716012262067
30,51,13.0073768,0.0774633525,11.122402910393,0.0670397883327762,46.6707117439966,1.03542653651809,35.7089803218842,1.30697408112196
30,33,0.15774250842803,0.1166473285,0.0066142157600075,0.0674620374022104,17.2357285794019,1.0652769055939,30.6895778179169,0.561615043441214
22,20,0.0452279001145404,0.139192073,0.000271504530112497,0.0674708376808467,30.4178167587941,1.00939208362419,23.0834038257599,1.31773533004043
32,29,0.189279079893445,0.147162672,0.00447496672792406,0.0682533227132831,2.7962927957738,1.32860285609464,24.617329120636,0.113590421693219
185,122,28.6857335,0.065858638,32.1537583852479,0.0685891407333982,72.7355671151698,1.00442794228258,48.9819960594177,1.48494493827768
194,34,56.5271355,0.081856111,61.89583877383,0.0687616454549565,113.193635402603,1.006221927413,51.3719062805176,2.203415127025
16,18,0.3218042072155,0.2102754845,0.00134723791278845,0.0693227806826993,21.590172743967,1.10050371658339,27.6326775550842,0.781327567729482
55,60,11.6815145,0.07978061,10.4023010834926,0.0697133403942039,18.2456732124005,1.11492336791538,44.8523931503296,0.406793750140542
45,43,0.0144561061317749,0.133766729,2.49496714675299e-05,0.0735013329030133,23.4578051544703,1.01349113200293,21.485095500946,1.09181758831081
44,47,0.159159912513971,0.12808421625,0.00573145956150677,0.0739477493312417,24.8957516420713,1.00848757285428,29.3946232795715,0.846949164998251
27,30,94.652856,0.0884441165,90.5709014149175,0.0739762409471591,99.227730621041,1.04041892210855,62.0635287761688,1.59880903612336
165,183,42.9845625,0.057166055,46.7007222371517,0.0746738875254822,49.7999132693523,1.04576101625434,64.1733753681183,0.776021410494377
12,0,13.05578025,0.1333822225,10.9499166692129,0.0750481258624189,60.8616074281908,1.05099229413966,24.025004863739,2.53326098260439
19,35,1.769578611,0.1190277225,0.502047863408226,0.0768343099827313,27.0756781053492,1.17806537783525,36.6089110374451,0.739592556513225
30,16,8.7942828,0.121539025,7.15776609844002,0.078521562158759,58.3523537527199,1.00495843406056,26.2605850696564,2.22205078820369
155,156,0.9051893810055,0.05921984065,1.55512808135646,0.0799074445832141,4.21114396521943,1.1898246515104,56.005517244339,0.0751915913363892
100,99,0.53031867915465,0.0959661285,0.243318687938529,0.0802611890415913,4.26083943867611,1.18384780017974,39.0008130073547,0.109250015836147
74,11,12.1986433,0.12401807,11.7523294008267,0.0806781955116164,127.456416281016,1.00921116724657,27.2396674156189,4.67907387914486
31,75,8.10466195,0.0882409585,6.34474800448974,0.0810248406463077,39.4351747503993,1.01330726591427,32.042754650116,1.23070488729834
7,8,0.0258108959503434,0.439415178,2.06571379356746e-11,0.0814746499751098,11.5013160798746,1.10395134192482,13.5483448505402,0.848909310085658
97,82,0.426389108121725,0.097777548,0.301382639657853,0.0817013820354901,19.2873804549121,1.03054668486012,29.558830499649,0.652508239632183
14,11,0.047352460319335,0.2269465555,6.09125377892632e-05,0.0860849851602858,18.8622414446703,1.00843206971657,19.2232942581177,0.981217953145836
16,17,0.00724219459973945,0.249507261,1.45053509193834e-09,0.0867679265505982,10.1146843636557,1.14885770555272,16.136617898941,0.626815633052788
2,0,0.0584601924372539,0.881430927,1.12148810573778e-12,0.0895918415950629,33.5182558994611,1.03179667913053,12.0311086177826,2.78596569645456
46,42,0.0550917730513408,0.212475549,0.000166853082770228,0.0911853165079166,19.4996311858748,1.02354547645303,20.7245638370514,0.940894647491365
34,161,107.441172,0.0828571125,103.962390748559,0.0929674854903095,133.715460779534,1.00011365933315,76.3962256908417,1.75028883390981
20,23,2.83424899,0.167208576,1.3888355302402,0.0931867444367481,40.8826606827349,1.01521217167273,21.4827601909637,1.90304506121757
190,17,42.5113585,0.1120336735,45.7812853657216,0.0937088277322019,115.751319924373,1.00953287534833,37.3356115818024,3.10029258984446
41,42,0.10306451993358,0.230461728,0.000247083768580764,0.0944110405394714,22.9605954740624,1.01368258664538,21.7084357738495,1.05768078885358
36,32,0.0643244259971525,0.1965762405,0.000575330585452537,0.0945203688243635,39.7361825161111,1.11550019401453,21.5903644561768,1.84045908982991
81,62,0.8148398317,0.1314218655,0.560968831150683,0.0947881363420236,35.640286126658,1.07635654924009,27.851083278656,1.27967324538401
0,0,0.0435610843736201,0.595970145,1.2808507388351e-10,0.0966745047395004,31.6982643940719,1.0430201932186,13.5999565124512,2.33076218773576
111,49,101.926005,0.110532885,102.180400921416,0.0993347368667,209.706618241439,1.01233249572061,60.980434179306,3.43891645023092
55,63,0.323722177115415,0.203282463,0.0147261561044841,0.0997083237170629,12.5556237447264,1.02929615116644,24.5386970043182,0.511666277248418
14,16,0.019743955678328,0.4568611775,2.83743233003616e-13,0.0998363034549166,14.4017157598541,1.00508454282374,13.41024518013,1.07393381451319
60,69,0.937817557065363,0.14472621075,0.403770105737491,0.100420338770585,7.12601463740797,1.14809032464598,31.4419858455658,0.226640094312393
93,73,0.595520286371094,0.1236220309,0.417268385855291,0.10057129438634,19.9883037841225,1.09398414558373,37.5021305084229,0.532991153119506
31,34,0.0131233533888176,0.166414033,5.29287658076464e-05,0.101346657233425,43.3032619994472,1.00398218039252,19.1296648979187,2.26367070361795
88,85,0.0313880238770331,0.1450983365,0.000940311213781695,0.101418940092471,51.2179000341298,1.00063107934639,24.5324332714081,2.08776273708744
24,17,0.197574480153717,0.5878699325,3.55844421367473e-05,0.104737723004103,1.98715130796695,1.62908488021797,16.3767096996307,0.121340082618168
132,134,0.0157847181138116,0.1045624005,0.00118920979203086,0.106251802731851,33.0880594669856,1.03277694362965,21.5816895961761,1.5331542657739
38,29,0.0635343888783049,0.2639563815,0.000263918018597343,0.106826383315584,18.4120127936734,1.11937553008226,18.7192089557648,0.983589255143349
115,120,0.190353877606006,0.096889336,0.106732990304784,0.107581135619135,8.83577641043329,1.131935253424,26.8737823963165,0.328787971865262
180,185,6.03902885,0.075157417,8.82661188734852,0.10805280616048,24.3296173788189,1.05967181295603,35.0736448764801,0.693672341853869
67,67,0.105069652820926,0.1660709185,0.0114516311838566,0.109511992864636,13.7241685461513,1.09567189658107,22.0861694812775,0.62139197825976
142,145,1.7313206975,0.0861570545,2.55283541072937,0.113170258900371,21.3038740039428,1.02379906592656,37.3814890384674,0.569904371172054
158,145,0.576320820623224,0.0950347605,0.955897834810464,0.114874652073263,18.8777465902469,1.07645466784578,32.7735416889191,0.576005692928499
26,20,0.164557523977316,0.62945893,1.02417990926161e-05,0.116514786660136,4.54586926755938,1.15658740883282,14.13698554039,0.321558599219871
165,188,17.87428,0.0926583965,19.4251420299312,0.117195028873376,107.429672741579,1.00686381970555,30.2727851867676,3.54872113942584
39,59,18.841673,0.1358019715,17.6553017131321,0.118461032024018,133.722365475348,1.00946140354759,25.0898125171661,5.32974749746962
41,40,0.0347557126861417,0.268127971,3.1321662558556e-05,0.118793461896371,11.3142510225201,1.12194401109652,16.8966002464294,0.669617015109948
20,139,46.444635,0.111337919,43.1102944951062,0.120671609426918,84.1437597615109,0.997816801998861,34.2522621154785,2.45658985902384
111,81,20.031643,0.124386731,20.3780586893332,0.120958167603536,99.7133821314897,1.00921825125097,25.4657604694366,3.91558627323002
40,41,0.168659574280213,0.224840901,0.0079505599287604,0.123285639657845,31.2293479119351,1.02439807341668,21.9725487232208,1.42128927805865
141,152,33.7006275,0.1128801695,34.5534226555042,0.125269288213322,160.121275404758,1.02489552623252,31.062310218811,5.15484116528429
23,26,0.157728410468038,0.4910829735,2.80398231092515e-05,0.125344181334465,1.79842976227712,1.65012189613417,17.2319750785828,0.104365852090417
1,1,0.372205561879765,1.419712555,2.50013200315887e-05,0.126942649028987,20.8415824537223,1.03333019380962,15.0948715209961,1.38070618386734
178,153,50.372557,0.114343978,53.3117543584151,0.127511000696867,118.878859863252,1.00024436665173,33.5280702114105,3.54565172148782
90,117,0.0183546937747147,0.1193766245,0.000923084381120283,0.127816517010695,36.3645684990214,1.01193463733971,24.0231702327728,1.51372896027737
32,42,1.476034295,0.1987765145,0.70069626282228,0.128543536924125,53.7316097114265,1.00894141442707,19.3756468296051,2.77315179121283
84,117,15.6587275,0.1281685205,15.486918332611,0.129575082161963,64.9094187042149,1.01375327896098,23.9507462978363,2.71012092471118
72,82,0.00459459616409635,0.142634381,0.000376952090261882,0.130335265420141,37.6729002336416,1.0082528040451,20.1811633110046,1.86673580967946
98,97,0.5714165926185,0.1440507495,0.462925979931273,0.131179607113412,31.6272010359373,1.01333788203089,28.010365486145,1.12912489669516
166,170,0.273779666459066,0.077075613,0.690293427545861,0.13153045714711,11.3458086028871,1.10424987689206,32.1335430145264,0.353083025975632
146,57,52.6390195,0.143004497,53.8009328610188,0.131531842450663,189.394611767156,1.0031331537987,29.9156095981598,6.33096280875409
22,9,0.00205319255801733,0.4018136085,2.65122809334209e-11,0.131729307754158,18.4543683210361,1.00770147095612,10.3448543548584,1.78391765490339
62,48,2.443928505,0.1686551305,2.03750427081619,0.13226881150579,48.626941805228,1.00677470398947,22.1635015010834,2.19400990420449
15,53,56.889932,0.145748836,53.8418506362409,0.132269696241809,129.745154735476,1.00383709169652,32.0863671302795,4.04362245836915
200,200,0.269784536884769,0.0370840728,2.96424370573025,0.132800149683864,20.2838596738518,1.0124909743519,49.7850000858307,0.407429138071345
34,32,0.355661689014145,0.290733667,0.03656564100187,0.13389892988281,12.1539843733313,1.09670622787599,18.4576396942139,0.658479880130143
93,79,0.0213721783082023,0.1770701555,0.00238665253308794,0.133978118013278,45.4761626220308,1.02905417861628,21.190262556076,2.14608773731268
59,8,26.681783,0.18260593,26.0241455939657,0.136754994588947,106.907789741218,1.01046484217432,23.0815289020538,4.6317464581692
45,22,0.0339725585632393,0.2991160895,0.000413712995143318,0.137275239638233,43.8588319186806,1.06838091475107,17.2546133995056,2.54186117667158
40,48,0.125532573943682,0.2993157685,0.000886134406004431,0.137286267093808,31.335438948724,1.00777222349859,18.4634153842926,1.69716373143953
1,12,84.751362,0.170792365,80.2040174401787,0.138705525690602,179.295201618309,1.01684782899517,36.3653819561005,4.93038136749808
10,13,0.0204167577005301,0.6397777,1.03382567178677e-10,0.140396875986151,18.9618526105633,1.01358820718914,12.5246479511261,1.51396292211618
47,42,0.226649356737963,0.2708914195,0.0327383560809945,0.141376315287219,10.2344558691559,1.09692091023962,21.5966501235962,0.473890895605789
83,60,5.9701847,0.164168146,5.89015204854626,0.141529253632781,93.3105191948398,1.02229880309723,19.8953502178192,4.69006668257925
58,91,2.1545740275,0.152615958,1.7021702059898,0.143208558489115,35.1738050155141,1.02456206324601,24.0236034393311,1.46413526614946
46,58,0.35468913744,0.2154125105,0.0696095235274996,0.143597993751962,33.7596756747357,1.02452699815188,20.64533162117,1.63522079926864
146,140,0.0276885016573306,0.122044031,0.0330770516685726,0.146829977180139,18.5385571168719,1.07595813619985,22.5036211013794,0.823803290739533
161,175,86.986992,0.1277938855,89.0084189437676,0.147666584024245,139.510000618987,1.00195990096719,41.7198553085327,3.34397134379452
0,0,1.9146935,0.441583,0.414471665460695,0.14776326375477,32.3934785822617,1.00040099795272,11.0914213657379,2.92058858049764
127,115,0.00573762243340912,0.142953727,0.0010160613911123,0.149825504643346,13.8209248573203,1.07293684380262,19.051741361618,0.725441553870982
143,187,9.48322605,0.114125893,10.3525008026422,0.152512898687573,47.1393935806384,1.03065110748668,24.4747612476349,1.92604099805851
114,99,0.010251057453666,0.1623519965,0.00384188270414508,0.153953037915908,34.6036904183391,1.0157548643101,19.5489835739136,1.77010176961398
149,167,14.9859408,0.1301454815,16.0881243633649,0.155346805873037,101.291158701246,1.01336110163143,23.5762724876404,4.29631778112281
95,97,0.00746341128351196,0.184105695,4.84699515563665e-05,0.155708368552549,28.6454832882717,1.04560721358638,17.6253459453583,1.62524374710589
94,109,3.492837855,0.1581169845,3.48496718723206,0.160334754840343,30.1467095736312,0.998863418926542,19.827342748642,1.52046141310065
47,98,11.27664425,0.162504314,10.5244041169021,0.161468946156379,24.9471785566117,1.07873669820843,18.6568098068237,1.33716207727472
169,159,0.291902661121544,0.109674488,0.649548383148566,0.161916299202954,7.46683147553395,1.14566226469479,30.4137983322144,0.245508022180349
54,1,0.00263888069649512,1.376599195,3.89513990821501e-11,0.162065894721509,43.5232137084135,1.0473203843625,10.1777813434601,4.2762967919703
55,56,0.183457746363494,0.3540266305,0.00630746441424467,0.162351761963135,3.04106798722944,1.25876659968459,19.221408367157,0.158212547652107
144,129,0.030645054193888,0.143692002,0.0342206256807895,0.163485627685986,45.6726421145653,1.03497399279515,23.5162422657013,1.94217433204366
34,32,0.00629490562677345,0.3522522855,1.58062743871803e-06,0.164277668037758,7.9529732246391,1.15922970025211,13.5544798374176,0.586741307673397
70,81,0.0914003358198359,0.262870994,0.00471491884784079,0.16454134279101,21.0043337792136,1.00347709855993,19.8681235313416,1.05718759731284
0,0,0.0964525665675624,2.30853883,5.02429735572257e-13,0.164548824377108,2.99220418070193,1.42210420906894,9.32796168327332,0.32077792365587
95,100,0.076130794303078,0.17300113,0.0271974059873373,0.164803077708013,12.7167471328261,1.04713205888989,20.7849354743958,0.611825191783317
51,93,9.5812626,0.174020169,8.99115756357603,0.167811995960933,71.6460613139633,1.00434560200759,18.2141907215118,3.9335297631064
170,174,0.488400680497258,0.0987326055,1.04741951735173,0.169079883776905,12.9754894286245,1.06999541893021,32.3582692146301,0.400994544626568
2,4,0.41869175525,0.51429914,0.0147032858817149,0.170917035601999,36.118570053766,1.00104488852296,20.7107167243958,1.74395558272597
6,5,14.156453,0.243509315,12.4424829383914,0.171380675046806,48.2531988685036,1.04247942704048,16.2980847358704,2.96066682990691
27,20,0.00383725142510532,0.4880123,1.2499078416546e-09,0.172374362860165,17.5419212931464,1.0405647404728,10.4274599552155,1.68228133874277
33,36,0.00987260858484817,0.4296605715,1.15473576205457e-08,0.172553021361487,16.4440792236664,1.077286734635,12.0173254013062,1.36836431356674
90,87,0.0545680152491137,0.2507588325,0.00529805882589328,0.172680913985872,17.7912167599966,1.08526867536994,17.7907860279083,1.00002421096446
117,109,0.0704542481202747,0.163273328,0.0301704045566558,0.172968399096212,5.71029785167543,1.1859566255397,23.5997450351715,0.241964387461186
89,101,0.0368805383065699,0.212820137,0.00100464962546454,0.174449038524371,27.8590937447256,1.01947207615071,21.37313580513,1.30346309492119
57,196,55.853992,0.1291700845,54.4666469561944,0.175458803925853,152.928815530755,1.01476502882864,33.4502968788147,4.57182236931387
169,178,0.0478963693560006,0.0909036855,0.0893428066074643,0.176969978977979,5.31642821233895,1.16561200917199,26.2984731197357,0.202157295905869
4,4,0.423587145085,1.02749504,0.00192036510698695,0.177044057148527,9.70598190571089,1.16900075739187,12.5916295051575,0.770828104633747
25,1,0.00112203723196446,1.317064845,1.83677341175569e-13,0.178327923122846,43.1606421482271,1.03502436818744,10.7077307701111,4.03079261842324
69,139,6.55814765,0.158043466,6.19020648499508,0.17921317295674,66.8331272800712,1.00711804106866,20.9831926822662,3.18507904359829
62,61,0.269639485221323,0.280971461,0.0544801428706083,0.179338892623638,15.3299242802748,1.13007840589849,18.6759669780731,0.820836977184269
24,1,0.00786857817302291,1.53382377,1.58308048741454e-13,0.179427652223465,30.9321232665538,1.05457592159111,10.7435779571533,2.8791268039302
8,9,0.0182322710408142,0.749675958,6.76418867773004e-11,0.179612819380828,9.27983326914554,1.12094181356466,11.1102514266968,0.835249618820243
29,22,0.0487616604925685,0.687685745,5.77775112554131e-06,0.180720517326401,19.3345721630941,1.02856361818373,14.1281175613403,1.36851721959057
42,43,0.40254899826,0.338472312,0.0789495261967347,0.181733066141765,33.1782426468984,1.00292111797407,15.0801255702972,2.20013039627789
61,39,0.00788130364603231,0.4727959315,7.71327307660239e-07,0.18540004763835,10.3887188110729,1.09564637995941,11.9355449676514,0.87040171514826
45,52,0.114375510300946,0.4077287365,0.00198739497416907,0.187419416539393,30.2732076189372,1.06652850900072,16.6756205558777,1.81541715449185
12,4,0.00407294411768966,1.4992376,5.34187538975247e-18,0.188859494398518,26.9819056109198,1.27274125687753,9.80422782897949,2.75206840167119
10,6,0.185913720215,0.623837765,0.00403916133426935,0.188869026831848,4.75987502608865,1.29365264081883,17.8681268692017,0.266389144252887
173,172,0.232562767388934,0.0935306716,0.66000232135371,0.18920561312353,14.6678120741462,1.05385805280683,30.2394473552704,0.485055560104004
169,123,4.1197076,0.175609769,5.1719385525641,0.189862574323799,63.4133031755665,0.996595813268913,19.560697555542,3.24187330208989
30,25,0.0468230635941555,0.6493405475,2.20819392874729e-05,0.190576918603978,23.2948515594007,1.03989195913368,15.8575844764709,1.46900378137446
169,162,0.00844820937877111,0.120990151,0.0171887623784932,0.19139988067404,17.5604115445683,1.07935220839153,20.5998425483704,0.852453677902384
72,86,0.325677641461702,0.27940443,0.0776141866944053,0.191496872278783,13.4542322324927,1.05280024581771,22.2090218067169,0.605800307171728
50,55,0.00634567361878672,0.328706022,2.49998060878601e-06,0.191788469625414,6.37229480384925,1.14736168004031,13.4431912899017,0.474016523787473
186,178,25.8568075,0.1581317825,28.2561258332134,0.192106390696083,102.529664270039,1.02306878304837,22.8297877311707,4.49104763817186
10,4,36.1272815,0.249782185,33.9302171292076,0.193183871392307,137.253293086783,1.02376679259525,22.5207996368408,6.09451241963256
19,84,7.1812024,0.202195,6.13934227987151,0.193506018721836,52.7054953778664,1.01927076999154,16.3695857524872,3.21972077820346
109,101,0.00543729301649377,0.2150166155,0.000680820046377897,0.195384939529461,32.9773992013017,1.0387014610858,17.324410200119,1.90352218750137
30,34,2.3425009,0.25587034,1.64726077789287,0.195836494332404,52.5293223868004,0.997959864133466,14.1720569133759,3.70654187376444
12,41,7.77564655,0.22826539,6.55973334724443,0.196148567535295,122.977230842014,1.00287346357871,15.4787476062775,7.94490833303209
147,170,0.0700570569254387,0.1247273355,0.0926673632777159,0.19716968707845,28.765302457503,1.07158338674091,24.4313318729401,1.17739395490605
150,158,18.3558225,0.174165645,19.0936432477342,0.19743172252899,73.0357618538762,1.0095991885585,19.9272966384888,3.66511138860705
79,67,8.35328125,0.22012253,8.10798310262714,0.198527250900924,62.5870854707089,1.0287484170177,15.6767036914825,3.99236259754745
3,1,0.00651044274342452,0.749804935,4.48891398761865e-10,0.198641665092362,25.043381969853,1.0515816343068,9.85874605178833,2.54021980465865
184,17,7.25523625,0.253297605,7.92332022429887,0.202288247498252,73.7304144618366,1.03202025337262,14.922349691391,4.94093865823109
31,22,0.0539532959986562,0.816589492,6.19684207073529e-06,0.202959409178982,4.04484275495615,1.37905396751527,12.6743590831757,0.319135881223801
0,0,0.0121454822593292,0.71988532,2.47669723649461e-12,0.202965934501307,13.3280994185906,1.03560302385151,10.2645707130432,1.29845658344529
80,61,0.54851048802,0.2600884515,0.382837717857855,0.202994160125205,7.48797547869162,1.14596107844655,18.5686891078949,0.403258164062208
179,181,0.00267984548114005,0.1286472005,0.00747136312074101,0.206006222008522,42.4041689454381,1.02041499578391,18.5393769741058,2.28724886519458
41,131,44.7321475,0.19589394,43.4525751277209,0.20615399732144,114.922569993419,1.03007595239548,25.4896404743195,4.50859909574648
3,12,0.0332918842418806,0.835690255,5.14677185226878e-09,0.207402245904426,6.87552228831623,1.15403970968939,10.9090576171875,0.630258133157502
42,56,2.651509935,0.260119815,2.06181159017475,0.207921715092395,18.1956116451386,1.08584448151918,13.9217662811279,1.30699016760569
112,114,1.0339326685,0.198419976,1.14322254703013,0.208517402289603,5.41891849939587,1.18016641510188,20.770747423172,0.260891839325458
46,29,0.243942501915,0.616849065,0.0135067535210013,0.208883958250755,16.9858994998021,1.04164363275244,13.5022740364075,1.2580028707758
199,200,0.262274991786118,0.110666659,0.86139796538932,0.209287686933508,27.602579642594,1.01532083715634,28.0112347602844,0.985411028068288
141,60,27.866712,0.22874692,28.5549793511784,0.210278330479843,98.4024821758383,1.01094534600239,19.6500084400177,5.00775775624805
65,57,21.630649,0.231793045,21.1500910630323,0.210328063158485,151.974037084728,1.02076373068907,17.3413989543915,8.76365496719297
105,140,3.577748,0.1899715695,3.65466690409917,0.215559443627032,55.6552236598469,1.00069624241924,17.5237135887146,3.17599482427568
32,33,0.0768595005732549,0.5769901225,0.000118452941426324,0.216007644063692,13.1739832065263,1.08376287134779,15.5836803913116,0.845370469345046
62,0,0.00921521056771043,1.71637725,4.55348244083241e-09,0.216371766039556,45.711553045541,1.0295222219672,10.9059157371521,4.19144564722979
190,200,0.0367142311484734,0.084152668,0.214831239940204,0.217507040803199,5.40022637218937,1.21098012629938,24.6521232128143,0.219057252211943
0,0,0.00274958005146469,1.641300195,2.00927567444157e-32,0.217543238894761,25.408910123028,1.05276542729424,10.3440573215485,2.4563775444377
124,106,0.01777728747082,0.252955428,0.00290698010197242,0.218069880311801,4.3014702534793,1.23111420170048,15.9920477867126,0.268975575288943
33,21,0.6743860965,0.43754225,0.327025899869411,0.219698381912224,5.90690294252852,1.16752859392344,13.1260638237,0.450013272970928
96,99,0.067923384574589,0.3851748795,0.000912365194954951,0.221026531503492,10.7314803217855,1.16638322249012,17.228892326355,0.622876974242251
64,137,14.726452,0.206163375,14.3394412583505,0.221201712479894,39.8473590959584,1.05404014050801,17.4298582077026,2.28615509209071
82,83,65.3771445,0.22968944,64.9824555972349,0.221428158417901,91.577948192663,1.04436594576349,27.1237940788269,3.37629565858375
112,150,58.5773495,0.20659234,58.9065566279628,0.227683203210024,189.41889120031,1.00588334423682,27.0490770339966,7.00278574985161
192,145,18.5055265,0.210246295,20.1331031928,0.227872747034637,121.23874446473,1.02998252308688,17.8781766891479,6.78138193691317
37,31,0.0746180723724569,0.648022716,0.000491927750691677,0.227911216691287,10.8362876947309,1.06819304341882,15.5041778087616,0.698926949135422
192,176,6.1929618,0.1816778715,7.72175927409587,0.229000941357698,60.2210311600446,1.04471864842586,17.7128121852875,3.39985715029853
169,36,168.613965,0.26451141,171.098699707755,0.230416215466896,156.394987859928,0.998956577525654,50.2595639228821,3.11174581816705
0,0,0.00771970964455056,1.64070866,2.31334369035219e-25,0.230574211852765,40.4336732566394,1.03638839098313,10.01016497612,4.0392614260701
29,28,0.0222832629270136,0.7378436255,1.69182574830522e-07,0.230938054915356,3.89488718891141,1.30093186095105,11.0328025817871,0.353027905651195
12,6,0.0373283600350412,1.165959415,5.29782274149917e-07,0.231968930469923,9.67987444614909,1.09658714153114,9.7010509967804,0.997817086969408
114,145,24.6310775,0.212482995,24.7586643948923,0.232062470014265,137.39342003504,1.01550982413364,18.8518459796906,7.28806187908899
69,63,0.033645106336027,0.5917818315,5.71382846377437e-05,0.234923314106692,15.1741044492674,1.01367803077181,14.4136397838593,1.05276007148865
80,67,3.099960335,0.25476681,3.03520636292388,0.234942068381006,23.6468831593721,1.0728564003023,14.4014670848846,1.64197737772086
50,41,0.0421872366307216,0.583726075,0.000148364523980141,0.245068029599365,20.8666172015371,1.05259586321382,14.984786272049,1.39252017497637
23,36,0.0082461419077903,0.54481303,4.45954047146559e-08,0.248536284470616,25.4492518918633,1.02669594869773,11.4269516468048,2.22712519300625
31,1,0.0109406741660526,1.86511957,1.77223581393661e-10,0.252555916096768,14.3501924292526,1.08833658564013,10.3472197055817,1.38686457208516
55,61,0.7312903681,0.354555768,0.410668676628916,0.25322307495987,21.9990132812622,1.04165761478606,14.8408722877502,1.48232616349784
200,200,0.20973379742585,0.0999103565,1.14889113320255,0.254452481122888,8.68944353334184,1.06983268808178,26.6884658336639,0.325587974501752
108,116,33.7031465,0.25041839,33.8400461046327,0.255116145807267,122.169792199106,1.00301751789246,21.6456875801086,5.64407075298336
130,131,0.0648447749591705,0.2188707145,0.0563593880113893,0.257428887500267,20.5096437495886,1.0181582659821,19.6859962940216,1.04183925686388
43,34,0.0817838603717955,0.81054705,0.000377110914731016,0.260341736676476,8.21905211061183,1.14730690034646,14.2259697914124,0.577749863884383
140,153,3.92588715,0.2322990125,4.23858962358288,0.260452287852412,110.056988792248,0.99816352499061,15.952543258667,6.89902462621154
85,84,0.0207686847965835,0.3809366165,0.000366119337540739,0.260739504018438,4.34115925676373,1.24985712430801,13.1647083759308,0.329757343102316
139,158,0.54851780067515,0.195718871,0.751140151506065,0.262819823866552,15.2148379026429,1.12074050077788,21.5360777378082,0.706481379194322
45,43,0.0245365981361695,0.574309473,7.64174903963654e-05,0.266391650238169,5.05598653940308,1.14560517060262,13.950986623764,0.36241067931287
47,75,11.515766,0.280757785,10.9082930765617,0.268356519753235,136.378804550524,1.06099281136961,13.857435464859,9.84156158593458
22,12,0.00805593505070376,0.691714505,2.53749109144694e-07,0.268582347382383,7.70490414573441,1.1006539511334,9.09664058685303,0.847005449118213
11,14,1.017907208,0.505880445,0.42304609765731,0.270500830990279,34.7640564352956,1.01411781490947,11.4897425174713,3.02566018189122
47,3,0.0041928239592007,1.465461035,6.99150448003927e-09,0.273080259011121,29.1548550370771,1.048367113909,11.0180802345276,2.64609209739769
132,148,0.483408777830006,0.202698426,0.646294965568348,0.276268074398084,12.7556951537415,1.10104265857794,21.1139051914215,0.604137180597177
137,124,0.176404131174442,0.214512454,0.249004085105851,0.277830377912003,20.0186474674805,1.01608017880468,20.3362052440643,0.984384609971592
130,115,0.221326159684701,0.2609299845,0.265183661556992,0.277841118455172,19.4983735204561,1.07969956187236,20.2571713924408,0.962541765714246
56,46,0.00549121572416886,0.5137950385,3.4268238397864e-06,0.282312886116349,14.4134901838064,1.26941840387305,9.92810487747192,1.45178665633482
133,137,0.0412592843206241,0.240044456,0.020737004467622,0.283730085850155,23.5062157557117,1.06735762355164,19.1532335281372,1.22727140151973
43,38,0.0054033756354988,0.652899375,5.73806478914104e-07,0.286156640514715,16.2673430707004,1.00206669823184,11.2400104999542,1.44727116320457
117,121,0.241300216116636,0.248198167,0.271441139894156,0.287353980970402,10.7849838247626,1.0339801601096,22.4858109951019,0.479635083080253
69,76,0.27952843443468,0.4454069625,0.092404851301897,0.291255197060836,2.78856218495568,1.33347585475986,17.9273674488068,0.155547778719808
51,58,0.0921289601306,0.505823393,0.00346974062248399,0.292217260331419,26.3328903762792,1.03564053598723,16.9062757492065,1.55758079229928
51,60,0.0222489321298075,0.541016517,2.07532854437606e-05,0.292311045049431,4.14343211368831,1.19313177271678,13.0217189788818,0.318193943549848
22,9,0.00501794726406083,1.323914975,7.95773494284311e-13,0.292402839874487,38.3632680418523,1.03105127567781,11.4473328590393,3.35128440085142
72,45,0.888534165,0.423432495,0.740181802840174,0.293167078596577,54.4421545561667,1.02368633263968,12.4651470184326,4.36755013604423
197,199,0.0445877265481567,0.124426043,0.272385576452664,0.29475448474201,30.6753540146562,1.02070522513067,21.9520139694214,1.39738222002711
3,15,1.30407529,0.55878987,0.55994168301839,0.294930399365159,32.0175201195095,1.00094894010897,10.0073668956757,3.19939505099436
197,194,10.74970145,0.20899147,12.3971807988635,0.296071036578139,82.2158069657241,1.00334439393043,17.0446062088013,4.82356740651894
200,200,0.0097144124735806,0.1147006615,0.150518955696179,0.298725593294064,23.2184214708992,1.08911594992927,20.5146200656891,1.13179875603606
20,46,0.0161388128837774,0.807852715,7.16959164078789e-10,0.298796739559854,18.4712906964145,1.01220916897777,11.0732870101929,1.66809463887388
56,45,0.3620392708,0.42243323,0.206949418148194,0.300343924306876,33.3255827434425,0.998157252107045,15.55837059021,2.14197126557793
140,12,5.4007275,0.396226885,5.63024343174301,0.301384788909903,93.3204159026063,0.997347914313048,10.924072265625,8.54263992707733
15,25,0.0199346022390804,0.8213838,2.36685182713987e-07,0.302137059230234,27.6354651091823,1.02105587985795,10.8155391216278,2.55516297416185
59,73,0.0189016341440437,0.514995065,6.75702401974004e-05,0.307178710409368,3.55280347881023,1.24359667577745,13.4776566028595,0.263606915022338
200,200,0.00247264717639128,0.1214789675,0.0567794767402942,0.307835687926868,14.846468489206,1.069645211072,18.186628818512,0.816339775631969
112,142,79.093675,0.290897465,79.3139863259608,0.308935303413483,116.417017280583,1.0168105218601,30.0509650707245,3.87398597704258
80,25,27.8077925,0.36601506,27.6174052442454,0.309007097894422,150.785871657937,1.00716329745651,15.8970990180969,9.48511873054859
34,68,0.0510584529326893,0.588502359,5.78951724885393e-05,0.309154307257994,5.00737436377239,1.21212652164156,14.1930794715881,0.352803940384904
82,137,2.45973126,0.2731778555,2.38986391938135,0.312190391605655,40.803853755216,1.00241549948111,14.5536551475525,2.80368425261732
36,6,0.00735375075735371,1.54170455,1.0523891890985e-11,0.312266541708407,31.9257961382741,1.04055158441802,9.45559668540955,3.3763914854297
49,80,0.497626131,0.32989834,0.31071546157203,0.313330218757398,63.9609300695246,1.01788764248269,15.0278916358948,4.25614794271946
55,62,0.225290143500291,0.4960433915,0.0351656366135489,0.313609265831116,7.99370901837404,1.00069239344044,17.4686663150787,0.457602708426228
29,28,0.157626776842,0.59126682,0.0285889469592195,0.31543478147903,2.15178796072345,1.56962726828947,15.2318456172943,0.14126902378004
172,154,0.226622735088295,0.2059707195,0.561787817998157,0.31550044476127,43.6457477136867,1.00237913624523,20.033802986145,2.17860521758506
91,65,0.0338777982716061,0.58592393,0.0020170255934903,0.315653648036312,3.78480257061819,1.46064703789131,13.1587324142456,0.287626684050568
3,4,0.00678670413924919,1.632786425,1.5249426998488e-17,0.322025228875759,33.9183813527725,1.10860978119556,10.1692488193512,3.33538710236186
44,50,0.236120900059098,0.5103892065,0.0444508174858088,0.324119502826738,3.80018283898937,1.36499578209277,16.4688048362732,0.230750371795002
48,57,0.0285865537089367,0.758772919,5.47102395445209e-06,0.325291464591848,4.19870913490577,1.23963752983529,11.2204496860504,0.374201502826195
85,94,0.0982021176868439,0.355395723,0.0295358771150946,0.327273363252292,15.5965502706163,1.00309781567636,18.0763900279999,0.862813329788617
174,177,0.0182944901287228,0.213821685,0.0468728204192316,0.330514616516913,38.1046164369194,1.00442264630055,18.6430809497833,2.04390124891681
89,69,0.0132030189671443,0.4697277775,0.00175087137994331,0.33314256773503,11.0974092142903,1.14372075895079,13.00359582901,0.853410807303997
105,115,0.00819162977625442,0.371095096,9.12397290447438e-05,0.335732719362515,16.3547818222255,1.11138221012582,12.6027374267578,1.29771662047814
143,122,12.0415915,0.324515895,12.439680385399,0.336674346456912,105.209687244158,1.02544974204614,13.580641746521,7.74703355024513
128,126,5.07163945,0.32639379,5.29347758749084,0.339242035791056,84.5796987075437,1.00911229074867,12.2221064567566,6.92022271339214
188,195,0.0203452360724858,0.1913916805,0.0866851468944968,0.33968770898894,14.5511894664496,0.996539529743445,16.7956264019012,0.866367774458381
70,88,2.08314243,0.35651702,1.93132004115655,0.340058287795801,38.1787941252979,1.03113708666839,12.4303865432739,3.07140843869867
71,61,0.109683032651134,0.502402301,0.0341405589781184,0.341556409877452,25.0129751007166,1.01386290004047,15.8005800247192,1.58304157578931
78,84,0.114329508398799,0.4062650485,0.0435546671103108,0.342715158544055,35.3832750051532,1.14796654157458,17.6147081851959,2.0087346683887
85,6,0.0020286174186728,1.354235975,3.21144227291538e-07,0.343263149202414,44.434184175097,1.07888635916433,12.0412106513977,3.69017580220966
122,133,0.00872474354286887,0.2937136315,0.00236960696051192,0.343941388974478,20.1383665693047,1.07863863768638,13.7739634513855,1.46206040406467
112,121,0.015094943365456,0.331499316,0.0018026932161574,0.344247371041516,14.8495110744,1.14959861165105,13.1413927078247,1.12998001083692
168,144,0.0237251012985495,0.2769275675,0.0583818941800363,0.345278238847161,31.8992111572208,0.999630734762611,16.4558734893799,1.93846963990137
69,75,0.0363903914650822,0.512499498,0.00117810131650641,0.345374550755678,8.89022529713119,1.05628303938462,13.059173822403,0.680764757252871
40,60,0.0239314550333611,0.6991809545,4.04399025375738e-06,0.345733407949653,33.8017362768839,1.01112555585307,12.4503293037415,2.71492708764949
79,178,10.02487435,0.284817065,9.93057272286488,0.347080331813967,105.443230677566,1.0076574808184,13.7755734920502,7.65436232026322
112,171,4.45346155,0.277825535,4.5802958582524,0.34927334561096,25.158850354058,1.07732535877301,12.9663395881653,1.94032017926024
63,57,0.22111625488107,1.028395085,0.0189551735455014,0.349395662861819,3.24798285785367,1.28656095994772,12.126754283905,0.267836123484788
111,60,43.1128415,0.38250541,43.2101459854344,0.350495811486417,166.115083504821,1.00012265154187,20.0497286319733,8.28515370726353
200,197,46.798368,0.26743426,49.9951590330158,0.354115130467242,205.105767441197,1.00662260659154,22.6513590812683,9.05489894470883
34,11,0.00511623375275886,1.672276245,2.72108747247764e-10,0.355430565194747,31.7327507715961,1.01701908441322,9.31490039825439,3.40666560187189
31,33,0.0325829585113982,1.060348295,2.78335614432882e-06,0.355532430559371,32.101007565269,1.00880958073184,10.444384098053,3.07351848265071
22,34,0.0269116148992188,1.009353445,3.58392965396562e-08,0.356561209868121,25.7443019696151,1.00421498299427,10.5152990818024,2.44827101629167
97,21,0.00260492506103417,1.43849719,1.54368697451736e-06,0.357717261423411,50.1754203758727,1.0622824952788,9.61723017692566,5.21724232994414
89,79,0.0639735654875273,0.495868503,0.0163987852041038,0.361206428700403,2.44878720548945,1.36600859273288,15.7757906913757,0.1552243721659
71,86,0.0437193589101125,0.4339719785,0.00674972631676461,0.361995411499059,27.953043742719,1.05483048290626,14.8612670898438,1.88093273431726
192,195,0.00256446841593275,0.1435422315,0.0244106987159652,0.362962110777784,4.74680625139704,1.16312455697654,16.6147818565369,0.285697777580479
49,46,0.0425225581135607,0.704949795,0.0010518543823446,0.363605373895696,38.4085172813496,1.02108841809253,13.8945269584656,2.76429110513534
31,43,0.0436577078524506,0.860888633,1.32528905836531e-06,0.36673389253582,2.48954682604553,1.41671169158719,11.1435036659241,0.22340790658672
72,9,0.00275844697449526,1.626486075,8.92088244285719e-08,0.368508338500291,38.4112112271358,0.998895462536045,10.0238091945648,3.83199744543855
17,63,20.816181,0.394528265,19.8400037536215,0.369290396458543,162.24477537947,0.997068002487708,14.0829315185547,11.5206677789853
83,89,0.0219772170812967,0.5042782925,0.000707086481745331,0.372211676716516,10.7263212023752,1.06403096464129,13.5390620231628,0.792249949370528
144,142,0.00349421276021511,0.278848482,0.00262218114831691,0.372816973887307,8.65836014569842,1.1661653287473,13.5187957286835,0.640468302019504
101,172,4.70159815,0.295812915,4.69190569553331,0.377565322496128,40.4732824347625,1.00266657468693,12.7729001045227,3.16868386220538
131,9,0.00288812655672377,1.46775001,0.000101519812226646,0.377951207786307,27.9616689064018,1.0969705222686,10.9828808307648,2.54593210445085
12,3,24.9387695,0.49928019,23.9711818658953,0.37872614897182,161.233908997543,1.02274553912335,14.1141712665558,11.4235477204102
2,10,0.00939852072214515,1.56899629,6.34198169024373e-18,0.379391323407183,41.2698923880413,1.04035938248855,10.5784385204315,3.90132176013798
88,97,0.0104897305996364,0.425972475,0.00130421414838221,0.379614961785389,12.8435820418035,1.10218959992262,12.8615825176239,0.998600446267346
92,103,0.0130681085256136,0.4277407325,0.000609880719731587,0.38000241806133,2.82571513619353,1.31786512063011,13.823282957077,0.204417079862122
58,26,0.00333080436808798,1.285765305,1.17884907612521e-09,0.382502680432402,39.2981504866531,1.01406021750307,9.09658265113831,4.32010041504274
85,130,3.44174945,0.353745855,3.36612507510519,0.383930966815035,79.4715165525396,1.03733283943868,11.4067184925079,6.96707967367981
106,107,0.00140317924825873,0.41985017,1.97797237307318e-05,0.385541153542311,50.4906867791606,1.00573796413824,10.764408826828,4.69052110444962
91,106,0.106875117506937,0.3636680155,0.0823034659892683,0.388656726766547,31.3533125175302,1.06925168337248,15.021422624588,2.0872398907284
70,49,0.0136854026257915,0.81119694,2.39771460750602e-05,0.389719867008194,24.4841416219222,1.01712680185273,10.0623064041138,2.43325343500894
25,8,0.00660664242308727,1.544177395,4.86489291021216e-13,0.390609088685925,47.3916272775199,1.04778424628096,11.5303153991699,4.11017614322429
200,200,0.0388361709077904,0.1225679875,0.485451412963453,0.390677014281192,18.6197018479345,1.05677009927806,20.5689632892609,0.905232878589261
12,143,19.392928,0.363597055,18.3461484735644,0.391585597433242,93.9019112466558,1.0268280733616,14.3471670150757,6.54497930831821
115,36,51.492215,0.455637,51.6615798210574,0.394687039228267,130.91264538027,1.01087730981507,19.7622437477112,6.62438167707713
101,116,0.015911219227711,0.384759958,0.00193566386728496,0.395074120108806,15.7975632533444,1.04088286316067,14.7490251064301,1.07109203078495
55,56,0.0165275223283963,0.6599267505,8.34416063977543e-05,0.395126135067574,25.3883301453838,1.08048669691561,11.9443874359131,2.12554476163833
2,12,0.00396263753782173,1.43797713,5.06572393365849e-18,0.397300377862017,30.9480052484025,1.01351767527757,10.1279072761536,3.05571569768124
179,137,24.6040935,0.375567645,25.7492623934583,0.39791680507776,146.267668605401,1.01729273266011,14.9778373241425,9.76560670542434
53,133,2.308800065,0.361482905,1.94463748491652,0.399342839578544,38.6860172740594,1.04427024493126,12.0620918273926,3.20723949275571
19,58,65.5808195,0.447353065,64.0826409742413,0.399552117354344,128.102540553502,1.01873353515503,22.8816635608673,5.59848020720771
136,129,0.0149386061692638,0.314184033,0.0136565384534208,0.401948677058632,2.89953076635153,1.32467129150573,14.450767993927,0.2006489044437
188,115,16.6109265,0.394380985,17.5664319276152,0.402237298192621,112.392773403192,1.01814000006925,13.4250547885895,8.37186701827981
194,179,0.0198423254722385,0.2102825915,0.114485118468121,0.404386189118889,14.9307881088523,1.06200706639602,17.0502228736877,0.875694600561136
134,139,0.095074997442,0.334169719,0.113572487749785,0.406462085764275,21.7099701780314,0.999030249174184,17.168487071991,1.26452436297951
200,200,0.00241176723933708,0.139898914,0.0560018644369099,0.408684559666562,24.701179128077,1.06317459211952,15.8826670646667,1.55522866704348
84,16,0.00289801595664946,1.438108325,1.06554351739976e-07,0.409301707696321,52.5024515740462,1.04030439879616,10.6399233341217,4.93447649248312
58,18,0.0061363032117401,1.33025287,4.62768629226029e-08,0.410037309062801,41.8217677522592,1.02431935168013,9.9584596157074,4.19962216709641
163,148,0.0121697575775181,0.302051376,0.022725902480631,0.410830856257549,5.02301483690459,1.17880179693205,14.7874250411987,0.339681507964378
33,154,28.2010795,0.372609875,27.4689332577831,0.412604608299502,140.312091043396,1.01991678669583,15.4988677501678,9.05305428145722
48,55,15.494077,0.448376835,15.1569166469518,0.415437416141775,123.999218775697,0.997250523456506,13.0343024730682,9.51329916057315
140,153,0.0253722677039005,0.294536148,0.0284172640295022,0.416682279941398,23.2251587265672,1.02064498806498,15.759331703186,1.47374007756127
70,83,8.0893746,0.43587234,7.90053788070054,0.41802736035069,98.0919173588816,1.01517469725793,10.7412016391754,9.1323038756781
164,180,0.3169940892418,0.2390731395,0.597946248642216,0.41891584965471,7.04234654344144,1.13205783211366,20.7390019893646,0.339570175414077
77,79,0.797025396,0.47224827,0.688017989160607,0.42035754749214,70.189923824352,1.00801423005178,13.7704679965973,5.09713423259805
191,176,1.172040285,0.285258595,1.96650785073407,0.422686836508159,70.3485265728738,1.0062685007005,14.9794092178345,4.69634853750553
66,2,0.0113167116772303,2.01680426,2.02701972524457e-05,0.422701835985334,39.9073867135724,1.05282357891944,10.8816320896149,3.66740819620789
192,179,16.657388,0.351958065,17.7591359982726,0.423496304582747,96.7509081278418,1.0059860719883,13.4300627708435,7.20405479696541
65,14,0.0035259983622626,1.580421285,1.28855231778289e-07,0.425263217926592,45.6170510211501,1.02497683736334,9.23688912391663,4.93857297724145
106,116,0.00754715021327338,0.429442975,0.00104952571930921,0.425587629338243,16.1909501489825,1.09673830415617,12.283111333847,1.31814730884732
43,55,36.116813,0.46063326,35.4076862908331,0.426804557656742,185.311780509264,1.00143969475228,17.5691492557526,10.5475670911378
89,16,0.00342514214935926,1.481792695,4.04846606776961e-07,0.427000282487536,37.2094834142219,1.02697302383521,10.1919820308685,3.65085842003305
56,43,1.905022565,0.529910565,1.75319275867402,0.428825234816453,40.1932752110268,1.05183646358698,9.80237054824829,4.1003627656383
115,139,0.0488581676209945,0.3424825975,0.0170368731914097,0.428847348162366,14.1145985460149,1.10941896505432,17.3464951515198,0.813685901545265
3,17,0.00363307756745411,1.381752585,4.80567651808073e-21,0.429124625187872,49.7979447284153,1.03372965902141,10.0848152637482,4.9379134298497
3,4,0.4620788845,1.57070281,0.0336121052817763,0.430561273670118,37.1915382939818,1.02506374037168,12.6428050994873,2.94171570322555
41,33,3.04170455,0.537896215,2.76782414527962,0.430599169975502,58.2148527093428,1.00475419459112,9.60371780395508,6.0616996352567
111,99,0.00887863258961146,0.546743585,0.000249094124972857,0.430601012308227,5.00716389269857,1.22177747329698,10.4268577098846,0.480217917230403
59,76,0.42708397295,0.48641706,0.304946260119868,0.431374134821816,33.0847174770309,1.02953385438601,15.0955822467804,2.19168210514617
51,100,3.6574636,0.44000163,3.36175273265537,0.432377410561506,74.3699382933311,1.02395635395122,10.3505966663361,7.18508707186026
122,158,6.6184653,0.369397425,6.79351887612508,0.432778645127486,58.8484653994722,1.01036673369775,11.2374053001404,5.23683749296976
167,153,0.00273549663194398,0.3354157535,0.0041902247444019,0.433598779675766,28.170139420412,1.05692477289924,12.248863697052,2.29981654765183
9,16,0.00091694263486311,1.645296875,7.25396678125819e-18,0.433630490989412,51.1624980458833,1.00481410268147,11.0595934391022,4.6260740349635
84,49,2.2171205,0.506181665,2.16773432154368,0.435840314791625,53.737045302717,1.04110193142635,10.3769075870514,5.17852210322964
66,14,25.7171735,0.562366605,25.373728912504,0.436238650737404,180.927750198034,1.00394831741467,13.9455864429474,12.9738359113276
151,31,0.0044789042002377,1.3790169215,0.000115313227915789,0.437876401374954,40.1158512325421,1.01677138392317,9.81280708312988,4.08811167820765
17,51,0.0238481788623638,0.957510015,2.92357276147314e-08,0.439220521813452,19.5030076079535,1.06492662832603,10.9771022796631,1.77669908789008
110,30,0.00633304722427912,1.2153823,1.25926450156111e-06,0.443095433355477,36.749435352694,1.04464029964531,9.79667973518372,3.75121330349429
197,97,20.2714085,0.4555922,21.4812976747958,0.444639741653264,127.183579954171,1.03507445599229,13.3444850444794,9.53079714430696
10,22,20.5399035,0.55155531,19.3412068338748,0.445605650068,102.912978245041,1.00187904551584,12.4469389915466,8.26813550825105
82,87,0.00411718126717094,0.59844015,6.84815040492451e-06,0.446102102676125,39.6585080808939,1.07641263386635,10.7881515026093,3.67611708746415
42,181,124.403025,0.372657575,122.922334708762,0.446615460310814,187.701089706164,0.997603133514396,39.7827637195587,4.71815108244688
197,165,1.918109005,0.335000735,2.85421610751222,0.446794342368676,35.2524664863222,1.01586728471667,12.2902545928955,2.86832678850284
187,186,0.00761331025377706,0.2367309075,0.0335225508610757,0.447893124942599,34.3670937007028,1.01964970328877,14.9999096393585,2.29115338205281
34,18,0.00549513408175469,1.690783315,5.26575880683425e-10,0.447952688258693,31.000406749011,1.0478869960738,10.2583746910095,3.02196085469366
67,33,14.244691,0.527751645,13.9870024029913,0.44832451838788,103.908190283401,1.00265229379072,12.3136749267578,8.43843863846092
165,107,3.36250215,0.44675429,3.71198123793815,0.450750969984237,91.6837341495054,1.01563949263749,10.6455237865448,8.61242114412324
41,27,0.0428733029861159,1.04387692,0.000926150193744619,0.451876750232846,22.2054098117959,1.11378919785109,12.0409288406372,1.84416087045165
17,7,15.211178,0.60054679,14.4820416380647,0.455170308865432,109.873178532705,1.00562410066198,11.3358066082001,9.69257701108147
197,59,62.7008745,0.49343722,65.0358643905057,0.455412525936181,148.560221167089,1.00859740136904,22.4995765686035,6.60280075556593
100,103,0.0353160498880262,0.476518826,0.0115694468361219,0.455827151892922,15.1056366953283,0.995396769460652,14.2952420711517,1.05668981470499
66,56,26.87206,0.510084215,26.6309493682051,0.459310285006232,134.216693551083,1.00652751769958,14.3162696361542,9.37511635098945
59,89,0.0342910944233385,0.6546314105,0.000253233456763348,0.460183086497317,7.28380116284422,1.28127236342242,12.4424071311951,0.585401288194677
166,160,0.041152307437985,0.303525928,0.119577143346662,0.460643100972138,19.6507219071001,1.0040653800846,14.9669687747955,1.31293932677885
186,180,1.744508335,0.330627885,2.46015501130537,0.461485920144782,45.2526341523217,1.14261545593733,14.38290143013,3.14627993330499
17,21,0.0289017490447395,0.945366955,4.61459338264774e-05,0.464622063322483,21.3786659294731,1.00256845174928,9.51541686058044,2.24673981631205
145,135,0.0726767022344258,0.445833779,0.0618865676852773,0.465538536450206,18.1098307334377,1.15325475548808,16.7594525814056,1.08057412051336
4,31,15.874867,0.528006145,14.7951569355051,0.467921734795204,212.124351755353,1.00132666197019,12.5808019638062,16.8609562701659
52,24,0.00402222985732971,1.34765371,1.10196519407527e-13,0.472500872259672,33.2434138357844,1.02578628179748,9.11539697647095,3.6469518465947
161,153,1.97706365,0.41356241,2.37463798964596,0.475684079051107,57.9757752793085,1.0218937738991,11.3235380649567,5.11993468355338
103,159,83.684324,0.42577086,83.7113063461074,0.475757081577259,158.954289814402,1.03099672259603,26.3235006332397,6.03849358902074
139,132,0.00702530675527213,0.442125987,0.00106707256883648,0.477500378928641,35.1922997400788,0.997983797967259,12.4524397850037,2.82613691354368
196,200,0.27051863777715,0.236452916,0.756536573102179,0.47877457261087,13.8267589312435,1.1465413335211,20.8451302051544,0.663308830175814
165,163,0.0111428109355135,0.2926994905,0.0220987547455457,0.480143830491246,6.09800677654859,1.17910226766054,15.2519011497498,0.399819453107893
65,90,0.0127553917683614,0.5807858205,0.000182042170633604,0.480477343598004,24.5680270811962,1.02733379587656,12.1819732189178,2.01675267542401
21,25,0.246652645551159,1.117781909,0.01567724009071,0.481243206419054,1.43649603115204,2.18708020783958,13.727569103241,0.104643146965685
56,34,0.00743182363768581,1.56932334,4.07114550532988e-08,0.482483015797862,37.2786148364418,1.09130903079319,10.1937818527222,3.65699554640625
200,200,0.00546593300345575,0.2567329055,0.063602563518482,0.48346603900173,31.2476017774493,1.05024581686988,15.013747215271,2.08126601103729
78,13,37.933394,0.624184735,37.7121126123785,0.484658832283164,216.686186058466,1.03541613406843,15.8217124938965,13.6954951078814
88,83,0.0993990388090765,0.972989614,0.0058586405474092,0.485314495906812,1.64166207201261,1.79069072875266,12.8926763534546,0.127332915758234
63,179,66.2457605,0.406344975,65.6215938620683,0.485444353836072,149.801362676644,1.02569935402722,23.5879530906677,6.35075718952108
86,94,0.0241188936845987,0.897204788,1.24881035224605e-05,0.486897703820679,2.03489097662554,1.54306590545338,9.91371941566467,0.205260093745463
125,176,19.0856585,0.411968135,19.2709123818912,0.488615455553756,165.49464741458,1.00561827284113,13.4346895217896,12.3184571661419
103,96,0.4668908455,0.50381117,0.485248991637427,0.488813322579539,44.6539970374197,1.02844456176816,11.4975986480713,3.88376724603362
74,97,0.072600450520426,0.522768133,0.0270758598088194,0.490374062861106,18.6008684183379,1.01271436101825,14.3050825595856,1.30029787251202
94,89,0.780687143,0.53454279,0.795119385859446,0.492929982951476,25.8074694159314,1.05410043636976,12.4263799190521,2.07682926033537
159,149,0.0249797818756237,0.384094523,0.0506675127725211,0.493766399850827,5.17523954346665,1.17394902160768,13.9098188877106,0.372056572788234
131,84,73.679113,0.51958857,74.2534429950612,0.49467937747103,119.479394619827,1.03779773326139,24.5710937976837,4.86259975252263
181,197,2.45317205,0.315820165,3.0885839809815,0.499663233474082,45.4272824323242,1.00357507350618,12.9031705856323,3.52062945543845
38,13,0.00820278648110291,1.691756615,2.65989052451847e-08,0.500387171839929,37.775501455705,1.02050600413501,10.8554089069366,3.47987825972786
77,122,1.116780025,0.444917235,1.04774920372622,0.502217119558398,18.8956491454667,1.10792131659441,11.2871396541595,1.67408659097287
136,32,28.795421,0.60155269,29.1842903696428,0.502493225809327,121.253890864745,1.01825270482949,14.536393404007,8.34140130187463
80,35,0.00181141277597473,1.523026365,1.08638513991093e-09,0.505344867337478,32.4440440610864,1.06628879407554,11.0039238929749,2.94840680257698
30,54,1.419678865,0.61413607,1.11202579363828,0.505829509444767,61.4254858405717,1.0210474013694,9.23608660697937,6.65059656263451
120,111,0.829055765,0.479272372,1.01833201515722,0.51027008122484,4.79384997912729,1.20871108219056,11.2216756343842,0.427195557536749
117,106,0.048983553137567,0.614480415,0.0179760527631526,0.51084023238406,22.3531779641456,1.05308128549962,14.4297699928284,1.54910147391505
128,31,0.000964796276241306,1.17224671,1.22515866908121e-05,0.512705101478991,44.6714830907536,1.0177566424541,9.12286710739136,4.89664954721973
156,140,0.12967589357585,0.4309089435,0.209420580453511,0.514919866401259,19.7911651196192,1.06135455924712,16.4445290565491,1.20351060535463
137,178,0.149265921209645,0.2975769825,0.243543312616421,0.516381144292432,6.55012909954361,1.06201957635601,19.8622987270355,0.329776990546815
191,200,2.107089255,0.2329899835,3.21054737761439,0.517865916163041,20.5915478819305,1.04708911397581,15.5463156700134,1.32452912439239
195,192,0.00924121458013053,0.2895991735,0.0563347427642214,0.518314185686445,23.1636186231214,1.01579280077586,14.8169233798981,1.56332175237858
35,40,17.4500535,0.60461652,16.9626675997689,0.521241521612667,151.639803102255,1.00401432780365,12.0572011470795,12.5767001190808
173,30,7.1863262,0.623839905,7.5680518222073,0.522387181326769,129.93118316861,0.998327507281153,9.04083061218262,14.3715980026797
99,85,160.50151,0.538184355,160.434341588241,0.524959682987787,150.169727327147,1.02524368376933,41.0166621208191,3.66118839423856
80,19,0.0438908576741886,1.85684342,7.03831951653135e-07,0.525558938317396,23.0527099175309,1.1797917541425,10.5682687759399,2.18131374270244
116,141,0.0343828374586811,0.4128787965,0.0175588403601914,0.530903891987468,7.3527147008697,1.15521931764208,15.2193834781647,0.483115147957122
134,147,0.0215941765153693,0.386082077,0.00794941615027025,0.532837770109186,10.402453750218,1.02533789764925,13.3140859603882,0.781311896375553
103,37,0.00658893307348169,1.37476058,5.34193779456611e-06,0.534098898690634,30.4092220323207,1.05833989340055,10.1061251163483,3.00898926959938
127,68,40.4646055,0.57507553,40.8374411044765,0.534309460068337,132.281315970272,1.02987454652228,17.1765592098236,7.70126975690321
99,19,0.0114433689456239,1.618148165,4.95669357656333e-05,0.535641419782866,36.2273795686796,1.02474473901479,10.3980400562286,3.48405847378696
145,121,0.0106889444127145,0.48492903,0.011476180957831,0.53609145200338,29.5352268825965,1.06355873664171,12.1314220428467,2.43460550447275
142,40,0.00263884586607428,1.12108337,3.42363594769715e-05,0.537215013269585,39.2871348334001,1.0279164176309,9.68544960021973,4.05630471016119
110,124,0.0672612653981676,0.475091582,0.0416273798707188,0.538778688120043,7.48581909901069,1.12597279410983,14.9925107955933,0.499303899198191
87,24,0.00400582362992244,1.38641113,1.18470319826973e-05,0.539234192797041,49.8289616088926,1.03848311537125,10.8450593948364,4.59462320995838
116,121,0.0129877333711977,0.6912124665,5.40702733041067e-05,0.539388771607753,22.0169890808625,1.06212387377563,10.8327996730804,2.03243757341648
74,71,0.0261186410118846,0.807865165,0.00102654887162483,0.541966647497186,8.61195088802069,1.1082049068262,10.5455458164215,0.816643447189824
3,78,342.405,0.57598012,336.055406290233,0.544549464214082,155.1377567285,1.00411959779068,128.030769348145,1.21172244389663
13,20,0.00910574685609038,1.698488415,5.63507301576757e-12,0.546273408589789,38.2308451324372,1.04777071210969,9.97651934623718,3.83208249346568
71,65,0.39369494101845,0.833955222,0.2413106406681,0.547909832662849,20.1767886993732,1.01356380553563,12.012259721756,1.67968302107472
93,61,1.95904135,0.61533156,1.93111968293246,0.549643238480517,57.0823947567455,0.999451204919491,8.96697854995728,6.36584490960085
80,94,271.814685,0.55686989,271.22735040825,0.552757051577524,146.996106640865,1.01469538096063,64.4878790378571,2.27943776154543
109,105,0.0160752166615361,0.690966305,0.00107692551022865,0.554985584277426,25.882443625729,1.08409940192679,10.2453265190125,2.52626830171771
111,49,0.00718680369812133,1.45054263,3.31692857809486e-07,0.558747323334933,37.9493195798182,1.01083894173447,10.3028237819672,3.68339014457766
47,31,0.51866154715,1.40371809,0.280950655088655,0.560291263049717,6.33634108404564,1.16045795305886,9.76191067695618,0.649088205550079
147,122,2.2987088,0.52211513,2.59245182863444,0.562752610539807,42.3054539938964,1.0538450262591,9.24285507202148,4.57709805728284
132,156,3.2193177,0.49363808,3.43313928967573,0.566438842406855,95.0316998534297,1.00261466741469,9.53042411804199,9.97140302219349
22,76,38.9932635,0.60474311,37.9944619349046,0.568320826109722,115.433886221611,1.00917278830234,17.6949241161346,6.52355926840937
158,193,54.211139,0.44541012,55.0438254363557,0.571291057947045,155.316280025989,1.00548314679876,20.0777223110199,7.73575197524979
85,30,0.00286456374307683,1.46332658,3.95640256596727e-07,0.571366776410098,20.279022233917,1.10196385139373,11.2606995105743,1.80086700785098
26,29,0.00302447018876195,1.29309442,2.77481952910043e-12,0.573482841868989,27.9191830894074,1.09142370096701,9.36256861686707,2.98200037104238
113,110,0.0550536277413334,0.6163473065,0.0176474615402624,0.573654520224298,11.214922767042,1.02266225426975,13.3579890727997,0.839566697196846
6,27,0.00816586321427093,1.660622545,1.29959123252482e-17,0.581065312151644,35.539624511188,1.04807614276679,9.72432374954224,3.65471424301983
162,35,0.000467621713205301,1.332055125,0.000120785566894876,0.583033403453883,47.8771284434215,0.999879264418615,10.1782648563385,4.70385955948141
70,126,2.242438,0.55133635,2.19393417064477,0.584115613301099,50.7962417853876,1.00119283141364,9.74056458473206,5.2149176101156
200,200,0.0176653872103507,0.2781462645,0.094651813255725,0.584881651961753,18.6353346986389,1.01990251611357,14.8626716136932,1.25383478710987
21,143,3.609548,0.531856845,3.20114733247986,0.59247969843086,37.873750944457,1.00071477077492,9.36993169784546,4.04205197708813
175,172,0.00536044033233558,0.350976231,0.0130052769690266,0.594356136002664,20.0456761651034,1.04120738835178,12.4193794727325,1.61406422994924
196,183,0.146170146642951,0.316225341,0.553287569486018,0.594515579775266,6.82298484229532,1.13344874774679,18.5861690044403,0.367100118408763
57,62,0.0426041024432612,1.0830179445,0.000399156943041003,0.595082488119572,1.3849554699202,2.13210196105226,10.2506349086761,0.135109237843207
19,42,0.00385601674882419,1.37355733,1.26847318197479e-13,0.595134586596607,12.3445977961252,1.18972867663336,10.7410807609558,1.14928823931742
116,132,0.0636182153613289,0.536347191,0.0248363968084962,0.596160778772761,22.6980827901132,1.04685852887731,16.0812110900879,1.41146600607114
83,19,0.0117538310929308,1.716674075,1.82290363484552e-05,0.597204916508917,45.8805289430207,1.04896239231372,10.6628980636597,4.30281980275012
12,40,0.917448215,0.78195216,0.536969114135368,0.600875933751998,7.30324050440053,1.20220819046326,9.44275164604187,0.773422915073895
185,172,5.7717039,0.507867035,6.27142776994961,0.602567038538479,132.669585322605,0.997591782857023,9.72253680229187,13.6455729631521
43,26,0.00678287087518946,1.759595175,8.4899081570686e-11,0.614137852816919,30.5114018999776,0.998952787310054,10.2245407104492,2.98413422803391
76,53,90.6949855,0.678624095,90.2883862940401,0.614311997636895,146.506916963383,1.04087429175794,28.5449571609497,5.13249734926238
121,171,5.9864932,0.520469315,6.10279731317915,0.622036183381089,133.748503919629,1.00908314651359,9.53521299362183,14.0267977242977
100,97,0.0331040803530757,0.8716762795,0.0016903521449428,0.622100521533934,18.4407869337538,1.04046035317748,10.9083633422852,1.69051821571344
94,8,1.84896925,0.909033115,1.83590031613454,0.623556572114862,71.2476812453532,1.02969925181752,8.28169727325439,8.60302893169573
179,180,5.3426783,0.50330119,5.8635333007772,0.624270835536522,29.4955151934451,1.07346623735195,9.74483776092529,3.02678360759538
88,86,0.85088118,0.702301405,0.803784957299226,0.625535592144026,35.8566545304742,1.07303244287393,12.8023216724396,2.80079312548952
104,146,0.162121871905186,0.4857242395,0.139692362123313,0.630321789009937,21.5105744556085,0.995665870217173,16.4964587688446,1.30395103318984
64,93,2.62664425,0.656365375,2.54086982794172,0.632835576627885,79.1010414258072,1.02453586800951,8.60937356948853,9.18778129295492
88,42,0.0110664608084438,1.59257475,2.14129767399144e-07,0.634311290472401,28.1874922290604,1.06761567625189,9.55516028404236,2.94997586551584
96,69,4.07775285,0.682338475,4.04269287819103,0.643998813094215,67.2288119913064,1.01154648468163,8.03425765037537,8.36776898587082
100,26,0.0138549936971853,1.904000815,1.97996610157687e-05,0.647836880084787,28.3730796733358,1.06347935180453,9.77131199836731,2.90371238561175
33,56,0.00179170185583624,1.1961430645,1.58224319595559e-13,0.648811913243577,40.8221458189846,1.05539630721147,10.3144454956055,3.95776446115083
196,197,0.0916146589659811,0.339598565,0.291419897832912,0.651138038927958,5.03365925392205,1.25668652014462,16.5488550662994,0.304169637945089
106,51,0.00330365188182446,1.16400466,6.15360948289659e-06,0.651811501707213,11.4790809420746,1.16350859646875,9.65868616104126,1.18847229847637
102,42,0.00371879652450602,1.672530285,1.61167771127193e-06,0.652994489131827,15.3206320538579,1.09045744709962,10.5747385025024,1.44879535794028
156,38,0.00684757976094904,1.5193238055,0.00105198241240803,0.656732040444329,43.1655280965942,1.02189501767669,11.109272480011,3.8855404954971
157,149,0.0229729557922868,0.436496227,0.0357270282916576,0.656909771558337,16.2204936523788,1.01085076780962,13.7148733139038,1.18269365535698
161,156,0.329769358737841,0.473591406,0.568874838134331,0.658839842782431,23.7122740971746,1.06040297970923,15.3315243721008,1.54663512392313
30,15,0.004520569347561,1.610694495,2.94888035663491e-09,0.659271398898952,46.8665660027015,1.01568642515615,9.57464098930359,4.89486405339468
178,200,25.9341155,0.46307056,26.8624942924086,0.660271779170574,148.689112243322,1.01024022973413,14.4587149620056,10.2837017421012
125,161,2.7645543,0.561275945,2.84997231976331,0.661903955338323,32.082702258114,1.02835786810189,8.83802342414856,3.63007662668701
183,166,0.472159032433,0.45670101,0.898200761714752,0.661988981444461,30.3806777992613,0.99955023927355,13.4382200241089,2.26076651109721
49,121,4.4018714,0.63437175,4.20935498788713,0.664437478749177,106.859367982507,0.999555084279292,8.99769234657288,11.8763082651085
43,52,3.7943535,0.7567242,3.61478150666696,0.668438239485682,127.268090465072,1.03190637374953,8.05223941802979,15.8053038239406
116,106,0.37141300482155,0.691678129,0.400165010725824,0.668976650102592,34.2571911795729,0.998798308098757,13.9670708179474,2.45271121096867
7,36,39.1388165,0.74871565,37.915128949365,0.670656412582825,186.545523717169,1.02797606779437,16.0029602050781,11.65693854928
68,63,0.204730258543427,1.5791298335,0.0233418701871658,0.672666556567646,1.44048331587442,2.1090649639556,12.2692899703979,0.117405597173909
70,188,129.085,0.53723471,128.375952216458,0.673938852158969,164.46193405836,1.01616388324805,34.4316985607147,4.77646880441747
178,173,0.00577234422434005,0.424833267,0.0188321899123111,0.677268285259589,20.5205296911604,1.00080094421186,11.4345035552979,1.79461483324764
116,107,0.048330005062534,0.6514378395,0.0415531610733268,0.677658005913851,7.38805783499182,1.08939889088198,14.2359759807587,0.518970939890424
154,94,79.502067,0.6921511,80.3639404672381,0.678990907324889,229.910306899689,0.998752393189156,27.5792939662933,8.33633765899443
125,36,0.00187176971250013,1.39383903,1.07376421164388e-05,0.679105832044036,36.7811590510399,1.05128146972379,10.5623724460602,3.48228196258686
192,175,0.0982879110602461,0.3875352105,0.349008428386113,0.682066640987414,24.3543208844199,1.01998376937388,16.8431696891785,1.44594641827228
123,145,0.0120676587271694,0.5014895895,0.00340953126993828,0.683432017913063,22.4834718499246,0.995926805444645,13.3180351257324,1.68819736828019
120,121,0.0523610884550645,0.580030269,0.0481854670162179,0.68442040209259,17.9004435559674,1.0341498006016,13.4550302028656,1.33039044030946
22,29,4.51747015,0.837177545,4.16833835703137,0.685377681301982,78.6517652825261,1.04480045952096,7.43531847000122,10.5781299886289
25,46,0.0112643520778373,1.81019383,1.65145081546952e-11,0.686209387848784,3.90527021358331,1.24045171458964,10.5592713356018,0.369842775080156
133,151,5.1857697,0.625403885,5.34366696762176,0.689334210727595,89.0448361840106,1.00152461693548,8.50576758384705,10.4687596159002
116,46,0.00751072583580517,1.569789005,0.000146308402566407,0.689932809928892,59.1038692365812,1.05340719308299,10.1464104652405,5.82510134387515
77,85,78.4510875,0.71497673,78.032366679968,0.692463892837152,145.000498376311,1.00970548175113,23.7835001945496,6.09668455821067
166,38,0.00377767121792077,1.644187655,0.00270839541234333,0.694115045310046,30.1774159884944,1.10405898469006,10.0626647472382,2.99894876223289
70,82,0.0254179460348138,0.75686735,0.00536118360121746,0.69829030430799,21.4706274388939,1.05816445352401,11.7989587783813,1.81970526740321
151,111,1.48302697,0.681629935,1.68554936546259,0.699763701879875,49.5252206656702,1.03362934880437,9.38123536109924,5.27917899502173
104,134,9.7213758,0.659858485,9.71485821705879,0.700799525550047,119.730225499593,1.00525448368671,9.23540019989014,12.964270406064
114,34,0.00815213686098028,1.59235667,4.99183578628095e-06,0.702937795435828,48.5608892486597,1.02641491816551,10.396532535553,4.67087359007402
118,50,0.00494411787724216,1.4652461225,1.61746779953252e-05,0.707628185603997,21.7510251535343,1.16343231290676,11.0583791732788,1.96692705257321
27,92,43.0023675,0.72587055,42.2462839322287,0.709503727015152,133.420579416511,0.997245767795424,17.5546066761017,7.60031722033087
138,29,0.00448957400478723,1.720800945,0.000106323062299977,0.716122909748303,47.2008847818038,1.03968928347526,10.6271347999573,4.441543809343
45,65,0.00358205936530062,1.465726945,7.75020819660351e-10,0.718713218488335,51.5652391666938,1.03582967340074,10.4390285015106,4.93965881587849
51,46,0.00712226773959978,1.538278655,6.01111935070138e-09,0.720375137191995,28.6306442472439,1.10557746403272,9.83257579803467,2.91181525933078
102,197,82.7253665,0.549353135,82.8237309964958,0.721920193695258,148.394626064987,1.01379049588381,26.3634297847748,5.62880578424159
90,56,0.00213871067312501,1.306636655,5.80111792835351e-08,0.725704337161402,19.742347213862,1.07838798285783,10.3264698982239,1.9118195674262
103,50,0.00514814189219041,1.566286375,8.50411410903703e-08,0.726185470808937,33.9535559095774,1.03046195878152,9.8126072883606,3.46019716389262
126,119,0.0103443421043848,0.680807725,0.00230365296714662,0.729858594644144,7.95358030934501,1.16447145953773,9.80578804016113,0.811110772206159
94,95,0.0113481976922726,0.80836886,0.00142553409852895,0.73800523696406,12.2387998687872,1.05622782202047,9.74102854728699,1.25641761641237
98,172,17.383386,0.624440655,17.3438925510568,0.738357261250134,103.477372800033,1.01094857811698,11.5675640106201,8.94547656749783
163,165,0.0570182636678151,0.475893022,0.124334012955602,0.739625290218263,29.2706234441931,1.03847651138984,16.1408023834229,1.81345528858311
50,102,4.52871645,0.737251055,4.33493629759817,0.745738275774011,47.9137725134218,1.01797940052973,8.25432085990906,5.80468984991089
126,36,0.00757116950445274,1.406269,0.000184150315061113,0.748406801255858,73.3226718318352,1.00449152460518,11.060432434082,6.62927713439991
124,130,0.0170610240386607,0.672550035,0.00623085639133374,0.75033135116611,29.5796304784684,0.999568435327965,12.260556936264,2.41258456954581
13,8,0.08558202635736,2.04245524,0.00757479264485432,0.755669268764498,14.6092225254166,1.10821825647863,9.22299146652222,1.5840004383009
109,41,0.00790108968862823,1.65765119,1.96578710706834e-06,0.756529560130069,27.988492620141,1.00839536537278,9.17005157470703,3.0521630540595
87,125,1.101582505,0.68907593,1.10278789557049,0.757705924019347,41.0306693408184,1.00346673957303,9.11722087860107,4.50034828454371
181,148,0.48131741822,0.6046087345,0.829865288927539,0.758425611900966,30.7628604397938,1.10525790513514,12.4782927036285,2.46531005246001
130,116,0.281234118987784,0.716147869,0.404057721953288,0.759056440779418,10.434917933387,1.11586253775639,13.7586221694946,0.758427537644219
36,56,0.2448409206375,1.1855986,0.0743909280998781,0.759571938537574,1.54888733372148,2.27067395032353,13.9298520088196,0.1111919446625
126,140,89.796042,0.724772505,90.158484914529,0.761442653668983,178.331588746532,1.00166661978569,25.7531578540802,6.92464938695966
80,45,0.002395669150934,1.554715445,1.36348654735824e-07,0.761980863362834,49.0275686280062,1.02197163384505,10.8255114555359,4.52889166755579
28,128,22.7351755,0.73246225,22.1840147532453,0.762262443952882,187.042008047208,0.999766977580127,11.8272874355316,15.8144468092739
150,65,0.00238991860151967,1.254177635,0.000122654577024377,0.764626155452807,48.2887487056423,1.06426898292469,10.6669812202454,4.52693669451605
83,30,0.0144883674154569,1.73363064,1.03578376218708e-06,0.765064849763716,32.4884577475404,1.02837555468478,9.9421226978302,3.26775868041045
22,28,0.148561659803894,2.099551205,0.00230734762533616,0.772732517293166,2.47403001178091,1.50006817940479,10.7035415172577,0.231141254302788
62,65,0.00136290627985101,1.47879282,5.29159447651825e-09,0.776621900968367,58.6449881767971,1.04592778658436,10.2744927406311,5.70782321397552
128,62,0.0016936624084287,1.38768771,2.98388175531915e-06,0.777462590248704,48.5838040364744,1.06357347895015,9.7026903629303,5.00725079531463
198,200,0.08218768797993,0.3121019545,0.371398360433637,0.777802019448718,38.2964844558331,1.02131056565882,18.4629936218262,2.07422941480956
134,122,17.0163965,0.75585364,17.200145980713,0.781826496574416,193.238842914372,1.0015753921441,10.9045176506042,17.7209895115044
89,86,0.223092834905443,0.9136891285,0.186043561135034,0.782263173294624,2.48994785302217,1.3924700035138,15.5210959911346,0.160423455562956
159,138,0.0168306604239985,0.68833075,0.0198000029192753,0.782445201491124,24.3369801361679,1.04501668335212,10.8788974285126,2.23708149618021
119,2,11.1617875,1.07037838,11.2794765050883,0.784576333409942,149.142689711933,1.00915776493829,8.55975651741028,17.4237070188365
92,46,0.00307698290214155,1.637319235,5.86140287911106e-08,0.787640063109382,48.6151510553299,1.01443166936618,10.4745156764984,4.64127913469138
90,102,1.263304145,0.77705594,1.23638852432523,0.787721270259887,64.3684050026733,1.03568287269811,8.32576012611389,7.73123462935002
45,101,19.026123,0.787591445,18.6751540064536,0.789118702687495,125.586496969738,1.0081061878182,10.9954206943512,11.4217091333537
104,110,0.571245316,0.790649925,0.60989829629867,0.79097909256292,39.3148200867032,1.00491139975734,10.588490486145,3.71297685332451
186,200,0.17397429257515,0.356911411,0.448814232482108,0.792051156795302,16.0473524683006,1.07187559154036,16.1310641765594,0.994810527852186
106,66,21.694207,0.866972155,21.7539618234327,0.79476331309506,162.552841487865,1.01168610526694,11.8326363563538,13.7376689853719
90,92,76.4228545,0.81239681,76.321715448491,0.803261310585971,160.03569101143,1.00402120843745,22.6785571575165,7.05669632771981
194,76,207.503315,0.85397269,210.321536339653,0.806446509424576,208.777010984465,1.0054739639751,52.9420301914215,3.94350217076289
78,55,0.0123917760585059,1.894460395,2.66531725369628e-06,0.809056423855093,32.3082278154091,1.13300997380238,10.3235199451447,3.12957479494233
100,61,0.00443184498609087,1.527043815,1.06622776848793e-05,0.809317269196217,35.5924745962315,1.05407702694523,10.2373719215393,3.47671989149338
45,52,0.00534185024680962,1.705099835,1.39587324108989e-10,0.80998921847315,38.4233186726299,1.02322019703246,9.47913599014282,4.05346212066011
112,34,0.00387600317033575,1.84579686,2.83221279478448e-05,0.810312545230476,23.6427071182128,1.05260807520766,10.704647064209,2.20863957273867
65,41,0.00895355108755847,1.73346594,1.82306919285769e-06,0.81379024757587,36.5394482290962,1.03282284610342,10.8116426467896,3.37963891545623
126,140,0.012317115082467,0.685310007,0.00127860555748859,0.818216232176694,20.0730136993763,1.10823952733728,10.6500279903412,1.88478506512669
195,178,9.92205305,0.69334876,10.6642108826955,0.820038264943251,129.072794689201,1.01455854900612,9.23225498199463,13.9806358187601
193,112,45.121969,0.815533255,46.3319915028448,0.823764248935599,119.683158091725,1.01122641633678,17.6370675563812,6.78588760343117
111,128,0.0654365349968431,0.7152794075,0.0352156124819011,0.823928031755085,14.4551471377256,1.09999847653082,13.7282021045685,1.05295267563953
144,147,1.9818187,0.730622345,2.12806188995258,0.827313669936485,76.3988885617777,1.01330636200031,8.00185894966125,9.54764249687404
79,44,0.00967297895869337,2.228506225,1.00283655330133e-06,0.827900639325681,26.3819946781989,1.02009956585864,9.53843283653259,2.76586260346194
84,108,1.37270601,0.81028329,1.33527988363038,0.830675231991825,45.1852678160791,1.01259845074346,8.17911720275879,5.52446757956205
109,118,0.0179055183365802,0.795762775,0.00599753512788829,0.834838764801429,20.7925490389956,1.05930666082201,11.3417358398438,1.83327749231744
104,18,16.7782395,1.01597947,16.8100453305311,0.838072793099697,201.817772924048,1.0025901968393,10.1807498931885,19.8234683143602
158,157,0.0514108008987276,0.5923980765,0.0766525474599879,0.838867781772315,19.4703601692365,1.06882318849333,13.2481763362885,1.46966342196886
158,76,0.00635007386987468,1.62071485,0.00327210166984366,0.840555844008774,18.5436081676126,1.07809224711968,10.8833048343658,1.70385819839007
147,5,80.2122545,1.158832935,80.7099445925717,0.840848905267275,204.567830979219,1.003320032345,22.7284951210022,9.00050046825091
68,136,53.4345415,0.78596231,53.0796285491066,0.843669145784297,204.015622471778,1.0178685887167,18.8463408946991,10.8252113029093
18,46,0.00639907288216392,1.582553785,4.99726659626389e-13,0.847924734260217,27.3297892213564,1.20009293700764,10.4690842628479,2.61052337866291
46,130,2.1512894,0.79868867,2.00541901074378,0.85013174057833,98.6217825280319,1.01106875078756,8.50463533401489,11.5962388338495
160,151,0.0278177704775112,0.585172024,0.0552067495422064,0.853925492902319,34.4668437369423,1.09022155607504,13.010525226593,2.64915083262691
145,45,0.00530709141385857,1.595755565,0.000170735570771914,0.854713168935607,33.8707108690438,1.01302373027456,10.998170375824,3.07966777305959
122,80,0.0011190604771073,1.209990695,1.1541680511384e-06,0.861939657231875,31.0883359661763,1.05136199466213,11.4563641548157,2.7136302186334
3,76,6.5996237,0.907001445,6.12622099325499,0.862037601515143,152.590679314817,1.00487219163644,7.72079277038574,19.7636025020775
63,74,0.106354761108077,1.2672271635,0.0175482656231282,0.864102843916136,1.59604590259832,1.79694242412829,12.1096756458282,0.13179922809478
192,72,0.000977405635314783,1.364876959,0.0047168993635367,0.864953192222001,24.1854974710545,1.0005986968046,11.0206017494202,2.19457140553391
96,60,0.00846848453116818,1.562863495,5.02851507579903e-07,0.868453371057206,39.0519812901145,1.11138831792717,10.6660001277924,3.66135203658557
105,57,0.0067424760410166,1.6373590235,1.25725195060822e-05,0.869748673675489,28.6710359512866,1.08164615175731,9.59644460678101,2.98767273986318
60,147,6.947753,0.80108176,6.78346914741063,0.874764599801295,106.215069509168,1.02330299797422,8.70945000648499,12.1953819621309
170,161,0.170312912327592,0.572656557,0.366118832738238,0.877333052347623,22.8412106473432,1.00248983814035,15.5765581130981,1.46638368255027
166,75,0.0100962063537806,1.611162975,0.0101214770044887,0.879519013599669,31.664840749356,1.09314394264059,10.6566083431244,2.97138073670372
174,147,2.05321125,0.786679075,2.28854132938318,0.882373473050306,98.8294367696008,1.00236942605791,8.03805637359619,12.2951907993878
20,87,0.00670494644450891,1.65128498,2.50385097859731e-14,0.883169739665454,48.8555322603378,1.00362030109948,10.2707130908966,4.7567809389633
150,65,0.00771400499438307,1.680759015,0.000659677775599668,0.886221279592954,29.8291803113205,1.15819539054881,9.92538571357727,3.00534217733383
160,165,0.00996077512616562,0.5521556485,0.0150397359946559,0.887636351777615,16.0949672085622,1.11545375592889,11.2010519504547,1.43691568254077
172,198,11.30080885,0.65305125,11.7892985696502,0.890383061145187,143.820936268837,1.00929976541591,9.68944883346558,14.8430461567748
162,181,0.0123326114494858,0.5276123075,0.0203267611007587,0.890515168439874,26.618133008074,1.1494643514679,12.1405942440033,2.19249012635619
175,68,0.0032746836413816,1.54378411,0.00148324766738068,0.891011736643965,32.8747855831128,1.04391290400583,9.59114503860474,3.42761843875684
19,19,0.20057376033425,1.98331454,0.029653669598144,0.891693333652819,2.78418505237801,1.53518681338261,10.956601858139,0.254110269627968
125,66,0.0104422596590582,1.815780555,9.97777180076249e-05,0.895869756303356,25.6843479216581,1.03392221541587,9.56402111053467,2.68551769436885
158,163,0.0713551558820398,0.5881778965,0.133149108065037,0.898438906246803,19.2133941253569,1.06103064080386,14.5134241580963,1.32383605109747
182,65,0.00349835261663332,1.463255245,0.00764337566825152,0.901002734993145,46.1242491962368,1.0469580824541,10.2615990638733,4.494840317687
55,70,4.40539345,0.979576855,4.28408338751308,0.904189181769022,117.36858584438,1.02766493106971,6.96409726142883,16.8533811976513
29,57,16.9610315,0.978437895,16.5116581479671,0.9046518685884,243.566791999019,0.996887651938572,10.2573382854462,23.7456136495575
166,59,0.00269083187848144,1.56013137,0.000600204588943464,0.907526486246586,53.3804886082444,1.01902869269739,11.7432548999786,4.54562973067556
76,41,0.0153323684168421,2.231300395,1.71640316636155e-07,0.914134360698194,40.2473500930157,1.01928709110491,10.5622947216034,3.81047406400207
55,44,0.00656634804100903,1.84522226,3.4229702191978e-09,0.915936392546748,16.8130755006382,1.09537269800875,9.64750599861145,1.74273801986318
190,159,4.461034,0.81437661,4.90383972673793,0.916102021032383,87.3430657262917,1.00569688665251,7.73674011230469,11.2893886130903
140,32,0.00542504155840649,2.0116733,0.000669259412674392,0.916413493655334,42.9817837838907,1.03609503662417,10.5153291225433,4.08753575689267
103,191,4.29110145,0.703202165,4.34930553822206,0.916512709563893,92.7296831998912,1.02111595277503,7.87769460678101,11.7711700984284
162,156,0.297667652155,0.583352134,0.641619383699349,0.919104048752939,20.4538847027412,1.06101484999914,13.571252822876,1.50714786392187
12,62,0.00760468693126452,1.526434405,2.17594636096132e-14,0.92104121618572,47.9966835041647,1.01411854045543,9.35370397567749,5.13130238341633
135,78,0.00502654676170556,1.651224495,7.44962623641068e-05,0.922230743171656,32.6213227431448,1.0085067935953,9.76016879081726,3.34229083966623
84,87,0.00327875602199736,1.30209431,1.11546979578941e-06,0.925333453976527,19.5726296538775,1.09123825752423,10.2251856327057,1.91415885803321
106,68,0.00586134331024531,1.357875755,5.87193532591874e-06,0.92798933038552,23.2802364714049,1.11836373600998,11.1463372707367,2.08859968130735
122,81,0.00294531341850842,1.359039285,1.94305499686373e-05,0.929154719932657,13.6965309711184,1.20514704626315,8.99981832504272,1.52186749514784
130,95,0.79930467,0.994439715,0.903370091581203,0.929431762642162,24.5901637959904,1.06969662682022,10.9280588626862,2.25018588433427
109,127,0.0375504656551547,0.848470105,0.0164128085964144,0.931527666341912,14.9938125848372,1.06414514823251,10.801854133606,1.38807767623796
168,34,6.68961285,1.08817179,6.97479102787644,0.932299138377883,161.347957956155,1.00064829734637,7.31566953659058,22.0551184206922
141,103,85.352703,0.9335768,85.8714907121952,0.932583081731808,213.652579378996,0.996975020491654,24.8445837497711,8.59956365261964
167,74,0.00429526552043618,1.28646361,0.00169098015129384,0.933124890771307,31.5320117339486,1.02698055734015,10.0431830883026,3.13964322433534
7,74,0.00190090065826954,1.40003597,1.02104122045209e-17,0.93866997904505,48.3769072582547,1.00158748793155,10.9219183921814,4.42934157912093
59,37,2.47886125,1.1166936,2.372827124135,0.941832989346652,118.011572613816,1.00944662919479,6.20920085906982,19.0059196492952
195,188,0.0139351918597586,0.4299165405,0.0969795987092862,0.944047635457055,23.1880187310522,1.02261972619431,12.5249564647675,1.85134525587213
70,64,0.00723315239572188,1.60457404,3.06898206716234e-07,0.944994006696233,37.6215130236264,1.05143775510551,9.84309053421021,3.82212404659601
198,199,0.067255497549129,0.422874631,0.314623450322273,0.946902549480708,33.2532499014305,1.02483784595933,13.8356230258942,2.40345157129499
108,107,0.0426664521922378,1.0131969855,0.0141952385135995,0.947848991373135,11.3749058535025,1.18637414682238,10.1577360630035,1.11982687706684
155,54,0.00325275404120081,1.50966439,0.00081086722789732,0.953454797731184,53.6204723775699,1.01944187429574,11.1441721916199,4.81152583211977
138,137,0.37204596104285,0.766640057,0.532629099256654,0.958577581828989,4.3114872499121,1.23685902644533,13.0283627510071,0.330930856955056
153,46,3.8662396,1.08388372,4.03129997143058,0.96768731890999,127.754353789407,1.0003515871489,7.16891694068909,17.8205933820077
179,177,0.00330382969607563,0.575126255,0.00990018056678774,0.971132889573648,28.9184225653404,1.00437239163821,9.56470131874084,3.02345275630075
200,195,0.0139635673672627,0.3745136605,0.128546924151016,0.97592998680471,23.2361710402937,1.0168790370495,13.0398769378662,1.78193177366718
94,54,0.00549775455519904,1.714182465,1.38519897988668e-06,0.981361381985337,53.447488738054,1.01156924701773,10.2501921653748,5.21429138846783
122,76,0.00295653541089409,1.4433703,2.19160596565806e-05,0.984081491697517,42.8258856906107,1.04213968121378,10.5553274154663,4.05727686171626
122,122,58.2485785,0.96745193,58.533984373101,0.98444186439583,109.051260434082,1.00531206105886,18.4235978126526,5.91910774122469
158,90,0.00632070537583614,1.566364705,0.000521394627135328,0.988070361900034,46.7246183595677,1.06129224281436,10.2472386360168,4.55972774902896
19,77,0.0020499806587568,1.47703978,4.61477279591357e-12,0.990535611723558,64.0701970040618,1.02102594686506,10.9225382804871,5.86587067573132
154,86,0.00375164057072438,1.376486925,0.000506108408942417,0.991927567069049,29.4059987729073,1.09132018103016,9.3170211315155,3.15615885783916
188,194,0.0284483275965578,0.4240721235,0.117196977408464,0.996091404719254,3.17279541317011,1.25486088594466,13.2973005771637,0.238604474250883
200,200,0.0252871089444707,0.2564987935,0.281799409774181,0.998594698815009,20.5887006136971,1.0904099569232,15.1084878444672,1.36272410751132
15,122,9.20162805,0.961934265,8.7743608482175,1.00062812841778,80.6937894109333,1.01817869526185,8.54422450065613,9.4442496688537
102,93,0.207489599742699,1.4795417105,0.182083721934324,1.00484954112173,5.83338560093813,1.14119786014663,13.434549331665,0.434207762160575
165,169,0.00859348503306832,0.628111015,0.0095926202663287,1.00507773817721,3.61364718614652,1.25941548002812,9.41996884346008,0.383615619775147
128,148,0.0132683988837083,0.7755129,0.00413102277043804,1.00822609658354,14.7787489617648,1.05547738244242,9.81444835662842,1.50581555119027
84,93,0.00313111618813162,1.400482595,2.7953784216672e-08,1.0110474342224,30.8111640706472,1.08472915123354,10.1466879844666,3.03657352210057
30,60,0.0145342538866148,1.675178975,8.59739247483508e-10,1.0120737117613,58.3118163448677,1.04386973872035,10.0555050373077,5.79899429501753
12,113,7.76632505,1.010513705,7.32758048227176,1.0133477835304,98.7518291242002,1.03674514372765,8.32409262657166,11.8633746108219
108,154,3.1355649,0.89782866,3.16047970336527,1.01421860588458,130.098912499652,1.05484415072844,7.32160639762878,17.7691759750683
80,114,1.398740925,0.98666099,1.39623106382582,1.01446166948616,55.8518745829181,1.00119608741106,8.18616962432861,6.82271161556816
106,115,0.0257880315869114,1.015755545,0.00563112628141838,1.014875486152,2.74442680179538,1.43375463078058,10.0895864963531,0.272005874848027
16,38,6.85164115,1.18663598,6.49897271291398,1.01525777950433,171.270995324856,1.02693706636401,7.42510437965393,23.0664764517207
100,105,0.859245,1.006615625,0.877219719491564,1.01834354525426,59.2304680487302,1.02326340583072,8.24002170562744,7.1881446632937
200,200,0.0297728273490525,0.359864957,0.19050321512746,1.01852419676648,12.3994697041574,1.06620726803804,15.4621727466583,0.801922854395557
137,61,45.6008025,1.10363362,45.9061955296017,1.01954692910418,184.224787374163,1.01230419107248,15.9444966316223,11.5541300318503
163,71,0.00843851523201243,1.64868436,0.00167203434599336,1.02946828897566,26.7726833836989,1.01980381359937,11.515739440918,2.32487748798567
163,173,0.331840051079853,0.6581705375,0.541288489885501,1.03044355049815,17.4028406159745,1.01591829632877,14.3067028522491,1.21641169147779
103,178,14.3743725,0.861209185,14.3795344786209,1.03207202455615,193.019091344299,1.01161240138639,9.50365233421326,20.3099907863242
40,49,4.38826015,1.19277024,4.23607884269811,1.04680597676529,109.776629446503,1.01023473770686,6.95782947540283,15.7774245308228
122,139,14.925379,0.969094325,15.0892789594953,1.04814130980737,143.839966732404,1.01470727502898,10.2466533184052,14.0377508892623
112,73,0.0139455098784075,1.864570225,6.46484159426842e-05,1.04868853030849,22.0942572885492,1.041977502727,9.77557396888733,2.26014936400343
99,49,7.1976154,1.19179641,7.2232160970003,1.06708694436834,93.6105333174131,1.03527942738827,7.67082214355469,12.2034550619933
160,78,0.00555797015614191,1.72936043,0.000533944238680214,1.06769512618151,39.1108400739504,1.03660844553041,10.4824049472809,3.73109417835414
161,149,0.0254926221976523,0.90699175,0.024406883454115,1.06778225520249,10.9445986960815,1.10524907381184,10.3355469703674,1.05892786588462
34,39,104.30561,1.243936835,103.404632225861,1.07058837188028,202.91381538721,1.04668397538644,29.7775528430939,6.81432139358189
124,181,23.8441955,0.911718805,24.0093752097024,1.07988562250383,179.906293689233,0.999873952281629,11.420177936554,15.7533704543591
71,168,9.33512055,0.9485565,9.18946128089077,1.08279344718385,117.433989782137,1.01435092518039,8.34239912033081,14.0767647397671
185,106,0.00517554344602025,1.30287784,0.00553652325310357,1.08552147114463,39.6244620432602,1.06300419278132,9.98751044273376,3.9674013129156
160,91,0.00892671077266536,1.34288222,0.00191313305297168,1.08907613712706,33.4497886787716,1.00181039438228,10.4416179656982,3.2035062754314
163,47,66.6595165,1.22628814,67.5017426731736,1.09112119887058,149.649616272178,1.01147083858186,20.6783983707428,7.23700228562731
181,95,0.00384662755287492,1.445036715,0.00838777016732424,1.09161068992075,19.75835646067,1.04978408848431,10.916684627533,1.80992280484475
147,81,0.00450834609543557,1.5194746,0.00114617364821901,1.09638746965281,32.2446181420645,1.09285151932192,9.3387770652771,3.45276666491532
171,190,1.46443431,0.762790985,1.70813741571672,1.09699123428495,60.611400453607,1.05561736661906,8.55043029785156,7.08869593017285
167,94,0.0125068028603638,1.67466525,0.00925635754674864,1.09814022971697,23.5932907803662,1.0273826532784,10.7692110538483,2.19080958320854
45,95,0.00346072414808825,1.287915645,6.70188600446317e-11,1.1142657050304,51.7784590428008,1.06003252864008,10.1655445098877,5.09352538788626
154,102,0.00274077444984049,1.420521705,0.000181614083848639,1.11440790493419,25.5271085762041,1.00458162328051,10.331850528717,2.47071988752182
1,70,0.0163120967653213,1.95146558,6.1950201615146e-25,1.12001479727831,32.0059112839083,1.05461909964602,9.51757454872131,3.36282223165862
46,63,2.19991625,1.21838719,2.08049369989625,1.12046505740669,106.999910121559,1.01020975496098,6.82771897315979,15.6713992685087
186,169,0.0156276190036089,0.64849349,0.0528380749074127,1.12335704587974,23.0297983380537,1.01637732555473,10.5749235153198,2.17777445904839
78,70,0.0130089966464496,1.9421305885,7.0687660047937e-06,1.1320847580903,32.4086032179976,1.0225697667382,10.0299372673035,3.23118703081486
143,140,0.0381882800489125,0.97639121,0.0181034289374905,1.13696434033248,5.15256617002947,1.18672950515534,9.96401047706604,0.517117698931472
107,122,47.211425,1.10734116,47.2826288730492,1.13755652243075,141.610541663554,1.01654978125573,18.3487620353699,7.71771639909979
115,199,6.2735591,0.796867025,6.32518088818855,1.13959716436724,128.58691172319,1.02334477141586,8.20457291603088,15.672590522286
60,112,1.46295417,1.11611549,1.38412194318065,1.14627658985314,113.15918561284,1.00171664125937,7.08266758918762,15.9769160684017
109,182,1.38665521,0.8573732,1.42505335376184,1.1477625110439,60.178142446588,1.01324278474551,8.11892580986023,7.41208182657651
50,39,57.9817325,1.322060585,57.6266075476901,1.14787940867418,198.335961469114,1.00263835582681,18.4470565319061,10.7516318999766
21,118,0.00327237411095765,1.227778235,7.22202136070376e-14,1.1485522163251,54.6000687896847,1.01920943628339,11.0241656303406,4.95276201578603
147,93,0.00431800599321402,1.350964285,0.000133207729756704,1.14906348966531,59.2544642496616,1.01019312035199,10.1862986087799,5.81707512467661
99,86,0.00481885006873334,1.73189848,0.000228707430915348,1.14921342524093,32.6554193565744,1.03674502435769,10.0329539775848,3.25481602223349
5,89,0.00404380697022042,1.54614664,3.98112028578686e-20,1.15564718307598,24.5724814400792,1.1532847907651,10.8576948642731,2.26313980520251
154,168,0.0223924813129003,0.7484494,0.0328044541523778,1.15688035894646,10.2176038344548,1.14295379604089,11.1320073604584,0.917858163726018
153,84,0.0116722957726854,1.72175403,0.00140632115756035,1.16075911009085,24.2597523985449,1.01411108833005,9.58578586578369,2.53080474968043
86,121,0.0778793804587324,1.42747848,0.00117557311267063,1.16571717026977,1.75716912615866,1.61062210538439,9.82987380027771,0.178758055480734
191,13,83.616765,1.45213227,84.8945904992132,1.16645287760329,130.359543049681,1.01533991578851,22.322945356369,5.83971070880607
90,80,0.0059642901511446,1.55193478,9.75902909842055e-07,1.16649743978848,40.8202152372909,1.02660520563047,9.96931433677673,4.09458603253239
181,117,0.00248390461647448,1.3369822325,0.00503877223530767,1.17396082238322,40.3937340748653,1.08169707454023,10.7912096977234,3.74320722202138
14,162,2.066719,1.04307319,1.82996860985896,1.17489459465014,115.882439704195,1.00139325059456,6.55527424812317,17.6777409026592
17,73,0.00774721011170477,1.85381469,1.62615625565748e-11,1.17916657736326,40.3208373076746,1.07167300644541,10.1608717441559,3.96824586737506
116,141,0.0192448826135494,0.861171595,0.00491708229686156,1.18303088273566,18.5476784879023,1.05739722350922,9.58131980895996,1.93581665759215
143,120,1.2270995,1.112143045,1.32660699766762,1.18472735424536,6.02889388759514,1.16541977009309,7.52791023254395,0.800872181170759
13,91,0.00719295160195356,1.62384415,2.28915359858956e-14,1.18873355159916,46.4007322657191,1.02613692277531,9.75062155723572,4.75874609565645
197,127,0.00100852851109172,1.36305633,0.00781234915134593,1.19474403140705,43.8575086605326,1.02905052422018,10.9307420253754,4.01230845616142
197,83,0.00413835382350595,1.66597723,0.0352469812467422,1.19493872820596,39.3555962220274,1.03427415339601,9.77662897109985,4.02547711878647
112,146,62.910569,1.112650265,63.060039402594,1.19799297839202,215.989056539109,0.995344306862046,19.9285826683044,10.8381544304518
200,200,0.0155948559380819,0.2831160215,0.302378214686573,1.19818065455014,31.0112828612919,1.02383922124184,15.11869764328,2.05118744967268
186,114,0.00598292639492772,1.50130366,0.00573456822169202,1.20889465123228,54.1139697185799,1.00072926799003,9.68575310707092,5.58696563089914
147,49,5.614771,1.346145,5.74867329978348,1.21150407149225,167.74313163108,1.01641602667146,6.638099193573,25.269753695981
155,94,0.000746286957261772,1.45067615,0.000179531656151593,1.21559044485449,43.8540862170399,1.19029357840349,11.2210609912872,3.90819426532759
109,88,0.00705828493376007,1.728850135,7.39895556743482e-05,1.22144285892002,44.1881806484996,1.0181544735236,11.1341404914856,3.96871053336275
112,62,1.253986725,1.333658645,1.27671208100088,1.22831528905939,100.385630348161,1.05263383333325,6.34339427947998,15.8252232046957
28,160,10.15300525,1.121650705,9.78411105200706,1.23001075644538,148.099866264349,1.00875762470006,8.92881107330322,16.5867398300275
139,74,5.2266829,1.28938975,5.36536997945802,1.23153920479009,129.332874074586,1.01126587997966,6.491694688797,19.9228214317876
115,188,14.6376245,1.0202314,14.7051529967253,1.24463232449508,197.98296775689,1.00939023240824,9.65193939208984,20.5122473022515
101,94,0.00508913326967526,1.524611665,8.67051312950374e-06,1.24745748656603,58.7239471599733,1.00030207759178,11.0261154174805,5.32589628681686
179,115,0.003953008145506,1.37488145,0.00223526949199465,1.25506918875517,37.9282329330018,1.2832265685193,9.82075977325439,3.86204670602926
198,200,0.0565888573513236,0.4476679855,0.30921059254072,1.25522719790423,25.4739793872154,0.997417628033102,14.4168393611908,1.7669600630905
5,84,2.62482145,1.30759661,2.3146774659991,1.2561301302409,66.9465870395281,1.02485119926383,6.56573152542114,10.1963637685039
59,85,0.00854278609362934,1.694983835,1.49977073375193e-08,1.25663048710643,29.1199825924473,1.07835293113909,10.515905380249,2.76913699196462
176,101,0.00245923366472743,1.475038105,0.00373342919026735,1.2584995760826,39.1781835178677,1.07322946508434,11.2139723300934,3.49369361405776
126,109,0.00427326942689078,1.37196902,9.67630551545702e-05,1.26399592535393,38.920934146223,1.09345358537153,9.78747248649597,3.97660725993593
51,100,0.00621055343775434,1.505815005,2.46509275993242e-08,1.26717360056691,40.1378840519738,1.0176760891478,10.3372209072113,3.88285056614911
195,123,0.00147745081341499,1.402308,0.0119423692236902,1.27148009989853,40.8322874873072,1.10844055729572,11.0097453594208,3.70874040718553
146,162,0.790412525,0.95714453,0.972299088111116,1.27194603626959,36.6003378349008,1.04054300927905,9.45299243927002,3.87182556952591
117,62,16.501485,1.38074293,16.5808867177358,1.27396081764966,248.889643600389,0.997296721201691,9.72530341148376,25.5919669618222
188,182,0.00926611715773394,0.7244248105,0.0505715771125946,1.27398788482004,28.2009251686308,1.06741719523664,9.58528113365173,2.94210725542768
33,78,0.0136194665559088,2.170768695,1.10121714449449e-12,1.28248526370354,12.2521140483853,1.13529356722199,9.38022947311401,1.30616357345018
151,195,3.7437925,0.96654131,3.92767909724513,1.28782533022756,62.7346673706624,1.02289584718864,7.38364958763123,8.49643074554254
200,200,0.0166256835201063,0.2617325725,0.328233864912931,1.28895941629538,17.8828618939663,1.01293395619236,14.635452747345,1.22188648364229
108,123,9.72796905,1.25108064,9.72685264842825,1.29262938922438,147.365245211389,1.01141297604672,8.00668334960938,18.4052795366984
113,134,0.0156206334111437,1.441590965,0.000656825169876772,1.29432955050456,30.9769257502391,1.17878120231863,9.63195586204529,3.21605769315281
97,55,1.86832415,1.47335375,1.87240377436954,1.30242089148938,139.067142390071,1.04720808447311,6.19655418395996,22.4426573643223
5,76,0.00343808533609266,1.66746846,5.30165243515238e-18,1.3060696492172,39.9975235554672,1.07507604509858,10.2469096183777,3.90337428991588
164,99,0.00499880856137004,1.559871005,0.00113264218492999,1.30944608894007,38.6726442416395,1.04562730869269,10.9244582653046,3.54000567373318
10,102,0.00390844330653135,1.64556406,1.07260564060589e-14,1.3131644100116,45.9852433242775,1.02219103061674,10.8532967567444,4.23698387272988
111,108,0.00224627524638443,1.295404805,1.23375082547919e-06,1.31381518665464,41.0795596354071,1.03427543407071,9.5656156539917,4.29450242632995
69,97,3.5521229,1.32309088,3.48380918428985,1.31757876447871,121.216855016335,1.00938675129242,6.06568288803101,19.9840409157431
130,158,20.058768,1.206713525,20.2833469594372,1.31889093538851,94.3528714203874,1.03950142415032,10.9438235759735,8.62156363956134
183,190,0.0140858017634426,0.5163187365,0.0668298789411574,1.32284514253077,13.9682729692476,1.03620510999438,11.3549542427063,1.23014788705291
35,127,0.00223355415331016,1.2048688535,3.29655154426935e-14,1.32470399230134,39.8910030325373,1.01899192543082,9.55888390541077,4.17318626601973
130,175,0.68790118,0.893692325,0.8031344722369,1.33330657551944,57.7737538580827,1.06785814844808,10.022369146347,5.76448073449181
112,100,0.00185518647297166,1.50118359,1.97594496575945e-05,1.33385348776054,68.2629884242713,1.01627133738841,9.30875015258789,7.33320663948573
200,200,0.00383132288734195,0.283164544,0.227477700042393,1.33763819757905,41.2325213120626,0.995742723469736,13.4066627025604,3.07552462733234
200,200,0.0457058048295911,0.6153404275,0.16467056932514,1.3410193766143,8.6449130386886,1.09471895237819,13.5046021938324,0.640145701043809
183,174,1.268837655,1.094508915,1.49469477491,1.35418977818858,79.8140088045775,1.0367231460809,7.09096622467041,11.2557310634049
147,118,0.0111096964360671,1.39148577,0.00198070181507884,1.35593646804758,36.6894263944088,1.05365892974321,9.78129076957703,3.75098003512223
181,183,0.3490286095,0.811640585,0.613237818754467,1.35822683106585,37.8281320963656,1.02724585556223,13.747346162796,2.75166796910509
10,96,7.6433089,1.3746131,7.28265973366515,1.36211521504691,145.756547923227,0.997321358899237,7.59612464904785,19.1882775306349
88,116,69.720003,1.348063885,69.5981318685505,1.3644650503276,135.031323938624,0.999435160941167,22.4980101585388,6.00192296950204
30,90,0.00249314202167889,1.575404725,2.09805627046069e-11,1.36732343751062,48.5394421852407,1.00999370113693,8.6113293170929,5.63669561317244
48,108,0.00413943547744966,1.437976915,1.05570199902024e-09,1.36746830995834,42.1652562180081,1.04426289520386,9.63159084320068,4.37780808014433
181,120,0.00778596277922645,1.550148865,0.0101710458596804,1.36947461159007,35.2930537421566,1.02684494804978,9.34823203086853,3.77537203030652
127,56,4.0408414,1.4849623,4.09946929585308,1.37099569660592,85.3454441015061,1.03806285494368,6.35068845748901,13.4387704062011
71,148,29.4722955,1.25452726,29.2727740881828,1.37265354959699,219.516728014237,1.00847289831723,12.3452739715576,17.7814383479851
105,104,2.14176385,1.373274945,2.13603104463342,1.37354098005657,122.90689271845,1.00068713055466,6.3449375629425,19.3708592872979
156,160,0.0188630468532179,0.9589925005,0.0228688557914233,1.37470910640988,14.8033303146107,1.00733485664251,9.13907647132874,1.61978405159995
191,189,0.066283070988795,0.4862929275,0.334156094015859,1.37472181648665,28.1202329129015,1.01604417961584,15.9662237167358,1.76123255015059
138,71,7.7552226,1.457294175,7.89070052938927,1.37687198339115,145.680768522884,1.01900436140666,7.46095585823059,19.5257512966218
171,115,0.00375181308981099,1.576225435,0.0012730533966724,1.37801119104647,30.5937117217478,1.0770677569037,9.45370841026306,3.23615986384082
147,120,2.2748084,1.305733665,2.38320717676602,1.37865528299148,94.8125015246492,0.998505528753784,6.03061485290527,15.7218631660705
27,130,0.00421007618802261,1.375451995,1.02571404311404e-10,1.38099904844114,53.1606178624354,1.0121282508118,9.34281539916992,5.68999981174396
44,123,23.698854,1.345178275,23.3732355347517,1.38165149070418,142.54509305262,1.0160698642964,11.6886434555054,12.1951784734678
35,101,0.00775033246120587,1.541822325,3.26595973260235e-12,1.38472603922975,39.3933931838824,1.03440896612721,9.93805813789368,3.96389240607035
107,103,15.631068,1.367263005,15.6657178986894,1.38614612122165,168.926646320798,1.00265924077745,9.21477270126343,18.3321555286585
179,107,62.1057195,1.367780425,63.1553453889095,1.38794348054474,127.139730100622,1.0551966246302,18.8828277587891,6.73308742338362
193,87,29.75252,1.43786886,30.4312994892777,1.38829212141949,194.103137242899,1.00074687690207,12.2535741329193,15.8405323326392
100,173,4.9490849,1.18217071,4.95239076861029,1.39724900432829,95.1117478672914,1.01494612807484,6.85331225395203,13.878216013351
184,171,0.7491719845,0.99740203,1.02360543098002,1.39998765222876,44.5780258691664,1.02338153647999,9.01532173156738,4.94469606260143
200,200,0.0018091572555538,0.570587,0.0526263791872594,1.40502393290787,27.3990059018908,1.10268753910721,10.7714641094208,2.54366589570006
149,161,0.020558395377391,0.883906295,0.0187201906563808,1.40617753928577,26.7215109771231,0.99539281267621,9.87419080734253,2.70619755061375
160,117,0.00361586099662594,1.400791,0.000558394873136598,1.41264796811777,42.5955245281741,1.04370427042067,10.6123030185699,4.01378705957023
172,142,0.0974022108256697,0.90561525,0.277267839993813,1.41646173290521,9.53077011384339,1.15890023791318,12.4301676750183,0.766745096528181
193,132,0.00107826162581984,1.42247737,0.00883964357168003,1.41779185508743,24.5636202638433,1.12137051173741,10.3805916309357,2.36630253237592
98,111,0.0100328876209682,1.584347935,4.6731321949684e-05,1.42065313035461,37.1412924885434,1.01677064331469,9.27058172225952,4.00636050695327
77,117,0.0029435087775682,1.497922155,3.89285263283321e-08,1.42230303313399,26.8722963339781,1.14007704638471,9.92704391479492,2.70697869019482
111,114,0.00879202814022195,1.481711085,8.22992678354655e-06,1.42434288989562,28.2113894699523,1.02742446727173,10.0802173614502,2.79868860545023
3,5,3.29964905,1.9634267,3.01022617086408,1.42470269235278,132.097298090671,1.02124546398522,5.9681932926178,22.1335489006473
66,91,0.0105171204151527,1.762326935,4.04395401088915e-08,1.43044763608883,24.2079121499056,1.08200107629027,10.3855767250061,2.33091649995888
75,14,4.89232355,1.68342165,4.83184730768541,1.43895447293884,132.372669408524,1.01036228484123,6.60011887550354,20.0561038225883
115,124,0.00297606833342799,1.44869726,1.07642983805097e-05,1.44483819853385,49.4329397710197,1.02098317510273,9.7583122253418,5.06572639094751
185,122,0.76878508,1.33664186,0.971087127586396,1.45322488085068,45.2165017892446,1.03768850367881,7.78627562522888,5.80720539133438
72,111,0.00786648606417211,1.69660936,3.52123795084988e-09,1.45474564553552,15.8963620033123,1.37030927490965,10.2783741950989,1.54658331187166
183,200,2.31297815,0.86335575,2.59688667636052,1.45501967851736,62.5039697313651,1.00629100509497,7.40867352485657,8.4365938817064
193,108,0.00406520542540375,1.602764525,0.0309061701044533,1.45538546362673,31.3988709995851,1.02895057616855,10.3858745098114,3.02322842144135
91,128,0.00158586617032991,1.23617288,8.55531279787403e-08,1.45609827504438,37.319142725234,1.02052685794976,10.5536587238312,3.53613317445672
144,22,21.332725,1.7431728,21.5711632615859,1.458200687862,85.2909096324986,1.02683174186486,10.3214156627655,8.26348946881245
156,131,161.868575,1.39838025,162.910812030059,1.46355887334876,219.70199904653,0.999448940577477,41.0100328922272,5.35727439243705
72,53,1.50657995,1.69818565,1.4611418358801,1.4773405085173,95.2624310101266,1.00408601308186,6.28392672538757,15.1596979362058
185,114,0.00564060178462958,1.519725055,0.0204296707825648,1.4835492024753,40.5468474241179,1.03382736805845,9.62972140312195,4.21059402725531
140,158,20.6333745,1.309769995,20.8247427077137,1.48372150625928,173.4556321331,1.02725883311196,10.388920545578,16.6962131794271
200,200,0.0739346867566265,0.4977351635,0.371190570867097,1.487532583565,9.01135103268261,1.12101015902201,16.2572178840637,0.55429847203537
180,198,4.88870915,1.123027325,5.18322074960666,1.48995229424888,164.475321961361,1.01617454920074,7.20854187011719,22.8167256186981
52,8,22.135913,1.99059565,21.9096708266838,1.49055128635462,141.991888146082,1.00506022527141,10.9132869243622,13.010918628842
129,114,0.93091466,1.47208643,1.00003780557472,1.49234589202076,51.5207080044519,1.06473598168589,7.28902959823608,7.06825336762519
200,200,0.0183555959002944,0.686169765,0.136831459003033,1.49347235791128,4.6754943344574,1.33329942794131,11.3557467460632,0.411729359504982
176,164,0.0192656111015356,0.871938031,0.0677835104804493,1.49530402866074,30.4284223414657,1.17920862793108,10.6735143661499,2.85083443912032
23,84,12.663195,1.567716795,12.3311552815827,1.49729737989922,174.882109236681,1.0264502968519,8.8997483253479,19.6502308653593
109,118,0.00276228656077668,1.547722185,4.56818943544464e-06,1.50321073463684,56.8623634212163,1.00700569515622,10.244024515152,5.55078361410703
196,175,2.3720932,1.252663535,2.73659992821497,1.5050922904816,79.1467527786865,1.0156390074583,6.38991022109985,12.3862073237491
54,179,14.8170335,1.267835615,14.5881705349281,1.50830600214779,150.183285179198,1.00371876655958,9.23514556884766,16.2621459574825
73,178,10.9890195,1.27137799,10.8585488563401,1.52913216572657,142.996889406129,1.00721972081513,8.49883699417114,16.8254655906688
173,175,0.0597106391727531,0.75305054,0.167884513333289,1.5337950525772,20.1855321784578,1.05999912986581,13.7306044101715,1.47011242735277
91,135,0.000744495239154799,1.36027346,7.5910770665134e-08,1.53391691104836,30.6367972405731,1.02970482804828,10.6244673728943,2.88360782383645
80,101,0.00657189446837009,1.705800665,2.82530809077383e-07,1.54410768265864,28.6521367419559,1.05098249088001,9.32994031906128,3.07098821237033
24,121,0.00661857521357712,1.43888513,1.50009363584506e-10,1.5547019148363,49.7586757741652,1.0311154651182,9.13365340232849,5.44783927989647
163,115,0.00477342231270812,1.574407245,0.00132233670790811,1.55590138478145,49.1333244093512,1.04216277284413,8.34691119194031,5.8864079513382
175,198,0.090550424760765,0.715389565,0.226002737578344,1.55596547635785,15.3479726941414,0.998656182060017,14.2111654281616,1.07999395065284
12,155,90.510902,1.41118757,89.1815646321032,1.55689506696568,169.423487455117,0.995347213235186,24.5121605396271,6.91181371716385
86,48,17.4619775,1.7729686,17.3921699734583,1.55755689042486,130.578337536251,1.00433805899039,10.060186624527,12.9797132408953
126,156,9.72407925,1.390447675,9.82849423472878,1.55917585218472,150.885809527755,1.0039910230801,8.54599761962891,17.6557280078329
179,197,0.00865199677568625,0.70451526,0.0257540392280361,1.57053778206684,9.97822799990469,1.07373802877862,9.43691396713257,1.05736134022811
93,112,0.0073655578411097,1.714345425,1.703781680923e-05,1.58525444349232,33.3995252143197,1.01245363297847,9.14441227912903,3.65245181372125
126,141,0.00329597928253019,1.286693795,3.65915063620529e-05,1.58792134456852,54.7628888710171,1.01373354443607,9.34795117378235,5.85827716180284
194,185,0.0153644255367718,0.812877075,0.132789494321823,1.59128472469688,19.6751791675686,1.00825525222876,10.1757264137268,1.93354050291951
120,130,17.180237,1.52057494,17.2767808188412,1.59300425905023,102.067882405458,1.0183852197321,9.04253959655762,11.2875239655366
100,130,2.21673635,1.526353355,2.20533597941045,1.60141526538424,92.4664176755078,1.08079068750307,6.14933681488037,15.0368113601705
154,130,0.70881227,1.419887335,0.87554038665099,1.60847773198001,34.4556916885805,0.996438914446647,7.50282025337219,4.5923653406323
144,150,4.22241145,1.48315449,4.31426029624397,1.61613333605685,145.491666762445,1.00141727858867,6.43945145606995,22.5937982070355
162,115,0.00604736382553976,1.766680185,0.00245116872437097,1.61871592633193,20.9224616863126,1.02011301210159,10.1417260169983,2.06300797825192
90,160,33.6361315,1.44471185,33.5986717878456,1.62454949185642,117.391422368135,1.00320914996818,13.3271579742432,8.80843632190844
163,138,0.00707096882904222,1.357392395,0.000843178025818595,1.62519020982761,48.44429848248,1.01520758723535,10.0707883834839,4.81037796027258
127,145,0.00293679896412636,1.36505314,1.42341511194389e-05,1.64594764775889,32.2364107610424,1.07098086653433,11.1284735202789,2.89675045749081
27,149,0.00501366551229642,1.33222538,6.77028066319268e-12,1.66688312722035,55.5988575560915,1.01338164740547,10.0575108528137,5.52809322005722
177,149,0.00118155906753786,1.227175015,0.000571274706737353,1.66706880378688,42.2649654626336,1.02654445764722,9.85267543792725,4.28969427937688
71,83,0.703199415,1.780646135,0.687109848597853,1.66831162441712,56.4026945626537,1.00237791768764,8.60756802558899,6.55268647252942
184,124,0.00915174748411138,1.62149619,0.0288747350510291,1.67075171305427,34.4495349196984,1.06701116545478,9.52968001365662,3.61497289209398
69,163,22.520637,1.5363019,22.3707858392178,1.68664718532259,152.732145998578,1.00594185487144,10.4347338676453,14.636899027406
27,119,11.685908,1.647525,11.4097481764801,1.69515509641406,209.42016220996,1.00261774937577,8.01814150810242,26.1182921252187
148,141,0.00432607826354195,1.355167195,0.000165136741563411,1.70036316075383,40.2445950614055,1.03664188207259,10.445241689682,3.85291180970564
60,145,0.0115169586159897,1.578525285,1.04788580177807e-08,1.7015847434844,40.5262736741126,1.00511367286404,10.6596264839172,3.80184744139552
12,1,47.4208475,2.3444389,46.8018649410204,1.70381104384417,205.124096614739,0.996759446091694,15.9404027462006,12.8681878294217
26,137,0.00310670043615698,1.51424569,1.67755731156126e-11,1.71458886526432,33.6135134816886,1.08694437524167,11.151670217514,3.01421337127577
165,167,0.0226693387185126,0.93849806,0.0487015300923791,1.72202279940573,5.3519117860101,1.19339741734296,10.9261462688446,0.489826115660819
125,59,24.080046,1.86686655,24.1829092822574,1.74897305997059,304.789485478316,1.00332659687601,10.5585014820099,28.8667370078634
100,143,0.00458437703827958,1.57643628,1.2694755956826e-06,1.7547754599511,51.568202051737,1.00681502909778,11.2238919734955,4.5945027066825
2,152,0.00241871332693171,1.427718585,2.43856538148125e-21,1.7628323796589,43.410079487863,1.04894697247357,8.65046095848083,5.01823887723627
178,134,0.00937366045016404,1.75523231,0.0108720292970753,1.76459184555773,33.8112434302294,1.0467503754081,10.3342432975769,3.27176770051052
192,200,0.0145873378555652,0.751855577,0.0802406761864472,1.76930427009311,27.8003712774193,1.03083350709842,10.5920145511627,2.62465380340396
46,99,0.0218935697059802,1.91136499,5.06388199119595e-07,1.78079968228415,33.6573101805428,1.04098049349335,9.41390204429626,3.57527728907433
144,144,0.00168443974234386,1.40717083,7.52042214315367e-05,1.78258304997964,40.760337423402,1.03205985818881,10.2092995643616,3.99247148802327
186,134,0.0213808681708624,1.655114405,0.0224746980125893,1.79637192062995,16.1906146893081,1.14193291926078,9.96390914916992,1.62492596499205
38,144,0.0102198482220011,1.609218275,9.86938500372122e-11,1.80115555755788,22.3759362074108,1.10186042087646,10.4167292118073,2.14807697814088
135,139,0.86547214,1.612323785,0.936945866724158,1.80342910263153,38.4242360563474,1.00397182713605,6.73092555999756,5.70861105413285
53,113,23.794005,1.77813995,23.6121808376872,1.80696856577358,151.45574609693,1.00622142433023,11.0517342090607,13.704251589109
27,160,362.466795,1.65047855,361.005761645239,1.82284108088102,118.681460543847,1.02647585109266,173.102754116058,0.685612780396756
98,127,0.00330250570476121,1.65428419,4.75395421497586e-07,1.82430577437715,35.8193353616096,1.0194250718915,11.1502363681793,3.21242834491215
107,163,0.00179738729938111,1.21516245,5.49991895391868e-07,1.82435816219983,40.9923806808039,1.02134173355297,9.6088981628418,4.26608545393102
52,147,0.00425843641145936,1.43194442,6.35139616746696e-08,1.84979635795621,34.6556637288407,1.08946718842079,9.45746994018555,3.66436942945872
28,81,41.7206765,1.9061722,41.2013852256819,1.8522590862364,175.30961676186,1.00415945459441,15.4186182022095,11.3699953175271
152,200,22.5993295,1.2480341,22.9563299545924,1.8555089050154,132.155881165462,1.01083332231877,12.199912071228,10.8325273488762
127,56,4.1127134,2.0562309,4.16882256907637,1.85608725520407,198.944463794594,1.0106716602592,5.9294741153717,33.5517888979135
105,185,6.14151495,1.5841296,6.15614572173501,1.85726464309034,184.40834077677,0.998427445337369,6.9603054523468,26.4942885106562
12,125,0.00328774912144038,1.70950811,3.83398602454505e-16,1.86837394419052,43.4879383554028,1.02109395666855,10.5487163066864,4.12258108864275
197,195,0.023594262843892,0.82260922,0.140850290700836,1.87899036184395,9.2012741270777,1.08388828390646,10.3084173202515,0.892598140065719
12,124,0.0109719188542543,1.87016604,1.31672272288766e-13,1.88087735483442,33.6001486578208,1.03841282906894,11.0000405311584,3.05454771395122
193,152,0.0054988615033729,1.560327585,0.0530198331404633,1.88423484425427,36.2368713771391,1.0142764425949,10.1198244094849,3.5807806450847
166,131,0.00567427278804939,1.48940516,0.0011530498042375,1.8858243278785,43.7899030044261,1.0274002650084,9.82283568382263,4.45796961426774
182,194,5.391351,1.395017955,5.67897783943527,1.88817020447418,156.485273587157,1.0035023593052,6.75011420249939,23.1826112703715
72,149,0.00342926085288131,1.349635305,7.86265373496308e-09,1.89068073909137,64.4499422581182,1.04958175002217,9.93144607543945,6.48948217294392
177,20,75.7863165,2.27427565,76.4199174134041,1.89257496529843,144.695041955293,1.01263788240355,22.9522960186005,6.30416416022312
92,140,264.15562,1.77008325,264.096257963314,1.89820029710017,161.19768635531,0.997759644100793,68.2545459270477,2.36171355571837
61,3,40.4687065,2.4927266,40.2614244102233,1.89942998209234,159.752515248591,1.00588470602299,13.4697637557983,11.860082934255
90,101,1.40723815,1.89712305,1.40647264369076,1.90463844514264,110.103720526858,1.02214589762478,5.28799819946289,20.8214368412685
57,150,0.00476505370284297,1.45331202,1.52122034590601e-09,1.93402817686166,37.9474839099062,1.00741231297019,11.0612938404083,3.4306550804463
121,186,2.685846,1.544405655,2.73450036137872,1.93908598054852,94.7805150317067,1.00292592806991,5.65025758743286,16.7745476316894
131,200,1.6483162,1.19034003,1.71806651536524,1.94506766832339,44.7688428514748,1.05414646359203,7.22092437744141,6.19987698407912
161,186,9.99393455,1.5961041,10.1939015382432,1.94523097127745,117.258607041993,1.01226911905145,7.78666949272156,15.0588909869101
146,145,0.00874831367551471,1.676620395,0.000968195592157729,1.97284198270525,37.495559937091,1.01334051451118,10.0654952526093,3.72515797743495
139,162,0.00732288631622747,1.428216245,1.82460885047342e-05,1.97886462918856,61.3590980344258,1.03577054185479,9.745441198349,6.29618472735958
191,46,34.681737,2.2233896,35.4104663416991,1.97935680794057,215.401522472956,1.00706923749435,12.7272658348083,16.9244145025906
94,151,0.00731352368623649,1.64502926,3.27853171608237e-05,1.98088713494004,45.7492364663306,1.00532019532469,10.952299118042,4.17713540994938
77,50,0.6989704975,2.574065465,0.711793939299851,1.98911277341873,17.9317069092452,1.06509336331009,9.05746984481812,1.97976998173548
135,155,0.00193937674611885,1.35475971,0.000119893587187962,1.99296679605702,44.3147370072382,1.06718099453544,10.9320380687714,4.05365739933055
200,200,0.3084099685715,1.21233716,0.607069378549895,1.99472365706971,1.83383501965122,1.99662207835891,13.4702348709106,0.136139795424907
98,152,0.00450384118025513,1.523791355,1.82858909023251e-06,1.99534944695638,48.7017859964455,1.0350635748271,10.432431936264,4.66830613360188
18,139,0.00381510017972811,1.652231825,1.07860225643164e-18,2.00575517229169,39.6638536733694,1.02053804504009,10.1198194026947,3.91942307417143
45,91,12.8335095,2.05555125,12.666179585795,2.00659705979994,208.580649112603,1.03139010783963,7.82218599319458,26.6652633028762
97,152,0.0110105768338732,1.64190864,1.58532126810617e-05,2.01834444208043,25.8822649461804,1.06134584757564,10.0848648548126,2.56644638463639
2,17,14.9184265,2.5524464,14.3507805662919,2.03202369871754,166.584571537141,0.998550034361788,8.55762219429016,19.4662217792566
35,167,0.0018295400809764,1.300283175,3.97124787980952e-11,2.03934544943154,32.2706751131252,1.10386736457786,9.37866520881653,3.44086012184215
185,154,0.211965278781597,1.166915433,0.566802857339782,2.04808723684488,2.90748408641955,1.3150091874303,14.8560588359833,0.195710323883294
69,151,0.00279365750238591,1.6194733,1.46277249566733e-08,2.04843083253595,5.90042384453533,1.30237620505812,9.91071486473083,0.595358046827995
138,95,8.04944135,2.0584989,8.15860195961019,2.04905441753816,121.209391144107,1.02124702447108,7.42808413505554,16.3177192046171
69,133,0.75101344,1.83874081,0.714685952369181,2.04930758954846,48.4015017714887,1.02193330984012,7.31245708465576,6.61904763489867
172,76,7.19154225,2.1821591,7.38426206156494,2.05402148920504,154.089563357156,1.0033489853189,7.02079606056213,21.9475914166944
193,151,0.00541053894944535,1.64472172,0.0417606953501963,2.05940180918277,33.3802846594146,1.016311382004,10.1169385910034,3.29944521844763
200,200,0.0328312181793848,0.518874325,0.474088019933378,2.06806336678011,17.4328830292965,1.03471978314236,13.8016130924225,1.26310474815931
97,167,1.46426165,1.73988211,1.4754527103229,2.07012682974408,97.2728586980917,1.00560667300555,5.37370562553406,18.1016351613835
106,150,42.398902,1.94091535,42.4358820288456,2.07197127911566,171.372598002845,1.00089718260949,15.2071228027344,11.2692322029536
24,147,0.00733679110979142,1.541659655,2.34714718710281e-13,2.07469708401088,53.7389270106124,1.0147341106635,10.8892052173615,4.935064216159
105,135,0.00690014091502841,1.694356765,1.2593593107675e-05,2.07840218343631,26.4570837827026,1.05990195117619,9.49173069000244,2.78738247499685
196,164,0.00101617591493104,1.270250395,0.0145375993325011,2.08556717978876,21.6017214755884,1.04870011664261,10.5453927516937,2.04845110886163
200,200,0.00691722362468363,0.570836705,0.208572473692594,2.09545980153602,17.9889495056508,1.12404728546254,10.1857562065125,1.76608875580089
36,198,42.7034055,1.519372405,42.2215465159088,2.09735160910585,211.181178003158,0.996930021895325,14.8796226978302,14.1926433412827
117,153,0.00343923027133478,1.545999735,8.13754030984503e-05,2.12097126381358,49.9014243259529,1.03212878261777,8.67060303688049,5.75524264156676
129,158,0.00421657595351375,1.516287585,0.000195132848443787,2.12314479196311,34.7295379828806,1.06957997165103,10.044558763504,3.45754739462197
66,157,0.00316600443461091,1.49409241,7.43554012661823e-08,2.13036500769993,44.6583144787305,1.03971828933143,9.96585822105408,4.48113082568087
123,128,0.4503395718,1.753929155,0.585216306835381,2.13491815313099,9.01224712315809,1.2414453112813,14.0412955284119,0.641838718152628
36,138,0.00470926582797617,1.76565178,8.04845396167924e-12,2.14083394443968,51.1806298412088,1.00756322290877,10.0451726913452,5.09504728428466
181,105,1.6864808,2.156371,1.8252384960318,2.15119322005514,134.067798634909,1.0213584087303,5.17278170585632,25.9179308655391
198,98,5.74594185,2.1883439,6.16496281636582,2.16696434414978,155.628942181051,1.01358111650193,6.52571892738342,23.8485512344082
194,155,0.00774079750615733,1.63572604,0.0493664553092951,2.17149408031381,41.6578938085407,1.029739654875,10.2971799373627,4.04556335442752
52,174,0.00471675672003311,1.297969065,1.96801431353743e-10,2.19324371365866,42.304513308631,1.06032563265621,9.97420692443848,4.2413911831905
194,169,0.00358922580273518,1.319783885,0.0403811314380312,2.20865165310996,46.7403022853943,1.06806847770719,9.7384991645813,4.79953856292227
0,49,3.3720053,2.44872655,3.09083381063678,2.21055935034943,127.875811793986,1.0263157784135,5.91637301445007,21.6138859875237
177,105,75.1450895,2.21641575,75.8131985466877,2.22472715530401,166.722790784014,1.0145917288025,21.3424849510193,7.81177970450208
2,30,161.14344,2.65727335,159.354002459602,2.23324451225411,115.409377177363,1.01163436230797,43.2916338443756,2.66585866433768
124,157,0.00560535812179816,1.424386115,0.000109854063297418,2.2555470198303,53.9400924311318,0.995470159988831,10.0091214179993,5.38909362555359
135,164,0.00439422849448837,1.469487525,0.000601196612823727,2.26502188628685,28.8752637593723,1.11017596380599,10.1483538150787,2.8453150417823
200,200,0.0459367783235281,1.049042875,0.193143288249277,2.27016288271344,6.26481802795021,1.17260634659474,10.2163314819336,0.613216009976656
9,22,14.6055385,2.66919595,14.1928994543282,2.27167074041517,138.217051253154,1.00661545228708,8.27063083648682,16.7117906705973
160,154,0.37167332669,1.566914085,0.61096813352551,2.27533666364169,15.5297997232484,1.0351029437428,13.0810494422913,1.18719830482716
200,175,0.0022145236587937,1.403987685,0.1021671403653,2.31453476651659,47.2921547148205,1.04604041736737,9.48766136169434,4.98459556174283
200,200,0.13076350707686,0.6092541765,0.593931027689172,2.33461570280776,1.97058004825061,1.70160356786996,13.2025249004364,0.149257817206274
110,171,0.00172500335401598,1.44948363,2.71090594318304e-07,2.3374492596213,27.9181940750671,1.04237453951482,8.73658680915833,3.19554932434268
186,195,16.306842,1.74805055,16.7541435326201,2.33788310289471,106.811535599694,1.00241815733664,9.10128736495972,11.7358711264213
118,173,0.00360790641817011,1.44461709,6.12095936760368e-05,2.34220951601391,23.6140458084951,1.13881140203727,9.85557222366333,2.39600961492601
195,160,0.00167517506052125,1.51597191,0.0161275551721211,2.38321383879696,28.9277469202076,1.0675855342376,10.0074768066406,2.8906134362472
200,200,0.0142987009275676,0.7528697635,0.231923849808723,2.38555796659401,31.5815373900211,1.0077185862331,10.0600147247314,3.13931323702553
175,65,46.64174,2.5894566,47.150390176364,2.39570228791492,157.495115525156,1.02222132517669,14.5687351226807,10.8104865795773
179,86,3.0228094,2.48573375,3.15864402088385,2.40408875602436,109.670412562047,1.0096001342797,5.81519174575806,18.8592943030722
12,197,10.6926143,1.8331297,10.2937433540523,2.40763361978918,159.240835335699,1.01088041284948,7.4581618309021,21.3512174911386
153,113,18.320686,2.38905615,18.4819524431775,2.43025060082827,98.7376977226742,1.05122718536652,9.39826440811157,10.5059501877234
106,183,0.00172907494860682,1.19355922,1.04316428554783e-06,2.43214082678793,40.2653518123269,1.01635217071065,9.37653565406799,4.29426744565919
132,189,0.00119175462567034,1.171548155,7.31186712859887e-06,2.43267111515176,35.3901602134264,1.03961057112451,9.48613882064819,3.73072341471471
171,173,0.00605528365869708,1.47600106,0.00201224371534897,2.46048845136773,11.9754734984968,1.09549131965494,10.8553671836853,1.10318456260927
98,167,0.00990531614490641,1.568819245,1.84581091244703e-06,2.48716971687915,45.8766021089278,1.08736000456063,9.93615126609802,4.61714006563668
74,165,1.24551765,2.16587175,1.21664901453163,2.50844989096406,90.5946667718228,1.01150039721499,5.01249623298645,18.0737625647743
179,172,0.00306332014052317,1.46252533,0.00721634385240131,2.52217154111027,28.1252256403604,1.08924260256487,10.4566702842712,2.68969230890506
90,171,0.00235171757656351,1.50331311,1.93102310746169e-07,2.53547850799199,38.9723748824334,1.01168722796974,9.94353938102722,3.91936647395339
133,156,0.00999788102504825,1.72518548,0.000368717579595614,2.55471475349182,18.9534689405565,1.07597787235475,10.1070780754089,1.8752668970344
145,163,0.79551366,2.03262564,0.899589511639502,2.60214127464324,66.1447283076552,1.12733638451567,7.13553428649902,9.26976532546499
139,161,11.4660865,2.31282625,11.5909314371036,2.6056608054367,121.93839290844,1.03067186362099,8.47524833679199,14.3875893735281
187,144,27.2442745,2.3873205,27.7669152863493,2.61426222066145,210.226442102523,0.998878167085866,10.4555032253265,20.1067741620784
59,167,0.00771064506575035,1.655336255,4.02456139404005e-08,2.67168832191551,16.5043759366602,1.240116589778,10.6793625354767,1.54544579621048
148,151,10.66215595,2.46298865,10.7818292629724,2.6813769436662,184.489154851532,1.02486866406681,7.39570951461792,24.9454301155125
137,190,0.00239544914650748,1.24247743,0.000202922204612051,2.68458964352216,43.1236098508666,1.08178706304828,10.689222574234,4.03430741116894
189,194,1.3966916,1.9156463,1.54317319418582,2.69009846595604,62.1676805559478,1.01733714827491,5.21919918060303,11.9113447110798
19,179,0.00407734586058741,1.51025624,5.14537058107937e-14,2.70315311993329,48.1846430579618,1.01553155689085,10.0704877376556,4.78473777171581
127,186,0.00353887617026466,1.40278857,6.88548440722207e-05,2.72473057370451,29.6798999833964,1.02631085667605,10.2135968208313,2.90592046113102
181,170,0.00578229264314529,1.53313218,0.0114284444210686,2.72788453000282,9.50031035881524,1.15175011068209,9.71142792701721,0.978260913864722
200,200,0.00773387805807838,0.67067802,0.120746673997792,2.75121530258818,17.4144253433571,1.0575459006664,10.016829252243,1.73851674065998
165,167,0.00460803055876584,1.6797221,0.00469896253850396,2.75142458311168,43.0186780585357,1.02296368840787,9.78478240966797,4.39648796032813
169,52,5.04226945,3.0547294,5.19950008278572,2.75438744175892,123.962637483668,1.02964794543906,5.59851694107056,22.1420491870413
66,134,2.4331619,2.61548335,2.38582007048502,2.75850999149794,110.091989271565,1.0338012313374,5.3562171459198,20.5540563932196
188,175,0.00241899686077723,1.61476043,0.00697222639694521,2.76814798581648,32.1278432320715,1.11418016795894,9.88413214683533,3.25044654955955
30,163,2.909592,2.557582,2.81910668321786,2.840090768779,168.410804708688,1.00525143687851,5.87051248550415,28.687581386555
60,118,135.437135,2.7874949,135.157746937275,2.85643869785928,194.067765921358,1.03221037777807,33.9572556018829,5.71506037462571
128,182,0.00432593336260905,1.46159429,3.87766740039296e-05,2.87509612973224,63.8172059931091,0.99751334810853,9.81806063652039,6.49998083692082
200,177,0.00106123860500338,1.657159675,0.14869989452861,2.88767300256713,24.9768311282583,1.0625783548504,10.1295907497406,2.46572953886591
200,200,0.0209329456336843,0.464739947,0.456131685267184,2.89083273066502,31.6029248812151,0.996001567273319,12.4032299518585,2.54795928188687
71,187,103.15403,2.4451749,102.923857039925,2.89562026243242,146.712288905727,1.01065197534999,28.1519491672516,5.21144337232583
198,200,0.033880556603665,0.73697361,0.257629910107704,2.90050701753151,26.3580023846736,1.02701059950303,11.5886392593384,2.27446914126986
137,190,0.00172114200590925,1.190730595,6.90388020393217e-06,2.94144490792314,54.5745121277085,1.04947460533071,9.94627904891968,5.48692750920116
117,145,5.73800085,2.70149765,5.78538937672146,2.95023782692314,165.557764813381,0.997401304928363,5.94570350646973,27.8449412476138
155,104,1.12871352,2.9212781,1.18891314038677,2.95687286336348,93.7407108337716,1.02363543382353,4.87187242507935,19.2412080314777
104,198,14.226772,2.16787805,14.2215084735928,2.98715010356859,159.192652511162,1.01809906184357,8.21611714363098,19.3756551578096
48,118,1.3670048,2.9279042,1.31097850286963,2.99194873245444,112.500735833112,1.01072921174998,4.69035005569458,23.9855734640795
136,175,0.00176588762501633,1.667834035,3.88013043807863e-05,3.0007481276615,39.0974299834186,1.00610460432469,10.5412750244141,3.70898490864409
200,200,0.012420668342477,0.5521704045,0.309570817451014,3.01295616920021,23.0687767756694,1.04859021060748,11.6841168403625,1.97437059992234
92,172,3.88444495,2.5811509,3.87140282057817,3.01849852039326,170.308289689493,1.04140681754902,5.46606683731079,31.1573741702144
1,88,7.99047115,3.0699366,7.62802663405485,3.02956504800725,257.578866893451,1.01389093383928,7.0015127658844,36.7890305290209
35,98,95.197343,3.17664655,94.6321734371643,3.11294511520146,187.004616817753,0.999864083417931,25.8057832717896,7.24661657614491
108,162,0.0121872043666742,2.031135735,0.0004024507482522,3.11505763304209,38.2703377199435,1.04262021220332,9.18149328231812,4.16820407565349
45,190,0.00445956434149684,1.50090325,6.25371074751607e-10,3.1270332278051,44.9277755840359,1.00506820974091,9.53570866584778,4.71152980427612
112,110,3.70053075,3.11199545,3.71203722760925,3.13606049273216,138.868729728024,0.999400059263102,4.8986382484436,28.348435357958
129,182,0.00330332669706613,1.48440505,9.95262850786038e-05,3.13629893638503,44.2418783632527,1.00952093360643,10.0392668247223,4.40688340450365
163,181,0.00450256008063333,1.609704515,0.0015112807352124,3.16752539394991,15.4455565403229,1.17059089094403,9.55383825302124,1.61668599899506
84,181,0.0101377412954448,1.73342198,7.9198483277025e-06,3.17749467836199,33.287407952438,1.01684967305988,10.9732089042664,3.03351628888574
127,123,3.15791545,3.09771375,3.18724037775564,3.21845984589329,151.031992519321,0.999128339677383,5.57874774932861,27.0727409278359
110,171,0.71852566,2.457875555,0.751423158025244,3.23017378744312,36.661210154845,1.02844064049909,8.1817569732666,4.48084809590817
25,189,0.00565496947242395,1.436580395,6.63647834702689e-13,3.26730644386072,29.9558872491205,1.07065901340526,9.91982126235962,3.01980110899648
196,186,0.00648241509326034,1.600679215,0.0908246396789179,3.28951089290968,31.9654218433452,1.0802947358281,9.7265317440033,3.28641520787231
57,53,6.3994522,3.6392673,6.33153836748235,3.31408905853391,133.532040076492,1.02362904350229,5.98093485832214,22.3262823019531
183,183,0.00800226017080198,1.581929255,0.0219359986501257,3.31589704918029,34.4698895977216,1.02358690741519,11.0652105808258,3.11515893402447
21,152,8.05930455,3.0699171,7.88459765171435,3.36089380618136,149.108317279778,1.01297337572371,6.49929809570312,22.9422185417773
24,179,0.00530904441246024,1.711830305,3.04899685649147e-14,3.38163411505686,36.4297360868866,1.04424763275313,9.80257606506348,3.71634311685912
167,187,0.0053264816038175,1.422124115,0.0051631575039747,3.39727998314357,43.9253742210737,1.03706940534801,10.2364087104797,4.29109226325676
75,185,0.00573028555719771,1.56015162,3.48078080764235e-06,3.42722714213142,35.2182441673375,1.03165745871165,9.06167507171631,3.88650485573713
179,158,2.9542421,3.20692755,3.07834842302405,3.65284647589251,207.82447586513,1.0101012203276,5.2700834274292,39.4347601374707
116,196,0.0084857364535045,1.523003845,0.000135245876648325,3.65838539308888,37.5526703008488,1.01857249962741,9.04488444328308,4.15181316426173
190,155,0.0116555345833792,2.39751843,0.0893879287181042,3.6785207808492,21.5917717731398,1.15238360314551,10.0921230316162,2.13946775178007
16,192,0.00409511694862479,1.58589193,7.16771838582387e-17,3.78085769410375,28.9190364555155,1.00432009400427,9.36465716362,3.08810412919982
70,75,5.11660375,4.0230729,5.06559654141338,3.83723396559821,124.798639562976,1.03185281120531,5.45442295074463,22.8802644550949
164,187,0.0076807263986679,1.5662542,0.00137118177238689,3.85127191094263,26.7282127455065,1.11676753847237,9.53797101974487,2.80229544524464
198,195,0.0034750988452103,1.452890915,0.0943829195749217,3.9475031758057,55.3692427593182,1.02795796444705,10.4311127662659,5.30808591566394
89,152,24.932553,3.6051315,24.9047730851662,3.96369154527117,181.665541232754,1.01841098859049,10.9804012775421,16.5445266198339
81,197,0.00601945250004823,1.3729053,1.28778554793928e-07,4.20897395101574,22.086679475813,1.03840442979747,10.1645655632019,2.17290934260604
92,197,0.0085583006815343,1.46797457,2.6421704420892e-07,4.23412948609332,37.54498913717,1.10558045373278,9.80164361000061,3.83047891058422
123,195,10.5561355,3.3639389,10.5911647359884,4.38961804176813,193.997976207659,1.00052154049534,7.34870958328247,26.3989172533071
4,200,0.00756396671628926,1.524629405,1.59406881798905e-18,4.39836479710167,24.2403604484327,1.12122524216717,10.2335028648376,2.36872562294604
39,95,48.328597,4.56879205,48.0100835920952,4.51918760933357,155.132791070413,1.00571485139354,16.349369764328,9.4886098550961
200,199,0.00612290522900881,1.538768615,0.228198618093117,4.85133522155104,49.4084528457602,1.02036346564507,9.22395992279053,5.35653377284109
57,196,11.9505095,3.9750707,11.8429598102832,5.04223455211374,223.513574267656,1.00705163953706,7.27594900131226,30.7195080981662
100,180,0.87750371,3.6061143,0.898951043200198,5.07921933186362,30.0853630555299,1.02035763150625,5.89342379570007,5.10490405890726
198,185,44.35816,4.46076755,44.9983731151325,5.39100802789619,161.159247672658,1.00098859850758,14.5076403617859,11.1085775256162
99,198,0.00845199232726109,1.793255655,1.99603578420205e-05,5.50567284928564,41.0843532544387,1.00252209616624,10.4368801116943,3.93645924977182
108,159,1.15471,4.9820165,1.16046450106444,5.60159029073617,203.72383076343,0.996161148440391,4.22819972038269,48.1821683543821
74,159,0.974814465,5.05498705,0.96737997872462,6.01435218693266,113.120837142651,1.02561757628305,5.24291324615479,21.5759505892292
171,200,0.00194184306786975,0.967494826,0.000176934080957486,7.38291922000569,27.5131256026696,1.07143521534065,11.4210560321808,2.4089826304281
171,199,2.39168615,5.34535795,2.46455676521092,7.61071192357298,197.512356618934,1.00427024200407,4.47808742523193,44.106409246511
