"rank_mu","rank_nu","mu_mean","nu_mean","mu_sim","nu_sim","ess_mean","rhat_max","time_sec","ess_per_sec"
0,0,137.646474,0.00170797455,0.0006962828368415,0.000175861216069525,6.76937856829512,1.23370606048081,1864.45272397995,0.00363075903251914
0,0,104.235932,0.00157838665,27.0076891855444,0.000707710600348866,18.2798484243133,1.26229939267957,2215.57439088821,0.00825061370066885
39,35,74.75621755,0.00224540986,21.8128950562014,0.00116117856153503,41.1526183165955,0.997730792867529,1371.47907567024,0.0300060125208139
21,11,0.177027851752021,0.00654323975,2.04169459598423e-07,0.00225887717287755,21.3282708144179,1.01229728997004,359.832923650742,0.0592727052267162
4,3,14.073441454,0.0118314478,0.160541960389176,0.00320698716913039,15.8435835516882,1.07543126603142,364.623278856277,0.0434519255089393
164,166,4.67100864462641,0.00182688408,11.8865920177696,0.00329566720036836,25.6567411784849,1.05640183685047,1281.29454898834,0.0200240773667089
0,0,0.186059744689523,0.0264754351,1.58744814325925e-14,0.00346342697573135,25.9401443334203,1.05656054166891,118.118858337402,0.219610523658493
46,60,34.21359585,0.00572727635,16.2191438701007,0.00429707839526784,26.5142153904636,1.05134326742569,762.477928161621,0.0347737480800145
44,48,8.987749889,0.0082134479,1.51508607928733,0.00473307286066239,5.5036822650131,1.2041739038281,437.525366067886,0.0125791158452723
15,18,5.616190536,0.01652130695,0.61926192890456,0.0082280311673618,20.1828307027652,1.04325668379967,355.02170920372,0.0568495677293464
65,79,3.04415703637904,0.01183552245,0.560989874349659,0.00924781056981305,4.46345121577244,1.23596261777095,366.920809745789,0.0121646172613236
134,130,0.208473283378718,0.00873529785,0.1167773120489,0.0100708362658752,4.08992002209444,1.24929958821018,334.265765428543,0.0122355336534419
168,161,22.138071941,0.0077041197,33.6756475814685,0.0102106032369394,23.2337491604736,1.01809501159043,533.935675144196,0.0435141352077647
48,40,11.1642658815,0.0168678299,6.95228053517712,0.0112844522417616,20.2647210449722,1.00561788710818,286.384590864182,0.0707605146765133
48,29,0.25430345706079,0.0234113818,0.00667902357944178,0.012710472154162,44.6328082349882,1.04000991584865,146.323426246643,0.30502845224356
0,0,0.2921571619525,0.063160521,3.84956450468678e-07,0.013322896717775,52.4997692488456,1.01168962002964,59.3249814510345,0.884952139296962
2,2,4.471641277,0.04654239465,0.121169339449831,0.0133268004130871,37.6526286048734,1.0158837789178,133.985924959183,0.281019283304152
0,0,0.127286726550734,0.074181573,4.44639270052627e-11,0.0143126151710422,14.1380642210156,1.00804898087052,55.91450715065,0.252851450213511
70,74,0.285276390537369,0.027142172,0.00244934446245087,0.0167089450726839,3.41231647153651,1.29125759320773,114.659676790237,0.0297603880200982
0,0,0.050248057022417,0.1468544255,8.64595043321738e-18,0.0174494770140024,25.8628005643685,1.02023345259093,32.431556224823,0.797457895177205
58,61,0.0848597246526836,0.03131432355,3.68203435905452e-05,0.0175167854486104,16.9483146216643,1.04260471165264,82.8103256225586,0.204664267339233
177,160,0.292917045152083,0.0135289938,0.969317011827072,0.0191887758771421,27.8900049604765,1.0197368363508,240.881395101547,0.11578314277331
14,14,0.139791334881635,0.12060801345,6.23338511168593e-11,0.0196065693582482,9.65239058775829,1.07704237066082,42.0709969997406,0.229430992277597
148,130,6.12937179525,0.01765114995,8.85771078565848,0.0201286307347468,32.9501214764727,0.997964876564509,294.660742759705,0.111823927299822
75,74,0.0650809200557195,0.0323417464,0.000259612864651235,0.0221307205710529,14.7893761266852,1.07235893682819,85.993777513504,0.171981933510977
0,0,0.0621683023351842,0.2001636405,1.41067975473315e-17,0.0244528829840343,8.32866678863356,1.14852967582347,28.1313188076019,0.29606385842042
179,175,11.81526956,0.0181567963,18.9877162748443,0.0260513990591782,34.7501516962605,1.03533321676514,305.778266429901,0.113644936580955
44,49,4.87059338985,0.0403256295,2.63144135361032,0.0289973395643163,4.92030205161971,1.1741907827403,153.473434925079,0.0320596333432013
7,8,7.54212768,0.072908838,1.96103941224901,0.0325485057113319,28.1731934144299,1.05209791905559,87.7879354953766,0.320923293792615
151,153,0.585971451351001,0.0201171352,0.974813623005439,0.0339490081519681,11.2967152657657,1.01972739139243,205.636040449142,0.0549354832989966
40,39,1.283347685955,0.069212883,0.220408877081549,0.0345005214040465,36.318220705154,0.996954622954427,72.126487493515,0.503535136220511
47,71,3.154563339,0.043298371,1.4780324542142,0.0345808964866148,39.8235921139911,1.08818302517848,154.248229503632,0.25817860109087
200,196,3.65584531327411,0.0167974911,14.687978392445,0.0373786944122214,26.1885885855659,1.03056891899929,276.260011672974,0.0947968851046272
81,71,0.280605814537325,0.056462589,0.0258569845681632,0.037824876773326,30.4953934894806,1.02168714433321,64.7883207798004,0.470692759473222
108,119,3.690786715,0.03397584165,4.24377004311804,0.0378632004096792,11.9272903474659,1.11677127629421,186.48513174057,0.063958398378154
0,6,0.0381741132150324,0.199151399,5.47942939791108e-14,0.0389093375173157,18.1847408515324,1.28091530275992,29.1862254142761,0.623059014772001
33,37,0.7034713100315,0.0801440735,0.0360654852543748,0.043487845711435,23.0398841278511,1.03833675597909,51.9397530555725,0.443588634377984
68,61,0.0188653726407795,0.072703799,4.71050892287519e-05,0.0437070284598252,21.7055020779636,1.09023750411043,46.5005059242249,0.466779912316092
93,107,0.116436705695497,0.055576911,0.0129355569452813,0.0485672902417956,14.4959212749978,1.07718982276709,56.7821683883667,0.255290026542341
192,195,112.5916555,0.035223103,121.799273132574,0.048876212145458,111.452399084265,1.00367545506272,213.174614191055,0.522822098246542
97,99,0.335898441825,0.0572989995,0.143912302020735,0.0497878403628688,5.1170579646428,1.16427247732771,71.6369667053223,0.07143041086164
174,172,0.434043627278815,0.03056562255,1.18370748584657,0.0504917140647764,20.17090780176,1.06587198752946,152.056167602539,0.132654321885087
82,85,0.0641359189291198,0.0628787045,0.00485579420290487,0.0505401115950703,27.5556785271638,1.0382941965698,52.1226537227631,0.528669907593935
192,194,5.3482895355,0.0296881588,10.3508910634899,0.0512076884725825,45.6011821871948,1.01184120086615,202.843410015106,0.224809779049755
107,89,2.55665010147695,0.05430969035,2.79215075070831,0.0516167217523607,9.67782925824399,1.16503231484363,97.4376821517944,0.0993232704690909
14,8,0.77375355075,0.1333245405,0.0595130164000201,0.0523845720555104,39.8346094647043,1.00589575557011,34.8017053604126,1.14461659427807
200,200,0.0638265057553373,0.01766590445,1.45339073289202,0.0533662541413174,31.4982760159453,1.00567386875691,128.115858316422,0.245857744933891
162,109,53.451924,0.0538509425,56.2144359892352,0.0538807477741468,111.992568971614,1.0131933455895,150.623821258545,0.74352494868245
9,6,0.0179643739932668,0.2530840885,7.91086033896842e-12,0.0544948033254444,13.5071599813737,1.05529730594822,22.924663066864,0.589197753614855
3,4,0.499783586157,0.247025793,0.000497329416402057,0.0582983165635445,41.1648708100114,1.09271604653666,31.2108948230743,1.31892632503372
200,200,0.618212400469441,0.017631473,4.64931255367285,0.0620558412481655,9.33236018640141,1.10879494091045,218.512355327606,0.0427086155948015
73,62,0.053581632317707,0.134793497,0.000117682885342976,0.0623288884874669,13.0188739335155,1.03469463893832,25.4852623939514,0.510839313022155
78,77,0.0128756354088733,0.0947025255,2.94488277593146e-05,0.0626894050157494,7.64414758455579,1.13484176121895,34.630918264389,0.220731876821651
49,56,0.325380083432,0.0941247565,0.046651920358252,0.0630868242119303,24.0315940943482,1.03070568067243,43.9370665550232,0.546954905700248
36,18,0.019703586482292,0.156671918,4.44817152801118e-06,0.0662395804263499,27.8806992483512,1.04561855933859,28.448392868042,0.980044791200541
0,0,0.125713965687487,0.92311151,5.99097597535788e-19,0.0664319502699862,17.0760715957569,1.11009884850854,27.6648375988007,0.617248213902301
120,147,0.748272286289148,0.05085192715,0.66711471419661,0.0691342888206973,14.4562897055154,1.07635735076692,90.5371496677399,0.159672463276878
13,17,0.122514988451663,0.2993435995,5.91097687093013e-07,0.0692862573709606,13.2444053913513,1.10336427776432,30.3338668346405,0.436621069893619
36,32,1.682082545,0.1227717395,0.560030564295972,0.0701701963581083,22.8592914583705,1.09549988928072,42.6291191577911,0.536236542297699
116,148,17.626112,0.0625832515,18.3003566363082,0.0732591852984221,42.1531418130379,1.0747240188892,123.62503194809,0.340975780946517
200,200,0.15312945908699,0.0273440877,1.63137046242783,0.0745326867938598,31.2833420273187,1.00031655528188,121.288041830063,0.257926021026458
3,6,0.0142301005982014,0.408898475,4.21600525007167e-16,0.0769990238509689,15.9501379682772,1.02369138442985,23.0694243907928,0.691397310053518
127,145,99.6375485,0.071662796,101.189296596003,0.0790740000780939,92.8884073145786,1.01682472991423,151.953637361526,0.611294398261619
27,33,0.00993161817577483,0.168816413,8.6842589228658e-07,0.0814514226378974,15.1703571998281,1.06685146235346,24.382720708847,0.62217655613484
128,127,0.0540429052589399,0.077032935,0.0177011672206966,0.0823116798067682,4.2200624038495,1.22530904983326,48.96186876297,0.0861907952141147
116,72,54.3319725,0.090118362,54.9025888575926,0.0846450816368938,118.349805782574,0.998001371519793,112.810975074768,1.04909833200302
0,0,0.0768875241307174,0.72635119,9.30322573991456e-11,0.0849025212702218,1.49135729094824,1.92212220751132,22.3796663284302,0.0666389422014608
144,121,9.63610419,0.078590714,11.0714630241089,0.0853651752939172,61.352246689127,0.999646045098687,59.6782760620117,1.02804991594221
192,159,27.2797185,0.0733880635,31.6083528312477,0.0855444659282441,23.0835497738702,1.1143261918556,97.1405346393585,0.237630458382483
34,30,0.082886301293091,0.1943360155,0.000682680972735567,0.0859696963297712,44.4149507320943,1.02451951853239,28.7773203849792,1.5434011971204
37,44,52.493091,0.099233729,50.4906566471355,0.0861088019097237,101.683253657641,1.0015732925973,111.413171291351,0.912668156547973
140,136,0.0996465939296414,0.07165619735,0.0846377005547828,0.0863216187885725,29.9398924507105,1.00080540588173,47.8229887485504,0.626056489445529
103,117,3.77818891,0.0834049085,3.98186919273619,0.0873394534825217,32.9053648864707,1.03802770455778,52.7207934856415,0.624143961251882
5,6,1.2131122635,0.233018511,0.123101387921714,0.0875762296921812,18.9107555149248,1.03955128606733,31.4813516139984,0.600697064941646
67,59,0.0956216079854342,0.146380197,0.00665957213937511,0.0905150963930799,43.3968923984728,1.00977134811192,36.1929447650909,1.19904287092799
190,171,0.543665470195695,0.0506225197,2.09354287030099,0.0917397146267434,20.5283461421797,1.0255156938614,77.9000561237335,0.263521583470662
105,109,1.52235922146743,0.091566035,1.45786135788051,0.0920573893342278,23.2769773567992,1.04822193143607,58.2245590686798,0.399779366801944
9,3,0.8395640655,0.349359201,0.0490980284766807,0.0923212230707272,10.7723281887917,1.09193696409435,28.9862816333771,0.371635393771499
104,101,59.67587,0.0978897195,59.9386515476229,0.0975510518649569,117.653088999121,1.01958973786626,124.960759878159,0.941520274955409
14,15,0.0623113754924361,0.2922933695,3.02998915919712e-06,0.0991393281644258,1.43425227197488,1.99056018431097,24.4325551986694,0.058702508203194
200,200,0.0326027650678178,0.04682525275,0.512073099708109,0.100301416935657,8.42190889368002,1.16239648556238,66.7405993938446,0.126188691293905
21,27,3.98850254,0.15639655,2.43625490389751,0.100320634226542,51.0785504666631,1.01616598804377,61.2071912288666,0.834518778613278
22,26,0.0143081625475028,0.299864115,1.79088460168227e-09,0.101282621657634,28.0720133649814,1.04427113398642,30.0701105594635,0.933552050281596
38,49,0.0177258266471667,0.197840737,7.81582332075677e-07,0.101313749815376,18.5219687253109,1.00024982800988,23.743320941925,0.780091747511424
154,151,0.133529939304623,0.0759468265,0.202022889408309,0.101645864662865,24.4577485369495,1.04779341954836,52.3454146385193,0.467237650247818
0,0,0.0153760641004901,0.482224185,4.3704689838416e-12,0.101670722514592,20.1830906634961,1.00172340619328,15.84809923172,1.27353383950926
130,122,0.0509763952868771,0.106470105,0.017760484645949,0.102116578217814,22.9907219257727,1.15983234312714,47.3442444801331,0.485607536422304
56,33,13.4423459,0.1307594165,12.6385248854512,0.102404113218622,72.5357831062863,1.01943368116263,44.8116505146027,1.61868135347189
55,38,0.367054118106065,0.22431794,0.0521123387381884,0.103630865320809,4.35789388826496,1.22240602994197,28.8652336597443,0.150973795661406
93,114,1.80928914252065,0.110139627,1.44391601972121,0.103860406694858,12.9487440791638,1.03535195643466,79.9526243209839,0.161955210215225
6,24,34.002043,0.129743558,30.0800913320298,0.104012799041851,101.81375352849,1.02262864235531,72.1484091281891,1.41117115067075
29,16,1.0075133005,0.315364137,0.282831625790524,0.105200779615153,9.89268783393444,1.20427857902019,26.1612205505371,0.378143206844045
11,4,0.0178009600689726,0.499710257,2.13310876129467e-08,0.105825716100834,8.43168161472292,1.12366292037302,25.6087749004364,0.329249706302008
176,194,0.404433126845025,0.0483821999,1.18241254917316,0.106213331423945,22.1389396333332,1.01785015757977,78.2988379001617,0.282749274792079
162,156,0.0432881218139553,0.07815159,0.0571344067428845,0.108156188309811,15.4424718749731,1.06009446068923,48.8293645381927,0.316253795662127
76,100,36.4197695,0.1099517865,35.4496437643057,0.109452821866159,91.46919801592,1.01566508510936,78.0013341903687,1.17266196745663
45,50,1.7749046285,0.146273733,1.07045674122274,0.110702911893153,4.65218956773391,1.19033104304137,46.5319771766663,0.0999783342554113
1,0,0.217072153831,0.661903905,6.65328859345208e-05,0.111198005267067,17.4691202151001,1.0256254537198,26.3193428516388,0.663736944861158
197,189,0.155833993083853,0.064770209,0.645954782446617,0.116977299127462,36.3600631824051,1.03387689495568,65.7703547477722,0.552833618152815
2,2,0.0893743814741315,0.620307685,4.15257992277334e-07,0.118629750470092,25.7987176758484,1.11143934251765,26.6120297908783,0.969438178093853
18,23,0.0200375802853417,0.300940034,1.75786988127415e-06,0.118893211614758,26.7600952036314,1.0350087135286,16.7476108074188,1.59784553816938
44,26,3.98221125,0.180931557,3.11787754053583,0.120422259448825,50.0692434991604,1.01815838111493,19.9918630123138,2.50448112156034
130,172,21.172012,0.1003176895,21.8114619041975,0.12060263199314,79.0294285648217,1.00336835158886,32.6745414733887,2.41868515979593
98,99,0.00590385940870197,0.1352104145,0.000460792377775579,0.121342863535473,3.02559257847847,1.30974324071419,20.3022332191467,0.149027574741141
64,77,0.0352147130094331,0.196511144,0.000123757219979092,0.122254071412189,16.3662057893016,1.10613762119801,21.7214970588684,0.753456621564655
143,121,0.33176499021886,0.118607771,0.526815157428353,0.122802461367026,29.628366058883,1.03938964233007,31.9670989513397,0.926839376447118
13,17,0.028585890933341,0.542946999,8.67785485607247e-11,0.12565625861796,1.79901112021193,1.58879623852671,13.7228970527649,0.131095577944999
7,19,4.47397815,0.198225646,2.60231568429622,0.12565932000395,60.5830689626586,0.998181943968373,23.3975038528442,2.58929624902248
152,136,0.000225383501104048,0.10446795,0.000129961597149295,0.127117174617717,65.9746057160631,1.04082515183039,17.9742026329041,3.67051640973983
156,75,76.234813,0.1356107975,78.088416563474,0.128269333668207,171.269798259544,1.0259755273962,38.4709091186523,4.45193009947625
48,107,66.337779,0.1279363755,64.7497366525082,0.128573634674197,133.77285776424,1.00001852603367,41.9917569160461,3.18569327860444
107,128,1.395041620301,0.100133098,1.62706928118453,0.129457354499065,23.9771367665137,1.08301102024589,34.753103017807,0.689927939793696
45,41,0.13437735302095,0.2743140045,0.00525528187708534,0.130426629419782,26.9876857292584,1.1049134294777,22.6150748729706,1.19334938667455
12,7,0.0279678883153037,0.9299839705,1.51442450766386e-14,0.131352907634985,18.1928918158181,1.09045088963499,10.7878565788269,1.68642321881855
183,182,0.115102156742453,0.067465644,0.41442231780211,0.131487224825087,40.5628499341742,1.02625846107816,37.1513004302979,1.09182853532347
146,109,203.07539,0.130416907,205.347848733875,0.132271876870841,147.373795381993,0.999541996643299,68.3257718086243,2.15692836657268
42,42,0.0138704471973446,0.2799460355,5.86694947545969e-06,0.134117218668758,19.4586540335049,1.16192652356725,16.7808861732483,1.15957249412284
84,84,83.30564,0.140424326,83.1054817028828,0.134646023269018,163.043613725714,1.00264310444506,40.5064940452576,4.02512282459072
107,80,0.390754604857463,0.127224112,0.443427280150923,0.134753418005472,3.46649536842668,1.32104347481349,40.7018682956696,0.0851679668177663
17,9,0.0242603898097923,0.87933045,9.69547739585427e-13,0.134860120085564,2.20077129397417,1.50917562707943,11.5725691318512,0.190171367213265
9,7,0.0312426452610291,0.869210385,1.82335271700029e-12,0.136422714780814,4.04679026711021,1.20820176280523,12.2938072681427,0.3291730689155
21,23,0.00608103999368514,0.2986755645,4.75485738739601e-08,0.136579231070892,49.7917158664421,1.0188308745937,15.1646847724915,3.28339933295308
65,73,0.0263155763980137,0.1978643865,0.000421162191055375,0.141004546928906,12.3860132399307,1.11014146623754,20.504417181015,0.604065608428942
107,32,156.79707,0.17200603,157.172832222202,0.143354727376306,119.055503287377,1.00195698321484,61.4689619541168,1.93683933325969
39,46,0.4791629532395,0.225153366,0.119098243987035,0.14827354194078,29.0030172044725,1.04272420539911,26.2382085323334,1.10537337824463
86,18,4.3935941,0.212636839,4.47149641505433,0.149633888878521,80.7001650087609,1.02828638837278,18.0098586082458,4.48088831590339
25,35,0.06019223468598,0.388104616,2.37492756767124e-05,0.149842520226955,6.78314450611528,1.14990513457852,18.3380439281464,0.369894659031986
10,20,5.9911416,0.20482023,4.80852829336433,0.150306183334339,74.5114262531153,1.02353901190259,18.0361721515656,4.131221726371
44,112,65.387063,0.15074611,63.8040990158713,0.151170198637038,163.616335534441,1.01649730109393,34.4627058506012,4.7476346240406
7,5,0.00531971546291648,0.496059535,1.42515008195527e-11,0.151503605044995,21.0430455832027,1.02319436207963,11.9604330062866,1.75938827399828
154,171,170.095655,0.1324658535,173.140894810872,0.154585610903262,165.940031872304,1.0083782311172,58.9547533988953,2.81470148385717
103,99,0.0679098039850655,0.188666909,0.0209604781928566,0.155746948807861,28.4704704572853,1.0523338208378,23.9418082237244,1.18915289067738
80,77,0.178700736577434,0.198915542,0.051707528885903,0.157026610704676,37.7734124525893,1.03291139021229,25.3342583179474,1.4910013144466
11,12,1.1849295824,0.4744282925,0.175285054872776,0.157087800524525,41.9278034327824,1.13638672464825,11.8533203601837,3.53722013399902
107,189,0.0791547653749075,0.1104167045,0.0928060272590511,0.158735854124588,1.39770402560557,2.07501339458913,29.1175165176392,0.0480021716398393
161,161,0.035799127041614,0.0982486305,0.0525453625776972,0.160587386166469,10.8632429338006,1.09890063904526,27.8581426143646,0.389948572098956
131,119,0.0869999069298683,0.1696395085,0.0473837451570587,0.160607397739296,21.3196696120252,1.04653533095511,23.6307513713837,0.902200242259027
23,22,0.334098166,0.3330614055,0.0377552820954255,0.161140306092067,17.7629819019059,1.02592964461436,22.4200954437256,0.792279495263121
61,55,0.033403769381245,0.332241658,0.000166549085265857,0.161428641969697,19.1380956348317,1.03777522901706,18.8212966918945,1.01683194033457
0,0,0.00443803759285726,1.27916915,1.73905801536481e-37,0.161537533867828,38.9300257751066,1.00066514365981,10.6297428607941,3.66236759298225
0,1,0.2347383728495,0.89965827,3.66001465550107e-05,0.161679771114233,6.56759304716057,1.60055098401301,17.6284322738647,0.372556841421312
55,56,0.0469208380983122,0.38813865,2.75921749428585e-05,0.161924863089076,1.34401386135097,2.14935175117663,16.2852854728699,0.0825293399731925
0,0,0.547282426,1.012752225,0.00183185039628587,0.162139252864829,27.3836988295089,1.10598243817222,12.0549454689026,2.27157384495425
73,179,52.4645885,0.1394093315,51.8710921878387,0.164897945688205,153.902539205209,0.999225730832061,34.0813744068146,4.51573746317097
44,46,0.157098086819312,0.721612154,2.34193343414469e-05,0.167218318416077,8.34201392227227,1.16521834616467,15.4145572185516,0.54117765460253
71,22,15.3179685,0.21368619,14.9729809976739,0.167690877722856,126.728568633136,1.01565474382586,19.0826342105865,6.64104165256336
149,135,0.0698631182636999,0.1477440115,0.0874804106195284,0.168314760150776,7.51470942108799,1.14944630695485,24.7884206771851,0.303154021748729
88,115,1.5558026825,0.1524517975,1.48638934328431,0.168857449185394,35.0760136922827,1.0221389068917,35.0548143386841,1.00060474870566
194,200,0.00724805962205886,0.0803144135,0.0523621253030748,0.176344456735265,2.59622880970198,1.38917472520618,25.6090514659882,0.101379342891715
19,0,0.00833032411961093,1.88154786,2.40817093103078e-12,0.177652739904515,34.5564809988099,1.10473572681343,10.7036709785461,3.22847003313844
82,61,0.0118388743504745,0.2434715595,0.00183432680473934,0.178469846741558,36.5715069774205,1.01767226316926,18.8693408966064,1.93814437811114
23,22,0.102648759064209,0.9534979375,3.00955318670456e-06,0.17887612698461,13.6507106684198,1.00294433987012,13.3553020954132,1.02211919812043
53,50,1.494817743715,0.231810294,1.19970902608113,0.179727683198903,28.4118932495843,1.02340299269839,21.750314950943,1.30627502699001
142,118,1.5828747086,0.168242129,2.07847926405131,0.183647552660575,33.4274160835577,1.01718695461254,22.2132334709167,1.50484242320342
107,122,5.4151592,0.165987696,5.73845030444046,0.184569875562776,6.84071685155164,1.16737025831583,20.514164686203,0.333463095192583
87,92,0.110501685278519,0.2096698805,0.0345057827730983,0.185424510609885,7.94142063211288,1.13252411449747,21.7251455783844,0.365540502523226
5,41,264.37548,0.213246345,257.662542449247,0.187695752269669,184.011240380098,1.02546837567992,74.2632431983948,2.47782392008534
83,67,1.248532535,0.2349448485,1.06313349474111,0.188943528456618,15.3088244162519,1.15057911917938,18.723028421402,0.817646807540635
17,21,0.0510239380704192,0.72756286,7.86776224680618e-08,0.190767235615996,3.04791296145635,1.28420461832094,13.1698477268219,0.231431146713179
115,111,0.00435287989670891,0.17689454,0.00113110546606165,0.191652293712103,13.0987533140762,1.13229426841719,17.5764167308807,0.745245946010285
32,34,0.0113875277708678,0.402939958,6.24018518781772e-06,0.193228266949032,21.5074256753566,1.05140697495694,14.1732351779938,1.51746763567081
113,76,1.43963870245,0.220342595,1.7137199607442,0.193324881409417,33.6897452801829,1.04379165650713,19.5965037345886,1.71917122240122
171,140,6.0279773,0.178647945,6.91642569164995,0.193413824684692,64.1321243375226,0.997971676394511,20.1391563415527,3.18444940045477
38,40,0.169662552400022,0.426180079,0.00847812294509055,0.196101066559454,4.73874036595615,1.17860573019278,17.7627573013306,0.266779548105472
144,141,0.149932044385306,0.1496118435,0.239218516788488,0.199107660934207,30.5003266848293,1.06275977736389,23.5106611251831,1.29729770347289
192,189,0.27876947691911,0.107761198,0.991802926114757,0.199250891994614,43.8915503483978,1.00238755087443,32.5500221252441,1.34843380995301
131,152,0.00442821642974565,0.149229348,0.00192852791532416,0.199425353368131,25.330470898927,1.07688588364958,19.7300932407379,1.2838495282235
67,54,0.0250360892769115,0.381298821,0.000330245874213216,0.202840977838666,8.21386907520294,1.14162407558951,16.3030853271484,0.503822982605932
33,34,0.0225365615332196,0.5765395635,3.19444303794899e-07,0.203637161826194,17.7450468254908,1.04073099338524,13.3917400836945,1.32507401686334
98,104,2.10077329,0.2066959515,2.10295603762434,0.203932715239437,19.2924126615457,1.04784738352101,18.3673017024994,1.05036727626249
19,28,0.0519126608881124,0.68156051,1.26102212704403e-06,0.205067887764734,15.7037244254211,1.05986936775437,13.3644957542419,1.17503306628211
160,175,73.082727,0.174643795,74.694396925537,0.205476241723442,82.418879002493,1.0139319394654,36.4733674526215,2.25970028979513
88,107,0.51638638315,0.2152472255,0.380448851270095,0.205817013089106,43.2910573144979,1.00305618316339,26.7007565498352,1.62134197335188
155,171,0.00798995582835697,0.1267083075,0.00821359167384289,0.206708076190602,44.4047002477652,1.05224999456493,22.9491717815399,1.93491515382197
52,55,0.0227006995861854,0.4176210625,2.005874667033e-05,0.207136461319403,30.7957668819002,1.03531417633753,16.9093880653381,1.82122302491994
7,4,5.2769529,0.315797015,4.24565870487561,0.207338603301002,43.2518227848538,1.02042675821846,12.9015371799469,3.35245499676433
75,100,0.646849530370855,0.218140421,0.426452032355096,0.20773418008086,36.4715640311645,1.03897204733965,23.1736996173859,1.57383433087231
100,113,0.0256212337605096,0.2080531615,0.00414966458057974,0.208827419771742,6.59322992774104,1.1434532803632,18.9544122219086,0.347846709808296
156,159,0.17502230817238,0.1394377085,0.335936158902013,0.208967047570798,33.3326551245327,0.995956804780045,28.0520529747009,1.18824298366306
1,5,0.0136232247672023,0.718354565,8.54375842211546e-11,0.209361302258651,42.3724506039729,1.01056515855208,11.3619937896729,3.7293147125715
197,200,0.775321519195,0.0912074175,2.3852560833013,0.211905029866657,32.81943048505,1.03281542225351,33.2960183620453,0.985686340276091
56,61,0.269131030815,0.312880679,0.0796588269880605,0.21462600853924,11.9129299852039,1.12898283258859,20.1494495868683,0.591228556087594
106,108,0.213567311406951,0.2242086485,0.137692394687469,0.215568524898777,20.9360508002468,1.10433234465711,20.2076685428619,1.03604484385915
47,132,5.72190725,0.2042398375,5.17532956856923,0.217954528558215,14.4668013625246,1.10525515274519,18.8113567829132,0.769046142150955
124,114,1.19046934682,0.210911566,1.40607390174818,0.22100082685813,30.4702467653723,1.03279167088305,19.0905170440674,1.59609332188524
187,188,0.0272312140351946,0.0837595195,0.157716939817696,0.222297396137531,27.1349188390272,1.04767185854536,27.8469793796539,0.974429523183869
114,151,16.488257,0.199876785,16.7880826444099,0.223944367113489,110.5683946998,1.0073538099954,20.0981278419495,5.50142757421505
25,23,0.123635360355014,0.840663025,0.000271730601136626,0.226055421243596,15.9257849220963,1.15062410810058,16.7053141593933,0.953336451511226
141,145,129.94229,0.21190089,131.040992870139,0.229379416481923,215.492911355471,1.00796921833356,44.8164072036743,4.80834865624399
51,58,0.0345261385703832,0.4173711415,0.00015730008447978,0.230308913489786,27.7399899875146,1.04038768351878,17.4501912593842,1.58966681655119
114,4,0.00103021929618864,1.473942365,1.71488084095472e-07,0.230399335188863,24.4363702519748,1.07615745969555,10.3355398178101,2.3643051725142
9,2,2.49856375,0.524289005,1.85226866898205,0.23181760489062,75.6055405272698,1.04785613235789,10.0765335559845,7.50312993126167
14,27,0.05641378238176,0.62451387,2.87207343561819e-05,0.231888237052052,15.3589443118455,1.08047206138464,15.6365563869476,0.98224595823836
48,53,0.0144399145554786,0.4996869945,6.42454418405904e-07,0.237741334249049,18.2413787825612,0.999721291033266,13.6999428272247,1.33149305895727
147,107,0.0044283322742602,0.248472088,0.00282974794200653,0.239678850857109,27.4913697259863,0.999894967362672,15.1457340717316,1.81512296437959
22,106,28.719119,0.239107215,27.3724863787416,0.239872929275781,104.401582309498,1.00563100760551,21.3188898563385,4.89713972036203
64,69,0.0614193522132583,0.304753134,0.00901009744801013,0.239995266408789,14.2779601945289,1.10016162005977,18.6518559455872,0.765498094998259
119,159,22.9598695,0.2151574,23.2156201157755,0.242947334940574,114.311728030492,1.00363396131372,20.3451035022736,5.61863585593053
130,27,48.097949,0.289081655,48.5422926268943,0.244207747466609,171.224109250679,1.03433632369684,24.3496632575989,7.03188818010632
170,188,4.14788435,0.1798682765,4.88999416562771,0.245049055897159,51.0569553709975,1.02708767046089,19.7079250812531,2.59068142183902
22,27,0.00348129076450811,0.5909555845,9.41899320610489e-10,0.245429563880542,17.2031363944311,1.11768633100647,10.9721653461456,1.56788891269072
16,19,0.0181607040116125,0.935831236,2.41309180683256e-10,0.248061884411796,2.69772236772021,1.35876218497837,10.1842143535614,0.264892536042981
159,160,5.79953395,0.2162634,6.3160516221157,0.250166351191653,98.3752660739237,1.02129493858223,17.5255329608917,5.61325389039228
10,13,0.0061586661667759,0.67924568,3.54087052106018e-12,0.253402357510582,29.9853760774982,1.08978739274943,10.6312873363495,2.8204840231319
176,136,0.0216281685540449,0.1950628125,0.0547136640172237,0.254135051638253,14.470453333904,1.05765732195463,20.7893946170807,0.696049769627011
79,83,0.00628283089282573,0.3239971685,3.40266993814929e-05,0.255104018945977,6.96773748694881,1.11766065182549,14.4599542617798,0.481864420924606
52,56,0.00869918144655738,0.514242341,5.3671871694721e-07,0.255389210956241,19.2073854173415,1.0769358592946,11.0277907848358,1.74172559056464
134,142,0.3589411694,0.205343426,0.459910601453838,0.256529938631033,3.44907100652686,1.27001181861624,23.832971572876,0.144718462654997
200,93,34.6883815,0.264966065,37.7306028956685,0.258227195979561,104.8318872319,1.00669430253767,22.6995010375977,4.61824632436921
73,198,13.5802835,0.182530085,13.2562841710974,0.258776958913393,78.8373933786819,1.00838960159346,20.1330351829529,3.91582256039742
123,98,54.912361,0.265946015,55.4046222886789,0.264051530199786,203.781115585276,1.00448021307901,27.0979363918304,7.52017100633215
181,82,3.90987905,0.2905935,4.69653121659996,0.26561340233773,33.3965685567253,1.0750752061059,14.247615814209,2.3440110255794
43,48,0.0144212766171456,0.6175538765,1.28700832334048e-06,0.26624892735736,14.3354426755489,1.0529108102834,12.4416780471802,1.15221135132957
160,172,0.216205689968686,0.15738284,0.427312161042325,0.269393141375987,5.94204327074541,1.11663104899246,22.626448392868,0.262614934857314
160,157,0.45204305196995,0.1781662765,0.846125516207673,0.273569365315441,36.2434858495436,1.00509919989237,26.415534734726,1.37205194645928
50,39,0.232786476703125,0.707321026,0.0379934246174602,0.275746677319764,8.25410319720752,1.07954727943767,18.6104402542114,0.443520039529407
193,118,15.1965385,0.267631585,16.6411291884068,0.276891628511809,130.682372358123,0.998353307878578,16.5170011520386,7.91199147806524
2,14,3.0411664,0.40295677,1.99713634425521,0.277308445314284,69.8431655754755,1.01086078746524,12.1379199028015,5.75412971372098
136,140,3.5424975,0.2479711315,3.92369873905534,0.279917002440198,47.0396034424042,1.0187269313425,16.0813593864441,2.92510118777997
10,9,0.214416199535,0.85784702,0.00702290624156402,0.282276956523444,10.4211828042541,1.06444095531727,14.8805289268494,0.70032341292996
127,134,0.011888604929657,0.251049336,0.00340762144722797,0.285092190863219,19.0066751710689,1.09915852730861,16.9608807563782,1.12061840679597
104,101,0.0417051296641184,0.387096688,0.00404025526075864,0.285525352275968,12.6835102978016,1.1166638970169,16.8684599399567,0.751906833400832
66,51,0.0202654155136736,0.685927475,6.45925065583328e-05,0.286713603956087,19.1618853247846,1.01432173159622,11.5943071842194,1.65269774384322
53,52,0.0772663075716417,0.719917785,0.000239113390352736,0.287720484754584,17.4011152074775,1.05293813843641,15.7376313209534,1.10570103293177
70,69,0.0100185329124049,0.433882366,6.70940287094366e-05,0.288556479789873,5.66669203990387,1.21109018028399,13.6855020523071,0.414065338505325
15,15,29.3691225,0.37129835,28.099325143767,0.289938820140913,169.451312746308,1.00707811482704,18.0009346008301,9.4134730503656
60,2,0.00491370614593339,1.50531221,1.60041660816389e-07,0.299195040429499,19.173597164088,1.12147355957586,10.2556531429291,1.86956373200936
43,41,0.0111497205576921,0.611420155,3.60810877136522e-06,0.301307212760991,27.9439079634165,1.0102891293289,11.1679203510284,2.50215860116187
81,18,0.00352611361408888,1.383200825,3.51262358079125e-09,0.301856745984095,35.9652892661929,1.03918907436902,10.3748595714569,3.46658082632172
185,197,0.23599180901145,0.1575202745,0.598951126313273,0.302576185666992,7.90304719568272,1.14180857258124,26.1912596225739,0.301743685090701
59,41,0.00606613427826628,0.519102969,5.47758755444179e-05,0.303197724318637,28.4590581736981,1.01887995984612,10.5948655605316,2.68611791354057
134,93,4.8467708,0.314908105,5.10282259420074,0.303907002944599,27.8582456174763,1.08484245960126,13.424733877182,2.07514322982796
135,146,5.23360945,0.267496025,5.53706104498977,0.304905388082561,77.710711870431,1.01845719040849,14.317033290863,5.4278501901665
74,68,0.00162960969302863,0.401070658,1.41540641576197e-05,0.30515283535713,3.98752822822933,1.23009540675702,10.95148396492,0.364108484384604
106,97,0.0667918378110562,0.5784259645,0.0012316020784207,0.308063437649758,2.28500292131317,1.42683917908606,13.1725497245789,0.173467018086069
24,2,0.00917969689317909,1.93695027,3.2017869840017e-12,0.308348108487334,37.6719386271592,1.00261050059025,10.7909488677979,3.49106821732601
109,91,0.26871379032235,0.344223898,0.234306085897792,0.309571937799679,36.6270269355573,1.03079460436243,21.864734172821,1.67516452045808
78,107,0.0561253848897454,0.2838257295,0.0185312771097198,0.310093099956369,17.2078352195807,1.03159846110737,19.3094425201416,0.891161679143832
108,133,19.3474045,0.29659061,19.4548122625466,0.31041184256012,187.138072281455,1.00774558175066,16.3473544120789,11.4476059895772
23,20,0.097628168460965,0.734990595,0.00274291501553057,0.310552316269592,30.3763252032175,1.0067758976795,15.063059091568,2.01661063788972
18,36,0.026481718043622,0.68927673,1.00701769203286e-05,0.311770244097106,27.6857411019316,1.01687686385859,13.1198675632477,2.11021498261819
88,90,0.00645521685364089,0.404176654,4.49796227335736e-05,0.312679030034284,18.8894894614116,1.04470657795471,12.4629666805267,1.51564951954226
71,142,22.469427,0.293947555,22.1288157210633,0.313052424460228,101.987092599963,1.05088449964617,17.6844062805176,5.76706342198887
12,4,0.0110707214758984,1.702741575,4.94523788952554e-14,0.313866595731048,35.1806069106544,1.00344332009349,10.0623853206635,3.49624922814373
53,48,16.6311525,0.35986196,16.2424882828061,0.316180103330192,127.043732679358,1.01846121148563,14.7415051460266,8.61809777365925
5,5,0.0103206335936834,1.6206854,2.84029433854183e-15,0.318015873656275,28.7297195406269,1.10481559975899,10.8757176399231,2.64163896965884
164,125,0.0423715953033804,0.2445210345,0.0940945262276767,0.318836913933432,2.59586532664207,1.45581822371244,18.8602027893066,0.13763719063052
134,126,2.47912218,0.2792147165,2.8337038005339,0.319886487179222,19.1877670190162,1.08484311831649,13.2450323104858,1.44867649766514
81,60,0.0095200936748154,0.5434317405,7.31806548473889e-05,0.320006586020976,16.5199705794305,1.01634485870719,11.530042886734,1.43277616065398
109,47,0.0159901787960597,0.714234755,0.000856883659686067,0.322039936612464,4.83598658214022,1.39446042048486,10.1192400455475,0.477900174358259
54,42,2.47185165,0.399913075,2.24099191181341,0.322196150342195,60.9912305008262,1.01016556627528,12.4488286972046,4.89935495011847
122,123,0.0944834028669517,0.334977774,0.0365772707096198,0.322694378689062,2.08006733875967,1.5004772705955,18.7052206993103,0.111202501814713
99,82,0.574913399985,0.325787125,0.625831746005703,0.3239844810236,38.865883120686,1.00992743250051,20.1470205783844,1.9291131891921
32,32,46.867366,0.37404615,45.8054671942098,0.324285369076952,146.817220881857,1.00705664208455,21.4025731086731,6.8597929854687
50,74,16.444801,0.34487868,15.9648686750389,0.325433962331498,87.8232071291478,1.02784006725224,15.2981586456299,5.74076979873886
162,150,0.0721601695967868,0.243075358,0.155336346578514,0.325624924305538,22.1767557065397,0.998007567111164,19.2121815681458,1.15430700193409
83,128,6.3021312,0.306355595,6.14647130538661,0.327582798801718,81.2855217969674,0.998977716432162,13.4410736560822,6.04754678657574
40,33,0.0983813758103551,0.956351832,0.00124325937646168,0.33113159360598,1.72048848265582,1.68848781483272,13.3919515609741,0.128471826889633
39,11,0.00520976658701073,1.347299179,1.33817603212907e-10,0.331410342963306,22.7397688876195,1.12507622575844,10.0217320919037,2.26904577762465
87,9,0.00306701584424682,1.45877025,8.2079710788522e-07,0.333217262916623,33.5283167309842,1.11158781819594,10.5205538272858,3.18693457411208
65,8,0.019259908574041,1.90288477,3.81411076268817e-07,0.335439735252345,29.4088576256569,1.00613319085514,10.057772397995,2.92399315294901
178,180,0.0278653342756323,0.1932557835,0.0879742342266435,0.335692442202213,19.5467640113707,1.02869127703062,19.6494958400726,0.994771782974074
24,10,0.00554210165979866,1.348138535,1.49758530841233e-11,0.337166847204087,43.8747382420792,1.03242653394067,10.9428596496582,4.00943991303494
156,85,94.7505735,0.34390598,96.3424963717706,0.338476674506409,177.289608699203,1.00953604889195,31.4391748905182,5.63913045799023
33,9,28.711514,0.436585175,27.8546821824108,0.339541075837337,172.032931653897,1.00735805363463,16.1800265312195,10.6324258073346
117,119,0.00296507670389274,0.334261307,0.000180728730614252,0.342415071755672,26.5902640433025,1.00020518576197,13.5205984115601,1.96664845992082
63,59,0.0151380079107157,0.6449713485,6.89711718849419e-05,0.342798368576949,19.2979888135087,1.04278310651753,11.3874237537384,1.69467556761232
148,175,2.85814765,0.25752753,3.27500658172399,0.342890890062178,49.3647390178227,1.0055547084566,16.6815993785858,2.95923297865505
180,123,118.93055,0.333551335,121.405238425747,0.343035374438644,154.444425132844,1.02769437511342,36.614191532135,4.21815745944558
61,40,0.0237034275359089,0.887069095,1.56598581538439e-05,0.349883387608989,14.9466680702512,1.02026953047063,11.8493933677673,1.26138677368152
112,113,0.46092119915,0.357475837,0.455922325089227,0.350190389938457,36.8472070895531,1.00087709328528,20.0336859226227,1.83926249177861
36,13,0.00348699172690352,1.394587055,1.42500554828102e-12,0.351538251732729,50.9185246072661,1.00064789150809,10.4186403751373,4.88725234520775
67,167,3.9297869,0.284918135,3.71042126905305,0.353332066198899,51.1462226363779,1.03675817543205,14.47687458992,3.53296026146348
106,98,10.78969485,0.353619425,10.8177804902869,0.353989983324443,118.969951868697,1.02867758522539,13.4607059955597,8.8383144173821
137,142,0.0189437562693723,0.2946627835,0.00343452865575101,0.354406322052728,14.4739301530556,1.03840870535441,15.9759452342987,0.905982709679148
130,118,0.0365421092635407,0.3533372045,0.01654642080921,0.361660804034021,19.248182715497,1.1474816165227,15.2846481800079,1.25931473782127
92,100,0.0672117159416827,0.350263723,0.0389073414104451,0.362007051232173,8.8157978641732,1.21966152545756,17.217143535614,0.512036032338207
171,160,0.0494272138074396,0.2361917185,0.112490638459624,0.364059973537723,13.4041455290186,1.05232850021612,20.3921844959259,0.657317784256836
2,123,108.795335,0.348521855,104.552864580952,0.364848191048959,190.497824512342,1.01519983331486,38.294909954071,4.97449464539321
15,71,3.7199359,0.39869999,3.13648044928541,0.365438986244277,42.4614347757084,1.04876116752994,11.334769487381,3.74612247941882
57,35,2.6394952,0.49888691,2.51639179408524,0.366285893496,36.6476085214074,1.01264484856048,9.8373110294342,3.72536848857926
193,118,64.2388425,0.362425395,66.7252862463988,0.366922982216149,100.031515959179,1.01581914102092,24.6020948886871,4.06597553630186
88,81,1.355190536,0.407073322,1.3204721606945,0.367467853427561,27.105310636587,1.00569835861126,10.9764895439148,2.46939702608416
23,6,0.00296062778632617,1.613824575,2.43573304796992e-14,0.370247029219732,44.1198070102336,1.05740618657022,10.9524068832397,4.02832066782958
37,30,0.0280879311503426,0.8072739,0.000124440675682023,0.371861859700347,29.7838063114092,1.00602580431522,12.4585518836975,2.39063147863777
51,51,0.030624440494531,0.682917994,0.000668123047445512,0.378021255163966,1.87544327061317,1.62818304515504,12.6503665447235,0.148252089295817
33,153,49.658828,0.337152495,48.4232138004704,0.378541416484317,192.614293842669,1.00481211803495,23.5927014350891,8.16414747470149
18,14,0.00351119220456813,1.551482265,1.57192340785574e-12,0.381307017022916,22.0415600354693,1.06305908291108,9.79795455932617,2.24960831385864
101,40,2.70592985,0.48155682,2.75895287684549,0.383302030472331,52.3427307355989,1.01272492915559,10.6562943458557,4.91190737012208
167,175,69.894878,0.33120789,71.2655386499536,0.384153444822982,161.638062691256,1.00944239896445,28.2325088977814,5.72524614360283
78,88,123.590945,0.398548245,123.068479095219,0.385453784337293,201.719271250135,0.996622222659285,36.4662852287292,5.53166493337288
192,182,2.38924695,0.28680907,3.25243712667546,0.388009464256288,47.5588056009917,1.0013724179753,17.303493976593,2.74850880783534
179,86,20.6604345,0.39771228,21.8544380698111,0.388021020205844,89.8871998928088,0.999577518748785,15.1914300918579,5.91696761590506
112,125,0.0268249548254251,0.359980087,0.009637637594616,0.390813746057312,36.9300728086018,1.01521847550673,14.7640774250031,2.50134646043379
73,7,0.00464890415806949,1.595820725,9.65036381300951e-07,0.391775466527019,58.3410198669681,1.012426398986,11.114687204361,5.24900240504091
8,15,14.006438,0.49184121,12.9497802634777,0.392576800498545,121.44994320698,1.00961844546426,12.6387066841125,9.60936480626203
71,68,10.17700125,0.42069154,10.0326407764414,0.393305054792339,101.958411759854,1.01543615578668,12.0951461791992,8.4296965286123
77,90,0.0158157339391805,0.451076945,0.00139153834591325,0.393403511538565,21.3766396510163,1.05690530244684,14.290402173996,1.49587390128985
134,123,17.47662,0.382423955,17.7436511946326,0.395772729482466,144.299859722458,1.05820512819353,14.5896646976471,9.8905535331274
175,124,31.849762,0.38776011,32.8910818487784,0.398301145584894,167.216668006912,1.00582857997776,18.0761785507202,9.25066476510596
120,62,23.2790395,0.43943485,23.5127434864146,0.399042671311099,160.751467202165,1.0019037371336,15.2359402179718,10.5508071640074
130,158,0.00666030278072338,0.307163957,0.00301606223920812,0.404486340522552,40.8928193299691,1.04710940848682,15.1732249259949,2.69506446582171
179,109,2.271465905,0.38026477,2.92548968430176,0.406394803064665,22.9331033235331,1.03603027813562,12.5877015590668,1.82186582800056
75,13,46.3228555,0.508203785,45.9526662590986,0.406641636290059,136.089139437745,1.01445391341726,19.2890923023224,7.05523812654266
114,100,0.1563533871196,0.489812291,0.121559780166565,0.412296626605776,23.362824633638,1.12663326195045,15.9510314464569,1.46465917969383
45,47,0.00867531215010396,0.70009394,5.99059680031186e-06,0.41275195104749,9.23198968339843,1.16599899142398,10.5829892158508,0.872342350077337
161,163,0.0513386176295354,0.2409853195,0.11933646747404,0.413494615623767,13.4274488195075,1.07289784285539,17.7834949493408,0.755051178508934
112,88,30.874409,0.42409674,31.0836379001785,0.418096924107903,153.13290426509,1.01125412865211,17.6850395202637,8.65889522551697
67,59,0.0322947267902874,0.72638683,0.000629311002944651,0.419255297403256,26.1707621220054,1.05824804443317,13.5649902820587,1.92928720019942
149,154,0.00544049668410074,0.306883288,0.00672434978502104,0.422013301227371,25.4247589770004,1.12643394409667,13.786762714386,1.84414278418462
113,110,0.0375351920663535,0.412863245,0.0132786283922334,0.424027358244079,8.63879740585697,1.08769291355592,15.6411325931549,0.552312778784166
105,131,1.36698467,0.3787353375,1.4167044792061,0.42465553081172,34.5731396718584,1.03394671246197,13.1154587268829,2.63606026993119
54,9,0.00921422165417399,1.51451174,3.51444169738105e-06,0.425899716466578,43.0840374943255,1.0047474938577,9.49382710456848,4.53811060805955
121,142,2.3425689,0.375447635,2.54266988824434,0.426322279729936,43.4780545375258,1.02784249741644,12.4948668479919,3.47967329836037
96,108,0.36046406355,0.44074179,0.325641036144076,0.427693098991533,6.5725792052353,1.17149851513463,16.9770104885101,0.387145852898162
96,22,0.00626249807896828,1.55852332,1.83951994664021e-06,0.428740583918189,37.4039936758424,1.01655141437808,10.9764742851257,3.40765100926158
10,10,0.00798240593128294,1.555527695,1.42344443077172e-16,0.433620893274427,35.884689305627,1.03743927777632,10.6401205062866,3.37258297821203
140,118,2.92108615,0.419892535,3.15738692969182,0.434416804247707,58.7779904008828,1.00887703775619,11.98282289505,4.90518727646081
95,102,0.303189595662765,0.47716297,0.204606474642512,0.440117629624449,4.10990893269023,1.22888705308615,16.4971528053284,0.249128378768655
195,171,8.23349815,0.37597986,9.31598656158742,0.44033963534495,82.383692913775,0.997161557338815,13.0632238388062,6.30653611469495
25,12,2.310988,0.66649682,1.95548116714522,0.441642089955263,78.3417813182301,0.997825370021349,9.37713766098022,8.35455169270073
80,98,0.0057308971671171,0.4790045515,6.2403034813172e-05,0.442726091093001,37.5043125203637,0.999914935846062,12.3732225894928,3.03108686917279
100,47,16.766843,0.49286795,16.7111619575386,0.445515161149108,141.579239042828,1.00062934792228,13.7756412029266,10.2775062849887
171,156,0.0109311583946847,0.312341559,0.0260632082783348,0.446204890205687,30.8245134311544,1.04204579068283,15.8930237293243,1.93949961669533
103,85,53.651219,0.46398153,53.6154631091464,0.449095948724142,193.397468889427,0.996266125637489,21.8451745510101,8.85309789756221
138,37,3.0224582,0.570735305,3.21425725625955,0.451177927298901,73.4426298738644,1.01008488399672,9.46899962425232,7.75611287234194
114,104,0.0102165683724826,0.4098709825,0.00510154194716881,0.4524200368834,8.91707488434956,1.1039760249734,13.9637258052826,0.638588512027081
79,82,0.89035853,0.49734916,0.826168459759715,0.452776383274215,38.2312450867534,1.0634688935578,14.8514018058777,2.57425161519923
119,142,1.820614165,0.39815198,1.96999145872694,0.453471762235329,30.0062440483191,1.03728354431993,13.6841940879822,2.19276662223546
122,125,0.0211568708767718,0.462361801,0.00410125165905893,0.453639506349015,19.5295302160647,1.02374000031141,13.9894616603851,1.39601728001927
98,64,0.00532975123501555,0.69454841,0.000534578336708541,0.453877944243919,14.5161308057748,1.14404240916643,10.4947707653046,1.38317750148147
144,172,1.109576695,0.350445595,1.33478503992372,0.454353382911424,49.9160832856523,1.01021554396179,14.0783231258392,3.5455986369596
20,22,0.01211906741941,1.631905065,6.04933224868308e-11,0.45439015893075,34.9273766732002,1.02210562247833,10.0625555515289,3.47102448223436
91,91,0.143674155084,0.565104325,0.0774447470243573,0.45509067534785,17.2460236633377,1.03475056876224,17.6799852848053,0.975454638989966
131,37,11.5712185,0.52942558,11.7662035804224,0.455165593129052,160.945479242712,1.00680472693479,11.6760227680206,13.7842724736307
75,33,0.00149242373441226,1.244709905,5.54470811743684e-08,0.456610964143493,43.4539042837782,1.04140158630152,9.40510725975037,4.62024547766099
70,69,0.0342665797368417,0.7436063425,0.000389829398265312,0.461682018713423,1.97332292459126,1.6271066438217,11.4685027599335,0.17206456377944
91,111,0.0356316943738588,0.439830435,0.00462728543046023,0.46358787530132,21.4523653038148,1.12135972360587,16.2560110092163,1.31965740498406
86,158,92.519368,0.42181275,92.3104292568278,0.466264077069102,145.783732506011,1.01452607565437,29.5597307682037,4.93183559922086
100,67,42.1515655,0.49391167,42.1361936678113,0.466497126799828,139.269249567796,1.00804808462497,18.7510302066803,7.42728522287694
141,107,2.4100406,0.460262895,2.5830030153828,0.473117992290508,68.4982380394416,1.02730143351733,10.5469932556152,6.49457493518098
135,134,3.90847035,0.43660391,4.15330522528725,0.474660992292465,37.8626188155791,1.07839373555432,11.1684958934784,3.39012694070006
129,138,0.0327668591294756,0.3953665365,0.0195837500809215,0.476673649432332,21.3818421058962,1.0275231415089,15.8458731174469,1.34936345554566
200,194,0.0122963007058382,0.185746669,0.161140699105792,0.48015115445848,28.0740344210688,1.01829800865666,18.4226570129395,1.52388628857122
88,142,1.87284111,0.434263605,1.8359639439327,0.480729638185778,82.1289109894406,1.04126944096685,12.1513276100159,6.75884262405574
97,106,0.21432891362713,0.534377654,0.137485552027439,0.482038070804878,3.21983119626711,1.32655394288612,17.6983737945557,0.1819280818477
55,199,21.916015,0.35378787,21.4087252159018,0.485546893489334,142.382758115957,1.00524851543784,16.6985812187195,8.52663805691126
187,183,0.00923443711421563,0.268074815,0.039605626263929,0.488367279641641,28.96327582254,1.00632271482348,15.9186646938324,1.81945385367415
36,61,0.0280592164257975,0.8287555,3.14312042446345e-05,0.488456770948686,1.61313854737663,1.74922635373229,10.8171496391296,0.149127875752159
12,5,0.0527482038663704,1.744177545,5.98631557273143e-14,0.491405782662845,15.2277562194555,2.19915986382397,11.3769114017487,1.33847893173493
54,29,0.772333542,0.74923204,0.632340842197117,0.492462198095366,41.6364468167292,1.04842732649814,11.207724571228,3.71497769704445
94,184,11.26328895,0.4071355,11.2186070750102,0.49265215037374,94.3210191049007,1.01891992233785,12.8330116271973,7.34987404710241
150,151,0.3515578621,0.372860795,0.557327846115821,0.493367697272801,33.7180092776243,1.01079398907631,17.7524564266205,1.89934330592485
102,103,0.0624979216503765,0.6321625135,0.00826188113984087,0.495748191212744,8.00274841053684,1.11191581878993,14.668664932251,0.545567606015852
24,151,9.236787,0.457330785,8.67171995085669,0.495795299087992,139.11888332149,1.0222669041834,12.0573494434357,11.5380983170584
182,60,34.728789,0.546321845,35.7326426464724,0.496395158653666,105.662789548524,0.996342738531616,16.0695495605469,6.57534233616244
133,23,0.00143220279115518,1.43773809,4.41482044043617e-07,0.496664833898455,54.5667448894917,1.01681005411094,10.3005979061127,5.29743471076667
125,26,0.00576814127038927,1.389019035,3.5703958536088e-05,0.497112114223808,58.4576503243673,1.03958183603129,11.4739122390747,5.09483157150952
152,149,1.431256685,0.42666727,1.68001935192804,0.49739162214472,34.132109084412,1.05900442076504,12.5787246227264,2.71347931591922
98,77,24.138694,0.5322071,24.1650117621606,0.499398379400272,157.165748164495,1.02816940275423,14.5412275791168,10.8082861167929
89,25,0.00382985665216752,1.602584585,2.31316980675103e-06,0.499461530875709,43.1792378448965,1.04054296936346,9.15125370025635,4.71839588970056
44,142,8.8514774,0.460396355,8.48029542682887,0.501125239965582,111.395857660292,1.01124669610467,11.1903018951416,9.95467849787467
106,111,0.00697577148653,0.510856315,0.00110771523358666,0.502151672786199,32.6281729599588,1.00962895952937,12.5939784049988,2.5907756795111
149,154,0.00689082224513865,0.380112056,0.00139530451151215,0.503464952806691,18.6489320776978,1.04296046819249,12.4595313072205,1.49676032090312
68,90,0.0358752027197251,0.6471122175,0.00138900389410738,0.507292196880168,13.7120661766718,1.22090004202213,13.5660901069641,1.01076036415479
78,185,319.878615,0.419719915,319.098932766882,0.508444580745813,192.091484945348,1.02399661710023,242.084679365158,0.79348881329082
102,111,0.249533756291775,0.500250014,0.219976922225044,0.50998181865512,3.23792167193014,1.25614261615554,17.4765381813049,0.185272485794345
155,30,0.00654017277639332,1.53530105,0.000223063693205083,0.5101134545327,29.0107519275243,1.13399926824937,11.2920083999634,2.56914012990093
171,149,0.06280946860799,0.3614101965,0.173665754503199,0.512950855316169,28.0787056670779,0.997271958109336,17.6003019809723,1.59535363071803
71,75,0.3140429959375,0.68398004,0.201685597867701,0.513585623939671,16.963271237389,0.997739077888263,13.1358590126038,1.29137129297086
120,108,9.7946589,0.512439455,9.87225411571023,0.517940935944091,131.163962385828,1.02189102034934,10.6736307144165,12.2885984999153
148,118,6.93730735,0.509355745,7.15606205529827,0.518951810378372,97.5430169562419,1.0342974796787,10.4166059494019,9.36418421029386
72,73,0.0754459693610532,0.70510396,0.0160275340606955,0.518979292496929,1.44034172852672,2.0289581282894,14.2757761478424,0.100894109967142
121,27,0.00536076547579773,1.45948595,3.86722355907936e-05,0.522550011688815,36.1504727970475,1.01965886740264,10.4376301765442,3.46347515533613
155,41,0.00090952071764933,1.265915555,1.18233723230881e-05,0.524774426942306,37.0772272152807,1.01166537916603,11.7903351783752,3.14471358569045
99,147,0.0119757252081724,0.39970437,0.00474125803253516,0.528428263284615,6.19500094084611,1.10931988936576,13.8190696239471,0.448293634045433
22,10,1.095101365,1.053049775,0.816973404433285,0.528716991308035,26.804283411515,1.00668675536513,8.66292190551758,3.09413887183294
70,87,0.0068948910881784,0.615187045,0.000176288022044877,0.53063244913229,25.0173330267735,1.11321176790409,12.0941660404205,2.06854552378078
189,192,1.640623735,0.332924455,2.3448765255702,0.531960659079385,9.5269066024702,1.15116871419091,15.2815723419189,0.623424500392339
95,81,73.535283,0.54818693,73.4550306804242,0.532796355768651,149.699937094142,1.00158567559135,25.2139241695404,5.93719311946635
21,12,0.00734118596087127,1.72410469,4.31036097930856e-11,0.535891591526767,46.4365734186962,1.01532321498373,10.4124853610992,4.45970119604508
68,19,0.00338487951505918,1.591453835,1.43678257847144e-08,0.536154010350954,54.5272249142645,1.0220272248484,10.4442155361176,5.22080617023861
18,24,0.00657952391301069,1.508522985,1.9992174447666e-12,0.538509756388604,36.0084652209078,1.05719261579185,10.5363390445709,3.41754997334316
58,19,0.00279162675586883,1.528710315,3.97236082714061e-08,0.539500699341469,55.5999744260139,0.998862503127433,10.2357594966888,5.43193442987791
75,79,0.0557840471232878,0.96437484,0.00118319100728475,0.539618682264736,1.72812560291246,1.92072249814513,11.6705768108368,0.148075423427897
126,40,1.34514614,0.676490435,1.45201817810234,0.541597841396539,84.9398735905372,0.999115328745924,9.58564925193787,8.86114976232471
132,122,0.00310024063596553,0.5389064385,0.000289945335499651,0.541719517824818,29.3962818814065,1.01625108701951,10.9953367710114,2.67352264815647
99,151,4.9158268,0.48546617,4.9280110270941,0.549557462672173,67.1053638392761,1.01436919020433,10.7208526134491,6.25933088149107
132,108,5.76734875,0.540178195,5.91915917121404,0.549789700854535,62.1304359273978,1.01878503491774,10.3062629699707,6.02841554775256
75,91,0.0126202814227178,0.63237431,0.00143197519481909,0.552784276235144,1.46297792522236,2.08061260703257,11.4545590877533,0.127720143046494
112,23,0.00493868301545094,1.66220236,5.97518926621472e-05,0.553939726518249,36.6649353789996,1.06458911231168,10.9775550365448,3.33999103233282
81,32,0.00345552550167534,1.55563323,5.25941915255911e-07,0.556425271209435,23.2403975041701,1.30050542609938,9.51350069046021,2.44288598491139
99,95,119.379925,0.567205455,119.385410283515,0.556885054996668,207.443618986756,0.99691960201876,34.5153498649597,6.01018444832149
155,153,0.557318437442,0.413482818,0.860041542339248,0.5575470488864,12.7981695591016,1.0366421705065,15.3146207332611,0.83568308886069
196,81,85.913737,0.582767255,87.7549479436592,0.562466508857588,156.403371761082,1.00904142559177,27.3520390987396,5.718161311355
32,27,0.00480309652325995,1.57611678,7.85757743086693e-11,0.562632569725365,15.4437034883597,1.08512616804791,9.36147856712341,1.64970772273052
115,124,0.0323106450668476,0.5285665285,0.0084239750118673,0.563071120471111,18.9899082198803,1.07997903517115,14.6200642585754,1.29889362208116
99,32,0.00170937354998854,1.362914355,1.63588838409766e-06,0.564077167630765,53.5261595002751,1.01646013695006,9.92244863510132,5.39445065111476
64,176,12.549929,0.488577765,12.3847176317102,0.566090095873703,104.604198687364,1.0118164795059,11.9086899757385,8.78385438704619
106,101,55.015312,0.57553041,55.1211619814914,0.566455389783168,176.973171030204,1.01139534018407,20.2610285282135,8.73465879502458
148,168,8.20581515,0.48995687,8.58648593607746,0.56811826505686,71.6462671150874,1.03115651450625,10.8893237113953,6.5794964879327
99,89,0.0127062831980338,0.744375213,0.000480424420192149,0.569045775314686,39.5361313129749,1.0475885468415,10.2825062274933,3.84498977567001
41,133,36.5361595,0.543203555,35.892196104381,0.569583825593359,158.837830945529,0.997956544463536,17.0629110336304,9.30895265365127
85,78,0.0100133337615282,0.774102275,0.000483936268202886,0.57000942003804,37.2529840631488,1.09947558309014,9.84631180763245,3.78344549623869
12,66,21.2034765,0.60949115,20.3687194634685,0.570219752555035,153.241903738558,1.02032948096132,12.909515619278,11.8704611588773
97,100,0.0166149848591173,0.7110168515,0.000887189002298382,0.572700650479237,22.0159381114271,1.15015911399369,11.5812275409698,1.90100212033166
197,166,23.4902665,0.509505185,25.1627068914113,0.574134554831596,155.026269814599,1.0093058128903,14.6485602855682,10.5830379772769
0,23,0.0038491647683593,1.756975025,1.77918199966386e-22,0.577464316938796,38.3454297834936,1.01786372849991,9.88999962806702,3.87719223716373
9,64,13.12815,0.62764304,12.359384649185,0.581498412081967,266.553041255371,0.999588530558706,11.1103899478912,23.9913308628707
145,31,0.00798962327281813,1.512273705,0.000830326328236275,0.584589914445884,51.7056229035258,1.04032995633482,10.6347548961639,4.86194777485437
64,49,2.9320445,0.68632357,2.80921182146444,0.585349260201815,77.0566024463813,1.02180993118638,9.13680553436279,8.43364807936183
170,150,0.0228866960426749,0.4072180705,0.0359035163187496,0.585659572628507,4.41913429494929,1.16979534966392,13.4502701759338,0.328553570831336
67,2,11.9709635,0.82463103,11.7778577600266,0.586422503311324,143.162544032852,1.02119509972301,10.0473749637604,14.2487509970735
60,55,0.142556672456599,0.86613237,0.056116480262758,0.588057286533467,9.27576272360071,1.08633399222533,16.4730632305145,0.563086694551041
1,16,0.00557836066607901,1.732944525,2.65621018198992e-16,0.59097075994211,48.8881021333908,1.02787938288049,10.7369604110718,4.55325345923584
84,39,0.0061034448397048,1.335302,1.89953654114426e-06,0.594484009850695,54.0328641946843,1.00297478894133,10.8413441181183,4.98396357554811
169,167,0.00497090766026256,0.3415710995,0.0123212723826532,0.595545547371348,14.4616747098948,1.05602855075752,13.0358529090881,1.10937694761902
159,173,0.0422304590795911,0.373864436,0.0644274590869221,0.596392811034912,24.7972337542496,1.04764109212659,17.6412489414215,1.4056393533468
51,157,12.9421095,0.53374066,12.6652973724529,0.597256411969907,164.654845101923,1.0177926269807,12.7239842414856,12.9405099831135
172,148,0.00680993073599457,0.45952173,0.017918704811656,0.600131332997222,32.7168901983035,1.01113260311475,11.7685360908508,2.78003057863233
79,53,0.00268347001403654,1.30403173,4.45767505663421e-09,0.60421236109185,23.5300098910315,1.10219524858319,10.5669589042664,2.22675323186232
19,21,0.8928194465,1.182277695,0.559353526044229,0.607436615537607,20.8620507959315,1.07171944430128,7.88652491569519,2.64527799239097
79,33,0.00776139384040328,1.551819645,2.982292945218e-06,0.607569089130816,57.9756378600673,0.999723787844827,11.1521158218384,5.19862228713029
60,57,0.0597427131544326,1.1800462,0.0018417551255295,0.608460243758137,8.55968800913439,1.02807204124776,10.5105259418488,0.814391977765176
45,31,0.00581395839677537,1.444479445,4.15186679696751e-10,0.613872956417131,40.0138236148828,1.04959449785431,9.31029939651489,4.29780202663097
97,35,0.00106526786422184,1.464545575,1.39989939328837e-08,0.614510189347924,40.0431275492232,0.998633561489668,10.1410212516785,3.9486286987709
108,115,0.0193253808396571,0.57432436,0.00632992025897258,0.615227833627186,7.76401975146765,1.11288830023693,13.4673278331757,0.576507815629291
115,134,0.00307974740401899,0.499452762,0.00063322248187055,0.616635174558696,27.9181977014809,1.07547178406787,10.8563656806946,2.57159702635355
125,95,0.0114549675892727,0.75298576,0.00314824813665721,0.617402640259361,5.31247734357336,1.25012936562281,9.97988653182983,0.532318411299543
82,98,0.0336136445357818,0.8164531665,0.00100651639649466,0.617852460320301,19.1073435564414,1.13692909739448,12.7304685115814,1.5009144038225
100,142,0.1956063762395,0.5069685415,0.166863703175797,0.618489170320583,11.5069391381173,1.0489490265354,15.1034395694733,0.761875404949139
177,181,126.686595,0.52799119,128.589071530921,0.622353146281461,121.922244843318,1.00569299460717,36.8098311424255,3.31221961794863
99,196,21.1113255,0.480121325,21.0893279772463,0.623595769190244,114.670624251197,1.02086581427096,14.6820244789124,7.81027333225724
119,21,0.00557308434470542,1.7246912,2.07592632274783e-05,0.624826596880654,27.7883697409885,1.09177630744639,10.8636946678162,2.55791152003856
144,144,0.0136760942971838,0.499569246,0.0075023884115903,0.625343026325344,19.7423517019061,1.02298706852863,12.9752039909363,1.52154461045059
112,139,0.0209452138246923,0.513642611,0.00493902521591991,0.625644706402616,26.329795838218,1.01420234802559,14.1399075984955,1.86209108191199
124,72,5.57888275,0.677297055,5.67274996518465,0.62823094070841,83.1726470924073,1.01485856424932,8.93729448318481,9.30624443995814
157,141,0.30374578738565,0.4564269685,0.501859601383551,0.633335246571593,1.87378549303352,1.56538841094535,17.0493769645691,0.109903458462295
121,106,0.0108339791145113,0.714220813,0.000965259951161177,0.6338379706214,24.7638924475681,1.00410701632407,10.631799697876,2.32922864907955
145,156,0.115308673535,0.445629165,0.166201572307322,0.635838037252535,3.5127658821494,1.26097050904955,15.7361171245575,0.223229520620906
140,146,0.0322249148559355,0.4618715375,0.0264328304816935,0.636099298172231,17.459110925031,1.01449398600182,14.1610703468323,1.23289486581334
115,37,0.0119790180582591,1.7492748555,2.58033539342547e-05,0.637991339348262,13.9499978117764,1.16508878141069,9.92679381370544,1.40528735396079
82,23,13.948922,0.767765435,13.7859466587459,0.64054498207617,105.965138492481,1.00005031110275,10.4764657020569,10.1145884028119
70,185,113.800005,0.550382745,113.299792007335,0.644138565537724,114.087075926054,1.00493159171823,37.9217638969421,3.00848547646945
48,41,0.00285532735296028,1.397118335,1.32489776733107e-08,0.647938027394083,42.3694339737704,1.04514449129302,10.4150302410126,4.06810474797538
108,93,4.5808224,0.658200375,4.62322338081634,0.649311262346092,98.012588834804,1.01695540936726,9.31603813171387,10.5208445316628
18,42,0.00363485057008082,1.432939365,1.47824360854655e-12,0.650695565879908,57.580629639373,0.999500707142865,10.3235807418823,5.57758311568881
200,200,0.288006244990753,0.3098092815,0.803415287732981,0.650721211345402,12.4894550458793,1.14229225926868,18.8156728744507,0.663779346570084
100,41,20.394551,0.74733096,20.4344564744735,0.650798839603128,139.831682562054,1.00541197153554,12.4851949214935,11.199799718091
97,71,3.8954391,0.705603275,3.89506803730165,0.653588500722167,80.7142197322516,1.00570369645649,8.87548136711121,9.09406672085916
152,44,0.00270651987461893,1.55116703,0.000334919957400681,0.6553776278094,16.0651148888431,1.20560608141376,11.2113490104675,1.43293326020302
28,26,0.0103766602194392,1.701136545,2.39003560627398e-10,0.66211055261249,6.74636520054348,1.18404317419145,10.5684885978699,0.638347209070486
152,136,0.0190458849964304,0.60082504,0.0136012047744633,0.664050270254928,13.0428029715369,1.07798613491851,12.5718007087708,1.03746498005155
10,43,0.00399140099723608,1.50293508,2.84127179837347e-15,0.664691811513406,20.4490355916598,1.07000761347383,9.42103934288025,2.17057108535628
108,102,0.129510141123109,0.7529077955,0.094910340750527,0.664699987136173,13.5180755336524,1.09941999331633,15.9807817935944,0.845895758308326
155,132,0.00447281332824343,0.559180255,0.00543298760782373,0.66485003405549,14.7656022258509,1.04495920438181,11.3590111732483,1.2999020777993
79,96,0.34730951965,0.7253041,0.274353402770898,0.668056349931804,63.414265815643,1.05969554199039,14.2145044803619,4.4612364717499
130,37,0.00612259114976614,1.89669151,9.91468585744281e-06,0.673014770877962,46.6615004230039,1.02692575579337,10.3189544677734,4.52192134084222
94,60,0.00821574778150295,1.528507745,1.58570947344425e-06,0.673180062447437,39.7541287902785,1.03073939462885,11.6720023155212,3.40593907674385
76,27,0.00715668890285598,1.73282526,1.9694036135248e-06,0.673270178993006,59.8249372919282,1.02982098119131,9.54689741134644,6.26642716625682
86,48,114.48239,0.76387218,114.280234950261,0.674131323701872,167.098197942792,1.02472558763154,32.6991910934448,5.11016304547944
29,101,11.28375,0.68284683,10.9188357696368,0.67551329577943,196.870545783877,1.01301603045653,10.7753250598907,18.2704971487768
4,50,0.00208247257496112,1.61032939,4.28203494884745e-20,0.677270616578635,44.876621545798,1.02472089785626,10.5287325382233,4.26230046046653
34,34,0.00305575476321835,1.403884485,1.3482698702167e-11,0.679686996798292,45.4337276937007,1.05212964608874,10.7885963916779,4.21127327821323
108,46,0.00592382990209552,1.60432873,7.06834845189574e-05,0.681223305573079,38.7739561106605,1.00561746376426,11.12903881073,3.48403458466484
11,67,44.8107785,0.73709554,43.3449455273824,0.681236739388023,101.714688991101,1.06095251580184,18.1398658752441,5.60724592401277
38,166,200.246835,0.594636995,198.490128630751,0.682935545015409,145.474740275509,1.00658468114735,49.660804271698,2.92936738357287
169,183,1.2280880865,0.43506782,1.59327067597636,0.687085052128838,40.5131225420687,1.0213101259376,13.287239074707,3.04902488126278
84,63,11.5622935,0.74742983,11.4846378537079,0.688632954674372,105.478947963594,0.998490578895377,10.2348001003265,10.3059118819749
76,151,73.938341,0.634919645,73.5077366789866,0.690796538267909,133.754310090946,1.00401194323354,26.1666893959045,5.11162524487643
11,56,0.0106637116123969,1.52637377,9.43616126912192e-16,0.692150355056383,33.8047180201741,1.23970445496503,10.7598202228546,3.14175491039994
135,142,1.82555035,0.614160955,1.95205600724816,0.693718237096138,50.5506196947977,1.03116863262162,10.2496237754822,4.93194880144951
186,200,0.00503583093107887,0.287737042,0.0242195610910099,0.698149473691203,32.560742797791,1.00979732886309,15.2821793556213,2.13063477663046
173,182,0.00608949490200463,0.352588365,0.0142884475898818,0.698880365716722,33.1944149381241,1.01925661679594,13.2786266803741,2.49983795291011
134,46,0.005694111260094,1.62563187,0.000232681607114013,0.700844865361478,36.0302478357901,1.13376693548063,11.5118322372437,3.1298447626107
200,200,0.00744470321490745,0.231802496,0.119222908782189,0.705657569295606,15.145726702853,1.00682737601597,16.5350947380066,0.915974594813779
10,43,0.00299123310805053,1.438649705,4.04257691240108e-13,0.710340852575438,40.9555364123824,1.00616953650769,11.7137355804443,3.49636852660019
97,199,11.12288975,0.486921505,11.1020734628857,0.713191776628844,166.092965837511,1.00282083644282,12.2292900085449,13.5815706162384
148,139,0.0162537700544663,0.601843385,0.00875940428170557,0.713256559599963,9.71279364134381,1.06187973590585,12.6378936767578,0.768545288461042
123,135,7.08074335,0.67214498,7.19826276239028,0.713375491156425,115.120777130177,1.00064384004533,9.30497407913208,12.371961077071
8,171,35.730361,0.62503697,34.3804496870195,0.716110842319106,189.95199566127,1.00112607188217,16.454030752182,11.544405047139
99,86,0.0283777237816702,0.89529038,0.00770410366137271,0.71690887588619,35.2285149662168,1.04582722442852,11.8673920631409,2.968513619402
23,60,0.00499338162048562,1.3779228615,3.39970763152686e-15,0.718951922182637,23.1745897225397,1.00652231228866,11.062605381012,2.09485821145866
84,67,0.00146289108894689,1.46550175,3.93036283613083e-08,0.720078627583372,37.5070303626461,1.01661023278481,10.7110908031464,3.50170034518133
3,112,58.5708855,0.712185075,56.5886418654385,0.724957340083678,186.352970700806,1.04053772083497,22.214672088623,8.38873380427902
146,172,0.245227898945745,0.4633475505,0.385732403009537,0.725129174641232,30.1503693094263,0.99938567446712,16.0091512203217,1.88332091405034
91,163,42.51399,0.64363371,42.3685507747366,0.725771277720335,118.796335983905,1.00267164146413,18.1080131530762,6.56042907521986
177,152,12.485449,0.638785125,13.0671170869201,0.730529621096568,88.0781826998339,1.04491939015423,11.0124394893646,7.9980628075093
143,106,0.62818211,0.734874075,0.780259150736955,0.730847613424422,33.7483793771012,1.01532556911604,11.9214396476746,2.83089797662854
111,102,0.0251890503405943,0.952603405,0.00491534300188355,0.73434431569938,4.09029498192194,1.23584291182158,9.84379410743713,0.415520168065245
69,60,0.212628161345,1.32674438,0.0921867816274056,0.736800282195808,2.27982457436683,1.39047501140651,15.2350280284882,0.149643608800966
114,117,0.0150047942547412,0.7430787585,0.00280606081864044,0.736841315713712,6.40053330136405,1.19013698248265,10.6600167751312,0.600424317933145
155,38,0.0235466431855784,1.892390465,0.0031564103591548,0.738412115324629,31.266060066714,1.00800114517602,10.4441275596619,2.99364976998866
98,39,14.9088365,0.83802472,14.8875183761908,0.739607357228456,162.361856911969,1.02770970186093,10.6471216678619,15.2493661645714
133,56,0.00519543944471982,1.47270147,0.000147690760144662,0.740657968310189,29.3140539676571,1.07387845026067,10.0269055366516,2.92353945696453
111,60,0.00246562829535346,1.290602595,6.08717896671838e-06,0.745184497577004,8.65331206160544,1.39274105500797,10.5008592605591,0.824057522045555
13,22,0.84787605,1.153157705,0.555004631122888,0.746763097648972,65.4485679544304,1.00576078036067,8.7672073841095,7.46515567466277
132,13,27.469253,0.91987847,27.7241002604284,0.746897333833174,114.026575305156,1.03217627221545,13.2799685001373,8.58635886854523
81,19,297.04265,0.906083875,296.673487645641,0.748164480431746,170.572918928557,0.998378824391115,255.511232614517,0.667575030589341
69,37,0.0165881956261675,1.54163578,4.91933904383028e-08,0.750780792941178,39.5791739712114,1.18591875540324,10.8731963634491,3.64006798444836
134,133,0.0214858191601576,0.6512913715,0.0184493287278698,0.753370951675931,7.1890090709495,1.13207104171106,12.7789611816406,0.562565999596106
59,31,0.0100436432655551,1.67264373,1.22910471648737e-08,0.754382485742258,31.7793191490826,1.0008018779411,9.84441518783569,3.22815713708935
142,68,0.00567753169856984,1.47292807,4.18634515376848e-05,0.75508533973324,20.8165821394686,1.0889325513325,10.4185433387756,1.99803191891458
106,32,0.00810522093724906,1.74885392,9.94447992180547e-05,0.756186192038546,40.6733661457027,1.0083421564165,10.7495589256287,3.7837241906485
164,155,0.0221766810222465,0.4527943015,0.0426956018396622,0.757348054281306,2.64286672193711,1.31897515089902,14.7811417579651,0.178799903634843
126,32,0.00213122966143572,1.591457675,0.000166161983313265,0.758381521507445,45.7812840377254,1.02406666977682,10.8668355941772,4.21293610646473
152,78,10.3422621,0.800480535,10.5987631270246,0.758830125166836,158.230756049224,0.997779044802267,9.99615836143494,15.8291565947651
150,135,0.21768881326531,0.633019959,0.315622307490405,0.760151443942463,7.42441430269894,1.11949048805325,17.6040062904358,0.421745719707713
125,80,34.7423245,0.792422195,34.9815494978961,0.762647286954963,128.795086798775,1.00878477367316,16.818238735199,7.65806032525983
186,61,0.0017136534885303,1.22099009,0.00468588903431866,0.7626742838542,51.4064759410701,1.04149983544069,10.2794306278229,5.00090693758178
182,126,0.6261749995,0.638013655,0.9561345632382,0.763314066332223,14.7770982750287,1.10374367749782,15.3574876785278,0.962208050193611
128,127,0.00889174188755584,0.670388495,0.00150110255794988,0.763981387107138,25.6247426014228,1.07227360855282,9.78375053405762,2.61911242648942
60,77,20.287848,0.818234965,20.0620862321479,0.765676371077559,138.800381918361,1.00962923627684,12.2208750247955,11.3576467836176
54,47,0.00730966652350353,1.58423445,2.66005142329906e-07,0.767756273564508,52.5589791243942,1.03129009650476,10.3721392154694,5.06732295359148
123,126,0.232043716850844,0.672680788,0.284335524927749,0.767990756420708,20.3833476134533,1.02384425033034,16.7930862903595,1.21379401385884
184,188,0.101030750899334,0.361640089,0.335529985474402,0.769655763277913,8.72972326558169,1.17708896110906,16.9855527877808,0.513949906408802
85,56,0.0618871914612027,1.504308105,0.0230858693977541,0.77196465206866,1.38492624565389,2.13108155507136,9.65835404396057,0.14339153849096
101,109,0.0412749200143681,0.8287258195,0.00783186728285422,0.773451826862699,15.444984285653,1.04785006925364,13.0451486110687,1.18396384327489
79,50,0.00370185127922919,1.670814305,2.31962185595133e-08,0.775808857598894,38.6213150227551,1.0368247322789,12.4540956020355,3.10109350826268
161,176,0.00621029036805927,0.4728809135,0.00590897449088492,0.778578017021248,26.1220650891275,1.01244517843614,12.3457398414612,2.11587684695904
85,183,138.7185,0.65442646,138.49981805129,0.778980114034636,156.411306291124,1.006580875464,37.5899131298065,4.16099142743427
8,60,0.00471699216465402,1.538571253,2.33960212117088e-20,0.780582748127494,29.3072780629932,1.06691468436951,11.0138351917267,2.66095120844083
134,132,0.0145653199654885,0.72492575,0.00210067318535955,0.782316795216946,12.9226495568142,1.00290575377168,9.81456756591797,1.31668048235658
167,143,0.0463198887950168,0.585049245,0.101656042171089,0.782842132919592,7.91325875151265,1.12090060113913,15.6391627788544,0.505989921801449
6,75,0.014456604158071,1.50237229,1.29675385269587e-20,0.784461992548009,42.0885410009446,1.01907229856127,9.70726442337036,4.33577773977351
116,64,0.00157128657234702,1.389637465,3.86510162770681e-06,0.785594681200628,32.0440810667409,1.10051942338624,10.1756982803345,3.1490793244793
101,110,0.0332902210173982,1.097421175,0.00145803906917745,0.789881636390415,8.66479181796407,1.04820664659738,10.289736032486,0.842081059281624
200,200,0.00811080063868429,0.3726646515,0.107983401515445,0.792908466366868,22.3150800699604,1.04462079735665,14.9168498516083,1.49596465017408
10,145,32.183318,0.73751079,31.0116615091975,0.79355084672951,190.648410293726,1.00880400783898,14.3309829235077,13.3032333728483
101,65,0.00304413414276,1.532165915,1.04982655167571e-07,0.797991648555085,43.3625568417151,1.01317658228198,10.1008961200714,4.29294156936727
90,106,0.0358815545526973,0.917849105,0.00300629478858292,0.801500300049553,10.5856693393303,1.08801421527737,11.0426518917084,0.958616593472333
25,51,0.00362586486957925,1.40592325,3.78645505184469e-12,0.802031377946059,33.4499175368528,1.03683106230442,10.5151517391205,3.18111600923513
10,92,2.3703071,0.835835185,1.98219266650402,0.804480311623626,50.6499823607851,1.00011668644156,7.72076296806335,6.56023019619912
124,43,0.00849121909421456,1.651214415,0.000599871059511991,0.805739992799754,40.964491196614,1.02143122099708,9.77012276649475,4.1928328001257
80,29,1.9999039,0.981633925,1.95149171188376,0.806045202281363,101.8672621191,1.00215621440559,8.12220430374146,12.5418246463187
78,110,1.4563063,0.80671148,1.40761682696626,0.80844046035372,52.2580427882468,1.01253592235194,8.84581828117371,5.90765502152199
54,72,0.0142351319819814,1.41367249,1.64978354128762e-09,0.809112938954995,29.7951938743174,1.0004370398233,10.4609179496765,2.84823894209387
101,163,38.092685,0.710701035,38.0843535951539,0.809639107884161,219.182219941021,1.01459947359658,16.3177542686462,13.4321314276787
117,54,0.00392302799920209,1.48104437,5.63525192222921e-07,0.812784533330711,52.0349398063664,1.01133956154348,10.6492495536804,4.88625414815102
25,48,4.7262742,0.93904091,4.42987901975524,0.819486860924614,123.82171938048,1.00941937317455,7.93267774581909,15.6090696418041
62,113,144.60144,0.815582395,143.830358910651,0.819830878242353,124.661320318021,1.03487232550172,46.3032307624817,2.69228125694915
87,42,0.00614446694788668,1.850036345,1.06798392490988e-06,0.820287590387699,36.0572207648678,1.04053979682071,11.3294816017151,3.18260111384172
198,200,0.0231099963450786,0.308268964,0.148106221363382,0.820392498598926,17.5513689757679,1.02525329617102,15.4028639793396,1.13948737061563
127,124,0.0291850766900735,0.84926325,0.00945245967592434,0.821758214311323,15.4686063810625,1.05356402603637,10.9380011558533,1.41420778446204
158,175,0.034553130255998,0.439307443,0.0492245021960463,0.823263386396698,17.8056457157276,1.14630363625848,15.0037021636963,1.18675014482832
183,54,0.00390359835540264,1.500407985,0.0157758323456295,0.830139996868654,65.3393582958466,1.01645033221539,10.8861088752747,6.00208568961222
84,78,0.0035903792836248,1.20918771,7.87783225535258e-07,0.831556430470278,25.2911338903616,1.02168012014981,10.8939158916473,2.32158336285237
197,200,0.0113019862013672,0.3365732445,0.103113999743461,0.83409370518235,26.3617018244723,1.07623332327919,15.6545088291168,1.68396863243901
187,185,0.01702128251672,0.463973465,0.0663947374509541,0.836180833398458,4.40301974155565,1.19241029562596,14.6434676647186,0.300681494463508
14,173,32.3289775,0.740308095,31.4402848846335,0.841865066614957,209.668537152995,1.00695014511972,15.2310674190521,13.7658465677019
184,125,8.64315115,0.816374695,9.06133629451361,0.844172468897183,99.8539704810116,1.04349761356822,9.35366463661194,10.6753849277603
84,115,93.1266855,0.8213791,92.9454573057055,0.847139156448338,102.292995686274,1.07832840978176,27.8911266326904,3.66758206053891
132,135,0.33928486779569,0.7272716965,0.441620034510225,0.851291524926784,2.0098405735114,1.47149029597984,16.666209936142,0.120593739141189
159,152,0.195986121395857,0.548935505,0.430405168306583,0.851351273027468,6.41591130883876,1.19401068942293,17.6715712547302,0.363063997895568
161,112,5.5973987,0.857139715,5.90559880457051,0.853503076365416,93.0563546763421,1.10029750533193,8.01307129859924,11.6130695969982
67,149,1.247519135,0.75280654,1.15868504533514,0.853916505673786,57.2707463129097,1.01411719349622,9.49756836891174,6.03004306874729
106,115,0.0943634264479356,0.9456037,0.0527623855579788,0.854810456184136,10.6272117757405,1.02348674660191,13.4308838844299,0.791251854098771
184,183,0.0146282678207443,0.3980125515,0.0590213360163881,0.856727177779755,21.6858465761666,1.06137958255581,14.6639413833618,1.47885524152273
149,28,0.0129142833747168,2.057950145,0.00131149120169085,0.86144312537683,39.9734885876168,1.01939733815667,10.6346435546875,3.75879909674993
6,74,0.00742870539794455,1.62415838,1.61289938721886e-17,0.862266756475814,31.544081566796,1.02703961695004,10.309095621109,3.05983014671103
140,66,24.9927095,0.933223615,25.2851959333494,0.863614612642397,168.505877475409,0.996355365572798,12.8525211811066,13.1107255223291
162,167,15.474614,0.753529695,15.844490796143,0.864151005336859,163.733813249375,1.00878952965882,11.1931979656219,14.6279743959015
85,105,1.9137946,0.853852455,1.88619353247448,0.868253455404988,47.3006312635053,1.0274752280707,8.53626108169556,5.54114158538717
108,151,87.5215475,0.79157288,87.6171924745903,0.87006157044738,169.747803657497,1.01403994175909,27.7592227458954,6.11500564015598
30,51,0.0319185872610064,2.36643697,2.77365368522667e-14,0.877071741166468,21.2763645735583,1.10354970547983,11.878497838974,1.79116626209666
154,189,0.6562592765145,0.5245421215,0.946209504838275,0.879547025911401,30.2322570727658,1.00156259207148,15.3723435401917,1.96666545954573
84,34,0.951581955,1.16356458,0.936471594959761,0.88018707441645,46.3920096581265,1.01256697114442,8.50970077514648,5.45166168399475
140,42,0.00938811556162597,1.74560719,0.00148498369118942,0.883563813327288,43.6225687782542,1.02643323567856,10.0202951431274,4.35342154648741
6,75,23.115206,0.935354505,22.0854772277046,0.883564613128042,108.529973749556,1.01827478302348,12.3179936408997,8.81068596992952
199,188,1.68759805,0.64587327,2.27196717602863,0.884892444548271,64.3420227069929,1.03261237259594,10.0950915813446,6.3735947503334
174,32,12.1638465,1.045423555,12.5188932908006,0.892436601792646,112.505034160594,1.01190501826234,9.75636029243469,11.5314554596588
184,182,0.0336309232388659,0.529450225,0.0948723055616155,0.894107508704552,30.9478694074163,1.00546153921825,13.9754679203033,2.21444244900421
125,181,8.30963915,0.744561655,8.46575587628597,0.902246247368813,109.622267436144,1.05141725485541,9.39494347572327,11.6682200078595
4,55,0.00428285972221329,1.723851065,1.64119913033439e-17,0.908656886884132,29.7796902411589,1.00444046825027,10.6722311973572,2.79039028394863
175,71,0.00251030507884534,1.356229635,0.00385761999359969,0.91021855055931,33.7546898424043,1.00869218993382,9.8899884223938,3.4130161129384
51,44,0.0054056396908012,1.66523847,1.17445016215674e-08,0.917524994878029,36.4806227381594,1.01020892815626,10.8939938545227,3.34869132710354
138,126,4.92123775,0.8845852,5.0442976174756,0.926696434170216,102.054705079909,1.00590946865307,9.22690463066101,11.0605570519046
121,152,5.1070154,0.83702036,5.17637561461636,0.928317887358125,111.612261143682,1.00902273169192,8.2149224281311,13.5865264852018
46,52,0.0043793941450117,1.44481963,7.18305209715741e-09,0.932967240912873,56.1641908837053,1.03886148261737,10.3609051704407,5.42078032370569
98,83,0.00468562541576789,1.34628508,1.23432780940308e-06,0.93325069589452,4.88483940671732,1.24377047547249,10.9608507156372,0.445662433824448
110,73,39.402565,0.9897025,39.4670369275014,0.933755414166826,146.213573976235,1.01042251342238,15.770073890686,9.27158458417818
200,200,0.162086791036244,0.38230617,0.527604221877542,0.934002357825103,2.43147228785376,1.63768898088781,16.3386571407318,0.14881714371692
197,187,9.29483565,0.74201384,9.85145443809425,0.941298747669281,156.692722104889,1.00613556399536,9.57038140296936,16.3726726770025
87,68,0.00492284616023861,1.344054045,2.11522966659787e-06,0.941848655728947,33.5688771262571,1.00360214176251,10.087385892868,3.3278073707868
128,59,0.00497801477113512,1.456751765,7.87743689696351e-05,0.944442323828258,36.4917718266882,1.07095508374731,11.4071066379547,3.19903837010427
46,59,0.0104340918608131,1.82545242,9.38825422836549e-10,0.945802220557126,36.0275906834945,1.01103600433679,11.8075776100159,3.05122624414798
156,163,0.735163826,0.688625195,0.970621985967331,0.946582932831725,41.9801969671152,0.997148295063614,12.6539568901062,3.31755492228194
82,33,46.798987,1.055876035,46.6520255564694,0.946711929110227,180.915885511145,1.01156587741536,16.978141784668,10.655811914265
181,184,0.0194186243156261,0.420852803,0.0668602294857795,0.949087442295245,2.69080639409643,1.37059229543206,13.748042345047,0.195722876505821
177,66,0.00410549980080313,1.56831571,0.000977340769387288,0.95200331558915,41.8684736493372,1.04250847935392,11.1383316516876,3.75895376063735
33,60,0.0072228862214892,1.70285262,3.76505584970808e-09,0.95382739690423,27.6845298368242,1.0800512960295,10.1026945114136,2.74031148873674
13,42,0.0109678738365615,1.93274489,2.00771408696012e-18,0.956259622466604,32.8727805213068,1.1518036188002,10.7870519161224,3.04742952726266
148,64,0.00504471737435915,1.659570345,0.0010422898282953,0.963798241048201,26.6451939942486,1.03878170302559,10.3902399539948,2.56444452796341
200,200,0.0527543652808041,0.3552942765,0.37273400670329,0.965833020864283,36.3187321626131,1.04127517180767,17.3843655586243,2.0891606334518
113,90,1.52288817,1.034326835,1.54375986000701,0.966200470297061,63.4997576997779,1.00282977797513,8.07485699653625,7.86388634832993
135,86,0.0026669190490324,1.402575435,5.47956220442331e-05,0.970429629720755,34.3391932273053,1.03395837044164,11.0156605243683,3.11730677895728
185,184,0.0113404220715446,0.365090686,0.047613303993746,0.970881063366569,4.57260923349575,1.21278592300059,13.4749763011932,0.339340799663657
103,200,58.3939975,0.6704863,58.3868444061099,0.97091587146867,154.427223532401,0.99754836259984,20.2835130691528,7.61343574980872
103,169,2.20852405,0.83687189,2.22946143271389,0.971197146320475,55.7890137271073,0.99770308963274,8.03844499588013,6.94027436347457
179,176,46.3169195,0.84532064,47.1490782170978,0.972328318111397,141.906802371235,1.03499471667697,17.503452539444,8.10736065078867
118,79,0.00748786912307196,1.657320575,2.9325740721422e-05,0.973828778660449,40.6406210735418,1.03044176624282,11.4778573513031,3.54078464557044
5,136,9.5524091,0.934598595,8.94398078740029,0.980027905576986,174.747721415333,1.01426025981301,9.20498633384705,18.9840283382909
182,149,0.1785516818985,0.70046743,0.407167725564702,0.981009327750255,11.1526090238905,1.01000434277943,13.3164744377136,0.837504632029719
76,49,21.5187565,1.099272945,21.366718004615,0.983042147862954,147.963757415045,1.00113917288215,12.1356728076935,12.1924642959426
158,86,0.00524765163482224,1.596812765,0.000989013542337345,0.983593493895166,31.3964698202358,1.00085585972773,10.4639313220978,3.00044685441815
35,77,0.00258476847759156,1.44175067,7.32145920745696e-16,0.984952333066014,33.5720609976355,1.115189884454,10.9374046325684,3.06947234060152
123,108,0.26251349449485,0.856423815,0.340992816727053,0.986085561215032,1.73638410953572,1.73402125807515,19.6246364116669,0.0884798104337585
96,146,314.355355,0.92889121,314.259288708716,0.98690287818091,121.400410254249,1.00283409911204,80.7200655937195,1.50396818140959
163,168,0.0697350942913834,0.5687256175,0.146631463565829,0.990231141410387,25.5393297101131,1.00579740963462,14.556387424469,1.75451016556361
9,4,16.26331,1.351997265,15.7899476432393,0.99077046516233,133.020415803945,1.0351942650223,9.81344962120056,13.5549089197517
59,112,0.0674978804858406,1.441654015,0.000314966748659056,0.994774837290791,2.98780412816636,1.29892268690476,10.7010812759399,0.279205815853774
36,104,2.15361165,0.979227145,1.99294770485567,0.99520061021943,63.7833869635136,1.01009099215703,7.26898884773254,8.77472621015369
170,161,0.4333743952,0.72822224,0.719565515944203,0.99559914219706,25.5072759143669,1.00949850475748,12.4913539886475,2.04199448174703
171,141,0.143642891900302,0.659550618,0.32546330273733,1.00072746428125,6.65560564232816,1.19616725960288,16.2775523662567,0.408882459264895
95,75,0.00322848655938458,1.517727465,2.48940608560828e-06,1.00345736944927,38.4241282655426,1.04330453626097,10.4705083370209,3.66974811812004
148,69,0.00982587215206116,1.723668535,0.00109536057350214,1.00467581115434,29.9870515765855,1.04890862487202,10.2468075752258,2.92647747666176
59,88,0.00212179428435487,1.26961325,1.391146072865e-07,1.00724884033471,69.113445028876,1.00610410563842,11.4830260276794,6.01874844333544
12,29,57.2637585,1.18910034,55.8593888618518,1.00815112105277,145.969701923044,0.997094617850946,21.9109599590302,6.66194918871575
101,117,0.5212451735,0.948014735,0.550538160889269,1.01033138779533,55.3500028408722,1.00316258664607,17.4736797809601,3.16762144749748
34,80,77.091995,1.074982685,76.3198894475755,1.01594698004232,111.478250097841,1.01044187813446,26.7176764011383,4.17245303910828
176,41,0.0063497491396795,1.709302015,0.0145741554577342,1.01971762313744,23.2384494032027,1.10415368485809,10.2904024124146,2.25826439743186
165,168,2.1630784,0.835545145,2.39965321359007,1.02383535025606,69.778311514104,1.00071863504526,8.13738512992859,8.5750287592344
192,103,0.00833201080004866,1.264475715,0.012072868123213,1.02518315316833,44.2226765548406,1.03215363857827,10.2450633049011,4.31648641289361
171,86,0.00282129454756163,1.432606755,0.00393967958503691,1.02938429156638,48.4911308291574,1.00900961483638,10.3024451732635,4.70675941620145
66,132,0.8150882135,0.90805296,0.74261595047478,1.03456135111347,61.0541308887106,1.07013801594042,9.79343962669373,6.23418668169424
186,176,1.5184973,0.83898016,1.80351436551197,1.03473603063792,59.7658549231066,1.00149428237472,8.41022419929504,7.10633313772019
58,107,10.710456,1.03160002,10.5291701851768,1.03823347812471,168.364395138164,1.01992379518514,8.75025463104248,19.2410852297798
128,64,0.0089018321287924,1.66190579,0.000206860890532443,1.03960189596416,31.2410849075516,1.08965288006243,9.10642027854919,3.43066583266996
165,188,20.5656345,0.85956144,21.0761189946472,1.05157032009933,115.81600969246,0.999675184209121,11.8169903755188,9.8008042667442
42,88,0.00296743325824792,1.40010322,6.33674013983707e-15,1.05495359028116,36.7473027048355,1.01721170385232,10.6923909187317,3.43677134367197
199,196,0.03416235822598,0.489824435,0.246333892647235,1.05585701726213,15.3049789053607,1.04141502496751,14.293142080307,1.07079176988297
89,136,0.0189615220234494,0.87038925,0.000979317255097825,1.05596071718928,28.789591582932,0.998584108827618,11.6196343898773,2.4776675940865
186,185,0.0233410195195552,0.6306071665,0.0796979573716814,1.060849631776,30.9365441699541,1.02891019343671,11.7863688468933,2.624773123243
50,89,0.00807041304028197,1.55316538,2.9026079019578e-10,1.06363783931972,22.1399055950266,1.02102431372591,10.8355469703674,2.04326608112852
200,189,0.00930698176916216,0.564122725,0.0979136280873645,1.06563531344023,31.1270344791939,1.02614676876637,11.0791928768158,2.80950379917386
116,50,0.0196762426440601,2.075966285,0.000535475959007007,1.07176908913729,22.5508680495422,1.11544464976409,11.5928695201874,1.94523607897708
39,190,48.468248,0.895097215,47.8412067698441,1.07179337870166,184.262728938389,1.00739667859576,18.0998711585999,10.1803337340796
126,89,0.000907379474463801,1.358901315,5.35087345264322e-06,1.0740395165011,45.9888114542879,1.02380447797001,11.5405299663544,3.98498262977221
198,184,0.00500879398018928,0.59658357,0.0378907268632463,1.07506932682633,24.9914013167683,1.10471823001795,10.6187419891357,2.35351808550745
117,88,0.00138540610896157,1.48122538,1.3602278556569e-05,1.07843359197107,34.5833045918046,0.998606775951968,10.1521039009094,3.40651602164027
27,88,0.00361811466744646,1.465168725,1.2433867395035e-10,1.0829134876681,54.5947826103243,1.02920853292086,11.1385998725891,4.90140441660681
198,200,0.0044299746578377,0.46449582,0.0857230792442732,1.08769406386634,10.0139635616066,1.20807748718118,11.3618314266205,0.881368785154137
70,45,4.4933417,1.25640886,4.42801589897033,1.0883385529974,149.092130279679,0.997054303818015,6.99328470230103,21.3193279876941
27,28,5.33412145,1.2890891,5.06811671648894,1.08995636937206,125.228779368048,1.00450444083583,7.5133171081543,16.6675753951788
41,84,0.00337773221503826,1.45248836,7.99072927750247e-08,1.09012341745367,66.9787471417505,1.01078541952521,9.84527850151062,6.80313382008173
25,78,0.00668602658293353,1.70796278,8.24334954886822e-12,1.10232627381738,31.1786599611598,1.07451524478881,10.1681475639343,3.06630679434159
61,76,206.034975,1.16481605,205.371519234446,1.10909652347529,150.742935150371,1.03717305474305,50.7881445884705,2.96807328505148
167,76,0.00383480675974887,1.641240055,0.00294238306755634,1.11152804429108,30.228485549615,1.0124129120633,11.1301789283752,2.71590292879754
173,113,0.005728837282415,1.39923442,0.00323253928596265,1.11373762272295,35.8205069433076,1.10271677333832,8.93198156356812,4.01036507838449
66,79,0.00547246532032981,1.57371945,3.10588877564387e-06,1.12775564720629,44.6812570223753,1.00520574326964,9.40002608299255,4.75331202572054
134,162,68.0042635,1.01488046,68.2955434770568,1.13584246729958,228.681279128012,1.00231944326314,21.870178937912,10.4563058115447
200,195,0.00669092858194131,0.47135721,0.0994946344220947,1.13666338833637,27.494669510056,0.998793057669811,12.7324643135071,2.15941461393995
111,151,34.117161,1.027116035,34.2618587943936,1.13732213936967,156.325921110234,1.01660041665481,14.2202205657959,10.9932135290677
78,110,0.00266556033546958,1.31811526,1.35591994814256e-07,1.1392289250065,42.0300266008853,1.01956079813098,11.4137582778931,3.68240027321167
174,84,0.00348696234498309,1.449994305,0.00684035684389339,1.14145920339447,57.5129594618486,1.02192402097586,10.5170180797577,5.46856143306865
119,74,0.00516301623404952,1.483263075,8.61743787568216e-05,1.14970681506594,11.8244251752581,1.26140353561823,10.3615868091583,1.14117899053906
133,197,1.59981922,0.73473171,1.71865309684103,1.15533524643731,70.9913241036661,1.02401151372509,8.23885846138,8.61664567202373
133,85,0.00797620997579422,1.60818142,0.000449435794400377,1.15955670017516,32.69291673617,1.0982387450428,9.90889000892639,3.29935206735757
132,83,0.00460172295296935,1.65168149,0.000111423091001053,1.16741403014775,55.5009875338865,1.00693185004723,9.80876588821411,5.6583048434844
140,152,0.228769279116473,0.826309573,0.34442195446742,1.17495517895085,32.6491006184471,1.0135592571497,17.6025266647339,1.85479625966757
90,125,0.00547152395880692,1.324838325,3.50145011635878e-07,1.17668046398223,31.1800658364622,1.01368894298146,10.4888763427734,2.97267932402926
72,123,3.512874,1.13906996,3.45511115482075,1.17815858475567,126.001480446633,0.997497288064652,7.4303183555603,16.9577499128746
111,133,0.35569764253,1.01250141,0.407986280227763,1.18103692047418,25.64237048612,1.01044715959612,12.5124254226685,2.04935251319575
168,103,0.0043394303995532,1.607584815,0.000632774930775237,1.18151201272529,21.8349175246765,1.21600509108232,9.87949371337891,2.21012514994644
165,97,0.00640415994668469,1.47273228,0.0048496857060582,1.18514653770091,51.374639466878,1.02108326065733,8.87681531906128,5.7875079767133
113,98,0.00204176728227104,1.390835065,7.64148938464283e-06,1.18920450433748,57.5287246312257,1.09065899179534,10.8952581882477,5.28016166641006
50,63,0.0134721915794201,1.896787505,5.49484010151975e-08,1.19183561785191,34.5911666187648,1.02947848427399,10.921329498291,3.16730363498123
119,147,0.266859917355,0.912309265,0.318552749638394,1.19633297578294,23.0778497875085,1.00325581090697,15.3064072132111,1.50772480217238
50,68,1.59336545,1.337223085,1.50025828745169,1.19957993363531,81.7401860974527,1.04900152604266,6.76815176010132,12.0771798557054
56,14,1.45329395,1.609846605,1.38382659546359,1.20079859932975,59.943515316382,1.07313062097395,5.95452547073364,10.0668836855267
200,200,0.0164561310584133,0.2070673475,0.526667452089368,1.20301676547276,6.91400992261627,1.13720509891231,19.1872670650482,0.360343653902171
25,91,43.366829,1.224541875,42.7122182181635,1.20790876027585,229.718661008727,0.997568318381549,15.3815913200378,14.9346485827815
43,92,4.11257895,1.235157775,3.97320861696494,1.21110797201604,121.909932662992,1.00084468251914,6.47921943664551,18.8155276812339
171,180,0.00857084211764315,0.6642303985,0.0153186310436138,1.21375975126853,36.7155278361415,1.00708079529852,10.6036951541901,3.46252200787131
171,158,0.0196546478568723,0.79846397,0.0509129803689813,1.21803962658715,3.04011076257589,1.30975210011453,10.8881421089172,0.279212994481959
49,56,8.57731995,1.33030941,8.38346968373376,1.22033416626158,109.976099301788,1.02376456146301,8.28308486938477,13.2771909301898
149,145,21.5234415,1.125266395,21.77066583972,1.22136926892344,170.234473145969,1.00847641742196,11.3891358375549,14.9470930520147
27,73,15.3040505,1.26686689,14.9037880356832,1.22139399275023,152.264596289339,1.01016776244331,10.1089649200439,15.0623330374241
199,198,0.845057137,0.69640139,1.40044399382388,1.22224765615823,19.9898723069859,1.02257622222916,10.3485870361328,1.93165233448681
117,76,0.0233204071433228,1.883968255,6.44046759149469e-05,1.22357787039647,17.4578881825757,1.07782563127202,10.5887453556061,1.6487211276011
96,74,26.6869245,1.289575305,26.6658664271996,1.22699767367045,239.398268425444,1.02000548286719,12.1222121715546,19.7487277930348
146,79,0.00554921905313124,1.59452058,0.000231055551197872,1.23250354610152,42.7735199088136,1.03767915012918,10.8467438220978,3.94344336054773
148,188,0.00519888784871403,0.674873995,0.0028401476884511,1.23518395937609,13.492965995615,1.02365658571613,10.0410945415497,1.34377442018713
118,113,30.16107,1.21859705,30.2808417551825,1.23969252587812,151.161247376492,1.04330687684074,12.5917119979858,12.0048209012938
56,124,14.0014825,1.189360475,13.7409458737102,1.24277655001585,129.841032329538,1.00034930929719,9.80258178710938,13.2455954104134
200,104,11.11001,1.237336815,11.9919449221234,1.24446425481603,129.30008015991,1.00417190249378,8.87014508247375,14.576997214554
48,164,20.0322085,1.11855254,19.7658563741345,1.24562974685577,136.782110225047,1.00935442967063,11.7530062198639,11.6380530790386
134,98,0.00518490782015624,1.61135138,4.20673558088073e-05,1.2499486585038,34.2518499614925,1.08988295329607,11.1299045085907,3.07746126079114
170,170,0.147829686880456,0.610103598,0.364221821486746,1.25584747442549,20.6610596423634,1.00510390709824,16.8132915496826,1.22885275505458
8,31,1.19931822,1.6117517,0.929363673572723,1.260753637845,81.6032553420807,1.01781099663915,6.34544348716736,12.8601342848786
178,118,0.00379590282604736,1.2376833,0.00651709939408098,1.26536798000865,32.1004097984511,1.0689745479857,10.4646623134613,3.06750555697898
162,82,29.2628345,1.31874334,29.6884080339071,1.26821006572269,150.681437288901,1.00410522105546,12.8225693702698,11.751267077429
182,181,0.052849736160015,0.452015006,0.246686343786165,1.27111063716364,4.4049447660229,1.19111329965847,15.8089768886566,0.278635663588298
134,160,3.965267,1.12545235,4.07187726568488,1.27602128243282,112.58201280651,1.02894025083436,7.55278277397156,14.9060308201224
168,183,6.19113485,1.01452999,6.48826665033887,1.2816995622923,119.442127756846,1.02953839646192,7.86262059211731,15.1911346042302
144,108,87.667331,1.275895755,88.1613751380795,1.28653922689165,192.884400231377,1.02142381841442,25.8013186454773,7.47575745572164
85,89,0.00866835473621291,1.69675858,1.23038926035524e-06,1.2872518018444,15.6609242099412,1.02071331803814,9.87246131896973,1.58632419048825
200,200,0.00772587809817016,0.269826438,0.18318228618504,1.29205374571934,6.2080496840451,1.17096321261676,16.4119458198547,0.378264085940057
179,157,0.75786896,1.028012155,0.988762339234286,1.29333936072362,35.2602581431549,1.0698406785983,8.69002771377563,4.05755416490323
172,6,175.186825,1.7236418,176.254956569554,1.29399810663375,172.950977853085,1.01697680711596,49.8475410938263,3.46959898237598
18,101,0.00548354205257899,1.486502405,7.86727630270587e-16,1.29742999899432,31.6956474922335,1.04606458211983,10.5976858139038,2.99080837541436
92,110,0.00544995703433252,1.43902909,6.02047802104447e-06,1.30182958539539,13.6665070242433,1.14367066083296,10.7284953594208,1.27385123136048
5,81,28.461965,1.352194815,27.5796409143643,1.30301630346802,237.445847436552,0.99960357509182,13.1404981613159,18.0697751730269
127,112,0.00396131337868721,1.462015535,0.000138224151528758,1.30774048443425,43.6202513883053,1.00154171263881,10.8060331344604,4.03665719376709
166,78,0.00508626256519937,1.630352135,0.00263030868207805,1.30911301563445,28.0880975350292,1.08046390014695,9.72186136245728,2.88916869803312
2,4,14.3212415,1.77555975,13.6167859920126,1.31314668643441,134.151293994114,1.0393872019927,9.28367304801941,14.4502389625553
100,99,0.00321642857563259,1.51199466,2.7031925658399e-06,1.31431095242308,51.7190190067211,1.01026928210403,11.3158462047577,4.5704950448139
180,118,0.00601999738589191,1.348266885,0.0187390315875151,1.31714389967763,39.2678121860349,1.01369869654472,10.1188795566559,3.88064824432125
91,144,31.995927,1.22501706,31.9360334010639,1.31854473255603,158.605750798705,1.0381111300706,13.7473044395447,11.5372254609034
122,119,124.995165,1.28270492,125.24141008076,1.32691444921854,148.520674291162,1.00890667221113,37.0551774501801,4.00809507634515
18,94,0.003880180502919,1.56707512,1.35843064258475e-09,1.32942660137866,44.1617172021713,1.00763397970293,10.1459786891937,4.35263256064267
96,99,0.00760661358526203,1.67146109,8.23306108829741e-06,1.33085853578512,45.6375239200392,1.00833639540207,9.36331486701965,4.87407767101671
200,199,0.0163990161874462,0.496617185,0.166205079119646,1.33352004951067,27.3041905514882,1.01451754510415,13.291464805603,2.05426497010157
42,80,0.00920018384050846,1.68520057,3.58533214679308e-09,1.3372408033239,64.7052441666256,1.01655140143296,10.0483088493347,6.43941633729836
198,58,28.627567,1.43047969,29.6175269386071,1.34088435870225,138.999567433926,1.01147256447864,12.2726194858551,11.3259901518279
184,95,4.01423915,1.364276645,4.24597805378971,1.34247801578024,119.968459052518,0.995287481856691,6.74402499198914,17.788851493733
200,200,0.00193308220910098,0.5505607465,0.0487500619033096,1.35329908228981,24.3397646405319,1.01661608470008,10.0386142730713,2.42461399336995
174,161,0.4167256475,0.893837705,0.738466066524331,1.35344841549832,23.4457147435102,1.08275495214394,13.3413116931915,1.75737703178581
182,109,0.00433315823046469,1.583994365,0.00883743370752371,1.35959615598516,48.8939560733538,0.998410006311956,10.9084889888763,4.48219328297551
152,20,42.162671,1.62151625,42.4679800777927,1.36092325822436,179.585323449549,1.00760640018459,16.0243606567383,11.2070195682992
51,81,0.0030839331358985,1.732852255,4.19567219680322e-09,1.36392961174076,24.203442792991,1.06146639665787,9.48956799507141,2.55053157378307
33,82,0.00527939239167302,1.901072585,6.10565622709775e-12,1.36518862070718,52.397479309298,1.06234934544544,10.238861322403,5.11751040075625
11,31,1.192383565,1.72663069,1.00332941060778,1.36520814098624,70.7470445005706,1.00460446790111,5.85699844360352,12.0790615161993
197,189,0.28303318665,0.72876293,0.69819621230556,1.36659288046345,7.77379336984866,1.13175440867689,14.7292504310608,0.527779292383774
27,121,6.07803735,1.3186596,5.87636052953014,1.37197475776467,138.52323121134,1.00870641051238,7.57716822624207,18.2816623671613
34,105,0.00245087893411587,1.48056746,2.81464217966516e-10,1.37256001354201,36.0236038829794,1.22510837519755,10.2175002098083,3.52567684299124
144,47,9.74264045,1.52950888,9.88872653177686,1.37631937049928,119.989300756636,1.03129361969227,8.04763031005859,14.9098922457538
146,132,11.8226525,1.31583319,11.9749482168387,1.37718392406664,214.638287201622,1.00289030798103,8.84326481819153,24.2713852422568
99,96,1.5223149,1.40593577,1.51968610165849,1.37731873909151,67.7513132195428,1.00956300382348,6.43880152702332,10.5223484425159
129,143,73.9811265,1.296090275,74.2988717446012,1.38042019774193,142.488338605167,1.0081750446584,21.2427878379822,6.70761011652141
170,155,21.8660995,1.263810995,22.286483112216,1.38595090867949,184.694952994333,1.00233360354445,11.1285500526428,16.5964974880507
175,101,1.21584825,1.392373115,1.36870637997192,1.38709419962246,51.4505349259063,1.00592243500872,7.05318284034729,7.2946549225389
164,119,0.00401787478277179,1.316664735,0.00196636755680407,1.39042042410813,30.5255192241793,1.08705906165335,10.144291639328,3.009132654057
116,92,0.00531872653126727,1.698167375,0.000146096102568632,1.39480909135319,51.0414549124184,1.0241438129295,10.1752977371216,5.01621242258186
17,125,0.00317991585679662,1.37649827,4.05950548540832e-14,1.39615023439404,41.1039631145561,1.01357960614729,10.9489471912384,3.75414753552272
190,134,0.000908328704578912,1.27802832,0.00732509628131303,1.39790430972899,61.6004107189416,0.997139501386136,9.75902700424194,6.31214676341871
154,88,0.00640075893327652,1.827045425,0.000465264321075812,1.40623279316897,24.799407133534,1.13615462234815,11.1254088878632,2.22907826431332
169,132,1.306291905,1.27250892,1.46551566584116,1.40806834182684,62.723870522818,1.01006818056752,6.69177222251892,9.37328235885582
132,159,0.0358345597714944,1.0102439745,0.00860217668549816,1.40925435753103,19.6090289305978,1.08145056672263,10.5198459625244,1.8640034274696
29,58,2.91670085,1.568495435,2.77143021343707,1.41460832169954,163.687393570805,1.00328742860363,6.23873281478882,26.2372822222465
189,164,11.6196295,1.237671465,12.0655877828577,1.41965718130527,151.609336626061,1.00830463704235,8.93703389167786,16.964167134606
160,121,0.00658164913274052,1.43139156,0.00282517725889782,1.42360750652966,40.9650192278733,1.12644339743519,10.8842060565948,3.76371220967947
40,128,0.00351341040854501,1.40311443,2.08109199126633e-10,1.42405406724039,49.4915572828222,1.00637779676725,9.92878103256226,4.9846559331413
151,118,0.00479588194151467,1.599492245,0.000239338703048234,1.42507180161033,30.1893190002289,1.03013922265107,9.46648216247559,3.18907472512832
102,179,111.713985,1.19126257,111.691411214416,1.43157603537976,173.428100378861,1.01891135918297,28.3411927223206,6.11929434579776
162,105,0.00383981967930052,1.571438415,0.000541607073735895,1.43597833399353,34.5354554611948,1.03188437206203,10.0525441169739,3.43549404601777
65,125,0.00480955621529479,1.354560385,7.37869620986545e-08,1.43619928995385,38.0895175015611,1.00563053917206,10.6360311508179,3.58117769320675
163,129,0.00680546104424994,1.40052193,0.000690160894892469,1.4365768728017,40.6911864141922,1.01240685969843,10.0165953636169,4.06237697910748
181,48,9.38632385,1.6018231,9.6379976791681,1.43767892930645,139.625956234986,1.01296593465422,7.75384330749512,18.0073223945626
156,106,0.0069914407701483,1.95834999,0.00303240338587374,1.44080411473998,45.681507613613,1.01806581478454,10.0569980144501,4.54226077682197
121,22,21.4538195,1.75916505,21.5753827331277,1.44330676106247,149.777793691823,1.00023063572205,10.7326140403748,13.9553880469732
156,58,46.4635555,1.55728715,46.9412454882998,1.44460638038885,156.151428461571,0.997099141305422,16.1606588363647,9.66244198597883
59,132,0.00554083728465078,1.312953725,8.35712691297078e-10,1.44741994643435,57.7601446756799,1.00165548152295,10.6680653095245,5.41430362486731
67,184,62.8886885,1.146720235,62.5980878928619,1.44753427376476,108.854512746035,1.00998298650226,22.7557740211487,4.78359965452584
170,138,0.00374541198586223,1.316608655,0.000217768864329641,1.44802979223108,59.7567682602438,1.00685308561564,9.54442095756531,6.26091080076241
110,127,0.00406264029559529,1.416761395,1.19450085960505e-06,1.4487969871718,26.6309257392062,1.1092064353344,9.87845611572266,2.69585909247703
47,155,207.093815,1.304744225,206.328688435243,1.44975136562744,195.272073712369,1.05320185376597,53.5350499153137,3.64755564851936
198,199,0.0145064828322609,0.64101059,0.107852593925024,1.45196288089369,28.250666991346,1.06320128828858,10.7565495967865,2.62636886830195
19,92,4.97052315,1.477346005,4.74490816274212,1.45330763584913,149.151010218328,1.00549542138341,7.37863731384277,20.2138963977145
135,116,24.463395,1.429773925,24.6381737664254,1.45349442811913,118.426500120721,1.0062569949306,11.4475140571594,10.3451718451182
199,200,0.0133612752361822,0.4553074385,0.127077563024265,1.4538626006378,5.68158565814565,1.17512006006627,13.7472784519196,0.413288032101533
166,126,0.00565133314533597,1.53459187,0.00340412943015256,1.45441795632826,27.3972419817038,1.07597804584999,10.5564477443695,2.59530882406127
150,168,0.6606986685,0.99905828,0.8393093520561,1.45619569328885,35.3335068815647,1.0113014217198,10.7465646266937,3.28788855871194
95,102,0.00530162788913155,1.654532345,1.10901713727703e-07,1.45893939080669,52.5259321851026,1.1046998527355,9.7857506275177,5.36759357400737
62,123,0.00550139673780266,1.455298955,1.40351705416017e-07,1.46421732033022,38.7985075002509,1.04656893940077,10.335254907608,3.75399618558903
200,200,0.0274734311321987,0.487533968,0.243847650088853,1.4677675880444,1.62614682813702,1.7157362292956,13.7300517559052,0.118437050132577
191,193,0.0121833448454793,0.684694615,0.0595305278217089,1.46932432288827,23.8685188153356,1.06038709057685,11.2321031093597,2.12502668315481
175,134,0.00358747705520363,1.401536525,0.00588117125463752,1.46951614483909,47.4507106583056,1.01762666286068,10.2354805469513,4.63590453234158
194,130,0.00293920813019054,1.3098449205,0.0253419194713589,1.4736589040935,27.9030896343992,1.02786718024967,10.7607848644257,2.59303480052321
11,56,4.00291925,1.61068755,3.76488789716784,1.47455737195865,130.183571439393,1.01571393452442,6.75200843811035,19.2807181200483
31,118,0.00321725301086574,1.55860291,2.99184856850289e-09,1.4755749844798,46.7835393317732,1.0457321083167,10.6450974941254,4.39484366935965
176,192,0.00451574967268833,0.65977106,0.00930183246461407,1.48213000983827,35.8567234061784,1.04541428975042,10.6576209068298,3.36442098284806
147,136,0.00698666265300218,1.31989353,0.000986840694221822,1.48783926904059,40.9171242492445,1.05367985532169,11.4505038261414,3.57339073201576
200,200,0.0376207432525391,0.3267060175,0.542623246997848,1.49700038790334,21.2100082152452,1.01408846334033,16.3972561359406,1.29350959937472
149,118,0.00346699246921779,1.573178505,0.000612038287850327,1.50614650138858,25.8902798982189,1.03133419857746,8.9408917427063,2.89571562247573
109,118,75.8702,1.48933267,75.9814490436039,1.51791971192605,152.704513739353,1.01553067814897,21.1618149280548,7.21604050779728
197,200,0.0507154525922871,0.667546785,0.21081719689,1.5228530023895,7.68960923825646,1.26359454313007,13.2313046455383,0.581167877564473
44,139,0.00566142550382164,1.368996725,8.51744647585105e-11,1.52493920564877,23.686485649551,1.01063389141346,10.4253423213959,2.27201034933302
200,200,0.00500605629723022,0.50524089,0.0995433009187757,1.53272506926348,20.3774875309938,1.09370196040261,11.0239548683167,1.84847341760801
40,126,0.00529549268343291,1.399437095,2.62246764185388e-09,1.53508567316877,37.608433400115,1.01312512516122,9.76474642753601,3.85145007903753
141,129,0.00609130505240022,1.59201918,9.88215627387477e-06,1.54647069182125,11.0900331668227,1.09922124880747,11.2263376712799,0.987858506625371
132,126,2.89630265,1.48061116,2.96192574044553,1.54779537032479,112.690653892457,1.01465674153643,6.40319466590881,17.5991297738349
103,111,11.961566,1.5264429,11.9679584580326,1.54783569192718,112.07594685556,1.03806293695227,8.78741431236267,12.7541439235299
130,126,6.9050839,1.483958635,6.98341926272696,1.55373439511411,173.496704977458,1.02144943700849,7.22878623008728,24.0008072524456
159,160,1.627025,1.37560494,1.73010111591381,1.55931406759328,92.525064035097,0.998991593307151,6.87965440750122,13.4490860375504
162,19,27.3246035,1.9068332,27.6244575670187,1.5615875999549,163.747792497508,1.00460930610477,11.7944111824036,13.8835071937977
173,123,0.00714961626693263,1.477947815,0.00886319458152119,1.56199727236889,45.4469185420055,1.02838228880405,10.8530426025391,4.18748181559457
15,139,0.00296652009178178,1.33154927,2.96109416283643e-12,1.56459624240332,39.8021756669928,1.05273301389964,10.8589310646057,3.66538616279889
46,190,117.81828,1.26650235,117.084938741215,1.5749479218466,171.761609638801,1.02204067131112,33.8599755764008,5.07270329393012
179,144,0.241763255916255,1.1005025,0.514674271885999,1.57629974032122,19.1825021776493,1.02105852237563,13.7466027736664,1.39543583920212
200,200,0.00579575436099002,0.4217659035,0.168800774038361,1.57680831441179,33.5501919635432,1.00364585859799,12.5340206623077,2.6767302262741
173,147,11.7691985,1.4798851,12.0642430840225,1.57790889773144,140.184749115227,0.999057270799748,8.81727838516235,15.8988684480155
141,128,0.00422001504223576,1.41100019,0.000688303736469516,1.58208419392874,50.8229720593259,1.00376522785218,10.141930103302,5.01117356771953
192,136,0.00313011637164728,1.282580975,0.0321593697714716,1.59757971164847,45.1344134234784,1.02076826124209,10.239780664444,4.40775197267658
0,121,0.0131474603507003,1.705879955,4.93023790621184e-36,1.60123412977738,44.0938482705895,1.05615544702464,10.7237441539764,4.11179599564012
87,111,0.00819153479198031,1.63124619,1.11060671239644e-05,1.60182634287707,26.6843929719905,1.06426433855218,10.1675114631653,2.62447631051731
200,200,0.0221191415087639,0.380694297,0.203285404153326,1.60488369821773,2.0968681292817,1.46570585085193,13.9729580879211,0.150066157508504
196,149,0.00259821764816017,1.22601873,0.0241164757124693,1.61631107478516,35.1449995735999,1.00736286438986,10.7332422733307,3.27440662183934
148,106,0.00587984433005334,1.88144001,0.00133402400424177,1.62217525193396,24.4781085763144,1.14762437857073,10.851601600647,2.25571390078079
84,112,0.00581209070826206,1.59944574,1.17011499040839e-05,1.62450068996566,43.9340539099334,1.0091731381567,9.97068738937378,4.40632146954641
198,200,0.00307635421794829,0.61727278,0.0334247623939077,1.62904341183832,19.6939257252834,0.998675466189013,10.1874895095825,1.93314807409215
40,134,0.00191436355490293,1.415647235,1.19647743798271e-10,1.6343283392706,27.4507826265866,1.12468772923904,11.2909114360809,2.43122823006702
150,128,0.00851396701775832,1.49488826,8.86166933724038e-05,1.63959655129119,30.1501827049501,1.03574895341773,9.9915030002594,3.01758231010564
15,130,0.00313371938912839,1.446424625,4.56560512208519e-16,1.64170778693475,35.5457116188026,1.03643686756371,11.7895872592926,3.01500899370208
70,86,0.67381166,1.79614432,0.646374853232548,1.65096123279725,62.7136296040963,1.02501658749073,9.16558837890625,6.8422917342029
156,110,0.00717542636292559,1.69019644,0.00217592872667607,1.65409881271264,42.7149648376238,1.01269328812005,10.7359714508057,3.97867720060101
192,191,1.8234684,1.294567515,2.03717859500457,1.65595626337441,105.565387171038,1.05024355753292,6.74979186058044,15.6397988784739
173,151,0.00199662694870853,1.3621588,0.00192825228506778,1.65851985233009,30.6002219939018,1.17610340783486,10.4951391220093,2.91565663286257
177,146,0.00834711305463775,1.477933225,0.01427922863364,1.67145420032926,41.7284785819503,1.0170153316881,9.64315223693848,4.32726535438357
158,58,19.6989785,1.84378345,19.9295898288673,1.6761478942317,141.348070924356,1.00165687717583,10.2328886985779,13.8131152490694
105,145,0.00184294501173597,1.335570825,7.94482951566588e-07,1.68461323076623,35.3003869357271,1.0808150327799,10.5089380741119,3.35908221047446
13,137,0.00764623934076637,1.566304185,2.04533310213443e-11,1.69171899240663,45.6564457072658,1.23952744309314,10.7869460582733,4.23256457023334
52,5,20.0241805,2.2968474,19.8294866655062,1.70827225952899,133.385793288807,0.996746741120153,10.3116552829742,12.9354395224055
131,126,0.00858806398996185,1.6830679,0.000701028198408719,1.71176779137485,51.2899479898142,1.0440512372518,11.1977922916412,4.58036250842948
83,131,48.247994,1.61790605,48.1101775501751,1.71817928283416,133.320172435238,1.00325730043135,16.9831058979034,7.85016434783561
143,115,46.310059,1.6857914,46.6311331839281,1.72112902926355,141.768997656875,0.997395066544644,15.89732670784,8.91778852270552
96,89,0.710231525,1.99702469,0.715624098880638,1.7241045588595,68.5082098847088,1.03890985792937,8.04928040504456,8.51109744440933
161,133,0.00527773770728744,1.589030065,0.00033236921772226,1.72877585754658,33.7231903090684,1.05989138061939,10.3016200065613,3.27358127047877
200,200,0.0109168163122275,0.4680501375,0.253628178882366,1.73009197467482,13.3682784496856,1.04861488334654,12.766571521759,1.04713144221226
88,123,0.00984180521611204,1.79557286,2.03294234134656e-06,1.74926659168588,22.3598347615332,1.09001832560387,9.99382615089417,2.23736479141501
180,188,8.05568205,1.421219705,8.36936262662683,1.75518540232607,158.777370592307,1.0129511412142,7.87303042411804,20.1672497169467
41,188,11.2663965,1.442334935,11.0373317368287,1.75688675583536,221.837505813308,1.00744497596653,8.78390383720398,25.2550016398998
148,132,0.00849232605369355,1.49420482,1.23196047782939e-05,1.76127481966508,34.4089846109332,1.04617884186321,9.78405380249023,3.51684335609187
80,117,0.0117074431470608,1.93185001,6.55680992137556e-07,1.76292535000097,34.5110349200079,1.05068395697677,10.65971326828,3.23752000184676
143,140,0.00383200060562856,1.455906455,0.00029177196776304,1.7716889370268,48.3104678674811,1.00173469445151,11.2480986118317,4.29498971645432
126,134,0.0798306293221873,1.363206272,0.0558523656136636,1.776635267156,3.37682151821405,1.52382605881319,10.6460824012756,0.317189120930478
14,138,0.00220965901698369,1.38665078,1.99757638903752e-17,1.77816806651729,32.9108972874242,1.07374605289938,10.7425861358643,3.06359165951211
157,140,0.00295757075016569,1.58854457,0.000266454048664978,1.78190860464302,36.2860237925269,1.01518273245668,10.0708961486816,3.60305808508183
143,164,0.555658152238598,1.2895437915,0.735795219784361,1.79362238160316,13.2443550810296,1.08026273093054,10.2169194221497,1.2963158985395
200,200,0.00972717322477767,0.491487948,0.110509403093375,1.79857728917537,9.99422157475438,1.14092856229491,12.564316034317,0.795444936871779
181,113,0.00563395288521884,1.681700395,0.0122281979421003,1.82161737339551,46.4355011499168,1.00027884716129,11.3298552036285,4.09850790811918
4,120,0.00411539338443077,1.773244655,2.17240303727804e-19,1.82367473321565,24.8589425460202,1.09037285892841,10.0602471828461,2.47100713274796
174,165,1.7480739,1.592674375,1.88450299955594,1.84296095903933,81.5907581129904,1.00145540876452,5.87834596633911,13.8798836577839
197,116,0.00800655348036868,2.021845535,0.0743488588528816,1.84896942275021,47.051687170878,1.00065518207051,10.4474472999573,4.5036539376533
200,200,0.0141782838199195,0.3125497255,0.450154222583946,1.84953448048074,6.65317105736223,1.14880485833042,16.0702991485596,0.414004182240663
131,156,0.00163901441240537,1.37945362,3.3443759849652e-05,1.85455295858277,47.8101513465342,1.00428147262251,10.6503734588623,4.48905867303186
191,168,0.00170126908151127,1.193033665,0.0150742851834583,1.85939092464653,36.3608878043637,1.04321780995519,10.3815393447876,3.50245629253623
177,141,0.00681565901964746,1.594105035,0.00753428166036436,1.8650661208691,30.5279439935805,1.0878412912092,9.57587218284607,3.18800662860427
102,166,0.00121550244894087,1.23328656,6.04262324423765e-07,1.86996927588559,59.9216806373641,1.03062565673429,10.1162800788879,5.92329197788988
120,135,0.00437260387326873,1.60615171,0.000211538285253282,1.87333269019191,36.5348783089935,1.03921420124133,10.5686919689178,3.45689688151016
12,102,9.93564045,1.8800299,9.63301405059028,1.87457476511964,135.840826536039,1.01643950155338,7.58534216880798,17.9083320848249
200,200,0.00428013605732816,0.4627950275,0.137175780985178,1.879965433265,19.1944704446322,1.10900338020654,11.7226071357727,1.63738921063544
199,143,0.0053713367497035,1.607116975,0.147603088153403,1.88846686771504,42.4215873621558,1.04881213327211,9.60349345207214,4.41730788632989
198,200,0.00867846170129825,0.733123348,0.0701736895205565,1.90256740683034,5.65205366645145,1.15803760219053,10.3500385284424,0.546090108835764
196,200,0.00694525775836086,0.61240613,0.0570704193590458,1.90356598918738,33.3842125780181,1.0030224742361,10.8738732337952,3.07013074920374
55,140,0.00517360616786137,1.55789537,4.57109838787352e-07,1.90663231595488,44.3301956627915,0.999690080192561,10.1399435997009,4.37183848479186
184,128,0.00379084664824627,1.65482302,0.00612182515869535,1.91075187130243,38.2183816646813,1.03068930985121,11.7832570075989,3.2434480246026
182,169,24.3853615,1.7067322,24.8544935029111,1.91991430106564,169.140390341866,1.00010206587596,11.8332138061523,14.2936984924524
111,136,0.0151669488353116,1.54772276,8.24044139287926e-06,1.93351891348751,26.1739657330969,1.03586622308487,10.6279866695404,2.46273979700323
192,143,0.0078530465606468,1.603303145,0.0695589734822648,1.93872609365789,31.6082673832321,1.05091640376137,11.5596051216125,2.73437258891615
134,148,0.00491746727099572,1.411502705,7.45693813967309e-05,1.95276080911132,24.3219670066148,1.13181698154687,11.3989577293396,2.13370095618592
86,147,0.00531310175782966,1.549365095,1.17895308830406e-05,1.97029067078236,33.668477945696,1.03825966122651,11.5443818569183,2.91643834749967
125,156,0.00514591680694686,1.40223975,7.5986391826568e-05,1.9717325784961,37.0419511079309,1.00359235632163,10.5164244174957,3.52229518678476
137,166,0.00365185227526832,1.31436223,2.4485112538667e-05,1.97314401010307,59.4564611297762,1.00374830686698,10.7787592411041,5.5160765538804
94,26,29.0803875,2.4030856,29.0584857338475,1.97398248191791,187.931955252364,0.996409580995863,11.3564038276672,16.5485446012858
153,135,0.0102070446748313,1.68895185,0.00116295575235525,1.97690633249341,27.1859841514024,1.08013046403814,9.64303517341614,2.81923519540285
200,200,0.042664253948847,0.50789212,0.505684403288475,2.01491826432844,20.0024699266546,1.02176844573789,15.1558299064636,1.31978717431528
133,171,0.00228467087929181,1.31096906,0.000115126217165835,2.01580367512576,38.0053209300523,1.01421859275499,11.0564434528351,3.43739115495653
195,199,0.0115085670293357,0.77473425,0.0757558083145039,2.02190977035285,24.936560535466,1.02080191616387,10.0953712463379,2.47009841708513
200,200,0.0280459000999835,0.3847229485,0.437652503966376,2.02391242778946,5.47387685440337,1.19022029478775,14.6264746189117,0.374244443519271
122,169,0.00357109561915919,1.29324686,2.15624388754395e-05,2.02994326728329,29.0473363673556,1.08635327510121,10.2830924987793,2.82476661284568
2,168,0.00411533424451225,1.338343325,1.06473940238303e-20,2.0322217018656,46.4395858207615,1.07083287336461,10.1999843120575,4.55290757318762
103,141,0.00957985801793088,1.67449788,0.000299680574318665,2.03551206689181,36.4067891458664,1.01333924429532,9.94754123687744,3.6598781828518
88,68,2.22681925,2.1990819,2.20757091413763,2.03607706867819,148.364517441215,1.01441623161136,5.64555954933167,26.2798605071446
57,147,0.0140122339015089,1.787232805,6.02125675542276e-08,2.03699303455873,29.9477132722757,1.03888165537173,10.84850025177,2.76053948262475
126,58,8.57917965,2.2695866,8.66689648079939,2.05894520037115,134.901062704321,0.997230004248743,7.1991503238678,18.738470046538
200,200,0.0246234193831015,0.452716363,0.417193509369255,2.06399468598248,15.32224281448,1.08475960941877,14.5102338790894,1.05596111972811
112,158,0.00216865593231663,1.40891649,1.34247928156082e-05,2.06977797660498,33.0089187417954,1.05103068007634,10.0727932453156,3.27703725648757
196,140,0.00550231790981789,1.68613133,0.0561523705629485,2.08857777024384,48.2629345007323,1.01534303956051,10.1845870018005,4.73882097449802
76,78,0.6311137015,2.32046247,0.63793233790297,2.11573957412333,10.6275746491153,1.16089616637607,9.10258626937866,1.16753352669303
22,156,0.00543258409685503,1.48418414,2.16962434340685e-12,2.13081593552638,22.2387952941905,1.0726769147069,9.61590027809143,2.31271068241615
49,70,2.9069248,2.2717286,2.83115305057101,2.13184534033822,136.810145709144,0.99996903215917,6.34199142456055,21.572111431643
161,154,0.0100884344831069,1.46623274,0.000643404456077134,2.14716410762539,24.6991157869222,1.02025251277789,10.9660601615906,2.25232357136182
188,148,0.00908282347501217,1.651692805,0.0454364172843027,2.14948997167981,40.0696379078567,1.05874764946393,11.0473465919495,3.62708253736301
130,162,0.0015219999437536,1.39888561,5.43012016720279e-06,2.15068129536041,33.3398661798456,1.06009191086607,12.3126909732819,2.70776439140656
103,160,0.00375758071952503,1.471556165,6.91513201678054e-06,2.15382827240162,47.9213463006076,1.00823620850493,10.0892961025238,4.74972146853934
54,78,61.646998,2.2819211,61.3558151430673,2.16261273165048,177.101920896451,1.00293738139664,18.9864206314087,9.3278203582763
107,80,29.555323,2.2353845,29.5550539257919,2.16328569627977,206.861494120521,1.01787256324504,12.394385099411,16.6899360041952
77,165,0.00151987970113312,1.311653145,9.69865935797707e-09,2.16398850324327,39.2476141977749,1.01914061966989,10.3664307594299,3.78602964786823
200,200,0.00309142897686035,0.5692173515,0.154197417837013,2.17801685280893,26.7169188880989,1.11284262638628,9.96031165122986,2.68233764400334
193,200,2.86737245,1.551148725,3.12425476858385,2.20888619870138,115.290324235501,1.01001415300774,6.38363337516785,18.0602984945811
187,18,28.9866915,2.8035124,29.4969015192233,2.22637443903447,93.9941510250559,1.03714188362698,12.2044656276703,7.70161954587753
200,200,0.0475889557969331,0.504924435,0.503794670848988,2.2336874061501,13.2522805418244,1.11245817635514,15.0342149734497,0.881474727162531
198,200,0.0151334177241405,0.820372525,0.146174697098205,2.2351739250493,25.9940750834594,1.03015139854145,10.1450309753418,2.5622469903384
66,126,46.043081,2.12123575,45.8625917270295,2.24406209916912,135.214271726664,1.01695964387867,15.2458584308624,8.86891822719196
166,163,0.00654622815320547,1.417207705,0.00219256866794817,2.26491971612385,13.1697551971637,1.10055914911736,10.9812462329865,1.19929513624812
56,149,0.00243776043195036,1.57287832,4.36639327733658e-11,2.27563912162089,19.0678528057335,1.21233251642017,10.647275686264,1.79086682524176
177,141,0.00694337246658602,1.838261165,0.0134258038041304,2.28531948604837,44.7159007253238,1.11238007522726,9.61152195930481,4.65232258893555
186,177,98.254511,1.9811268,99.2118076055961,2.28772251070763,152.419352707996,1.02447359654344,26.0817196369171,5.84391500368155
80,162,0.00561906295706125,1.360603205,7.09797256216669e-08,2.29353587108636,24.3185173123246,1.06108002201403,10.4028611183167,2.33767586010605
34,79,3.9538339,2.39372455,3.83700323868213,2.30310999387405,152.34121030307,1.00544813233141,6.2332398891449,24.4401327419422
43,161,0.00654420547301104,1.525857945,5.04420438981802e-11,2.31061748943992,58.7491663005273,1.0355265347807,10.350044965744,5.67622329129699
157,155,3.53056465,2.0824453,3.63308979615399,2.31610202735609,84.9338484119219,1.01523107802672,6.1724636554718,13.7601212664297
190,158,13.867189,2.110318,14.3173979150146,2.33454923086604,123.425458030321,1.0067975918835,8.82824492454529,13.9807469191481
47,186,54.90721,1.9410685,54.5850736116554,2.3372268917929,149.328928696288,0.999573135298418,17.8714904785156,8.35570647427564
19,165,0.00536077474693739,1.54235888,6.80696518257439e-14,2.33917645309646,36.73007225436,1.02411593546835,11.0528120994568,3.32314273723745
123,161,0.00444445096253701,1.501526945,3.80168515258886e-05,2.34389978882863,37.6587352706755,1.02634652092881,10.6412332057953,3.53894464507801
89,176,0.0035522194364898,1.237546895,1.09560952782344e-06,2.37191977516008,25.5003627035151,1.04436757622899,11.595680475235,2.19912602438265
175,156,0.284347123344615,1.41389783,0.555071091101876,2.38254310429755,2.36667277539851,1.45066192883081,13.8375036716461,0.171033217519426
8,178,0.00552539263473312,1.45777699,1.42011127660485e-15,2.4037611260667,57.2282834424684,1.02480371562496,11.1408314704895,5.13680541654886
169,158,0.00305972171171311,1.56509829,0.00166412707155381,2.40759177400922,22.0599297827486,1.02924839818679,10.4207429885864,2.11692484949588
151,164,0.00393869333861788,1.55118008,0.000456188202459927,2.41497927155052,24.5855901541464,1.007722701249,10.9888498783112,2.23732150556277
158,41,95.579596,2.74149795,96.042567156791,2.4165614826642,187.084148243062,1.0067303131687,26.6405189037323,7.02254144970322
106,66,1.99189195,2.6537679,2.00651887802886,2.41697660925589,108.520208068097,1.06539799806558,5.66441106796265,19.1582508342088
200,200,0.0115404807108178,0.4987223755,0.236636470037891,2.43585382941486,26.160503523302,1.04809632160727,11.6219508647919,2.25095630050837
19,148,0.0116099452515027,2.007048645,1.18736743328914e-11,2.44657008927549,37.559985791008,1.00604392622712,9.94057703018188,3.77845125861077
0,169,0.00386850991172383,1.567512095,1.05817699985607e-25,2.44971806585295,40.6947732537976,1.01914484116065,11.2455682754517,3.61873871173159
196,200,0.0210545866393607,0.724707369,0.209355829325108,2.45402897866899,4.39888349149702,1.24660507405758,12.320339679718,0.357042387292174
183,170,0.00741982480102264,1.54790664,0.0188806047101402,2.47238843617923,37.5610921526154,1.02645189200198,10.6172890663147,3.53772906793928
200,163,0.00324720524271162,1.587347845,0.169632023065027,2.47466221277633,54.7067173137894,1.01065652965947,11.3646693229675,4.81375355138837
57,165,0.00640408193695752,1.641713305,1.81395176283325e-07,2.48552070058843,41.9807290978922,1.0230549001327,9.95675158500671,4.21630777261818
199,200,0.0104036813832864,0.59098983,0.104959798387089,2.49391444013358,13.0858782604312,1.10296488449527,10.1323244571686,1.29149814692057
70,171,0.00242423483492952,1.47518979,5.42563492696122e-07,2.49671057904587,10.4318647922401,1.30631659711697,11.209775686264,0.9306042408166
77,196,7.38682305,2.006723,7.3299269280345,2.50789317930355,171.980551140805,1.04463277744429,6.89757966995239,24.9334635292429
61,163,0.00943593174457222,1.65437313,4.27197531028178e-08,2.50981076673195,25.9591225674899,1.0023071694643,12.5279779434204,2.0720919756347
200,200,0.00901067111434107,0.669663821,0.286947647337969,2.54276298857384,12.1012433245609,1.07574602893443,9.97198724746704,1.21352374649643
74,156,1.04998545,2.14563649,1.02855600130313,2.54524339889959,32.352530432681,1.08059762707926,5.72030425071716,5.65573595646158
5,187,0.00130482330204255,1.19942709,5.97605484998333e-16,2.54695227313816,50.5684938595644,1.03615405487932,10.6337668895721,4.75546383371952
116,162,0.00513088672790073,1.549715775,4.7079462512603e-05,2.56081407805957,23.2145691390204,1.04885709408528,11.1474993228912,2.08249119076864
64,51,4.65624365,2.82552205,4.58251229129907,2.58666250508457,153.759343698882,0.9994492709112,5.87300372123718,26.1806991783229
96,172,0.00376065191830491,1.56526726,2.91024917153641e-06,2.59316167382472,27.0178357252194,1.0472908732555,11.2614641189575,2.39914059484838
191,163,0.00557819578039491,1.789859115,0.0472174043141413,2.59391899461186,27.1696653422763,1.07769006133931,10.7353653907776,2.53085613328233
120,132,29.286412,2.4999658,29.3457010786378,2.64442824858287,164.522516208541,1.00495941168168,12.8943719863892,12.7592500342168
98,173,0.00128149271690979,1.412891395,2.09502500492248e-07,2.64516712604881,31.4819399459256,1.05566324792576,9.35662698745728,3.36466762949167
137,131,0.61323843,2.231584865,0.736359252439423,2.67025941272008,34.4467348239981,1.04117234743932,12.713996887207,2.70935529791255
179,115,3.2351489,2.6267222,3.3892394105371,2.67948592734976,127.342650108734,1.06559267384139,5.84762835502625,21.7768028980978
105,181,0.00461966560309052,1.63025113,0.000120258009012707,2.68307217326076,29.328959356647,1.09695438522491,9.91134357452393,2.9591305291882
169,183,0.00384271345178034,1.25102708,0.00124949631072891,2.68557531085128,35.9662882826373,1.02976965744099,10.7484743595123,3.34617612506164
118,70,10.691264,2.8264022,10.7411081857442,2.68956447499163,228.857511982797,1.01152688270497,7.29703450202942,31.3630848146803
127,164,0.0045300719033013,1.62643916,3.31455752388907e-05,2.72846072651769,20.6524302160642,1.04260276502338,10.2061991691589,2.02351824354669
111,133,11.988622,2.5974436,12.0132452968098,2.74913003192821,183.656632486286,1.01488549180755,8.66421794891357,21.197139034264
95,179,0.00427806493166504,1.47861154,3.03235202327853e-06,2.77450684770859,39.6326714660629,1.0409026447133,9.39118075370789,4.22020111266785
188,185,0.00353009570054803,1.35200661,0.0213255504657679,2.79119736616887,34.7899334265102,1.05955505340034,10.6440315246582,3.26849214472121
200,200,0.0513691812858414,0.7138665175,0.3640293915923,2.80454453051006,3.5344671433526,1.51147671571729,11.8366436958313,0.298603830120982
34,134,80.9678935,2.656101,80.3935680477271,2.81064910028898,115.814308665841,1.00949998089825,22.5715112686157,5.13099487613279
12,72,2.9714963,2.940806,2.78421727091199,2.81247362669489,107.422541383121,1.00283947767539,5.45910596847534,19.6776801922244
159,129,63.818672,2.7138893,64.1662196434069,2.81646889104666,153.439998180894,1.00394625998595,20.2729613780975,7.56870174609355
6,189,0.00502568920125696,1.403585385,7.12979281026163e-16,2.81885238610702,52.4031750715083,1.05591462189893,9.68804144859314,5.40905768720861
99,182,172.009895,2.32726765,171.922246764448,2.82603935111747,226.964488534183,0.999893550890459,40.7463192939758,5.57018382192225
198,200,0.0380598821645986,0.9803250765,0.1730842341342,2.83367540753209,8.46970192523973,1.18111860483453,11.2233645915985,0.754649094406138
46,187,0.00493621871092995,1.36278175,3.46400228840252e-09,2.84782587603834,55.948985290033,1.00491087412479,10.4972574710846,5.32986691468207
197,188,0.00329710592679635,1.34271537,0.0471117599499784,2.90333822486467,47.8095841558437,1.02483297471997,9.4558436870575,5.05608867258267
107,171,0.00398428725805428,1.676957685,9.65405930950027e-06,2.9187971616012,48.1683744145545,1.03711686577726,11.3200790882111,4.25512702156984
186,178,0.00365073403111748,1.6015728,0.00785589525707369,2.93617497250419,49.1101528837232,1.00734079433379,11.3099400997162,4.34221158120507
161,179,0.00533815944897701,1.598070515,0.00434195258581533,2.96793352275479,23.248412506807,1.02920857301748,10.3001577854156,2.25709285150226
16,185,0.00487429500932616,1.46724949,8.20882448358078e-11,2.97733029131591,48.1663956730694,1.02781221885454,10.3097229003906,4.67193892003095
133,194,0.00376903037567111,1.302416545,6.44470615247e-05,2.98042127273017,46.3543219125448,1.02723758182768,11.1839921474457,4.14470265191769
109,179,0.00773562393940983,1.595601595,7.12575191939508e-06,2.99667797050521,24.6918137713471,1.06856351921119,10.4583094120026,2.36097564134117
196,169,0.00931321428665915,1.72108292,0.0762344353081173,3.00141487198605,39.3864682767344,1.06721807594919,9.76695132255554,4.0326266586152
68,195,0.00173555099662395,1.237709625,7.84885483286666e-07,3.00396601715677,75.1382536891806,1.0049237673653,10.6356654167175,7.06474402354511
133,161,0.0056481799533934,1.73388079,0.000250582803574152,3.0043463490691,24.7467065008573,1.0742401299522,10.0645680427551,2.45879469399295
51,174,0.00462653812826976,1.766259085,9.29501367851898e-10,3.00988144595325,39.2296689785705,1.02003921747642,10.2225551605225,3.83756001924724
64,26,1.41965505,3.64143695,1.39368158924037,3.01308564663284,142.800710147556,1.00458534768896,4.54782581329346,31.3997756312796
186,169,0.00575923828640754,1.616687835,0.0142482632392846,3.0154842848479,38.7098765326847,1.00992752325942,9.06734228134155,4.26915355476769
157,54,85.8273845,3.4249004,86.2551060490051,3.0886156444354,159.122306018302,1.01623847974224,22.6598017215729,7.02222852492183
178,175,0.00831221575502927,1.761158245,0.0224307446401821,3.09360314440142,42.6293511662583,1.01230596243328,10.5920219421387,4.02466605518105
143,188,0.00706870466044091,1.545527285,0.000569587043569556,3.18073877242462,56.1364698960003,1.02513359595066,11.5774185657501,4.84878987290576
33,184,0.00480505249682918,1.49637128,6.77057917440824e-11,3.19559285662602,43.995692867549,1.04002110770264,9.80332541465759,4.48783356734931
184,189,0.00516813000495192,1.41928982,0.0131176827091259,3.29750922037851,37.7971190028175,1.01364944208525,10.4420385360718,3.61970690610346
173,184,0.00449923577055865,1.499845396,0.00432557841294294,3.32776145075824,25.811425805986,1.00778237982142,9.9537615776062,2.59313281765319
197,197,0.45489267502977,1.3818055525,0.882149361577472,3.32859126196608,20.6775241291735,1.10326513354717,11.3576085567474,1.8205878487412
136,190,0.00513304048407518,1.53694541,0.000475150346557749,3.36756530905346,49.4423267617004,1.02217207886626,10.1617560386658,4.8655297936273
155,195,0.00596211959019343,1.37160102,0.00229230637818331,3.41519718367578,25.0464952949705,1.00749286174933,10.1800811290741,2.46034338797539
178,191,0.00379708367068221,1.534927515,0.0106455837440666,3.45554296885012,35.5188491742719,1.06465559999862,10.5705895423889,3.36015782580891
197,198,36.789633,2.62339975,37.5976810485107,3.45596100302652,165.592305458885,1.00876940601435,13.1882693767548,12.5560299633213
184,179,0.00498192248307422,1.639870495,0.0159162874508156,3.46264737454954,35.6859100853297,1.07437306265097,10.9868783950806,3.24804815363282
68,127,2.917884,3.44414745,2.88228538236548,3.56132527823339,140.32591545061,1.00364980837391,5.82229423522949,24.1014812685912
126,45,26.1156925,4.02910385,26.2014778407267,3.56466482886435,178.904640656679,1.01290609402957,11.050279378891,16.1900558820653
184,103,2.3541886,3.6277468,2.46832383294261,3.59258016377218,133.362042649471,1.02552685409123,5.01343131065369,26.6009514015028
152,187,1.9706783,2.9562689,2.03182976404071,3.61633203661671,86.0109135287493,1.02881068193235,5.10050582885742,16.8632124763235
129,181,0.0042095545001218,1.61806816,0.00022327168153163,3.63323206239413,38.6736376202922,1.08015466493315,10.2753710746765,3.76372175167501
22,162,22.7166505,3.30891655,22.3011484047633,3.65767351012576,162.491025624154,1.00283888404618,10.4584531784058,15.5368124570907
70,117,2.3283295,3.6184861,2.30332001538412,3.6773668609103,111.869405860014,1.01382167327972,5.13545274734497,21.7837474831894
173,186,0.00319389469828989,1.731670045,0.00165983284886843,3.69276882399749,32.5738092895583,1.09194051423344,10.9560835361481,2.9731253127165
186,49,6.27953975,4.31147335,6.45666692893401,3.77992282361942,188.840733551164,1.00801494599389,7.3371319770813,25.7376770843209
177,184,0.00759389650551337,1.71204981,0.00787121696245784,3.7897048271338,27.1306987401015,0.996171408958301,10.559095621109,2.56941500613591
171,196,0.00338633837040272,1.35434063,0.0042469948757533,3.83390812939849,39.8565378502834,1.01600802392823,10.9696638584137,3.63334176550119
93,115,6.31800025,3.7847989,6.30746081612474,3.83665136006094,127.361870603825,1.01398356565595,6.01923680305481,21.1591394010595
11,182,0.0108879100798789,1.86593752,8.52979246656277e-13,3.85109704671036,31.840462801982,1.01239861177317,10.8812885284424,2.92616657657361
170,155,8.2431036,3.48617515,8.4321996045644,3.87336133943531,133.190063047492,1.00220266409119,6.95132660865784,19.1603805353649
168,192,0.00131130198295807,1.5070346095,0.000542177353320007,3.89589470061914,39.4911316059733,1.07031687551108,11.2799215316772,3.50101119897606
107,184,2.8735471,3.17536785,2.88660315954136,3.89753245404371,107.873297269955,1.01479016166258,5.48986434936523,19.6495378401159
149,200,45.210013,2.3916339,45.4804084745548,3.92763047805267,227.940967877697,1.0027100018934,15.4189705848694,14.7831508350742
56,194,0.0057005507843999,1.4128916,2.6832857528619e-11,3.94456589308284,23.0091669145165,1.11858298703646,10.7628111839294,2.13783987485284
45,192,0.00594972507443758,1.50393352,7.28348968925507e-10,4.03100605555668,43.0238969035617,1.01489359465845,9.40560054779053,4.57428493640084
200,200,0.00473773934247598,0.56417087,0.403725999119898,4.14789130477375,24.4578294133942,1.04626221436741,10.5547578334808,2.31723264514997
101,162,39.326402,3.82229555,39.3401395571783,4.26016632246265,163.4495473229,1.00704590851831,14.4950885772705,11.2762020357159
142,199,0.00666846809536588,1.333444025,0.000148942847599321,4.32852373921526,45.1137852660185,1.00728816771197,10.1731793880463,4.43458072891434
169,197,13.960536,3.09625005,14.1790409302225,4.33313498250345,147.253393647563,1.00414076852116,8.32642698287964,17.6850639476378
54,193,0.00305478748288958,1.57025397,7.60016387437167e-08,4.55224983207893,37.0116241040268,1.02191153194376,9.98086047172546,3.7082598448176
200,200,0.133660371330017,0.8311574975,0.761820222672132,4.63079791065135,1.77953250038852,1.57061037917971,14.942675113678,0.119090623790622
200,200,0.0326713040446714,0.467278244,0.739398248275084,4.70616602696066,21.5052259599964,1.01324705306995,14.2934958934784,1.50454627197315
78,195,0.00313120163677111,1.471006655,6.75274342681606e-08,4.80204906423856,31.1305329212284,1.00685802715254,9.19469857215881,3.38570456409418
12,185,4.39061735,4.18062495,4.22633234668557,4.98222812326978,170.117185633958,1.0046066650944,5.86005663871765,29.0299558727788
155,165,3.60263165,4.41041395,3.67104263422041,5.0430620088125,157.94493800045,1.01081822116204,5.50419640541077,28.6953673828183
187,199,0.0028999840648062,1.23105233,0.00703833168433081,5.06920876780155,48.9960956992351,1.01264921661657,9.94364929199219,4.92737568074656
143,200,0.00447836204789717,1.33989821,0.000209373588673149,5.40304126177735,23.8876406817896,1.24734212061491,11.0150692462921,2.16863281997348
8,70,113.43261,6.68227335,112.749914945115,6.28403982839066,223.242624284989,0.999645882957105,39.2095475196838,5.69357818202103
9,82,196.033475,8.24087095,195.152930177949,7.96689612978311,141.033635758504,1.01828464562131,58.6338841915131,2.40532650536766
75,200,0.0042534364467902,1.71032627,1.62453274282019e-06,8.1548391467595,25.1347644608656,1.09118840157691,10.5201232433319,2.38920817555983
