"rank_mu","rank_nu","mu_mean","nu_mean","mu_sim","nu_sim","ess_mean","rhat_max","time_sec","ess_per_sec"
27,199,0.00327851533549877,1.383376475,2.15141074635836e-12,6.04466401041788,25.3911579372248,1.07911367604399,120.279441595078,0.211101395221841
63,197,0.00282107692852421,1.64479296,8.65748298389689e-07,5.73386285870945,42.0483537349261,1.01969770107803,119.423851251602,0.352093432712521
162,199,0.00399122270849618,1.56563545,0.00059620189433467,5.59019481003417,35.6058845416146,1.01561668183155,120.567714214325,0.295318566613284
106,195,0.00275734544817741,1.563810145,3.62475980017394e-06,4.46772691228387,44.3004777204457,1.01545715130137,118.333612680435,0.374369350491149
111,190,0.00752380631711605,1.89538711,3.28781662370432e-05,4.22463947364756,27.3584690189159,1.09039548683148,119.314942359924,0.229296251398141
108,54,44.58042,4.4692917,44.6013490383349,4.18591373449223,153.847658850021,1.01507453774316,123.805716514587,1.24265391923074
28,102,10.02748405,4.09200205,9.92081645918759,4.10911404697001,180.631864096533,1.00238111272729,110.949634313583,1.62805281165689
1,138,128.15587,3.8491564,127.165406530402,4.02562236769396,214.381523632592,1.04122993152468,127.494802951813,1.68149225434403
66,200,0.00244610832152094,1.4495734125,9.42649236036738e-07,4.01146509984463,45.1466325925547,1.00995136538071,117.986755132675,0.382641530753072
171,195,0.00198053603554052,1.57126724,0.000925014662846872,3.96088819191103,25.1099210441195,1.09922403437095,120.422842025757,0.208514602559777
200,200,0.0783297598502622,1.227905335,0.448407858334971,3.92730586952454,1.50686404948733,1.92546569736259,117.525124073029,0.0128216333432755
156,192,0.00297709301700445,1.492483445,0.000196041292897597,3.79107356201347,39.6652309793774,1.06839986376469,120.330206155777,0.329636524747807
57,4,72.705752,4.45600175,72.5133917373497,3.72611363062357,127.821403199798,1.00578848176302,125.916586637497,1.01512760640332
107,199,1.23374425,2.73882565,1.23859017955735,3.66045767967703,113.759601005844,1.00320475863686,107.997196912766,1.05335697830874
186,195,0.0045144457067689,1.546676875,0.0166045206179206,3.65807662998131,36.614124936107,1.07275908393059,118.55705499649,0.308831262190097
91,183,0.00570689771330894,1.7745371,6.46015720814482e-07,3.61616816827288,36.1623956793673,1.0037903133193,119.365512609482,0.302955140800818
200,200,0.00434975445502949,0.775209915,0.348199998527498,3.58187180598965,6.82243635785492,1.14954915706668,116.060288667679,0.0587835549624553
200,200,0.00867650946440313,0.66409074,0.380775414881375,3.54224389646655,4.3714319788551,1.23053891749584,118.055058717728,0.0370287561273193
84,183,42.4060475,3.0908006,42.3211807931928,3.47861423797944,125.493897117221,1.02434495839561,123.489596366882,1.01623052313155
49,192,0.00585811235163303,1.5332804,3.4572458028809e-08,3.45150650710215,32.8831583138056,1.08294302200177,116.948395490646,0.281176652110935
76,195,1.3449909,2.74880725,1.32680113822894,3.43430195868531,97.5301720896482,1.01002461410904,128.256965398788,0.760427878411113
179,98,5.3531444,3.4398924,5.46732362250405,3.41894289965061,200.597131117578,1.02388080763614,109.725470781326,1.82817289084456
88,140,79.0344505,3.2521183,78.9797129765344,3.40840162765357,212.315206290366,1.02409943246659,125.708532571793,1.68894825153664
37,90,11.4988665,3.44010315,11.3753307369329,3.35472446787781,247.696239333683,1.00106209631018,111.918648481369,2.21318111587915
4,189,0.0052695104524499,1.637094575,1.16800800174904e-18,3.31513824438431,39.8247012879886,1.00586301171007,117.684312582016,0.338402803349292
174,184,0.00260450542565962,1.527698555,0.000997172391708932,3.25053511276254,58.4943424565366,1.02463966730599,119.581363677979,0.489159352740418
129,187,133.871545,2.73879665,134.05490312886,3.24883333936115,126.873365967478,1.02856495832963,126.999228239059,0.999008952469028
149,188,0.00815861105717538,1.488535465,0.000220176641526048,3.24674550019077,28.2216847281844,1.05932913757553,118.788628578186,0.237579009590207
9,147,205.985925,3.0493302,205.006203493334,3.23793864604823,125.061350293942,1.04683057055612,127.912573099136,0.977709596983989
112,186,0.00253545368470185,1.460700815,6.76992213340455e-06,3.23321139682474,44.1859141384525,1.01942240435625,120.895688056946,0.365487924744177
157,164,50.745875,2.8836644,50.9591148714262,3.20352274247957,194.458093356323,1.00783377646351,124.40913105011,1.56305322378627
149,186,0.00469786052789285,1.49927577,0.00032442660308244,3.18276646783152,42.5213034268634,1.01522651927517,120.078088283539,0.354113760759236
33,36,7.6659822,3.44398995,7.57046322365413,3.17398178887013,130.477777628867,1.00117815981536,110.996663093567,1.17551081259874
138,181,0.00657126475890864,1.63034471,7.03959875283109e-05,3.16643070785763,24.8388959269775,1.01823902301336,120.972633600235,0.205326570049387
200,200,0.0373290852029745,0.636547005,0.468775290162289,3.14256587406476,28.7129875758966,0.998768927530208,123.573475599289,0.232355587933806
187,187,0.00279300445920977,1.32145876,0.00708617881724505,3.13850471649542,56.1612244521437,1.04051670902066,119.474553108215,0.470068504054375
196,170,0.00855206725647402,1.82844696,0.101758838627423,3.13314092375584,13.2044720290117,1.19956827109032,119.66361618042,0.110346590304467
73,177,0.00910401928091012,1.708632665,1.04450383080804e-07,3.12742416691987,33.950390632984,1.02126909226842,121.424027681351,0.279601914722175
143,191,0.00386670120356368,1.47079089,0.000154298285208851,3.11207228618523,31.182850432302,1.08841227558604,121.152558803558,0.257384992444635
66,147,0.00603179869903524,2.255670875,2.86704313802533e-07,3.09996839385037,39.0022881153805,1.02745387496487,119.083118438721,0.327521554916709
123,178,0.00288170804956922,1.606090835,3.29243759073257e-05,3.06591254285603,43.17966553991,1.01466673443729,118.256941795349,0.365134298962635
155,185,0.00254991302440194,1.448637285,0.00069479155982546,3.04874621106378,12.1315800492091,1.19026357348995,119.926426649094,0.101158521838612
199,158,0.000914601212205811,1.926850185,0.0263933956619595,2.98521205664945,36.2983452193095,1.0651032719926,119.242670297623,0.304407349556253
196,173,0.00368941624399646,1.883318135,0.0459744256551417,2.96025594545239,39.9523231553505,1.03215880210877,119.00955414772,0.335706855146771
112,156,2.07900455,2.69082435,2.09304130943499,2.92645332366924,118.937504645082,0.999025530302056,110.366178035736,1.07766262057721
110,175,5.36702225,2.5918718,5.37371421980851,2.91878245498186,222.900407499972,1.05288509338096,110.937107801437,2.00925021318325
159,188,0.00231340833664062,1.49203946,0.00102910908365553,2.89724500725395,44.0523389256312,0.998844336803397,119.690954446793,0.368050694634691
148,30,2.4613376,3.22666855,2.50493999126221,2.86358123520459,93.5853637829395,1.00616541299484,109.623416423798,0.853698660705337
42,113,28.6896405,2.7942356,28.4786278591241,2.86168126606626,163.048795148385,1.0321909430828,119.853621482849,1.3603994032981
84,37,4.04440295,3.10739895,4.03057945678098,2.83630238381571,135.187925515061,1.01936845728922,110.449615478516,1.22397823595282
199,176,0.00221969042068423,1.623381095,0.0870143415841587,2.82896732637936,61.5423129720605,1.00325813616466,122.163562297821,0.503769796938528
200,200,0.0323876105479207,0.5621891615,0.458827143182978,2.77451291614562,15.3751160459713,1.03329076176033,122.394603252411,0.125619231873023
184,102,1.33728045,2.74718015,1.42528970790856,2.73548293409146,137.265820002545,1.00649095541521,113.759687423706,1.20662972192679
126,173,0.00473180937824264,1.58684636,0.00030359637276188,2.71101712908474,40.8482804809812,1.01901824584049,118.422860622406,0.344935768873434
199,170,0.00218666769301823,1.564587635,0.0757259535825375,2.69576356492789,31.1911327425776,1.13646687702748,122.743652582169,0.254116054772749
169,189,2.94134525,2.2561812,3.02227152837267,2.68985211523723,116.659159586169,1.01631538509675,109.465080976486,1.0657203059232
200,200,0.0952614466467394,0.5841750325,0.57339762842978,2.66412346851023,9.59320567878032,1.18062846735935,122.045160055161,0.0786037371284899
200,200,0.00450013737995358,0.764240495,0.114034468813244,2.66243437262797,20.9406434679728,1.06449974429204,119.438968420029,0.175325052995529
199,200,0.22191573772,1.191393685,0.490664666608979,2.64051418926847,29.5081368089521,1.01630995671446,122.744636535645,0.240402657434103
48,166,0.00708048383909725,1.6721134,2.48279902426373e-09,2.62051474498599,45.8491604111416,1.03329317811394,120.34244966507,0.380989090206709
197,141,10.9236025,2.46919395,11.2616099396268,2.56858908778257,193.578614351812,1.0374786919976,113.992033243179,1.69817669572443
195,200,0.0187554294632572,0.892853085,0.139259569168297,2.56427164950309,10.1234471147575,1.10951135968051,121.484928369522,0.0833308892767741
200,200,0.112280658148087,0.748964105,0.496480365463029,2.5537037687786,11.6144480834912,1.07240668595192,121.430233478546,0.0956470868150248
200,200,0.0727608908851799,0.909103546,0.367114083465783,2.52702056194871,13.561005381621,1.00592333437112,121.752259969711,0.111381960260899
96,154,0.00543844553313837,1.815229285,3.18534314378181e-06,2.52054693014318,35.2802818591647,1.02094095596211,120.510535240173,0.292756826520207
68,36,32.348533,2.8353554,32.2248907935296,2.49670274453302,133.660684830521,1.01747462649402,120.240570068359,1.11161053839426
84,164,0.00310295031547043,1.683731885,3.07242394344919e-07,2.48714408714932,37.4963322154261,1.03815692739038,120.069453239441,0.312288689619094
74,169,0.00502439914972936,1.54452996,1.34762732878866e-07,2.48638284544056,50.3145160683438,1.03632677770984,120.642122030258,0.417055960402656
168,148,0.00257152239345801,1.83229851,0.00120706640357504,2.48580582110863,35.4868803579714,1.01250140533577,120.22828912735,0.295162483102313
25,179,0.00199409989846399,1.452540185,1.47823537241764e-10,2.47774255129507,26.8572011885434,1.06070914487214,121.099409580231,0.221778134853333
53,20,38.943761,2.80758605,38.7784274744166,2.47157793011031,173.246257075632,1.00782935177222,122.475103616714,1.4145426454817
164,153,0.773128095,1.99978111,0.906452852805013,2.467515446715,18.0695908895642,0.99847146870407,112.480992078781,0.160645728274768
166,173,0.00256124034903162,1.411426155,0.000701037347511592,2.46391338573572,53.7644443585812,1.01813645067834,120.804739713669,0.445052441535105
168,175,0.00196026681464575,1.467217015,0.00059971668210657,2.46298711950321,40.1070165910402,1.01409079199247,121.017267465591,0.331415651922927
53,150,0.00318100444484474,1.78890261,1.01993310548067e-09,2.46063831468868,54.3055509882427,1.01504567879852,120.08952999115,0.452208872765551
180,148,0.0109167638244782,1.83697632,0.0293015975744744,2.43804396468547,37.3864996278435,1.02334413385141,120.564492464066,0.310095442395584
9,158,0.00208307032216806,1.645436385,3.60981272533916e-18,2.43472000575292,12.1018760406643,1.17647658508468,120.69685792923,0.100266703278724
200,179,0.00124136824230765,1.318012355,0.0651085260186476,2.43438835173943,39.2715116709094,1.04040862960278,121.675972938538,0.322754860491205
133,159,0.00493170006867858,1.654257005,3.12552696428126e-05,2.43077582636194,25.9165104920747,1.07550921157311,120.361628770828,0.215322032085661
16,181,23.5782375,2.14096535,23.2737649514222,2.40325458468531,135.289667247204,1.0284907051252,118.616362333298,1.14056496579331
135,146,0.0134449664440547,1.72681736,0.000287654585809146,2.38913516298806,27.9914238728867,1.06883644972178,119.893022537231,0.233469999175258
16,34,9.87780275,2.6078053,9.67733796473058,2.37235801161231,253.363703945987,1.02287133739113,116.013394117355,2.18391769220796
196,173,0.00184152918589208,1.473194365,0.0307971333493063,2.36549929377575,64.9646469163261,1.00420905353102,119.583607912064,0.54325712403742
198,166,0.0020524685766441,1.484097665,0.0661978191440898,2.35023123582966,24.8064011007634,1.10722151615385,120.145465135574,0.206469724618998
108,150,0.00575910283273383,1.781109785,7.28184068136041e-05,2.34648563979584,35.8785361947337,1.0757823620411,121.377120494843,0.295595545918872
101,196,3.4725374,1.98517425,3.47107880366375,2.33700435124446,167.624533437644,0.999474026021804,111.466103792191,1.50381620721355
200,200,0.0124681930168942,0.88581516,0.163406824106638,2.31786331571659,23.5711492041237,0.996808622756492,120.875327348709,0.195003808644291
143,162,0.00211263892706086,1.42213128,2.95424413847593e-05,2.31414493688262,40.197385921427,1.14964841294489,121.75714635849,0.33014395560055
175,173,3.5048678,2.0235963,3.62660443532449,2.2968113354602,128.468261660575,1.00798575051299,111.908479690552,1.14797611419451
129,162,0.00237863043927513,1.599971075,5.48475106699469e-05,2.2893503928959,49.7683796264829,1.02713089253216,120.827849626541,0.411894937965946
167,143,0.00959210079310611,1.86288753,0.003226900177317,2.27992584452563,36.4311211598503,1.00856845430168,121.144579648972,0.300724318540814
123,151,0.5833160355,1.86884262,0.660568620939098,2.27341579998471,34.9642457234741,1.03223009618675,115.672616481781,0.302268996646939
137,168,0.00324861641277179,1.48160777,8.48261685134215e-05,2.24736476283347,40.8173790859314,1.06220276692042,120.724126815796,0.338104570830416
154,149,0.00734806530971269,1.537971395,0.00115460347540286,2.21225564455615,6.16154323960998,1.21499368170929,120.265486240387,0.0512328468642639
38,61,17.5292595,2.33952615,17.3387674436173,2.21173166491745,173.882016092536,1.01709294731973,117.384975194931,1.48129703826052
54,17,2.7560854,2.5414683,2.71128129272104,2.20552914093115,104.312441255047,1.03035804734372,111.668873786926,0.934122801794207
132,136,25.2833345,2.09245865,25.3892744697117,2.18988690708351,193.593300146571,0.997717016205694,119.815877914429,1.615756638572
63,170,7.7957236,1.98531715,7.72224020943845,2.18114438505653,156.871083381825,0.997462884331266,114.303288221359,1.37241094130231
104,158,49.608481,1.96670185,49.6273873348118,2.17414499831369,166.51890582904,0.999501805918578,123.123341321945,1.35245603344717
35,155,0.00191644982073082,1.57801398,3.34282016700903e-12,2.16125563103426,22.6722149410861,1.0832586361316,120.269087553024,0.188512404994262
135,171,0.00225200953457841,1.383698405,4.43132973598452e-07,2.16021208545931,28.9712214753232,1.07948245772486,122.174921035767,0.237129037855829
149,160,0.002546687877309,1.456380105,0.000268156070538624,2.15760804242837,42.4460456790041,1.0442786862227,120.419516086578,0.352484772057102
67,146,0.00494476917465948,1.79856564,3.36396178324952e-08,2.14494103323354,52.8923926714492,1.01085851490262,119.536079883575,0.442480569238717
199,168,0.0014750015992135,1.395893815,0.0355374260863082,2.13785256076555,55.2993671495363,1.01795688667311,121.148165941238,0.456460621751044
7,27,49.875352,2.37087985,49.4657987483685,2.12265733457737,160.462542464968,1.00050461184889,122.983875989914,1.30474455430343
71,27,37.5388545,2.3862221,37.457040749614,2.12221512087539,183.916911135384,1.00409141371115,121.977101325989,1.50779866988197
124,156,0.0112842681338182,1.5981697,2.06866889549209e-05,2.11804321252631,27.5619418386291,1.01900028317563,120.686799287796,0.228375779300464
44,28,3.44220765,2.3875422,3.37549825500445,2.11555412099833,106.21101924532,1.01991673844989,112.295941352844,0.945813517085141
57,84,0.734690575,2.1625025,0.701560288356634,2.08421611841076,36.5930717357413,1.06523577664479,114.527763605118,0.31951267172134
112,184,19.079637,1.8445333,19.0904695311223,2.07818105830274,196.231602988449,1.00025884798021,117.907066345215,1.66429043713047
185,159,0.00586328838770035,1.466245495,0.00651591532601119,2.07606992875306,30.4365670808544,1.09091262940021,119.079548597336,0.255598609831607
167,146,0.00845554618621985,1.783037595,0.00463611485897082,2.07489056140956,32.9560858089531,1.00367397226684,119.349121570587,0.276131783588049
194,120,9.8550247,2.0312746,10.1181388729308,2.07450988025484,155.362416751386,1.02691476052546,115.109565019608,1.34969163270596
190,126,0.001874953123173,1.83489556,0.0137963810575658,2.06209707315379,41.9921675671969,1.00801812921679,119.575768470764,0.351176229968899
45,24,242.542495,2.3072184,241.951744627525,2.05133797035189,184.902880132858,1.04526495968213,154.723377943039,1.19505457152654
36,29,22.183937,2.3099654,21.988904199712,2.04649121273021,155.726578089218,1.03513334515193,118.201271533966,1.31746956752888
69,157,0.00374188163421685,1.506172565,2.80225504066907e-07,2.0352925434066,52.7465773529019,1.03635153236094,120.405864238739,0.438073159363042
110,121,77.4738415,1.9603382,77.5377851722338,2.02435946410945,171.016885116532,0.998573170945133,123.265858650208,1.38738241869412
85,45,9.34636075,2.1704921,9.3188082913589,2.01509222470253,243.023092419809,1.00906081728344,114.660189151764,2.1195071647592
165,162,0.00307736822179047,1.28552725,0.00088210651948716,2.01483846150465,26.0727143268787,1.01305377110835,120.116610527039,0.217061688741289
40,135,0.00631698804329516,1.6396607,3.16951915676426e-10,1.9938670972972,21.5425497620639,1.10810423474278,119.872536659241,0.179712137262119
185,200,0.053749787243974,0.751445515,0.212650918964163,1.98505287901882,31.2599065203658,0.999245610675738,121.548246860504,0.257181056311257
196,114,60.6538235,1.9423848,61.3773105320916,1.98342840576367,163.87069505651,1.00248055017211,122.261604309082,1.34032835559918
195,199,0.858273795,1.245309635,1.08456462121327,1.98293508037279,23.6650837779105,1.07818790382047,115.233304738998,0.205366702200476
159,179,1.45538125,1.7538329,1.52385425441313,1.97961208848794,10.4491681401576,1.23696196613582,214.398138046265,0.0487372149561428
0,144,0.00619951713551161,1.653942215,1.43515034588911e-27,1.97654795319362,23.090414689009,1.13464802464173,119.869853496552,0.192629039040856
189,130,0.0117331470959645,2.10618896,0.0478058143216474,1.97060461660604,9.7154192816519,1.13544682279894,120.322507381439,0.0807448206747609
53,141,0.00717206498021528,1.77226129,5.05793252807629e-08,1.95740837375304,62.3264018209662,1.01237042152286,120.765730857849,0.516093442885128
145,168,196.87461,1.75371325,197.279311364254,1.94348628996061,189.212044608413,1.0351370125783,124.577200651169,1.51883365189935
180,119,0.0169054215633241,2.36041158,0.0447839835383232,1.94147829159637,10.1710712259986,1.48562840899029,118.688327312469,0.0856956320499939
155,142,0.00513597009442716,1.64899477,0.00149867621500925,1.94035172182516,37.0389868571371,1.02513016787064,120.219592809677,0.308094429464376
121,180,1.94792905,1.6205271,1.96595022902676,1.9156652685116,105.44742935428,1.01297780051631,113.561935663223,0.928545544230528
156,198,3.57885575,1.54008535,3.66197618994947,1.91405900047045,138.573286329302,1.00825268847165,113.146594524384,1.22472343875483
89,96,2.9342235,1.9549764,2.92109582441962,1.90628663407433,60.032626960818,1.03635252803982,113.648160219193,0.528232281499616
77,142,0.00318417659090723,1.62931742,7.58403440855433e-10,1.90224127101959,28.5887208395761,1.01120741939782,118.573610782623,0.241105256480607
58,33,9.9128466,2.13124885,9.84939039786434,1.90007110459364,135.294248721035,1.00899549183591,115.099608898163,1.17545359203383
76,136,0.00504479278482454,1.743530789,5.01876714219921e-07,1.89245874187975,40.20174239566,1.07092878957841,119.700310468674,0.33585328424174
191,194,0.993300565,1.338017875,1.13653350341934,1.89170386270618,31.4865470047692,1.00709310772616,114.085634946823,0.275990461195623
173,134,2.582617,1.81581605,2.66365455802379,1.89089121990451,102.821390705635,1.02799609717172,113.382576942444,0.906853534982101
90,143,0.00268471936632964,1.519056825,4.49803501810352e-07,1.88574333111005,41.1272051178564,1.01125972071366,119.063807725906,0.345421550875765
188,196,0.0104938205357278,0.696221525,0.0611944097903244,1.87478287473557,27.6441065871945,0.998274727721395,119.421996831894,0.231482535215921
14,121,0.00700969838283244,1.87002118,6.94285423605668e-13,1.8731329765427,43.2743712417509,1.04223025388467,119.590824365616,0.361853607676886
197,193,0.00610264662451125,0.723709075,0.0680029425399228,1.86876001982747,9.09853835872787,1.17192393374929,118.78031373024,0.0765997165101906
137,147,0.00302764952042036,1.46052939,0.000172134914221937,1.86067241067924,23.3067886373175,1.11854704671066,120.117230892181,0.194033682463409
104,109,1.3776897,1.8422977,1.38335377897496,1.85404316442188,37.5340529760467,1.04458772910607,121.040350437164,0.310095375967469
196,181,0.161267194606985,1.011687998,0.407887764077281,1.84973695165602,9.21937214817322,1.09111516626496,120.524290561676,0.0764938926851046
145,197,3.2104363,1.50042555,3.28301778167469,1.84719510872547,68.9357016212915,1.02362174649438,114.013486623764,0.604627607335386
136,146,0.00197037077999271,1.394906315,9.22555666378907e-06,1.84078442490564,42.6613499715941,1.01792083497159,119.318423748016,0.357542017666013
135,154,0.00199003349557813,1.426365455,1.67394341405513e-05,1.84073224979546,27.183938309449,1.02943137099272,119.013954639435,0.228409671721317
169,154,8.5828959,1.71393645,8.76526725667153,1.83550936224079,174.174504104013,1.00977116202166,115.874309778214,1.50313304508469
191,154,0.00454690266107584,1.375388905,0.0400504897119951,1.82282492673878,39.5897854627565,1.02010268024299,122.083558082581,0.324284335127068
50,156,0.00493402208662673,1.36176789,3.51766862160874e-11,1.82131437498276,27.4494400103131,1.14012429495394,121.533523797989,0.225858998838371
193,149,0.00200547065335825,1.40230582,0.0179119508699038,1.81786900768771,50.7615588363344,1.05973755927135,121.804012060165,0.416747839235875
98,53,31.764789,1.9331873,31.7499525004211,1.81645195449135,135.653426628286,1.00104503452923,124.408775091171,1.09038471385056
38,29,53.110445,1.9966448,52.7472943462965,1.80480222083345,158.335883859024,0.999878564347901,129.299692630768,1.22456504449065
181,181,0.0112297986327858,0.84516653,0.0341107895433605,1.80476015655951,26.6167370005574,1.03815249669741,123.139118432999,0.216151758590345
6,133,0.00371200765603197,1.61257576,4.54512748736704e-17,1.80214195117022,35.2126409952523,1.12211231890033,124.612350702286,0.282577455579661
200,200,0.22840534851425,0.798070225,0.658131526641661,1.80040986478241,1.48483566096131,1.86869655677851,120.148845911026,0.0123583014859825
128,102,18.8685065,1.80441745,18.9414022297221,1.787314884592,140.914775899165,1.02881428167812,120.657804489136,1.16788778393405
176,149,0.00196779161120224,1.4724982,0.00172184541399769,1.78470318575693,27.7675273572764,1.02718928362338,125.558248996735,0.221152553330037
125,158,0.00229771973253412,1.26634638,4.85519211824284e-06,1.78010944672346,57.6360607945588,1.02395466543148,122.715036392212,0.469673990156732
18,144,0.00337836024254577,1.58542704,5.28723661398661e-13,1.77148691079053,32.0455415617118,1.10282899935844,126.135144472122,0.254057199488874
42,149,0.00681186492804062,1.46769712,5.75610510894911e-09,1.77096765339924,28.969243558557,1.02682418676905,122.045186758041,0.237364900067624
25,131,0.00309887185909258,1.796116445,6.74461784521629e-13,1.76931092133969,28.267854521742,1.04275564393731,122.977379322052,0.229862228952809
85,194,1.07311711,1.318959735,1.06527806937679,1.75812110917135,57.701569537425,1.05432986953739,116.326000928879,0.496033295021493
195,87,6.47740895,1.7961472,6.7440457054882,1.75083881488139,189.115597839159,1.01169586501189,113.602156162262,1.6647183841215
161,103,0.00528645206861751,1.995819235,0.000551200132113626,1.74957958579601,20.552399955499,1.1281772558175,122.306494474411,0.168040135920983
57,72,62.798634,1.8205025,62.4827769260096,1.74206430232625,153.778985492453,0.999421520711301,129.523265123367,1.18726921642982
168,128,2.0632155,1.67916455,2.14675916877399,1.7325538088405,100.60837482169,1.00769900916556,112.482108592987,0.89443891193166
165,122,6.5368837,1.68941915,6.67492960269667,1.72996885584837,157.945675948487,0.997848140665184,113.971771001816,1.38583154898918
200,200,0.0141055233554179,0.489151599,0.26045965596298,1.71118294971058,20.3246454142573,1.03742506375553,124.601000070572,0.163117835352411
62,139,0.0018226509984963,1.356458465,4.91489403630083e-08,1.70651766543903,43.9623719168401,1.01039685369066,124.099349737167,0.354251428472018
110,120,0.00864957927876924,1.936564605,7.95420061027044e-06,1.70550253747373,17.9723525051138,1.08519564581122,126.136687755585,0.142483149232036
118,122,0.00420666436723078,1.87472475,1.68632103996958e-05,1.70531032172023,28.2926890173986,1.03591144453811,121.782245397568,0.232321952391623
190,195,0.4029619405,0.93983356,0.652864396124934,1.70440313975952,33.8541495916488,1.06334548792585,120.4398021698,0.281087721681245
167,124,0.00727526084296564,1.656990925,0.0037879810244655,1.70308072173914,22.826577563233,1.06310550286854,122.366297483444,0.186543010883543
194,128,0.00221787183183443,1.548790615,0.0164948931959952,1.69481100252251,31.7203465744825,1.08035230418161,122.495081663132,0.258952001531908
79,96,0.00391332926569385,1.89121619,3.8819001530228e-07,1.69451525838746,40.0152022066065,1.04650520703275,121.377598047256,0.329675350726806
72,100,0.00590577956188999,1.914670155,1.01199385862652e-06,1.68096586711805,17.3737158639452,1.13229942941702,124.186500787735,0.139900196508807
93,104,1.3277794,1.6876866,1.3204025633483,1.67077299328643,53.959139905106,1.08946620129787,122.196525096893,0.441576713104732
174,34,4.65413,1.84700965,4.77955642036064,1.66828461645296,123.978231800336,1.00331909787289,114.096448898315,1.08660903119629
195,144,0.00155546633683903,1.400653765,0.0269076567290724,1.66720105139339,37.0873821218294,1.06952375506511,125.161311388016,0.296316662957085
17,138,0.00658832051318989,1.448733025,6.93593818503115e-17,1.66186552099682,38.8830092449856,1.00434139959453,122.819708585739,0.316586073136966
104,92,0.5334078125,1.80295687,0.57012789230798,1.66031016823544,19.9584796088362,1.11072890269147,117.566535949707,0.169763270199388
200,200,0.00520812263501747,0.59185159,0.142908378707512,1.65741386106815,16.520977740239,1.0368695241063,123.032490253448,0.13428142197403
194,189,0.0157668218929678,0.837733665,0.127276853600396,1.64183674747922,19.9382859251565,1.0609158670053,122.00265455246,0.163425017253074
14,159,6.57776095,1.5138688,6.32745863312355,1.62992230354677,111.219579001026,1.01855175990168,115.493103742599,0.962997576451854
82,48,4.97650775,1.75335245,4.95116566990595,1.62008632445356,156.79438651835,1.00885257962569,113.545894622803,1.38088996558808
186,102,0.00831174874705224,2.087556685,0.0278929031555047,1.60702767255662,32.8896648854738,1.07993605641023,122.337227582932,0.268844288327346
79,127,0.00168287033449126,1.635836685,1.58433916027336e-07,1.60358917820985,40.0849134881958,1.06109318333012,125.545321941376,0.319286396883141
200,200,0.00676490051455958,0.486177295,0.150217369300807,1.59642885892685,31.2384862740497,1.01917509848519,125.377217531204,0.249156002096433
192,145,0.00196113723274427,1.34410775,0.0103523828348234,1.59597635418889,54.6225268850357,1.01447279717872,125.540202617645,0.435099878334578
123,122,0.00619973796266047,1.617238725,0.000286549771511154,1.58276406970039,64.8358848480993,1.01777907013137,123.443407535553,0.525227601396421
94,138,0.000957147876035633,1.389372735,6.58451398094934e-08,1.57540028959496,36.6698855576831,1.16219477279103,125.175312995911,0.292948223415915
33,32,0.53060120343,3.13715852,0.39727860156866,1.57170133421786,6.47891217637071,1.25477843117758,125.984839677811,0.0514261255000178
154,124,0.00174151616443517,1.466082195,0.000209521249123646,1.57013643773823,18.446953416549,1.08596762894591,124.481233596802,0.148190637926189
200,200,0.14759026911163,0.4601709145,0.660238708462233,1.56740918945039,10.7076043421756,1.05846605113047,127.865108251572,0.0837414091192778
199,140,0.000795910010651237,1.3506681,0.0320417089398107,1.5643131595632,30.2465998967995,1.02431961487239,125.195560455322,0.241594828017831
27,23,6.5869783,1.808608,6.42167103219065,1.54431155676162,106.707185229492,1.00430006299024,115.485909223557,0.923984457904116
155,112,0.00516211374271525,1.7265141,0.000356833814304367,1.52996541248579,20.1101782836983,1.12927196917625,123.684506893158,0.162592541207041
184,200,0.0359689898962953,0.67770553,0.115149036808331,1.52734904676689,22.2127636401566,1.05814590792625,127.091977357864,0.174777071707761
195,121,0.00112357084645,1.534606495,0.0108126683426414,1.51882933762306,41.5289677749412,1.08384682525023,126.090862035751,0.329357473685653
168,122,0.0045303082832634,1.539705825,0.0011047555771069,1.51806483783331,30.9602362725011,1.04616973852638,124.930068016052,0.24782053483332
128,127,0.000869525669326441,1.56098996,5.32492361744794e-06,1.51500201066684,25.2220004489195,1.10021227808365,123.453656673431,0.204303389049371
143,87,0.00438847545822013,1.959788715,0.000321423975678728,1.5119033500333,37.0814870880085,1.0267796017903,124.552773237228,0.297717073046472
24,171,262.760935,1.35735255,261.66586781487,1.50983091778428,140.235454244972,1.07428983886184,136.901638031006,1.02435190887352
200,200,0.0120668752027147,0.60958144,0.160254134963265,1.50579053920932,12.7773004014245,1.11528571557608,126.571676254272,0.100949128427089
173,30,59.0423835,1.70359785,59.5592886917345,1.49843176145115,167.51800330734,1.01806675582887,129.064367294312,1.29794153738298
154,80,0.91714485,1.56931909,0.987122693111387,1.49801681536037,97.8118107604456,0.999696321731435,115.392821788788,0.84764207378062
0,112,0.00589076681858227,1.565063505,8.29527418819689e-19,1.4914705843435,48.0838139454515,1.01686137310861,123.999119520187,0.387775446563742
40,128,0.00214501784584396,1.34733632,4.96182685915567e-13,1.48602834526903,25.5034898576975,1.10847463632763,125.682252883911,0.202920374774427
107,153,33.6057825,1.388402975,33.6649815425566,1.48486443050077,141.562197313627,1.03618588574389,126.505923032761,1.11901635844329
189,140,0.0237115984723897,0.9994700765,0.066576162841628,1.48189671518171,7.94350890660759,1.19232262548833,123.700034856796,0.0642158986923774
55,94,0.0143046866661986,1.87870323,1.84955926070425e-07,1.48120413667621,20.9667384485289,1.1305451828602,126.140691757202,0.166217087891717
140,44,36.806813,1.57707965,36.9755010375802,1.4694428794097,208.011333467751,1.00211763778145,126.874790430069,1.63950090291895
110,119,0.00152748907290508,1.49113326,7.44416367333174e-06,1.46831290965175,45.7415014742508,0.999311978890678,125.786183357239,0.363644879377115
198,137,0.00370800392935744,1.36453278,0.0464675794929423,1.46807609350197,27.7047828754582,1.08115564057181,122.656095266342,0.225873673993115
149,114,0.00382341085313621,1.653671955,0.000303365412340086,1.46741181711285,43.6703077248504,1.04851991677915,123.797752380371,0.352755255125089
181,87,0.00772427268333753,1.948642795,0.0124026772839308,1.45860646127888,15.4563212104163,1.11586207000309,124.053827524185,0.124593666466301
76,25,0.803559375,1.9839539,0.784509646232391,1.45727871767631,76.5224078239797,1.01406289801884,116.73472905159,0.655523925447767
155,99,0.00550661337636134,1.5160377,0.00100374430822016,1.45607242970848,28.2112492311926,1.09002043572144,124.944590568542,0.225790081049699
168,100,0.010546106833305,1.692874405,0.00436825758985949,1.44722427193491,29.1645078824175,1.17908068929059,124.070333242416,0.235064314894956
170,94,0.00711591610377812,1.776434355,0.00340825651319771,1.44413159241135,30.7581460683239,1.09436446027045,124.585904836655,0.246883033105961
21,130,0.00341433638259388,1.25580106,1.90530706781583e-16,1.44161364476286,37.5431481806862,1.08493504677262,124.825922489166,0.300764035482651
157,125,0.00215364041217793,1.33512868,0.000223534778081345,1.43411820956653,25.4790795769853,1.253192496022,125.352134943008,0.203260036923738
174,171,0.213758005023393,0.739417196,0.529984447273954,1.43372800053567,11.4640415503614,1.03593038702999,126.834438562393,0.0903858737445502
148,123,0.00245812489124714,1.45358529,6.26829182606076e-05,1.43368236531509,41.5025894384456,1.01656871572237,124.196133136749,0.334169739348874
84,121,4.0839197,1.38897203,4.05141065994593,1.43167331609592,142.564921756748,1.03258403382395,116.282091140747,1.22602647026865
186,129,49.0922595,1.38196035,49.7320351888232,1.4298224381913,161.506776595387,1.00627635858307,128.396582365036,1.25787442017902
156,184,1.05793348,1.1427782,1.18158498105557,1.42965185422884,22.1477601879065,1.02604991676814,194.583119869232,0.113821590499683
160,93,0.00428670742119056,1.60439629,0.00252106586447928,1.42378691283098,34.5395863931891,0.997147746848402,124.692548036575,0.276997999776681
149,100,0.00724248620656014,1.704879245,0.00347418612888919,1.41957324233804,42.9887233512861,1.03619842075225,126.433465242386,0.340010639341984
189,200,0.0211890779368957,0.6581762,0.0825661817621955,1.41614288590326,25.5318881531711,1.0213210645519,125.12500500679,0.204051046006236
5,46,32.683982,1.5327675,32.1628776066367,1.41468393869365,109.564332052773,1.03957329896102,126.292279005051,0.867545766977502
50,134,4.53619215,1.33751,4.4446058943502,1.40811755963375,88.1677431948431,1.04204579110995,116.26652598381,0.758324396887201
184,193,0.33542380185,0.89257898,0.533705607627787,1.40470651479631,19.5459922943126,1.07653766063447,123.303846120834,0.158518918178416
136,146,0.2840608612,1.046583625,0.397290348536601,1.40455151271622,2.63536649782957,1.36126493177218,126.223129749298,0.0208786337580432
22,81,0.00574656546679566,1.74282355,7.10521854584576e-09,1.40209628525985,67.844508837896,1.01298714850048,125.847998857498,0.539098829173427
170,167,67.764798,1.26022431,68.3483486856418,1.39727956261952,178.008483772236,0.998262415238496,128.543492555618,1.3848113213138
185,200,0.0309820766699308,0.655819239,0.109590292188035,1.39222475639798,4.06775643500152,1.29646311127543,126.907999992371,0.0320527975797118
143,148,36.007101,1.29681782,36.196169090371,1.38837489297222,160.944412793568,1.00272649688075,126.754569530487,1.26973262888844
184,135,143.86438,1.330958,144.958759981217,1.38397145797428,167.45576453648,1.01108577139562,129.906585931778,1.28904753623824
21,111,0.00193611220150761,1.574088425,6.5946501855168e-12,1.37450684058727,36.3819403439726,1.0775045884812,123.91690826416,0.293599484151229
200,200,1.21074771,0.84539069,1.56411292846113,1.3704679144466,63.0306299263933,1.04618989928524,127.032995223999,0.496175263877314
67,18,10.864453,1.60344235,10.8070964923002,1.36997443425922,133.683235642772,1.01888644472807,118.440311908722,1.12869709213361
185,107,0.0040897844201838,1.646794225,0.0177109040837532,1.36910175870206,21.2471295377602,1.05318463665743,124.362541437149,0.170848306027086
41,199,38.161238,1.12048522,37.7770863452508,1.36875122812502,173.880781399299,1.03255570331879,126.894213914871,1.37028140239672
89,80,0.117797473769629,2.055799535,0.0792189569970812,1.367920626259,1.36516347022109,2.16007581584716,125.013577699661,0.0109201216007178
75,24,5.9339178,1.5279857,5.8932890613801,1.36688492234967,181.745994256705,1.01596566444377,116.64133477211,1.55816113225894
168,100,0.0068459016084641,1.920878485,0.0024076981564982,1.36441614634674,41.4620330756641,1.01549506243442,125.049078941345,0.33156608130726
22,89,0.00741111098601338,1.738366035,6.89397542505412e-12,1.354396852338,33.2299157733042,1.01573390707825,124.598770856857,0.266695373837031
74,85,0.114947945165928,1.78659015,0.0084436490554208,1.35132418220577,2.9046996126227,1.30251371371357,124.162049055099,0.0233944239381366
53,72,0.0042575642485756,1.788737825,1.69404168384326e-08,1.34954305519158,28.7497761971406,1.01352488964407,125.2833776474,0.229477978140521
196,198,3.0199393,1.04314704,3.32712563562101,1.34915770336045,107.838519958316,1.05271697208981,117.402813911438,0.918534372094892
111,114,0.00749561776155604,1.55138035,9.64117956187839e-06,1.34587975319075,19.4133568111678,1.08753701830434,124.667533397675,0.155721030825576
82,60,0.00384447120108907,1.8817896,7.30197576659999e-08,1.33388902977396,32.352644809481,1.01482142483581,124.266092061996,0.260349740404971
14,120,0.00264168240421681,1.413630955,3.47250532362256e-15,1.32918797365817,30.5192015130758,1.03517314153701,125.588431119919,0.243009656549769
140,102,0.00539504465241124,1.562405835,7.20849271481366e-05,1.31457947577264,29.0254198865604,1.00092004039447,124.611299276352,0.232927672330825
104,36,3.7252639,1.44537375,3.72605059240335,1.31034781049162,102.705246548795,1.0178137464249,117.066800832748,0.877321715620539
152,184,1.8376954,1.112782395,1.92221884133726,1.30730652976875,98.6902278774035,0.999124141847769,118.013559818268,0.836261765422373
127,139,0.00166593946856403,1.10801668,1.98244408529835e-05,1.30277531437899,22.8240831877693,1.06121173555906,124.431974172592,0.183426192018069
172,119,0.00465257449272717,1.333985095,0.00147222908760837,1.30114358064853,23.3636950748814,1.03198150516412,124.861964464188,0.187116190067492
179,179,0.063998641057064,0.523692271,0.266750376596103,1.30104661247811,5.61197910996734,1.23535073845745,126.535351276398,0.0443510770180643
20,99,0.00263055828111812,1.41220079,2.5272816763172e-11,1.29992725885296,62.4737796014809,1.01824845035374,124.216238975525,0.502943738409198
199,185,5.3813588,1.12817095,5.7627424511323,1.29787608947617,178.150535617558,1.00680403159179,118.510683774948,1.50324451722737
0,6,1.31343855,1.45602305,1.16650282203039,1.29624868906488,2.68087505328355,1.37048179409899,238.794707298279,0.011226693772299
69,19,2.65121635,1.5278029,2.60895357042615,1.29203095805663,152.130261908246,1.00171105944976,116.405109882355,1.30690364075939
104,106,0.00622065221012001,1.50002618,2.0530921462001e-05,1.28723955136158,47.8538979397842,1.05612797660336,124.130036354065,0.385514250582245
39,175,25.0749915,1.143790705,24.7677335230695,1.28602644130705,156.071542339038,1.00281127655906,123.636831045151,1.2623385848675
125,118,138.204635,1.251258415,138.441792634888,1.28061671536471,185.666800611508,1.00955867456224,128.688404560089,1.44276247146116
31,83,4.13005555,1.3219576,3.98496475167338,1.2758699989293,151.874421414167,0.998497259520486,117.285343170166,1.29491390236047
99,95,0.100634455617829,1.731883345,0.0149079380572571,1.27232015789106,1.55373747667618,1.99644660893641,124.758498191833,0.0124539610463015
129,66,67.19153,1.326725925,67.3761629771795,1.27231166077472,162.948645203338,0.998661641610673,127.038709402084,1.28266924286515
126,103,0.00439862625571375,1.4500219,2.3962025002525e-05,1.26380767497569,39.1255381026592,1.06738663532193,124.641497850418,0.313904588579429
157,164,0.0446631787637959,0.7888074,0.062740274412804,1.25710372669973,34.4332616393596,1.00304005334072,125.976974010468,0.273329804194999
138,132,0.2455847907745,0.987870385,0.38269382591661,1.2538411633178,18.882251957478,1.0486950690224,125.207799911499,0.150807313688321
94,89,0.00540810305333409,1.632268525,7.95971164906465e-06,1.2492969031866,57.4542522485447,0.999021636025526,124.074100732803,0.463064023105627
102,102,4.41024455,1.249856445,4.41179113940522,1.2458359841261,116.209012253937,1.0197817295752,116.863281965256,0.99440140906266
144,165,0.00603084579061676,0.7473872,0.0025007171838966,1.24073978584467,12.6844730567175,1.06289931593341,123.148066997528,0.103001803974496
164,83,0.00530229233707665,1.714539725,0.000603216575410287,1.2401213031121,47.2923014397017,1.02561863118163,123.197783708572,0.383872988750942
159,180,1.21872322,1.0165533,1.3247505211287,1.23433623881833,33.2071141252919,1.07774280587607,192.009165525436,0.172945463485662
9,21,0.795556585,1.73488917,0.573973542401146,1.23067489285672,47.6016918327272,1.02246618071642,118.308881044388,0.402350959729453
2,27,33.4271025,1.38944455,32.7443966875517,1.22466938994537,144.01316447153,1.00102305049235,125.11305308342,1.15106426485739
162,97,0.00643574807077117,1.51822152,0.00402695381281925,1.22373602464875,53.753717054341,1.00655000152122,125.078701972961,0.429759153288632
25,157,25.8163545,1.13179252,25.3869294345156,1.21977224776256,129.875737534295,1.04331207662269,123.616517305374,1.05063417385768
38,77,0.00256948756858005,1.71088333,1.16556657725672e-08,1.21500535888918,46.7687433253989,1.05659735607255,124.295892238617,0.376269420357148
24,92,0.00733948864858878,1.731690305,5.94861854071932e-14,1.21325753856875,6.61247860617481,1.33348235998903,123.358046531677,0.0536039503874341
173,162,1.25020803,1.06391918,1.37734888264354,1.21199500139586,48.067687830831,1.02192457146751,128.456705093384,0.374193684914208
60,99,0.0056465901903685,1.460370685,5.61191750580182e-08,1.20566005945362,34.1695457028826,1.05070848021613,123.1914498806,0.277369458156394
131,47,49.467591,1.29580387,49.6577302990578,1.20045519494941,179.294020703721,1.01168922157962,125.516458034515,1.42845028860213
106,5,17.365868,1.46741775,17.3905672503637,1.20007087597768,157.780437309652,1.0158467424016,121.655984640121,1.29693938014141
193,44,15.307681,1.3125715,15.7053624209027,1.19894943816486,147.744773317477,1.00769123569117,121.272021055222,1.21829233183308
123,152,0.0157442817244856,0.802001205,0.012629319923636,1.19441873295168,28.7250587005572,1.03463958281365,123.473909139633,0.232640716574971
179,140,0.0229061605326034,0.796206918,0.0583359153225239,1.19428172798121,4.27193788747661,1.21039495393541,124.231809139252,0.0343868282775161
115,105,0.00306169869150824,1.4928165,5.25982889873501e-06,1.18958037169065,20.3092515725761,1.12005307655579,123.579832792282,0.164341147853086
95,119,0.00360772768185435,1.43440546,4.29287374494521e-07,1.18180708378048,43.5171475837881,1.03163859425419,123.727420091629,0.351717893669492
114,90,0.022744349201542,1.63493277,7.54131504680981e-06,1.18174396145262,33.6602676723705,1.10038252385926,124.445355653763,0.270482313265443
27,25,14.9363,1.32852951,14.6365996226534,1.18163722078591,115.371199788882,0.997426099097319,120.659270524979,0.956173523069644
103,10,78.733456,1.4079778,78.7566461146995,1.1772942526817,187.740547256195,1.00331513917854,126.010019302368,1.48988587015213
14,56,96.687469,1.25827091,95.78845853917,1.1750490288997,128.511567046238,1.02355263337968,126.062658786774,1.01942611938406
116,122,0.0491595162803174,0.85395073,0.057489177737398,1.1744630537248,10.6293235491195,0.99858250683203,136.37308382988,0.0779429726937845
50,100,0.00450294509737266,1.47785229,7.68811601720198e-11,1.16657369352438,30.3513781034406,1.01336797274636,132.109965324402,0.229743290212146
42,106,0.00172059324683939,1.3030850925,1.42296048945177e-12,1.15280640820501,41.4346609491599,1.01436271632334,133.030624389648,0.311467086163538
42,162,7.0790079,1.04925189,6.96329431117136,1.1516408302485,153.289884186964,0.998991529983988,126.68483710289,1.21000971933575
125,101,0.00495304228524333,1.427305445,1.6459504783701e-05,1.14495631519454,20.8093183790745,1.01850756238101,135.851694583893,0.153176730277914
111,88,4.04495325,1.18500905,4.07168354516573,1.14373978765997,133.063483638812,1.00622589917581,134.984792470932,0.985766479342227
4,27,1.19045925,1.29430805,1.07847833724978,1.14177570828403,2.32236772837805,1.42641572640454,241.370246887207,0.00962159900952207
200,200,0.00102066819314336,0.385428213,0.0507338644900082,1.13635145485826,12.5403241330759,1.060846416352,131.886903762817,0.0950839224767014
95,46,8.16929015,1.238093885,8.14560967512729,1.13263099207807,114.037557385032,1.02411531044298,126.354854106903,0.902518214999085
172,86,0.00455865518935638,1.700892405,0.00336998088695491,1.12921969786959,28.6182634092515,1.02789250051044,132.971702814102,0.21522070337973
119,137,6.756128,1.080588935,6.79052628456872,1.12867572460327,155.400276100036,1.00346531595858,126.255221843719,1.23084236699844
174,19,3.99011645,1.257042535,4.13446631332628,1.12718584360663,150.969344810509,1.0484634216066,124.876880168915,1.20894551982961
150,154,0.0217301322967186,0.848797395,0.017963289073631,1.12231732276092,11.9982667845148,1.03743088208341,133.772476196289,0.0896915952046021
0,20,11.2524135,1.28070917,10.5615134887323,1.12091837048477,173.634719505609,1.03028905672748,127.250584363937,1.36451019359575
172,172,0.0129717108769104,0.70560495,0.0353220394767769,1.10850624736478,45.5008384369033,1.07738353858197,133.860900640488,0.339911342439759
25,115,0.00205841351467699,1.27410912,1.54314751183816e-11,1.09946635387707,31.6437395241086,1.07380654461738,133.603219985962,0.236848629302748
55,78,0.0058283839812709,1.58442004,4.11591171672966e-08,1.09701863415853,40.4127765866736,1.07973936653593,133.156554698944,0.30349821439916
24,82,0.00155344390894826,1.405020805,5.12573508606751e-14,1.09644797388947,26.1939155222358,1.09308669144062,131.95599937439,0.198504923204876
179,82,0.0012839386706895,1.40096423,0.0011047466680342,1.09413705514409,34.0150540062055,1.10631608977573,135.435853004456,0.251152506899975
181,173,0.02504658475731,0.5663471045,0.0913251554987347,1.09372497668921,14.8391249556297,1.07706653288103,136.749465227127,0.108513221100963
100,133,11.532929,1.04364104,11.5270449329711,1.09300011497196,133.66566245523,1.00808772001596,127.227379322052,1.05060454099962
175,167,0.00962875627478287,0.641270328,0.023860706320239,1.09108713354979,12.468033493655,1.0838854365601,135.700527429581,0.091879034885292
200,200,0.0123294937616226,0.259662348,0.259071075086797,1.08844399731479,15.0952661535137,1.08757130897127,137.218982934952,0.110008585041543
58,80,0.0047584962880606,1.4701329705,1.93527277277316e-09,1.08354811149884,45.8507674232429,1.01311703570702,134.225832939148,0.341594210438088
85,116,60.7334285,1.062727515,60.6559713315002,1.07619009107249,135.805674603126,0.996471501134011,140.214179515839,0.968558779661689
66,124,2.41429145,1.026064305,2.35903436781322,1.07233052312914,130.693419199133,1.04940925317287,126.127959012985,1.03619705116831
29,87,14.782815,1.084362095,14.520310985761,1.07187820856508,210.583655241908,1.00932092036174,129.066586971283,1.63158924539286
191,196,0.00658095029058311,0.516582445,0.0344216274897773,1.06668782441542,19.6947043588116,1.05154982686039,133.947465181351,0.147033050100254
177,189,0.00621963173523436,0.57773591,0.0204378004351604,1.06495178935344,23.0809790226879,1.01851997136661,133.499942779541,0.172891302738633
61,80,0.00477865338953066,1.70699063,1.53149540464985e-07,1.06092784288228,35.529077920136,1.01722179638567,133.235287904739,0.266664173424826
123,86,0.00594670567777903,1.55656544,4.26070271309406e-05,1.05834546431571,34.1811752291685,1.02069862577807,135.108875751495,0.252989857543021
130,96,0.00248822555338711,1.30795579,0.000120077560176247,1.05332379776985,34.1220102693388,1.17158788887564,132.241228580475,0.258028533428015
137,146,0.052325243924117,0.8018096405,0.0421111397786654,1.05318640912189,2.7072087099264,1.34239354904226,135.413047552109,0.0199922293963927
179,179,0.0177351204765415,0.4589273765,0.0666115862742317,1.05038972950785,15.4747756904108,1.09722244929892,137.11795091629,0.112857401871897
197,91,0.000514314210933897,1.39298471,0.0074294160000189,1.04801231217506,50.750037802996,1.01128699708363,133.753234624863,0.379430358789711
196,129,0.99962003,1.014633125,1.1620286134539,1.04683374882982,2.94149742427496,1.29051868518364,235.219201564789,0.0125053456720656
124,97,0.00335796518896277,1.395521965,1.66299661612423e-05,1.04648037087196,33.520198398469,1.05912528006284,134.375815391541,0.24945112556749
33,113,106.694745,1.03526592,106.053668806068,1.04529822689227,232.828964516697,1.01414637734108,141.472501039505,1.64575421234464
149,73,0.00307436954914438,1.561301165,0.000604781661436438,1.04368457992505,47.086618182413,1.04255981646721,132.383460998535,0.355683541034888
114,75,143.13228,1.07482803,143.255926585567,1.04177694972407,179.099609244058,1.00982588316368,142.184269428253,1.259630266866
173,76,6.11274175,1.065556415,6.28952169357192,1.03917917723596,109.677854506031,1.0147603079336,126.65873169899,0.865932044595906
200,154,1.000456845,0.992019575,1.11049516032119,1.03460125562034,2.33861050005974,1.44609646290733,233.609216928482,0.0100107801002376
173,175,6.01167875,0.911164725,6.21338955494861,1.03278482662593,106.65194056429,1.01656958967575,127.294915914536,0.837833465681338
152,87,0.00261781291794151,1.315549865,0.000573694470566017,1.03052973027045,25.3784501627335,1.06555633860481,136.905229330063,0.185372394370334
119,140,60.6250855,0.974656545,60.7927313436868,1.02536694438175,164.240859095551,1.01832835677513,140.110086202621,1.17222723607516
195,187,0.0038857186924133,0.46893741,0.0298535530457961,1.02161849747165,29.6809506008557,1.03904080474518,134.997575759888,0.219862841490187
137,142,0.28419889292,0.82143546,0.379777010547482,1.01533212658362,14.6428059903106,1.015525081546,136.010800361633,0.107659141416545
173,168,0.119732229249171,0.672729282,0.251684558460796,1.0144250469934,46.1675380501939,1.03696235296497,138.995937347412,0.332150269506086
65,62,0.447630697,1.27451601,0.387542893878171,1.01378708887157,46.9311979894936,1.02692930433611,130.002598285675,0.361002000024371
122,96,0.0068577146991978,1.574742365,1.3598574981011e-05,1.01189891433807,33.5569446084136,1.09485091882585,133.365671634674,0.251616058293738
94,106,0.0290146478972173,0.8284975505,0.0137056860023742,1.00682060216005,3.681302000778,1.25681749393161,135.234213829041,0.0272216763535284
190,191,0.0105254019106957,0.36864045,0.0755686063552069,1.00593965123411,34.1705151378973,1.20326272016973,136.970153331757,0.249474168690843
167,72,0.00114715156733817,1.532139935,0.000413761291033207,1.00489656476162,47.1054309700362,1.03187583521715,134.403172016144,0.350478565821186
139,151,0.68883143,0.828008575,0.796231269445085,1.00224306836798,2.35283759419571,1.41354977546475,213.802980184555,0.0110046997107559
33,87,0.00244626977746894,1.33825463,1.86175030345527e-11,0.999474260246588,32.3859396741124,1.03135984948201,135.138285160065,0.23965036729416
154,83,0.00186539878082317,1.48043827,0.000102510133259577,0.989413549516876,40.0864280593067,1.0028423542165,133.974254369736,0.299209935878263
169,168,0.00971614331219132,0.5413422095,0.0203802488187701,0.989268508565978,9.67763850586733,1.01153842118746,135.494137525558,0.0714247766184114
164,188,0.025074042919098,0.698842605,0.0504474590243575,0.988641987814605,2.06719306374153,1.45436888606062,135.595409870148,0.0152453026671122
57,83,0.00357466883038057,1.6270821,2.16731946631379e-09,0.981728172960688,60.4761484733738,1.01984849282405,135.506455898285,0.446297175086396
138,68,0.00191100588517904,1.4937251,6.39405087944626e-05,0.978660617868002,37.0825854405454,1.06772965575491,137.938678264618,0.268833846366189
170,66,0.00769267970666813,1.76918967,0.00854422191095634,0.974899093167012,15.3825553915434,1.13753713038397,133.981191635132,0.114811304510818
103,74,0.00867148436647893,1.697828715,6.62605438650684e-05,0.974654815427248,25.9881658458533,1.01261684973141,136.112114429474,0.190932055936277
159,54,0.00987418536316181,1.875582835,0.00534392019378377,0.969841734990092,35.5729678797678,1.07085149799039,134.837140321732,0.263821731867704
143,73,0.00179542359574345,1.466340335,1.99061063245229e-05,0.969062286032703,41.315918798784,1.02735139837699,134.624622821808,0.306897192599534
110,77,0.00171771333800309,1.365709755,2.2025590140668e-07,0.966870546745223,37.2027972873004,1.00281841283859,133.997643232346,0.27763769861827
152,93,0.00460616118601731,1.455876255,0.00125077117464459,0.966074626244811,23.6750899623778,1.08039979738184,137.027220487595,0.172776546719206
186,55,0.00336034893419652,1.712556225,0.00960881921927868,0.965704183648943,40.5997197042078,1.06086877726363,136.147134304047,0.298204732047754
154,155,0.0599845759437885,0.661254039,0.0962343980906922,0.9631822724725,23.9624500657521,1.00877360054498,137.955411911011,0.173697064390698
81,81,0.0342165173839203,1.292959465,0.00371822589663845,0.961923923687288,4.8541469594131,1.19469675319737,133.267547369003,0.0364240736416684
0,67,0.00708706156260701,1.550847115,1.65967052278081e-27,0.96098378986321,52.805526456739,1.0093075175684,136.206755161285,0.387686546046933
153,83,0.0024898200798503,1.246834405,0.000216140904346516,0.960741162051064,43.8602349145962,1.02376902562074,134.09101319313,0.327093023388708
105,88,1.964681,0.9817886,1.98490967037394,0.960560581974659,41.2282852751727,1.03707168900244,127.506390333176,0.323342894167443
169,75,0.00228400531874795,1.40776446,0.000922375787317046,0.96055324793198,35.3087220714651,1.08502910349263,136.519990682602,0.258634079118531
200,200,5.81248026e-05,0.078848049,0.693807728665465,0.959106720498446,3.38696113739554,1.22522718860404,216.799204111099,0.015622571823003
173,152,2.7268023,0.874217775,2.87891593676677,0.954022663396463,48.1976192426122,1.0242903897906,136.492933750153,0.353114391480785
60,51,0.00438593212250356,1.762271135,7.58323666573985e-10,0.953145641905686,41.5634277224822,1.01363037181157,136.047191858292,0.305507428376582
62,76,3.8339116,0.98784715,3.7538479212249,0.952886887242179,117.456001984509,1.0325165755118,127.157526493073,0.923704677370461
69,38,0.0143128189308112,2.07001716,1.21549417568311e-07,0.952244811664089,30.6339997783966,1.00301627249231,134.53436756134,0.227703897031583
118,48,0.00284485944310792,1.671727645,5.2440621442414e-05,0.950527110108504,40.879774466897,1.00024922267234,135.358020782471,0.302012206078231
158,138,0.0122902076614637,0.8543232995,0.0055977529169704,0.948076004822149,3.4570037344302,1.25260951847817,133.882877349854,0.025821104258139
89,133,12.049704,0.90529351,12.0109641229358,0.945848094744702,74.1743985802744,1.07376745880226,130.142953395844,0.569945560976053
166,59,0.00553034895674361,1.644799335,0.0057862614131711,0.945760329271787,44.953682794139,1.02762388887414,134.317242383957,0.334682889525347
200,200,0.00382257571941674,0.278757884,0.14522312549959,0.943955318913302,25.6945767496537,1.11622570959418,137.955652475357,0.186252439016542
8,20,6.4470572,1.10038185,6.09961931132476,0.943658526522476,108.739254234238,1.01029187399133,128.79322552681,0.844293275437865
153,60,0.00492950774011799,1.83820808,0.00228676633865957,0.94343008533362,42.8965829903955,1.05436854628963,136.235533714294,0.314870737617954
43,88,166.690515,0.96569915,165.977981143859,0.942934241962797,261.952664704539,0.999290633065845,141.208990335464,1.85507072943605
107,91,0.0027887796488321,1.32639579,2.0555012382746e-06,0.941462206395147,41.5075592126224,1.00272239810238,135.369433879852,0.306624309661091
161,157,28.248247,0.85996279,28.5943070020542,0.938896319153915,144.113499393637,1.01326400794651,135.653949975967,1.06236124653332
78,44,55.0996535,1.03238699,54.9360424235939,0.938238483915852,110.278066265875,1.05013925951919,139.020055532455,0.793252929179919
176,159,0.158487100841953,0.5464323925,0.375152328041295,0.937556478169462,1.7760776120839,1.66180473933625,134.962982654572,0.0131597388939577
143,49,0.00929199384637149,1.769131745,0.00117994317849221,0.936469293414008,31.3940181398809,1.00535196644394,136.530871391296,0.229940802544985
116,72,0.00747162799148629,1.67338247,0.000145668087202817,0.932740779569787,41.2364902683177,1.04403117345436,135.979717731476,0.303254712954684
160,46,0.00489737091898794,1.660252415,0.00451712025218444,0.931751384092168,36.5467458579903,1.01131821035053,134.616502761841,0.271487857047123
186,195,0.0203824654434574,0.4070169995,0.0947995520336763,0.927320055798011,12.2679129544794,1.03910173576524,137.730534076691,0.0890718462446999
50,52,0.000994597914611271,1.53168978,2.39781603027056e-08,0.924249559147734,56.0229790315586,1.04057185497769,135.091235876083,0.414704763549187
9,51,0.00807880703124699,1.722617215,9.61803610052099e-18,0.921229605609372,62.2036047359718,1.1148911495562,135.294137477875,0.459765706745011
17,70,0.00591539583645242,1.68529141,5.08965286783375e-11,0.917132408291914,17.2832117646038,1.12051103002468,136.851356744766,0.126291855453342
54,65,0.00611323901781162,1.759696125,4.3887689131846e-12,0.91699426078995,13.6433343008621,1.15052995050478,136.812840461731,0.0997226156171967
174,200,0.272596901835,0.53999714,0.480989165008109,0.912986128305972,13.6530992741844,1.01520187392474,136.72531247139,0.0998578758197487
171,185,1.80443455,0.728828115,1.95680822884902,0.90854888249277,62.6018399934355,1.00716542267431,130.377038002014,0.480160010940487
136,190,160.352805,0.799021885,160.907545898407,0.907730169679914,156.50127886806,1.04641935968828,140.496203899384,1.11391820223227
1,5,2.70279125,1.164427625,2.38450973447638,0.904650671145698,100.796756230051,1.03018831924733,127.064487218857,0.793272443278651
80,49,0.00258732962760517,1.670404175,1.80528619324484e-07,0.897318363308046,46.7982891520959,1.01847700095061,135.51602268219,0.345333992437532
19,179,14.1067115,0.794145555,13.7367353522947,0.896847235126406,182.936469680002,0.998107793078639,132.870167732239,1.3768061921067
2,59,0.00275706961286235,1.70738965,5.75316804849735e-20,0.895399851503924,26.9238495896774,1.06479956144173,136.294796228409,0.197541287963461
99,184,3.81378095,0.77303607,3.80507106063807,0.894854557653351,131.651972385852,1.00342201003415,128.391788244247,1.02539246618641
97,110,0.0277184956176441,0.8091304825,0.00566899646563305,0.893829380144822,1.64975072449771,1.6978514753324,135.392436981201,0.0121849547971928
157,194,10.24931415,0.763201055,10.4871724000465,0.893119141553925,125.802958149621,1.0118209048441,130.463801383972,0.964274816578175
171,149,0.00456266395210712,0.649451825,0.00825875165111114,0.889099889777651,16.8560925269565,1.06669784019873,135.236948490143,0.12464117768958
94,69,2.36396125,0.942742815,2.35289610647083,0.889096832429452,48.0119176773847,1.01377957533016,138.015536546707,0.347873282086155
167,162,0.0277711871182306,0.4938254925,0.0791665596606085,0.887797109423282,10.8927797209239,1.10925017486584,137.006062030792,0.0795058230231869
58,160,2.22015165,0.80070815,2.15843225224608,0.886934784908062,70.7850706711496,1.00403876984126,128.025992870331,0.552896088397011
113,31,8.988149,0.97960405,9.02166475456201,0.878640710276908,215.631552644524,1.00516963271982,130.543154716492,1.65180283188976
200,200,0.74950937,0.73677141,1.1054245661908,0.872379767264105,3.42857615348255,1.22447535999945,140.887507200241,0.0243355583586951
1,15,45.635692,1.01795198,44.6305693789756,0.868314630966778,159.329637966707,1.00533723684393,137.581328630447,1.15807602348919
146,49,0.0056507082351994,1.722990886,0.000206101613554285,0.867932828428278,27.1822344057326,1.02421546476859,135.795013904572,0.200171078629106
73,50,53.351288,0.92476477,53.1588754137446,0.865098527259979,132.732941938046,0.996207111170333,137.759706020355,0.963510635819977
186,106,3.3447204,0.856106805,3.55703852224107,0.86483338506447,118.657727597428,1.00427045407307,128.652058839798,0.922315030692086
189,177,0.0334447596029134,0.4726148155,0.124555976902133,0.864594402509331,17.1082152461234,0.997858406648492,137.014068365097,0.124864661346569
126,123,0.355641846045,0.817358485,0.434368862047575,0.862289361607296,12.9986095405107,1.06128835935374,135.543122053146,0.0959001780659437
96,93,0.234215689030422,0.931028907,0.236955919828494,0.860616963588013,1.43207742964864,2.04633733341963,136.349328517914,0.0105030031699825
200,200,0.00618825965088688,0.195934526,0.238813419370935,0.856765559710158,16.3430643502411,1.00009908174344,136.552424430847,0.119683443324857
97,67,0.00235981472458688,1.51873233,1.0683781300178e-06,0.851208681638276,38.6398307867334,1.03838553568632,135.783386707306,0.284569649673161
193,192,0.00496610228066761,0.3912551965,0.0350916990568924,0.848462431075013,28.3490789806548,1.05758754600697,136.125903129578,0.208256315138416
119,52,0.00150351374363957,1.61672336,4.77724246315515e-05,0.848433963905521,47.9813805030763,1.02965558038351,135.355528116226,0.354484084771743
118,108,0.16021903542465,0.864464025,0.171901518949483,0.842472763983431,25.7582289988873,1.13037631132463,136.739326477051,0.188374695579697
159,194,11.1337995,0.700754625,11.3700098930741,0.840347440188813,131.895718783766,1.00567377447881,130.654732942581,1.00949820808811
147,59,0.00279621609324604,1.53150668,0.000193928405148709,0.839083488692517,54.1153271299952,1.00258395919033,136.081538200378,0.39766839679833
2,66,3.7010607,0.886229545,3.31220694668208,0.833340199743876,66.7639426113115,1.02801095340924,129.449172019958,0.515754110818243
188,190,0.0112636107157108,0.378535014,0.0475171825108123,0.833284410850547,15.1674939207655,1.02988222162842,136.394972324371,0.111202734692409
200,147,2.84851375,0.763492515,3.32614675611718,0.827277919277308,45.9455523308435,1.0356866756405,130.046757459641,0.353300253142432
43,54,0.00373377027575322,1.53540737,1.33753707843847e-10,0.822343811606059,26.4883642588064,1.10144655721085,135.27174115181,0.195815948203695
194,187,0.0698442191677192,0.4074302095,0.272460763232455,0.816508416332619,29.5810581078695,1.00895536574571,136.377953290939,0.216904986429612
145,62,87.322744,0.871765455,87.7647083741375,0.814866664246139,178.587645558054,1.01494475391335,137.701688766479,1.29691688720616
118,191,9.17909875,0.69428086,9.21941196669695,0.812318862607243,137.913208584572,1.00349183078708,131.114154100418,1.05185599167994
133,61,0.00288903514955264,1.46178314,3.31291409040677e-05,0.809738985836465,43.6660478603341,1.03060569750074,135.27219581604,0.322801353204295
165,146,110.504165,0.76086106,111.319415835308,0.80717583170943,111.79203311723,1.02118599742661,137.97851729393,0.810213323854493
44,57,0.00431775867284271,1.54085898,4.1661043186089e-11,0.79959919328174,25.3250512618978,1.08167702057035,135.560313463211,0.186817591483149
28,113,1.4490647,0.777711425,1.25587834092855,0.799378343469157,23.4811676796389,1.02651104629502,129.899478673935,0.180764141006137
191,199,0.2544499685,0.388985435,0.655600663683034,0.79294415972751,1.89576099868832,1.58110447580922,196.687436342239,0.00963844480330541
110,38,0.00208490339718349,1.69725116,1.1703826496898e-06,0.79148452722847,26.8260500663569,1.07545337128472,134.274930000305,0.199784502336333
200,2,0.84732861,0.820539695,1.10754124514161,0.791441707195981,11.6950192442966,1.18700492800526,211.524343490601,0.0552892355144754
108,171,7.41322495,0.717672755,7.44097873493744,0.789296007695483,127.493483037044,1.01087657306609,130.230728626251,0.978981568957797
51,54,0.00247035953000833,1.559004925,1.95002129537838e-09,0.788822592554454,57.8611299192152,0.999160934009286,134.888521671295,0.428955178708347
155,163,0.283612099465,0.52345255,0.464003362841748,0.786961646572373,25.5628219288891,1.10477203431499,135.956882715225,0.188021536080913
124,19,0.00310570863167703,1.74911723,9.69055322209597e-05,0.783138214505547,37.0534982773213,1.027846634679,133.839030265808,0.276851215999787
98,110,5.07551285,0.768969445,5.0816810218081,0.782077349501499,109.774736229707,1.0169973203473,129.540609359741,0.84741562334987
137,7,17.781849,0.946391625,17.9247429137249,0.780970782125865,201.917266653462,1.00841693958922,132.473657131195,1.52420693310742
78,49,0.00307457846339254,1.47364974,7.56573969632732e-07,0.777436062020327,22.6892522810617,1.02663153455945,134.461158275604,0.168742055862376
56,50,0.00841817825423287,1.86519405,3.44288064016477e-10,0.771414728618775,29.9976213022886,1.1191881616928,134.737220287323,0.22263797069822
146,145,1.144323355,0.68758372,1.24978870104178,0.764763368030397,58.2959064833392,1.05041719632721,117.272626638412,0.497097303559878
200,200,0.0039989357925,0.1296060865,0.512144836294727,0.759840242341049,2.01627595639431,1.48103381245493,202.734102487564,0.00994542078345201
136,116,0.00584062183645707,0.725380473,0.00255297363755949,0.755195100783237,3.67673346879725,1.25374338081836,122.172737360001,0.0300945493098284
88,37,1.288805535,0.8938721,1.27031599554828,0.752473545971784,38.6330486464055,1.02433101813728,114.416420936584,0.337653007585493
15,52,0.0059767108415308,1.732314605,3.20030516983486e-13,0.750332843079517,31.027639978108,1.09287368346406,122.916329622269,0.25242894962336
124,39,0.0051599043507475,1.73799805,0.000101067625504515,0.749963310139655,33.1452155971033,1.01083517890171,124.678717136383,0.265845016361907
40,63,0.00355667933039799,1.46454312,4.51531915283099e-11,0.748832399666542,23.3831861362504,1.0550307126248,122.783414840698,0.19044254606038
140,137,0.00994565079339742,0.653399645,0.00445245296872751,0.748803771681631,31.8980983629274,1.05658145526443,123.247903108597,0.258812503567069
162,79,0.00304566693040748,1.12954126,0.000170291134979475,0.747628039518521,44.1288882325216,1.03786843984712,121.462746858597,0.363312121402088
121,135,0.0116698322024633,0.67357786,0.00191650082737821,0.743905055847648,2.98665628264461,1.31163293033086,122.383117675781,0.0244041526263197
84,158,12.318938,0.68533196,12.2194657736013,0.743580439599143,185.067757194529,1.01363476899927,117.337625026703,1.57722433151696
130,125,0.0570991287597482,0.543729769,0.0782717847095989,0.743506341703012,3.33708841750249,1.28812492666283,125.496211528778,0.0265911486637766
121,16,54.0297265,0.87559275,54.1759297440405,0.742956618888192,115.516394696086,0.999599824946691,131.154501676559,0.880765762664871
73,74,0.0820810275885684,0.8384725725,0.0279138281413012,0.74283237526904,1.71855619887551,1.80545311050401,126.194343090057,0.0136183299250513
191,45,116.853145,0.80354932,118.102268165636,0.736962606812324,169.040358503852,1.02527381512876,133.792506217957,1.26345161834755
190,112,27.539935,0.726167805,28.2472382834512,0.73603664235383,201.777173488758,1.02944813246743,124.751615285873,1.61743134969738
135,136,0.00335684851582457,0.6251795875,0.00154473302886197,0.735059644122151,13.4632006644968,1.03906063998382,122.714305877686,0.109711745246036
117,36,0.00454529878077302,1.71345137,1.77410442059095e-05,0.735029434024328,27.2916978023973,1.13447736009772,124.182268619537,0.219771293484837
145,129,0.00806754404651512,0.7382751,0.0021839312488242,0.734725483203114,24.3915417585992,1.06192003053647,122.468451738358,0.199165919160221
165,149,0.00179673338198436,0.58494547,0.00163959925745014,0.734448050831171,30.756788456258,1.03870395916487,122.243971824646,0.251601678161909
167,165,0.014559797336418,0.4129341105,0.0275980265214613,0.731973989276205,14.0623006912825,1.32526394348304,127.639666557312,0.110171869533742
189,186,0.00357683211519225,0.3887559185,0.0182179046880954,0.730420359167815,5.66253083176432,1.17216275950594,124.186382293701,0.0455970350949786
81,57,0.00459812707908197,1.5397437,7.97449929115342e-07,0.729993299178082,23.7777410698721,1.11840883413921,125.207966089249,0.189905976532861
174,171,0.0371107432391273,0.425346921,0.0993741674663875,0.727436796560284,10.0063282988818,1.06606777990645,127.166524410248,0.0786868112129944
89,39,0.00260913080605366,1.51478205,2.23484013857805e-06,0.722803986761563,35.9796809389385,1.07918708984464,125.707815885544,0.286216737483513
200,200,0.0061185218216391,0.3477097235,0.041991010884137,0.718746445050134,4.8478261373947,1.19031322891181,127.386826038361,0.0380559457218508
97,154,15.935449,0.665089225,15.8897583444372,0.71572819425787,153.308662347564,1.03744486863955,119.896516561508,1.27867486682914
182,84,2.3873811,0.73634844,2.63152355201543,0.712108437601172,30.5782917281381,1.04960011122177,127.85876750946,0.239156784659884
33,61,0.000714947170004194,1.151134885,1.34389250132767e-12,0.711776003050942,54.285337412714,1.02815795422167,126.822288751602,0.428042562132267
72,75,0.20014516476294,0.97516073,0.0899051607926519,0.711352495791502,30.6341037984215,1.00442158742643,129.623041152954,0.23633224098078
114,107,84.0488315,0.70227954,84.1392110497041,0.707627282537532,123.151521467152,1.01954603581686,132.883757352829,0.926761283097708
137,124,0.0315338468802991,0.748859821,0.0145802605950288,0.704553978530935,1.68102694016236,1.69242496205664,124.439228773117,0.0135088183745279
103,187,114.619465,0.61324326,114.748521039377,0.703487521028135,158.812174242066,0.999748850636631,133.421737194061,1.19030210205608
3,32,6.7149593,0.788648345,6.24958679492229,0.702774012991335,106.411288831437,1.04194589494431,116.365802764893,0.91445498851954
65,41,0.00294300957151969,1.355694705,1.32318985661481e-08,0.700211108134723,35.5393950325379,1.0117167391846,125.130895137787,0.284017747922317
182,199,0.00343604578967893,0.291460447,0.0138067979537569,0.696526055836873,12.9489497104038,1.0209741321153,126.157201766968,0.102641383361709
73,22,0.0057869157093265,1.816523995,2.29922720130089e-06,0.694860426413596,44.5010186298755,1.05109465734803,125.490884304047,0.354615547389529
102,113,0.0287717708165281,0.740577795,0.00469486662088846,0.693403500869558,27.5769483660257,1.01525762925747,128.003933906555,0.215438287905724
124,35,0.00825721070128183,2.03956846,8.57540358082381e-05,0.691996489429726,23.9227127909867,1.04140239914496,124.318688869476,0.192430542893703
0,71,240.097725,0.724011255,236.860508616939,0.691208026032074,242.210653744136,1.00362177509245,135.121049165726,1.79254568580995
66,39,74.276192,0.76315469,73.9789238521741,0.691090059089419,201.169893067083,1.01707623423453,132.482314109802,1.51846602634335
84,44,0.00171752565173943,1.388598435,2.40477387927254e-08,0.689179659895666,47.388661407519,1.0104016862822,124.62265586853,0.380257193824463
110,37,0.00235092390409744,1.44185399,1.80076332223177e-05,0.682770802840265,42.3577021646469,1.0260496670326,125.083183288574,0.33863626629109
110,5,24.358388,0.80681691,24.408415090871,0.681076766594511,164.439446986591,0.995583560038486,122.724550962448,1.33990669101659
121,92,0.00454840416803269,0.77396148,0.00175155625982422,0.680574318905766,22.8306772506681,1.01095348038485,124.999546766281,0.182646080256242
51,97,115.54087,0.682799615,114.943270530113,0.676699572841475,198.142945257855,1.00321412203026,133.187479019165,1.48769949485524
7,42,0.00428887148014785,1.557519965,1.04198336996751e-16,0.675811687831314,36.739819127728,1.03295916411638,126.874952077866,0.289575038461335
67,48,0.00420670819828768,1.47921595,3.22590233342155e-09,0.674177323013587,27.3234533495674,1.01984746206628,125.771590709686,0.217246622988471
159,37,0.00251756692289681,1.53359077,0.000213827184052082,0.67258888135826,50.6054942066675,1.00715349716882,123.380717515945,0.41015723709118
107,110,0.0085063062976648,0.671446,0.00118535870725549,0.670871306032664,7.83986028887629,1.13829728481089,125.192055225372,0.0626226662288024
160,158,0.0315610776034017,0.4103885185,0.0684176165205851,0.669152009956669,4.04801172353294,1.26724403493042,128.645679235458,0.0314663636399627
19,31,0.00575611225929948,1.50030703,9.09359392267155e-16,0.668603611859146,26.3755586563793,1.06487833653546,126.539599895477,0.20843719024057
81,52,0.0057936316773646,1.56980704,5.17946294297504e-08,0.666051525855339,28.8384546714264,0.996919875935062,125.227822303772,0.230287919576461
113,26,8.773236,0.746893175,8.80909061220957,0.664404475530169,75.2954051908661,1.01151330261673,119.949642896652,0.627725130084298
72,34,0.00409632341588847,1.417871895,2.58877795872645e-08,0.661336919094294,36.945537506452,1.11474129671264,125.669321537018,0.29399010875991
92,14,13.8186035,0.764013585,13.7779808176076,0.661112155699321,174.426428867641,1.00605146613806,120.980206489563,1.44177658419428
40,27,0.00932610482301463,1.578516975,5.69732094956513e-10,0.659976896046383,27.9884398656328,1.21963029423079,124.400804042816,0.224986004559905
146,156,26.874897,0.60139236,27.1490233168757,0.654263415126085,180.932420873034,0.999631900267355,124.928589582443,1.44828674907622
144,137,0.044309995737132,0.5662933695,0.054400159199402,0.649384980259712,19.473005675131,1.1714893410229,130.086942434311,0.149692238980589
4,10,0.00462048736542016,1.96272988,6.64387632569535e-16,0.647829223552137,28.1298087917179,1.05675655453433,123.321444988251,0.228101517902242
4,55,36.21309,0.691063435,35.0985694497105,0.644108132073428,182.366417877403,1.00922096440558,128.248150348663,1.42198088145217
186,188,0.07789380213937,0.3069356785,0.23741244504283,0.642787272108798,2.7042136508932,1.36209799365308,129.106001615524,0.0209456850731565
200,200,0.00272840507055471,0.3204004505,0.0338907613545134,0.642034718380645,6.28081758894292,1.14734499390122,129.024924755096,0.0486791029009675
159,57,0.00154332963030886,1.14456393,0.000134933413192271,0.636148086171955,59.3783617111927,1.02165672998398,125.287838935852,0.473935556838798
39,114,14.435765,0.625795,14.1303237315622,0.635532522459837,130.348548716632,1.02787174117401,120.170907497406,1.08469305451026
165,158,0.2501110494308,0.433552849,0.454283703110139,0.626662666285386,18.6870065599036,1.06737125400008,134.393939256668,0.139046497656526
28,31,2.17292455,0.751233525,1.97665232527125,0.626314079989361,62.7303297148161,1.00200587326845,123.422939777374,0.508255028019643
126,34,0.00677441549212003,1.56075965,0.000100878416762873,0.626259995774754,39.4205750732461,1.01366807124384,124.385043859482,0.316923754256016
81,63,0.0202855084695708,0.94998139,0.00219131423117238,0.626209375131863,15.121922708117,1.07162822581056,126.52956700325,0.119512957060294
127,131,0.0347164403200824,0.57036828,0.0200805107665084,0.624244111540387,40.7815947568899,1.0183022849025,128.712451457977,0.316842654264917
200,200,0.259188665,0.39568343,0.452421520124836,0.61911279658775,1.76540797324489,1.65851048595651,232.720277070999,0.00758596541506476
200,200,0.022124772209327,0.2754805575,0.147614141818972,0.618655419078554,3.49195664225304,1.27161239211159,128.72815990448,0.0271265948712711
63,0,3.9330582,0.7998467,3.86922313311034,0.618043553297471,67.9809354393175,1.00879685989782,119.672965049744,0.568055913138447
123,116,0.0104059889065086,0.629086725,0.00254519402761758,0.613070848032911,11.8993108341623,1.09149390966353,126.218742132187,0.0942753083508019
198,113,292.697135,0.603862735,295.928473987206,0.609907281433817,168.859916554621,1.01064554555434,149.839091539383,1.12694167336325
162,163,0.0133699796934535,0.4087433,0.0172385055324559,0.609884425910626,32.6482419028753,1.01539026870677,129.898354291916,0.251336840107351
199,200,0.0135167154509786,0.1846519485,0.171834272420623,0.607377825529581,22.0808551294085,1.00267308197485,128.151586771011,0.172302627581692
70,32,0.00317594944165669,1.576822155,2.49781406192199e-08,0.607277325988958,43.436853633919,1.02085176767757,127.981246471405,0.339400145189429
153,145,47.179347,0.573145605,47.7085820857195,0.604695901074881,169.442089779259,1.02118249191389,129.720698595047,1.30620704031368
68,26,0.000995159163784004,1.509903225,1.62456868874887e-09,0.601946242288787,33.1298471484679,1.06624318010687,126.670976877213,0.261542525093037
200,200,0.315379205,0.42777591,0.607431444786132,0.600347837091473,1.5048750701371,1.93226376041274,243.848472595215,0.00617135327574995
89,19,0.00336269376666324,1.501145235,1.13426448433736e-06,0.598870133357967,41.998296367481,1.03805799234803,125.752722978592,0.333975244215036
97,96,0.0181541677615656,0.84630742,0.000454964153133467,0.591022546688329,14.3571183067795,1.06602787947586,125.5750041008,0.114331020011395
5,36,0.00117781969456088,1.31304213,4.4292416584159e-19,0.589940343821056,34.8919499616092,1.00380929964308,125.356819629669,0.278341059263369
200,0,0.66746632,0.660117055,0.852446270298289,0.587796983227204,1.82026000943173,1.87058411870864,240.814457654953,0.00755876547927144
0,34,0.00408229670407369,1.44875563,2.26183165788124e-20,0.587114410094891,40.8409599404907,1.12597597466832,125.254117488861,0.326064809359443
149,145,0.0206612333468935,0.4635843115,0.01297645903831,0.585955032084781,11.0610037537568,1.07917960874932,129.792888879776,0.0852204142247145
89,88,0.0385652726350054,0.6359320075,0.0154753910443398,0.583591692668183,2.24705744574442,1.40900713271762,127.919545650482,0.0175661775088235
36,109,6.9854012,0.577491905,6.74546919783634,0.581403433212228,118.413452795895,1.00185765887988,118.438788890839,0.999786082792803
200,0,0.68636317,0.69189765,0.776336172353256,0.579647957159336,2.54352193994851,1.46680857935182,237.701611757278,0.0107004825131171
98,61,60.094093,0.622508745,60.1182951579252,0.578385101849271,137.406057220571,1.01311920633836,130.574803352356,1.05231678465394
168,153,0.00971876298106882,0.3958264855,0.0151879058063466,0.575366988676691,21.6263013415692,1.00208186852137,128.682521343231,0.168059353483493
121,51,0.00233109740633641,1.150958055,1.02177531780008e-06,0.575334770955291,27.2029635784608,1.09023242194585,125.313894033432,0.217078591231101
93,121,25.162166,0.56265529,25.1339536391719,0.575096960903845,115.64889045932,1.02551264572488,125.170129776001,0.923933614723257
195,192,0.00212063536843622,0.2545076735,0.0163856316372323,0.57456384897603,30.8661607649972,1.03703824624848,126.940759658813,0.243154057435595
164,163,32.7397175,0.53266751,33.2811770714225,0.573328161195852,146.177320554123,1.01526361517821,127.614898443222,1.14545654416016
97,107,0.946219045,0.56691073,0.966950383881746,0.572977495247084,46.3666641556995,1.02126626449766,120.298140525818,0.385431262304079
154,171,0.0243222304402591,0.329598504,0.0325290765703603,0.572349315124893,17.9608700368511,1.00926256021317,128.487535715103,0.139786866771855
184,184,0.0254586634849198,0.2462605705,0.104803016941399,0.571450359275109,6.73559896150604,1.1651178365389,129.040089607239,0.0521977238392137
59,64,0.15950657938108,1.62967213,0.00149303587087448,0.570510137291803,1.51925857518424,1.92608359104504,127.282477140427,0.0119361172827277
27,13,64.0947105,0.68872229,63.3474728728252,0.569688575253785,228.929171600243,1.01258103414699,130.357240200043,1.75616767621756
176,176,0.0158728150242226,0.344177006,0.0397250399894511,0.569371607883806,32.3902156689036,1.04252746934093,127.412162780762,0.254216041561413
134,4,6.7541928,0.747625755,6.8562163711859,0.566156398010366,102.609112610461,1.01109334736224,119.721729516983,0.857063400474059
56,44,0.0867786200048629,1.42660633,0.00245123959830618,0.565967349403506,1.99161129567575,1.54157179016581,127.517634630203,0.0156183205675933
186,13,16.943517,0.658969325,17.5437016933999,0.565729239376074,142.008586448801,1.01106619327175,123.469615697861,1.15015006441995
92,118,73.1667215,0.55086546,73.057268376064,0.562302111390913,155.029131661234,1.01220275224057,130.475017547607,1.18819015758835
192,114,0.48730565,0.53966211,0.633718911923697,0.561072685850878,1.36107986766605,2.11314244445694,231.485188007355,0.0058797708802984
70,61,0.0168977024952838,1.022819975,0.000400370404677577,0.558656462668121,18.7912084912605,1.0485750297558,125.20725774765,0.150080824620674
111,52,77.1072555,0.59154654,77.1889996670149,0.556567272794295,162.236352308922,0.998906474411455,130.544048547745,1.24277095826078
106,78,86.3072235,0.57414526,86.3997608116186,0.55596238349922,223.893881082938,1.06048638166125,130.750223636627,1.71237857080206
187,165,0.538400892429585,0.401578382,0.982965761056752,0.555128592730989,9.75231086287799,1.20224838554449,129.393412351608,0.0753694541757464
160,171,0.00492252984117557,0.3416431275,0.0069329791281413,0.550562384233046,20.2876623174892,1.26269140291271,129.016063451767,0.157249119022096
196,177,0.34857464,0.464223465,0.492524658918805,0.550492687190822,3.06824786905272,1.28358661413267,233.614263772964,0.0131338207671881
0,37,0.00390474377150649,1.595618505,7.77663689754499e-20,0.549810849681963,41.7186733611577,1.08042841585789,126.554148435593,0.329650776974645
170,164,0.00699655039614727,0.3054065625,0.0246833754403611,0.547210153030188,8.55842421944577,1.11115689034395,128.478802442551,0.0666135117757863
200,200,0.0375813425,0.204402485,0.498010583939002,0.545662881777484,1.83329569221895,1.78550517912917,241.897792816162,0.00757880289388263
200,193,0.71016171,0.36926043,1.25237197594681,0.542423950132309,36.0430640500725,1.04162533277405,126.071120738983,0.285894690542935
117,77,10.47887385,0.559585715,10.5322045687524,0.540071643600437,145.463386497303,1.00111261411009,121.797475099564,1.19430543513643
41,66,2.4025838,0.58040339,2.18094219105736,0.539047654824875,23.0900120327345,1.05608488351975,127.665438652039,0.180863452760054
132,92,4.5638531,0.54905305,4.6732135317931,0.538232955221904,83.410962570148,1.01019046399507,122.369319677353,0.681632968051754
128,112,0.00172158296142434,0.549152885,9.0660480960864e-05,0.537935409420265,26.8763530037081,1.02315007366117,126.717240095139,0.212097051541917
14,4,5.9531317,0.71949519,5.60048615746105,0.537625968345332,92.7905355147538,1.01048720995849,121.54620552063,0.763417789286763
117,7,0.00555788228061197,1.581563925,7.4677033722591e-05,0.537162369596268,42.8167296159614,1.02163296226544,126.402163267136,0.338734152242896
120,96,7.28231345,0.537943535,7.37557310074622,0.535536387707268,129.002602389216,1.00036986526833,120.753742218018,1.06831142472012
166,163,0.00760595871670585,0.3492768475,0.0179690155968418,0.534648259458937,6.38910343665134,1.16368170293769,127.603717565536,0.0500698847850568
44,43,0.028045481053761,0.870714765,0.000891781019001832,0.533741663569999,2.14756978766754,1.57901715137312,127.572139501572,0.0168341598413115
1,101,8.66411105,0.53033688,7.94231819082009,0.533073343646574,89.7324390120245,1.070074170858,122.476469278336,0.732650439229284
72,20,0.00464908800915273,1.78326686,2.36225011576198e-08,0.532967224111761,28.1837511404404,1.04542985185314,125.861399888992,0.223926884376767
117,119,0.0149851393250282,0.5802309555,0.000798835454791399,0.531056808132324,3.87100196971332,1.3267766446361,126.603801727295,0.0305757166601638
143,113,0.000359432942470928,0.4876485,0.00011436845283527,0.52776819594673,27.4705075105173,1.00354282892364,126.489808559418,0.217175658840635
6,5,0.36140195705,1.69968,0.0437307270044987,0.526422163574658,32.5416309556778,1.03241214895633,128.28578042984,0.253665143920413
185,187,0.0179506739212769,0.2137087245,0.0918203021871756,0.525878185027021,14.9310705866172,1.12496530423191,128.319102287292,0.11635890775785
113,92,0.00380695359628716,0.6339641635,0.000140752921549529,0.525692357219346,13.4825528566703,1.05744705939212,124.844800233841,0.107994508633254
88,92,0.08951293158,0.68712217,0.0246351198926993,0.523809045842147,13.2911195434237,1.05509276617083,127.197578668594,0.104491922586458
39,32,0.00719890388945773,1.6304530985,6.86178511713355e-11,0.522553865728847,29.8198073822871,1.01086137407645,127.146860599518,0.234530426010379
52,5,65.336585,0.674101305,64.9412610056065,0.521905328550647,181.86418229781,1.04664937631707,128.981280565262,1.41000447119759
161,160,0.0269949723538146,0.340101426,0.0492472862507431,0.51823719736423,28.5816019745794,1.00975385894564,128.07972741127,0.223154768926096
56,105,9.76677155,0.51534046,9.56289114033934,0.515302562151977,114.211393422372,1.01787094111004,122.277564287186,0.934033925914082
91,19,29.3182215,0.575175635,29.3039334410336,0.514763638745673,112.662243137906,1.0117955068364,125.927625656128,0.894658678355092
35,9,0.00491063783492276,1.493403455,2.14680452733077e-09,0.513255779028824,56.709577584218,1.07878801541341,124.909502506256,0.454005311416381
106,108,0.0274774635255629,0.55414618,0.0034823532432129,0.511540776839543,12.5462615367327,1.04620810883992,127.352246284485,0.0985162170497281
149,145,0.00663978469212465,0.382796398,0.00541857976281495,0.511168049360307,4.10263194665909,1.22718480370843,126.37588429451,0.0324637249389939
171,155,0.47119765465,0.407472605,0.740192863391389,0.510938180216383,14.6763199180619,1.06460384189039,153.237998962402,0.0957746774131578
60,126,8.20463715,0.492614515,8.01221187523018,0.510701359029348,117.747876034308,1.02899641244057,123.101340532303,0.956511728671305
63,52,0.025201815461861,1.017857935,5.31509182623261e-05,0.510267164778223,20.900260493649,1.08982295758693,125.697108030319,0.166274792007209
64,34,23.379701,0.5749459,23.1310945755308,0.509695963488586,130.869898455959,1.0129526751918,126.285323858261,1.03630330475173
199,200,0.00943137886860492,0.2704380615,0.0628208745869976,0.508156049761897,17.6739670033562,1.03208666273912,127.161086320877,0.138988801642964
121,10,7.402472,0.60915189,7.43979794109735,0.506981393146289,130.513220469907,1.03447687974112,120.286708831787,1.08501780236104
92,84,0.196310053973,0.59743556,0.157995424000151,0.503877209515826,30.8223623636653,1.07055562018187,127.025951385498,0.242646183929185
1,10,0.00437643063884844,1.63133147,3.44278481329708e-19,0.501629261386073,34.0628695568166,1.05268112344803,125.254908323288,0.271948381207537
14,28,0.0042807977683966,1.42266865,2.33037552452107e-15,0.500454658314822,52.2234828107889,1.03658697239688,126.909522294998,0.411501689285353
62,11,0.00122770680796204,1.519604635,1.07964277257224e-08,0.494390775410232,41.4081297097215,1.04437176573883,128.112426519394,0.323217121357491
70,147,30.60782,0.462138075,30.3577250764618,0.493383086963235,133.732616525362,1.00446885202451,130.606559514999,1.02393491584168
138,129,0.0183133179617775,0.382677439,0.0286490762665255,0.491874036919316,18.8442757769,1.0780142158097,132.327820301056,0.142406001504656
99,26,0.00214391277218986,1.313040345,3.71580541580474e-07,0.488475185371524,35.3367872824568,1.02225489227565,129.986709117889,0.271849233835197
79,61,0.0281090530599257,0.908988345,0.000444421065577821,0.487280809988419,17.9038795301734,1.02356495118761,130.774125814438,0.136906895142072
117,6,0.00548009804648182,1.571077805,0.000163789765622217,0.486855865503847,32.2111615537557,1.05355579604964,131.139600992203,0.245624977581493
74,69,0.0436713324212827,0.70253647,0.0057902900488749,0.484628839882247,18.3293924182036,1.05316592363748,132.41405582428,0.138424824344385
33,13,0.00769941099922361,1.67478714,3.27531714752966e-11,0.484108644246025,20.7814067497686,1.04144237145361,129.884557247162,0.159999057549412
77,69,67.7750055,0.50089667,67.6126257699048,0.480243474017806,202.018389237382,1.00654685584059,138.526555776596,1.45833690951777
200,200,0.00135646014033121,0.1361945525,0.106449378615835,0.479665609394957,12.5824392548682,1.05350129980823,131.999997138977,0.0953215115726151
93,68,1.10015749,0.554500895,1.1035796145629,0.477814037840975,33.2837970292255,1.02207092334085,124.410830974579,0.267531345691489
37,18,0.00567166350920943,1.80441108,1.53175701093885e-08,0.477623250431968,33.1415639065134,1.02640306304507,129.454566240311,0.256009230643836
174,174,0.0284195203027438,0.2323896,0.0969156803952071,0.471435982645647,5.79625382936205,1.20838308978773,133.304809570312,0.0434812055772434
168,165,0.00497051665869975,0.321356962,0.00727780409723844,0.468970137117213,48.2175951106988,0.997407471309174,130.441899061203,0.369648061379996
1,48,46.314522,0.507608645,44.6826740278821,0.466755610019252,117.80184657951,0.999025626101617,136.049881458282,0.865872467633364
68,57,0.00931503701654778,0.79513772,9.31270504413963e-06,0.462502022815652,24.6040828014785,1.02759304375248,127.904862880707,0.192362371901575
91,66,1.484469605,0.498023605,1.54641566836076,0.460900269469808,29.3032138677053,1.03082941159684,122.654200077057,0.238909175953989
56,11,0.00197914121691721,1.34997289,1.76038005086633e-08,0.457491138632524,34.8705888253921,1.05240393305646,128.391919374466,0.271594886931233
137,198,66.258539,0.365393905,66.6898219134756,0.457085899626252,152.867023979443,1.00328037776262,138.317675590515,1.10518791851304
194,198,0.0292081000638097,0.2030269135,0.139036045925255,0.454679627331455,1.85735768521068,1.62184998665265,135.139605998993,0.0137439921589273
36,157,20.5953915,0.42071862,20.1081964857634,0.453157788107089,160.955706764707,1.00089418941366,129.855780601501,1.23949589320666
200,200,0.1049287135,0.27354952,0.488836098128551,0.453147855274555,2.8423432212034,1.32144418687979,250.738132715225,0.0113359032805416
153,151,0.00977056633951969,0.2878795055,0.0113079043209213,0.450607597974554,20.317926574712,1.01518683256934,132.597324371338,0.153230290815008
57,68,0.00565257557342703,0.666927005,7.98480473055444e-06,0.449855930358851,23.7628548469289,1.05152610693036,129.38663816452,0.183657719097033
129,161,3.9163843,0.389479495,4.064970728387,0.447194407140303,83.868142430265,1.01989475820721,125.519623279572,0.668167576024861
34,38,0.0156645395867573,0.94786347,8.02454960784567e-07,0.446603730520619,8.86002999216457,1.10856216822869,129.170193433762,0.0685919077508233
159,160,66.597932,0.40642239,67.2543271162822,0.445272063918073,140.62470671108,1.07382930622567,138.268092393875,1.01704380436878
40,179,21.753475,0.3814411,21.276965576316,0.442256330224905,151.35469246869,1.00633153780915,129.61651802063,1.16771145205892
167,160,1.206834775,0.368837295,1.46045011201698,0.442024740285695,22.2705028412031,1.02363871199138,140.125282049179,0.158932795820435
186,195,0.335098756775,0.238078752,0.70984657707126,0.441120925263562,37.4823357474863,1.00783040054498,132.484989643097,0.282917603333483
156,44,26.4960605,0.48221711,26.9434407673523,0.440360609066674,176.360781187506,0.995992219981956,131.669989585876,1.33941516774011
47,52,1.09000719,0.51529332,0.965880381380457,0.436777463148265,22.036100408929,1.00007696088438,123.91475725174,0.177832736775342
53,41,101.3465465,0.46995826,100.665911984761,0.436592533356477,125.523911587001,1.06057841297958,139.087440490723,0.902482000848764
35,41,0.0210252161182842,1.016654375,3.21241824194837e-06,0.43408614124691,17.6031864410407,1.01648653623232,129.927424430847,0.13548476403771
54,82,1.8132333,0.455376935,1.71272280177785,0.432976382139543,28.2938810963212,1.02706406092487,190.878509283066,0.14822978868911
101,97,0.0280989317034447,0.535796996,0.00563886219086858,0.432949626002067,20.1840426275035,1.04490394211158,133.906020641327,0.150732898571957
28,10,0.00219032059912865,1.487180875,8.73052274009568e-15,0.42851493445562,33.4743868419151,1.1978674982783,129.387446641922,0.258714332114112
16,10,0.00702877793958873,1.705034445,1.35852136096493e-12,0.428063816000885,35.042542183574,1.0879693687516,130.115744113922,0.26931823218021
81,66,0.0172490762505386,0.64561705,0.000887615317801313,0.427559131559938,1.50691249658854,1.88621615704166,132.35963010788,0.0113849857041783
200,200,0.001082605575,0.1105992935,0.3181944092106,0.426510710437624,7.56304001953412,1.04673230235772,250.219512462616,0.0302256204765968
170,111,7.13114195,0.41179514,7.47130940399296,0.424398532403361,64.7806018251679,1.01435743680522,124.187650442123,0.521634813079569
46,0,0.512009005,0.557527505,0.475861582426984,0.423928904802791,9.68973296596245,1.00891818469326,242.441581964493,0.0399672898000706
197,197,0.00412350787203784,0.1892710725,0.0323820587127137,0.422292804649352,26.0179213565066,1.04271451101629,133.892441272736,0.194319568074114
16,19,0.00776766188343819,1.56137219,5.4076058510995e-15,0.419815904018417,43.5076144957287,1.04604951682894,132.334331035614,0.328770426806479
78,52,0.0155931016044115,0.695624315,0.000814407285134212,0.419441594847415,21.2232137271115,1.10642382055084,132.095612287521,0.16066554641434
77,7,0.00374943591243239,1.785684255,4.21336514608826e-07,0.418433945182321,42.00816900808,1.0118774320933,131.780817747116,0.318773018154225
122,115,0.00207855652722275,0.396776283,6.42044074304543e-05,0.418357823870047,3.01687879389089,1.29455529460537,131.673299074173,0.0229118493658418
6,4,0.0331632330003792,1.212693755,9.63050799849953e-07,0.417548434615817,60.5253533845986,1.02596797395526,132.710651159286,0.456070050564011
19,57,2.5473495,0.457422315,2.25477618738172,0.417439102535575,94.5084372401112,1.00877287437287,124.944884538651,0.756401013047284
42,163,93.721837,0.379488575,93.0484245487051,0.415933137892661,148.482942091156,1.01433578990883,138.625846147537,1.07110575854035
22,19,0.0389377882046063,1.591529429,1.31351474057286e-05,0.415714631954074,1.34082197369144,2.29090660409788,129.537363529205,0.010350851191974
174,177,0.0141739665711286,0.2080692785,0.0416009212815378,0.413982879047708,25.6483767942607,1.00767640379114,136.435377597809,0.18798919492764
44,12,0.00305227685056751,1.48330396,9.99772968923139e-09,0.413190644939888,43.2257923548894,1.00902584096713,130.748213529587,0.330603311418155
134,148,1.04533053,0.3502728,1.21025302898514,0.413066895174403,33.9330534711362,1.04768037742557,131.087368965149,0.258858299918718
158,123,0.0062667161669157,0.349715796,0.0114311249293201,0.411157872907735,21.3688430087562,1.04100877828028,132.740864276886,0.16098164740123
81,92,0.00804650286066992,0.593813165,4.77822417277442e-06,0.410564673328617,19.0205232684298,1.02374997209235,131.670942544937,0.1444549792141
162,92,1.6217015,0.431126545,1.8784655372434,0.407767171492176,9.08605179100232,1.00293387154851,277.125926733017,0.0327867258690516
22,23,0.311861281702,1.46676149,0.0195365628225115,0.407273024135441,2.05096246721656,1.50853740692563,133.092015266418,0.0154101090370525
3,3,0.34686855054,1.384194165,0.0211021707070143,0.402536960531254,6.98234684850912,1.33004315488765,133.847611188889,0.0521663912152715
91,90,0.00798233723718179,0.5210047475,0.000145098519278317,0.402251478529027,3.57588183734565,1.23087227651273,131.794937849045,0.0271321637667252
45,37,0.00992689406814609,0.77542701,1.74943927938542e-05,0.401286903524922,9.48283057146783,1.14275398092236,129.61820101738,0.0731597144308177
70,59,0.20275299483683,0.6080222785,0.0978274600003378,0.399908108189584,32.8930191604207,1.02857667063269,135.045678377151,0.243569579979879
35,57,37.5783315,0.422728055,36.9099714429845,0.399903512549541,164.987588708224,1.00070519415564,135.128176927567,1.22097102513759
185,192,0.308867259596302,0.199959558,0.789156234857236,0.398466309837741,24.0343091067499,1.10382319841821,136.159929275513,0.176515287828313
47,13,59.107067,0.47304494,58.6348040951855,0.397348216351596,167.277081672845,1.00514939542411,137.177399635315,1.21942158196284
78,184,15.859785,0.34912847,15.6432668691871,0.395626430912017,33.6666220486355,1.04986077140695,128.774841070175,0.261437884674143
46,12,0.00418935832151955,1.60743981,2.20862829329266e-09,0.394997284887238,37.2513827006353,1.00508953251968,131.752298116684,0.282738010897118
63,3,0.00808476986544847,1.876111055,2.23786013272832e-07,0.394834136903133,26.6323428525234,1.18917825100857,128.90074968338,0.206611233200277
56,60,0.0604980491582175,0.70103553,0.00238110292171889,0.394387561339599,10.2441938575963,1.09069988932652,134.188333272934,0.0763419114593218
139,81,9.41993125,0.40915851,9.595858223166,0.392909851329566,143.015850012583,0.999482988746054,126.563872814178,1.12998952096353
44,55,88.0752725,0.423807325,87.1957972385826,0.392068344212463,130.836115846138,1.00655310258987,137.904936552048,0.948741351233341
97,81,0.0660491635952593,0.4366965755,0.0384252815849946,0.390090066671758,2.1174524027818,1.49252807610209,135.177134990692,0.0156642793393099
38,64,0.0256430392391398,0.71496798,1.05044910653858e-05,0.387314953482367,14.8091675394965,1.00898267573916,133.158757925034,0.111214371253251
48,12,0.00605774557829704,1.870254955,3.14880511703597e-11,0.386448099759864,43.4696389570738,1.01886846395296,133.990565299988,0.324423132776184
137,140,0.0268858609316599,0.3014982435,0.0205824204332498,0.386132776906332,36.2406500941913,1.03453479902961,134.201286792755,0.270046964230359
54,5,0.00537788983581132,1.71033304,4.58750800734362e-08,0.385159570310604,46.6823575579922,1.00509799628836,130.368646621704,0.358079636229194
25,22,0.0102460777960943,0.8955898,1.02656274788802e-06,0.383469293608406,5.13456727705031,1.29602924548124,128.700650215149,0.0398954260795641
200,200,0.000340244711,0.045712315,1.04689959403273,0.383156451314864,4.8202579419412,1.27813988836217,148.658519029617,0.0324250367446541
121,127,0.0226212139040221,0.318411015,0.0137165993680744,0.381133056713612,11.3595396006193,1.13853215235388,134.41406083107,0.0845115423965638
91,117,0.20079796284685,0.362415508,0.156806065979128,0.379147714117201,20.3161669641162,1.01907629417073,177.196543216705,0.114653291736455
45,9,0.00431442447690083,1.36613788,1.25601186224379e-09,0.376884433298725,55.1389069193968,1.01614475800766,129.223917961121,0.42669273451364
103,7,0.0123451597336009,1.54840249,3.5718509781268e-07,0.376627333063167,25.6320646326741,1.17399209153482,131.958831071854,0.194242889425998
126,128,0.012754053377833,0.318072934,0.00719377288993187,0.376554492407316,29.5294821691721,0.999298513489232,135.480008602142,0.217961915369299
53,7,0.00115411792460951,1.43765338,9.72838913073516e-09,0.374707850723388,42.9322106094094,1.04330106311163,130.246795654297,0.329622010228649
56,3,0.00604087783940683,1.771182095,3.0135893999886e-08,0.372706241392229,45.1982616827411,1.07839195624611,132.972750902176,0.339906194134407
52,52,0.0306420597778931,0.76089484,0.000153909168986897,0.371534117845881,17.5918386926381,1.05701254638615,133.270483970642,0.132001011540661
53,61,0.00767073615334307,0.55089593,2.0810436018335e-05,0.369059069972777,14.4992441396687,0.999682376400596,132.574798345566,0.109366518528472
68,19,0.00369545685880837,1.33633437,2.30701259559314e-08,0.36736108614645,34.7041448458365,1.06597464219583,132.603410005569,0.261713819006456
9,7,0.00462524838106904,1.606603285,1.22360952585523e-19,0.366919272467094,30.6904970849213,1.05786914334598,132.014542818069,0.232478153010886
173,187,2.66047055,0.299044245,3.03528337897571,0.364136247066586,48.8482190599956,1.02805954849624,134.030570030212,0.36445580324686
65,65,0.0271545373206748,0.80180325,1.19723176276168e-05,0.363083168126075,28.4081526835352,1.02862179186189,134.970914840698,0.210476106775037
128,119,0.035485944499653,0.3250848815,0.0312307802220349,0.360275951079132,10.1027429524083,1.07471473823815,134.676415681839,0.0750149378512947
21,19,0.0543699589995495,0.61932498,0.00520808130843801,0.359277931276774,4.30508641502812,1.42835113151602,134.132400035858,0.0320957979867446
69,12,0.0199939248934618,1.99948905,8.42995067458183e-07,0.359148381780375,22.4294861379031,1.0521775639935,132.151064872742,0.169726109732844
143,140,0.060639396096251,0.311909783,0.0374870352272964,0.357555246498838,2.49256284122527,1.42733009599949,134.450059890747,0.0185389492816195
56,60,0.0219032341660995,0.522826285,0.00089255247423162,0.357221143782817,22.7396815788579,1.05798962199546,133.593364477158,0.170215651562141
28,7,0.0050965933598923,1.67786843,3.59823764468167e-11,0.354729650296081,21.7263752695893,1.19587274879788,132.924440145493,0.163449063586867
168,113,2.3469889,0.34110125,2.66346580520411,0.349743367677769,50.3296820705329,1.03319425075374,131.210040569305,0.383581026666543
121,89,10.83828815,0.35885233,10.9119765606721,0.349179257092987,140.935707721759,1.00262197331344,127.947660446167,1.10151062731668
178,108,64.9556115,0.34528457,66.0483340060916,0.3484366481306,100.68014569107,1.02927712949677,136.418249368668,0.738025492608282
118,83,359.174485,0.354901295,359.873197245816,0.34821852471924,177.278443600748,1.00049623867378,175.713420391083,1.00890668001443
136,137,0.62533197515,0.29643117,0.83423985650186,0.348029392376964,48.0399470311296,1.05110634201917,130.82541179657,0.367206541691078
105,154,46.9513075,0.325197165,46.9831919567431,0.347862715167062,119.112151898489,1.02311389668722,135.012774467468,0.882228754784901
39,7,0.00265735620530075,1.30359328,1.13717001379884e-10,0.347654341122627,52.5103107621834,1.03703953730056,132.062940835953,0.397615791605089
50,66,0.00740933682645868,0.54136666,7.18577869457758e-06,0.346288533878274,36.5032838581709,1.02551111481142,132.620449304581,0.275246268954618
40,124,5.93310305,0.33456454,5.59521175868062,0.344945571182517,68.1782048330524,0.998371672586966,127.672214269638,0.534009731272171
40,38,0.0168959885283932,0.67017618,3.83456930081301e-05,0.342762118943702,15.5776600536131,1.0624942584954,132.445393562317,0.117615717954613
102,90,0.0239633499219728,0.3576793745,0.00685979359573275,0.342591819717311,1.48870875225492,1.95301108564954,133.690482139587,0.0111354879452117
71,75,0.0778862994006717,0.43514412,0.0234720423389637,0.341845735416683,26.7618878042216,1.04554871817139,133.823539018631,0.199978927477742
22,21,0.142562848619874,1.0952932465,0.000877006456442708,0.340612135971245,5.90821876293753,1.16197130867438,134.254270553589,0.0440076784043842
28,36,0.0485283796506543,0.723693257,0.000138764759167541,0.339326410179846,31.9430462742708,1.05824573480094,133.800857305527,0.238735736956682
89,73,0.00245568676120222,0.49493622,1.66243361768507e-05,0.339102440456844,15.5485373806544,1.04903027075048,132.214428901672,0.117600911714544
52,10,0.00557196884476177,1.822783695,1.86157575397254e-12,0.337045707312415,13.2625108299789,1.10101351558523,130.406807899475,0.101701061805013
37,48,0.0122034547107432,0.653013525,1.37193251571257e-06,0.335916326975973,15.9375424371684,1.03477944252643,131.846754550934,0.120879292717149
0,0,0.307336345,1.266959315,0.0127913663667315,0.334900489967939,1.8854712633858,1.79958084445039,132.889437913895,0.0141882702868191
192,186,4.0170756,0.264908055,4.95353823529252,0.334681022415795,45.4828199014521,1.01592130342229,127.353026866913,0.357139685018895
200,197,0.38153902,0.183904525,1.04742873941768,0.334456335291763,1.86244757094535,1.60889691168254,253.835948467255,0.00733720965131781
25,35,0.00796116559195661,0.811926285,2.5872734672922e-09,0.334365683474274,2.12008948651579,1.49583274587406,129.636514425278,0.0163541074512444
15,104,11.109974,0.329893635,10.5207600531408,0.33239386502769,93.5753224395257,1.00111710242771,129.088851451874,0.724890812700521
72,75,0.011833522016783,0.59119093,1.70928161563221e-05,0.331744944395526,14.1137751753931,1.00854277873278,131.535624027252,0.107300020658046
78,57,15.242473,0.35641559,15.1153306628381,0.330083860772904,122.949738256415,1.04080020079276,127.974027872086,0.96073977119254
46,4,0.00677449696327923,1.602451885,6.1286238456849e-09,0.329073018615616,12.8227121093285,1.13015730983955,130.96884560585,0.097906582668663
27,59,3.6721675,0.3678195,3.26098668410279,0.327918957494472,73.7948842854633,1.02097009191872,125.932559967041,0.585987327699658
98,60,9.2470572,0.35074918,9.28032064950476,0.325434060165971,112.610360956838,1.00797882746107,128.026828050613,0.879584089299777
167,176,0.0087883455016127,0.204047024,0.0183774002050296,0.32536330576713,30.3605638171399,1.0254653709632,132.885946989059,0.228470839129735
117,163,2.28365965,0.27496225,2.39241788221384,0.324767049489317,36.4718160877512,1.00281406007598,136.786553144455,0.26663305163655
147,129,0.32912795598,0.2981710935,0.441347823148481,0.323508883975246,41.4502131720307,1.02275952629788,221.792735099792,0.18688715459224
17,17,0.189279321621123,0.8380941975,0.00952162184212086,0.322783123153458,1.36687737131707,2.09865210793715,132.845152378082,0.0102892529147536
35,38,0.1546733840745,0.524702135,0.0207029427689791,0.322150572714768,1.56838724796076,2.21962032316717,132.608791351318,0.0118271739903401
113,95,0.0277420418012943,0.348093179,0.0111108629758139,0.318867182607742,16.4860376655493,1.02203563836537,133.690037250519,0.123315379400011
72,28,42.992417,0.35598303,42.7277223542014,0.31845585185969,166.877716269287,0.997927475880912,134.074375629425,1.24466525005888
35,3,0.00263660406984243,1.52107497,2.56563396783098e-09,0.311018738982749,41.808878897597,0.999894501516905,131.802112102509,0.317209475862423
183,2,56.6691675,0.40068101,57.6304363374524,0.31079285568934,270.989589744428,1.02522034907084,134.286097764969,2.0180018204023
108,105,46.7244415,0.30981613,46.7270567247623,0.309071132320584,179.465300925741,1.00194689531563,133.905559539795,1.34023786273345
8,123,16.9957195,0.30369323,16.0877491119664,0.308566040874623,168.482133279999,1.00024719674028,128.793123006821,1.30816094327549
51,45,0.0211958639105232,0.609600195,0.000161672917200292,0.307887567319648,21.9698615007576,1.05172639250263,132.945915460587,0.165254129279894
146,131,0.2491190698,0.28824681,0.35895864377679,0.305733963963442,19.5669154267665,1.15135228319005,204.665578603745,0.0956043295616905
131,141,0.00724423127047931,0.2519900445,0.00345003775497521,0.305015568717531,22.8966503224965,1.06278540651829,133.381543636322,0.171662808048814
30,2,0.00191396872858444,1.488112705,8.85867614632621e-12,0.304270371886572,29.3452438431004,1.0349100658844,131.153830051422,0.223746754719972
34,34,0.0129538078969214,0.813321886,1.32966007383601e-08,0.302749801840476,9.46679784613849,1.03887584995245,129.707959651947,0.0729854811650827
41,127,4.13749065,0.28944115,3.85208622208511,0.302682532998778,80.9770270696638,1.03435421952359,129.443111419678,0.625580041931484
54,48,0.084264671150515,0.49554976,0.0123871025521361,0.301790019478627,14.2819660332312,1.05054255949453,132.477150917053,0.107807013770801
11,6,0.00289173717010661,1.54239017,2.39062186857219e-13,0.299676707185291,24.1375493720171,1.05475554065949,131.144029378891,0.184053742182046
92,98,0.00161057092061926,0.343704646,8.35720921961887e-06,0.297848729820242,50.2459498922881,1.01244573513163,131.372411251068,0.382469571912342
78,73,0.0354757871492038,0.575599205,0.000266835487064669,0.294815387673952,15.4281523606378,1.02309969317496,132.931207418442,0.116061176756433
1,0,0.00293004250351585,1.377031125,1.03086289915614e-16,0.293503011708582,44.3161319021604,1.01616501425393,131.364263296127,0.337353027301352
21,1,0.0040814316041332,1.60053449,3.15007410918405e-14,0.291459349246434,34.5571893029988,1.06254179601938,130.695031404495,0.264410887939923
19,18,0.0111854958896422,0.81840406,1.11531207268368e-07,0.288843794230849,16.6765836813283,1.09999050387312,130.838216304779,0.127459576814172
9,184,353.401285,0.25629409,349.392585684904,0.28734834071822,195.922091977159,1.00808640388804,179.764067649841,1.08988461675662
27,16,0.0539552101369807,1.014538155,4.97193356494898e-05,0.285394742273213,15.4454348783182,1.13464876117499,125.628955602646,0.122944864137619
56,73,0.1022261421062,0.40005554,0.0131445774717439,0.284052588972398,15.6683270481406,1.05633088039121,125.947967290878,0.124403175256925
107,131,7.8988812,0.271199375,8.00586466583392,0.283018075088326,64.6568543155305,1.01261133719185,119.962606430054,0.538975070979554
200,0,0.153243205,0.307065435,0.200354183111491,0.278984529854966,2.47432122204519,1.5689399184347,232.204062223434,0.0106558050636699
59,68,0.0321111752599993,0.535504476,3.86001022903915e-05,0.277378850497823,3.74252762066733,1.2474966877217,129.673826694489,0.0288610872067864
19,20,0.0594368760352228,0.92914692,5.02259890929141e-06,0.276821755371482,16.7082985039894,1.09401917396457,127.257053852081,0.131295657083264
60,57,0.00554228187353727,0.5244539425,1.58417510602013e-06,0.274912401802073,20.4624070145934,0.996924546889136,123.81748342514,0.165262662820674
95,72,17.9230615,0.283565865,17.929821494083,0.270442250118732,130.176543188352,1.01678267753954,121.767008304596,1.06906250716713
162,131,47.3499155,0.257449195,48.3233034533295,0.269432409437892,163.774008672959,1.00714574462963,131.279079198837,1.24752557431413
118,133,1.080407485,0.227140187,1.2175194238796,0.268393295018447,28.9422145139791,0.997389880415802,121.017949104309,0.239156379100698
200,200,0.019942507165,0.0769127815,0.605386761234326,0.267558299223399,2.14134298683805,1.42018210017662,137.545865297318,0.015568210518065
15,1,0.00162975543797242,1.545274625,3.17699730112465e-12,0.263581073994035,56.8018341263874,1.03181313836125,125.438627481461,0.4528256986452
90,124,8.0001001,0.25331747,7.91444378490831,0.26230881348259,76.3874073549767,1.02686687958081,120.531465291977,0.633754905160531
104,106,0.0853488584077046,0.260636818,0.0523438225648908,0.261628835029676,25.6552776089004,1.00715018672062,133.220764160156,0.192577168961874
161,179,0.0150676920321416,0.1451305745,0.0193613577005646,0.261208629279169,35.4919285056607,1.02630757439726,130.608760595322,0.271742326807839
10,16,0.00778733420852126,0.73308993,7.88651593949013e-10,0.260948990157585,24.2805341637512,1.02801611323882,121.647314548492,0.199597781947519
27,25,0.0142123929010999,0.704183869,2.85279509914576e-06,0.260897676006456,17.1425848492858,0.998064868559747,127.310791492462,0.134651467077721
107,96,0.56691103865,0.2656251905,0.642919705599449,0.257540594842854,16.877473110115,1.03147884411842,126.158492565155,0.13377992053447
146,168,0.1304715762457,0.1794074405,0.166532457428486,0.257172282756191,34.2449180418106,1.01057468228533,130.172316074371,0.263073740058873
53,36,0.00596414297140764,0.490096685,1.25813116727224e-05,0.256185012856509,7.57748767587103,1.12688290179727,127.747779846191,0.0593160028690467
170,61,9.80659615,0.27568909,10.3673648837509,0.256034520315259,72.8908168972297,1.04914581720286,119.347570180893,0.610744037660343
5,5,0.109570412718333,1.36099228,6.57662847030624e-07,0.255845559194688,1.88714749853724,1.59036192469497,124.880037069321,0.0151116827222728
131,32,16.7646935,0.277547435,17.0472953968175,0.251200276966103,103.304523678885,1.01396088871295,123.374150276184,0.837327134149483
200,0,0.169927305,0.31829827,0.242022887119935,0.249823342140831,7.21714309011371,1.31572386624168,213.19438624382,0.0338524067977091
200,200,0.000370382485,0.0972307855,0.0995537126066957,0.246915465539637,1.53513522738722,2.04369230590414,259.17259645462,0.00592321583526682
147,81,36.97238,0.25251017,37.5264917776261,0.245506625351453,132.566606725739,1.00063462048436,128.559110641479,1.03117240049548
54,71,0.00603603533850028,0.3520653,2.13790656886785e-06,0.240710104994207,17.453964140064,1.05870907313039,127.452648162842,0.136944695866685
139,123,0.00888816089224031,0.2293308715,0.00244519366121636,0.240586209102206,19.9522056958736,1.00806940091265,128.323386907578,0.155483783406089
53,33,27.510613,0.264813465,27.1078424527092,0.240157879318217,115.472346126706,1.00717401348782,125.784768104553,0.918015335773601
25,17,0.0784568545251063,0.882346785,3.73392183073252e-05,0.235884531405412,1.6590694707318,1.72795312191218,124.680253505707,0.0133065936592426
20,30,1.84421336,0.323436125,1.33511447572724,0.235130222459567,38.4285817687849,1.03366708061154,121.437107801437,0.316448427210732
27,28,0.06619758409282,0.50684368,0.000726726357820037,0.232714857201648,15.1356869229342,1.06012350077656,129.127376079559,0.117215166779263
130,147,1.45109683,0.200379645,1.65021727509292,0.230001773330686,29.8532393002123,1.03897773157836,260.201784849167,0.114731108848917
30,2,0.00385015709569678,1.336957025,3.55785307642714e-11,0.229722225120387,40.4640675468081,1.01099518221498,125.681092500687,0.321958273449819
162,115,3.72034205,0.22422052,4.18691257697182,0.228956667475995,61.2926616168691,1.05110937430543,120.397363901138,0.509086408795447
0,0,0.279978342945,2.067387485,2.00513518506909e-06,0.228846187154499,7.05246639895637,1.3503005852106,126.590456008911,0.0557108854909245
30,24,35.248157,0.2579662,34.3278537884397,0.228385697353186,125.266313916736,1.01058993455738,128.33095407486,0.976119244338074
200,200,0.51642725,0.196595355,0.820602778922511,0.225189882888982,2.99918379172184,1.79642684012661,280.353365659714,0.0106978697568489
0,0,0.674187215,0.706425835,0.103125487248198,0.224524922007503,5.01531495576873,1.39518437165827,259.881329536438,0.019298481213386
82,77,0.0135963004031417,0.295661116,0.000420515038423702,0.22405483634698,15.97925023028,1.00288911706483,126.732246160507,0.12608669627809
14,21,0.00657263131753046,0.655993235,3.88584017609507e-10,0.223139770368233,21.7603325829063,1.00892385752783,121.719125032425,0.178774967180462
176,180,4.25020965,0.17664111,5.14535780716283,0.221936126248527,42.5852249657118,1.03486629913433,124.939744710922,0.340846101968935
149,186,3.73161995,0.17122171,4.14448902748636,0.221724674805131,9.47759633950781,1.13841401472143,128.247880220413,0.0739006081287202
27,3,0.00861804351860364,1.875498485,1.99498257755843e-15,0.218531088600497,30.9729307727761,1.01163070281241,126.143944263458,0.245536406472969
82,79,29.067949,0.22307406,28.8565596302082,0.217228029141439,127.691631641242,1.03404883585038,126.772405862808,1.00725099261293
178,194,0.000985073006425213,0.1299469145,0.00367317002779718,0.216502388559977,11.9246059001398,1.08079816750607,130.651710510254,0.0912701858519021
200,200,0.0008256531675,0.106771213,0.0266369588460966,0.212932815390095,6.53995966043664,1.32207852805786,257.834295511246,0.025364971899758
0,0,0.275568775,0.85964123,0.00137732555083003,0.211876419810273,5.34271275782625,1.14576916202832,126.827891588211,0.0421256924712834
173,178,0.00364734128607552,0.1105174785,0.00664530970072456,0.21187029498841,33.5946810073433,1.00906096760206,129.011869192123,0.260399924578368
200,200,3.69452495e-10,0.037198873,0.0970352371240068,0.211834542114633,5.93081972876992,1.34353428480883,138.199373245239,0.0429149538778695
116,91,13.168781,0.21223553,13.3610169428237,0.207930779107053,103.829357895109,1.02303118494524,123.182022333145,0.842893759401866
195,162,3.41000735,0.1722123855,4.42998976592078,0.207622131241514,36.7749691998277,1.03499533359812,127.349295377731,0.288772459170263
154,157,0.877705051,0.165881363,1.19725237885077,0.205517851644607,46.3234424537305,0.997972047379609,136.473618507385,0.339431481046454
24,26,0.0817373720038323,0.707278899,4.77534064296458e-05,0.205373051466538,1.39625740146103,2.14357021192899,128.714196443558,0.0108477342829336
192,193,0.0433951321193423,0.1035969115,0.167190947565956,0.204301659229831,13.1804998884172,1.04756146093416,131.213494539261,0.100450795359873
181,157,1.10246248085,0.1524250405,1.86205520862837,0.201260096805851,19.236412729471,1.02754279494757,136.871677160263,0.140543413572313
22,22,0.0603095834473246,0.611489719,3.61447125242389e-05,0.200138679457314,3.80559791229248,1.21751678266416,128.542489051819,0.0296057586900962
45,65,17.3628335,0.21257623,16.825534901492,0.199612585044468,122.121367669641,1.00257604479377,123.898929357529,0.985653131168244
143,40,31.8798335,0.218751005,32.4426092261704,0.198566565637188,88.0870411235049,1.040236483728,128.287173032761,0.686639506047968
154,169,0.0096583366044665,0.11993004,0.00683214394282225,0.19737231719199,34.3937446199844,1.03096913609547,133.637191295624,0.257366563054298
22,17,0.032111385594945,0.527023923,1.28050473619748e-05,0.19206086725225,21.3682161889292,0.997451186091794,128.946373701096,0.165713975318623
2,2,1.084702155,0.271082155,0.711928569078217,0.190648981771022,2.43610364500585,1.79556326598489,253.428275585175,0.009612596066405
186,174,10.7351675,0.16371344,11.9142260225111,0.189473691492606,59.2244169801423,1.01054422307458,126.93119597435,0.46658677187687
59,55,0.0415283346936288,0.533318521,2.5705894723804e-05,0.189377977202289,7.9437608890634,1.14657176208196,128.60324549675,0.0617695211219545
147,164,0.8616518,0.1520450135,1.13720226609088,0.187888966029631,6.40005646519569,1.11642926449775,277.236070871353,0.0230852228033687
45,58,11.8779945,0.200537285,11.3496147927164,0.187636389429992,93.0843856665926,1.0156933799277,125.339283466339,0.742659309135042
200,200,0.001949324555,0.1212462575,0.0256507193202357,0.186984500743442,9.34503291437642,1.04922744393044,229.418170928955,0.0407336213889977
140,128,16.0712965,0.179099675,16.4424253820392,0.186738556754166,107.189013851237,1.0116838834118,123.603339672089,0.867201599371041
98,109,0.00947893716986825,0.187710295,0.000861596872960782,0.183986182179057,10.9912911443492,1.1383815969674,128.171503305435,0.0857545621366144
15,1,0.00278666562435935,1.378020445,4.29734735002239e-15,0.18287824903062,40.2558536463312,1.03765837381342,126.846081972122,0.31735985077709
12,10,0.00609257050696799,0.51618837,5.62273527965705e-08,0.181426394033928,35.0160305966984,1.03038227505892,125.203705310822,0.279672478620103
113,111,0.6156233863,0.17489942,0.65393514682325,0.18067768436144,18.4475204242395,1.0081048231429,135.863363265991,0.135779948183111
0,0,0.2729282,0.394372335,0.036512767984933,0.179776409954413,3.02233080676933,1.53597367120662,255.74519443512,0.011817742317485
127,121,12.3148615,0.17215192,12.6557273269883,0.179564946562345,68.8123710944031,1.00590653791717,126.159837722778,0.545438012100256
24,24,0.0387111785917497,0.7442387205,4.97032411244179e-08,0.179020363568826,1.49963123358043,1.83683123131562,130.077329874039,0.0115287670421326
116,125,0.00504415776477594,0.151661191,0.000945309814517836,0.178614993771156,26.5166727729408,1.03427884997796,130.669750213623,0.202928931367746
49,59,4.09065005,0.19788337,3.7790521724827,0.178389348435366,34.6527842888491,1.01333662431918,125.150137901306,0.276889701201739
43,93,8.11903995,0.18138141,7.70086231733686,0.176697651891088,54.7421255729591,1.06469817902394,126.138945579529,0.433982742771898
0,0,0.123650907,0.28564067,0.053587543829466,0.175512716000113,3.49010027697061,1.23671091313463,249.214932203293,0.0140043786546611
108,128,0.00182708418000394,0.154459084,0.00012276980070325,0.175506106082417,36.0326790752682,1.01954544648902,127.997308492661,0.281511224724966
132,107,0.00391471586145407,0.1802484545,0.000827851589286243,0.17515267517323,17.4081530960138,1.07975222380461,128.183441877365,0.135806566285437
166,161,0.00553413117427856,0.1174350785,0.00812355858844371,0.174217792206162,22.0534633160946,1.00082298927218,130.976369857788,0.16837742059915
156,165,0.00579565576858386,0.1020097015,0.00711264653078176,0.172477089230576,22.9382058409626,1.01111006252552,134.753395557404,0.170223583206044
9,12,0.0151978670873798,0.588190061,1.47052692219141e-09,0.172003144614303,21.8466008499278,1.00071467424158,130.403850793839,0.167530335315527
200,200,0.0003267268,0.0942118265,0.0614686844428698,0.170950807680903,1.81122080925365,1.82264061407264,172.257331609726,0.0105146224681875
58,37,0.0157692522931299,0.3799069015,5.2111499334528e-05,0.170188451496543,7.30528353349922,1.23076558541447,126.57859992981,0.057713417098547
178,184,0.00281066720765189,0.0968614095,0.00472723557658296,0.168912409658506,28.7448078717466,1.00774936070497,131.94929599762,0.217847375800058
61,78,0.0193321784915148,0.2572053935,5.95201649564764e-05,0.164093641174467,15.6946453868044,1.20921093166879,129.960475206375,0.120764758376587
69,69,0.07237368198824,0.2582206175,0.00569198215682821,0.162525915787874,23.3834038002916,1.02339432552014,130.785318374634,0.178792268818048
78,119,3.46742925,0.1554566065,3.2403464389021,0.162471827739608,57.0905488972307,1.04375436459347,129.798238754272,0.439840705429845
3,5,0.0117798132034766,0.713726895,2.59486361058535e-11,0.160416204183187,17.4586477021147,1.13284224178476,128.575257778168,0.135785438068001
200,200,0.0092638504,0.045390024,0.767477115596744,0.159151759415189,1.77558045178362,1.73900060073869,305.203630447388,0.00581769112372897
97,96,0.00876636407491827,0.1690643905,0.000594074106562281,0.156692874888427,7.05886868465609,1.1088894898094,128.198517560959,0.0550620149043422
0,0,0.440527325,0.532334435,0.0318293488269699,0.156679334237059,5.88544681853647,1.73410224607041,258.02170085907,0.0228098907919031
166,0,0.01054895075,0.157632455,0.0112636722332177,0.154429593806066,2.37743075898763,1.43315320862077,257.437355995178,0.00923498747801063
48,48,0.031848387448412,0.296669392,0.00013206386177396,0.154153106811216,4.30092672589318,1.22027293254497,130.274436712265,0.0330143567259674
156,178,0.00581131058347449,0.094127856,0.00215652646271666,0.152937078713967,30.7431531358435,1.0207272126349,174.841088056564,0.175834830803029
122,95,4.884464,0.1510263655,5.21660408789175,0.150176695441397,69.5103931749042,0.997322882948623,123.59265089035,0.562415262348995
166,160,1.37220423,0.1206782085,1.93415489028576,0.149254002174945,33.9949080609683,1.01076964682094,136.874228239059,0.248366025498928
200,200,0.0655597485,0.1017341795,0.160173967072991,0.148520074216564,7.33529902382353,1.07387187090275,285.42388010025,0.0256996682311485
200,200,0.0044509595,0.13486899,0.0189057263580618,0.145660679663972,7.26582516502048,1.20966285520394,257.627683639526,0.0282028121449357
65,54,0.0202294309706677,0.2351442885,0.000457613755305941,0.145575379824248,40.747371553008,0.997163580987431,128.906680107117,0.316099767049686
13,1,0.00346104183765491,1.272418945,4.74576640204569e-20,0.144438351589067,36.0399244647805,1.05783729561344,125.347563028336,0.287519945295095
200,200,8.71387732e-08,0.048049195,0.00633738579818976,0.144179103950124,10.9318708662889,1.15740843296587,257.584633350372,0.0424399185778257
73,30,27.80473,0.16260442,27.4781254309773,0.144078234828237,127.425146080147,1.00694435665925,127.339364767075,1.0006736433249
200,200,0.0004121610465,0.0303547965,0.69832604103647,0.142230374309352,2.15646068321298,1.71864666119839,302.625685691833,0.00712583493460937
87,48,13.374817,0.15663529,13.2080660238108,0.141946291925568,93.2292031688947,0.999983837252356,127.042590618134,0.733842113225827
0,0,0.307929205,1.02251301,7.6095163408715e-05,0.140917593816925,1.4127984942847,2.17155571809278,128.407106876373,0.0110024945554213
169,177,0.0271451737551241,0.085317463,0.0709717702652422,0.140469961101463,33.7042561011296,0.99643789893417,130.597904205322,0.258076546528195
152,156,0.196407400433479,0.0884618865,0.347431280566175,0.139628942521137,16.2493497182333,1.03789452966794,133.463237047195,0.121751503093598
8,74,98.6421665,0.143745215,95.348573963358,0.139153650608968,121.235951330698,1.01889504624005,134.25376534462,0.903035762307996
38,69,22.9643815,0.147179035,22.1530080127307,0.138829874505962,132.19552047795,1.03419419843032,127.246697425842,1.03889156380653
64,103,42.0622945,0.137544235,41.4309346771507,0.138402421471991,83.7596711012707,1.01980950019649,130.269429683685,0.64297257848332
198,172,16.173571,0.122291619,18.3674955097565,0.137990128824328,92.9710425623395,1.02385481658807,126.228997707367,0.73652682229064
81,87,0.0237144564872756,0.1830823595,0.000274985125701704,0.137745830933905,3.0949429361706,1.27331044034978,129.954658985138,0.0238155596755061
33,22,0.00873163322097939,0.3217513895,1.52200594958371e-06,0.136557243971989,28.063865959983,1.02743251044651,128.726676464081,0.218011267989303
200,200,0.089916821,0.109522655,0.431892120943618,0.136488415421274,10.655628324519,1.07221792181361,253.212365150452,0.042081785058908
200,200,9.85845445e-07,0.057775469,0.0066535161887668,0.136444892341178,11.6575186864704,1.00046474823591,259.974771976471,0.0448409612896035
182,183,0.026215470353461,0.0613466001,0.106023091786723,0.135477904239743,32.3854935317155,1.02046675148954,133.235690832138,0.243069205626873
143,137,12.3835477,0.125658702,13.2013701480014,0.13499888241472,66.3272763297801,1.02478693920082,124.863340377808,0.531198958229766
38,37,22.957298,0.14834915,22.1246413653078,0.134651943887407,142.248823319678,1.00958548065633,126.536263465881,1.12417436253784
92,96,0.000954530827965328,0.1555301875,4.55580254652594e-06,0.134107503499623,5.45789053041976,1.20968418763622,127.775757074356,0.0427146013875204
52,109,3.02575255,0.133806392,2.44997140108402,0.133853783194061,22.1425122119819,1.02467228324794,126.739426374435,0.174708950840322
27,48,9.0371522,0.15335972,7.9465393522597,0.132775960245086,66.5042954078174,1.00554114581257,125.667790412903,0.529207167479481
142,149,0.0645740477935234,0.098672853,0.0750313763241083,0.132705445222209,10.0844072971319,1.10844296934824,130.490412950516,0.0772808290594961
10,14,0.02461240285,0.183243875,0.00258352944246003,0.130749179398302,1.55097364092639,1.84635369553433,253.053943872452,0.0061290237851742
95,105,0.0109041745572656,0.137806343,0.000225187147877658,0.129962592209306,31.2501803616942,0.997335764341525,128.933649301529,0.242374124450719
60,62,0.00485878090501186,0.217247355,1.3044854874234e-06,0.129636037300536,32.296039977826,1.01380554252968,128.608833789825,0.251118364315508
6,4,0.00940478310811387,0.4350488595,1.73710929907744e-08,0.128577235901209,10.3178361871292,1.29178003262519,128.707353830338,0.0801650867652071
145,59,84.3894335,0.13591345,85.2850542379969,0.127762375644269,137.114108695945,1.00797894475888,132.570529460907,1.03427292063714
132,128,0.0021702383025615,0.112953311,0.000830398395023517,0.126417758170272,29.5656025740585,1.00164856822564,128.471326828003,0.230133861804361
200,172,0.0602501755,0.0969630195,0.357318731526377,0.125749825435953,1.58248488957319,1.75823879874207,280.115662813187,0.00564939808677737
200,181,0.001220271905,0.1126311215,0.00349558733405842,0.124704065992572,10.8960763535363,1.12898806528149,256.001690626144,0.0425625171727814
81,81,0.00733978118789311,0.1378821445,0.000306636178047527,0.120627974270851,34.8032603723684,1.00676744136693,128.767748594284,0.270279326557343
85,142,122.361025,0.114132771,121.771052823317,0.120222611365096,114.151447415399,1.03317165325682,133.562849521637,0.854664660302162
139,131,0.327857549528055,0.103272444,0.395773826776547,0.11893521898909,21.4892685932813,1.01002640596765,129.686029434204,0.165702263281828
200,200,1.62038218e-05,0.0710699315,0.00169168844709904,0.11484716269669,1.68344152116932,1.75880813417397,256.016146659851,0.00657552870446872
15,18,0.0168685102943988,0.311405974,9.47563393812255e-08,0.113082076582244,18.7477423507145,1.05384717436828,128.355248212814,0.146061361820052
44,135,65.7391195,0.106415191,64.5345245043439,0.111457094697534,129.694435453656,1.01173518643981,131.346950531006,0.987418702370561
36,37,0.0122192626676972,0.216599888,1.19173654819187e-05,0.110637655310916,5.98968209294717,1.14734793284886,127.827900648117,0.046857392342189
190,195,0.725280303,0.062495614,1.83402609057559,0.109180309298468,16.435649926213,1.15897866081528,134.788253307343,0.121936812169653
52,54,1.30003569,0.136944828,0.844596771088066,0.108469842490836,26.7421684738251,1.02460098285004,128.756105899811,0.207696313017062
0,0,0.000967158082257941,1.44273435,4.64250866706167e-26,0.107943369325548,43.1026198558652,1.06071881228885,122.320565223694,0.352374269829781
0,0,0.00730211472480375,0.65362292,1.52614289463238e-16,0.107029326662716,20.4760726609306,1.00735733557072,125.14789390564,0.163614999996479
85,94,0.0763045747557422,0.127077457,0.0139930045238541,0.105349168695311,18.7256627347934,1.01855235638938,129.814783811569,0.144249076915418
75,88,68.1779035,0.1051945595,67.5890974295606,0.102797213253641,134.018064546753,1.01788354543315,131.409827947617,1.01984810907885
121,138,0.749362305,0.09329775,0.796733437521949,0.102373948916245,10.3874754816621,1.03337855676344,237.051905155182,0.043819413621089
0,0,0.0681227495,0.236375585,0.00327189918610814,0.0977384699340213,4.44749927856975,1.28771069057369,215.754223108292,0.0206137298936552
45,45,0.0180955801320591,0.185080876,4.93474174938622e-05,0.0969980690281747,11.5193587921406,1.09758867998449,127.715541601181,0.0901954346958986
0,42,86.645787,0.1040252205,81.4816179258333,0.0949092317516471,128.452179028969,1.00011607178918,131.9758207798,0.973300853671441
0,0,0.16279807,0.131650985,0.0484510912035715,0.0936115205181335,8.84242240232595,1.1470140030443,285.853340387344,0.0309334233783802
0,0,0.0296756925,0.19156451,0.00257445820122285,0.0931394771927866,1.96792437366266,1.59376571637219,164.067598104477,0.0119945948889281
130,127,0.0480419691140203,0.0859886245,0.0193562611106594,0.0919083433002206,23.0662993401076,1.01002760286965,104.442724466324,0.220851183823197
139,123,1.97464496015,0.0808489125,2.5683291992461,0.0913109678804299,29.5648976237279,1.05410005328318,110.01544213295,0.268734070877066
59,120,16.959534,0.0875033595,16.2615402755069,0.0905596855200569,37.1436142580481,1.07194994565394,89.3720214366913,0.415606737555552
33,33,0.0174345604696208,0.156862575,8.74263685647554e-05,0.089054351362361,30.0905767539318,1.01553026271912,99.2376296520233,0.303217407141267
0,0,0.00178017923,0.116647685,5.87019059572295e-05,0.0877464058414324,5.41169279065302,1.19104359346815,255.144805431366,0.0212102801054626
23,29,0.0330430886559609,0.1932734655,6.78987305497293e-06,0.0849373768732551,44.5435595545848,1.05363781695832,91.1670970916748,0.488592496367337
0,0,0.1154418575,0.280563975,0.00011547380790838,0.0826030520695542,8.4267920563862,1.14698714054531,253.990317106247,0.0331776114632795
0,0,0.000932788205,0.10842391,0.000100359304423117,0.0805244989931558,11.1568569118371,1.26734117754673,256.870124340057,0.043433844011642
55,47,0.00861102156729301,0.136479923,8.102764282826e-06,0.0796701778823391,23.047062799454,1.07746948637356,82.9769885540009,0.277752461267682
148,167,4.107318375,0.059626725,5.09505869693483,0.0785263733446673,13.9552162583266,1.13558824538836,105.498462915421,0.132278858598297
0,0,0.20872645,0.347877835,6.88783315770939e-05,0.076533139212136,1.60591268623354,1.84771803493863,257.735406160355,0.00623085787924066
125,121,0.538796151181893,0.06441648645,0.609696458426489,0.0760826729340647,15.8662620625053,1.0742649212451,133.752973556519,0.11862362114739
90,89,0.0444777261789884,0.0890379295,0.00499170285053942,0.0756576126740566,42.6378013387559,1.02392837779148,107.208200216293,0.397710261460726
17,24,0.00959761048657113,0.165017326,6.11316939158363e-08,0.0751074268073073,15.8470151724964,1.05801264728313,88.5987503528595,0.178862739140033
200,200,0.678317969159122,0.0369093949,2.5789902470763,0.0725720803618758,41.4420267608975,1.03114984370388,113.982373952866,0.363582765683006
128,64,13.70175185,0.076858412,14.3101303534273,0.0704037572789188,39.330716505165,1.04949566928792,90.5954530239105,0.434135656839031
33,76,6.42304935,0.077405304,5.06502485882304,0.0697791532443458,6.70575660551892,1.15067734948613,91.0025594234467,0.0736875605258108
45,47,44.9980445,0.074230099,43.4323580410285,0.0680529981519554,100.153677215837,0.9998522083794,103.227508544922,0.970222749997424
59,65,0.152108854726938,0.129094952,0.00200347952108838,0.0662425420722723,3.3585431492444,1.26501926812207,96.416389465332,0.0348337369597522
200,200,3.26625644e-12,0.030738397,9.60059760559493e-06,0.0656741561526227,1.47774550025303,2.07505631048865,251.581973314285,0.00587381313845954
8,19,0.5750857985,0.111467152,0.0748507043277498,0.0643406173483766,4.21090296361993,1.23068932231949,299.77886390686,0.0140466973179545
194,192,8.15843295,0.044719437,12.2228201873636,0.0640502837051642,60.6481428708012,1.00101917103919,105.12326335907,0.576924088283344
11,15,70.3400605,0.075576347,65.9234106522134,0.0639625831829731,99.2939169712799,1.02002587936237,112.623533248901,0.881644485010405
7,1,17.1026905,0.0887723,14.9774814907703,0.0638503790081794,91.7485326909547,1.02121838966761,88.8180291652679,1.03299446692556
127,169,14.6262071,0.0524732275,15.4673351317547,0.0628063987305772,61.8897990266342,1.03382596852113,100.719327926636,0.614477879277698
0,0,0.031793784,0.19764954,1.30105455999623e-05,0.0625553129306673,6.87377437067136,1.14417826476461,257.318523406982,0.0267130958147136
130,163,0.0964356070405736,0.044158235,0.092827182293944,0.0625450301907454,15.6690523217881,1.11276456036278,273.324833631516,0.0573275838627692
0,0,0.000174826605,0.0884422965,1.96545235772629e-06,0.0623728742893534,1.43356074298274,2.06510830214216,253.400001049042,0.00565730361897394
83,93,0.009851164286111,0.068085997,0.000513714552158905,0.0604521811044854,35.1572725414925,1.06529709454465,101.196433544159,0.347416122388848
50,35,5.1733595,0.0820730145,4.26177930257376,0.0604462572592871,30.075483251663,1.00139867706608,89.7914667129517,0.33494812316419
32,31,0.41858002312,0.1164936675,0.0361775337937967,0.0579414458939496,27.1548986932669,1.04392721791874,256.505212783813,0.105864899970487
187,45,182.58737,0.062183005,187.625066880751,0.0577997529111343,235.381882589851,1.00549628095324,131.654994010925,1.7878690007788
113,107,0.01074707741136,0.061881073,0.000920376924775761,0.0577661359809363,23.6787852465043,1.04901297132442,100.601344347,0.235372453521396
57,38,0.0311555483873374,0.10548206,0.000583042183998187,0.0570486976872307,18.1710069196673,1.03057844841747,91.9758985042572,0.197562700828916
195,193,0.125122969303122,0.02702535845,0.837708466501246,0.0563120543876438,16.317196985421,1.18688483063211,150.495766162872,0.108422963658406
103,104,0.0160469200403409,0.060285793,0.000970332627704529,0.0557665665810337,8.49430524649139,1.01251763197519,197.039812803268,0.043109588492009
92,72,1.283023013,0.068760692,0.93006098143842,0.0544910115542179,23.1974128154193,1.09970996381673,121.90778875351,0.190286552258963
49,46,0.93101140635,0.095144025,0.243046073733171,0.0521935883468227,14.8249852150298,1.05737443336481,156.08688378334,0.0949790581738302
17,20,0.0127393284654351,0.121914979,2.17457432813057e-09,0.0472472657037306,23.5315716497565,1.07064006628863,157.544729471207,0.149364385141536
102,104,1.457425566591,0.0457343465,1.32240776266463,0.0453039218042498,16.4266937017756,1.1186127994677,109.547637701035,0.14995023212281
89,144,0.000505838457,0.044100664,9.95890306698004e-05,0.044859873492108,1.56636490627498,1.83249901861176,295.009476661682,0.0053095409815302
17,13,0.0612300576083587,0.113222193,2.01452037724455e-05,0.0433778985448311,31.9210524276364,1.01816910055323,93.4608120918274,0.341544779177322
84,84,0.05091792735325,0.048391076,0.00980180480408293,0.0432914138918727,14.0677701739331,1.10877990543785,200.503533363342,0.0701622058123048
26,28,0.0337413780018053,0.108785737,2.64438834640229e-06,0.0431121627968358,15.4857390371076,1.05673931788792,123.003408193588,0.125896828913354
155,150,0.40905196285525,0.0301136073,0.764664297540115,0.0415935147796168,42.5667601021335,1.00167986862447,125.925512075424,0.338031264678422
198,200,2.0414656507285,0.0188467602,6.57185554803487,0.0405267829505475,22.5374404790269,1.07336763983022,121.210417747498,0.185936497025993
152,142,24.6593415,0.0361711475,27.146421552306,0.03985779293892,59.2329287029504,1.01378644714181,110.632156610489,0.535404266876007
0,0,0.371647002,0.069842933,0.0243104572276709,0.0397674997170357,1.42426683894657,2.01905537081245,231.473931789398,0.00615303342340255
52,48,0.394884244539055,0.051923424,0.132530980911456,0.0383710625656416,32.7716094067021,1.0141649853781,148.609476327896,0.220521666696368
59,69,0.000780320574577429,0.053447617,4.19006812999129e-08,0.0381133044396551,11.8763326957541,1.11495229161174,144.195192337036,0.0823628895198869
27,25,1.741914728,0.061540787,0.427285178201895,0.0336342692052344,4.60304945774573,1.20548247605395,111.154641628265,0.0414112212528175
63,40,2.144984715,0.0468145655,1.26302166110735,0.0328509112437741,30.5432165633089,1.04580761876002,106.588913679123,0.286551532509813
82,96,1.0896088466,0.0352289345,0.527722394954601,0.0323681967537337,17.7554336138609,1.05734670196568,117.472389698029,0.151145589695609
149,129,0.304088005849859,0.0275108426,0.485720127931185,0.0317415902104574,22.3684323981585,1.03442452312483,126.832295894623,0.17636227618826
0,25,0.000501097025,0.031906424,0.000222394414503502,0.0296454436616683,2.92414045523777,1.61168457213712,318.74286198616,0.00917397941719157
0,0,0.00445432726975087,0.1163373645,2.64719140614126e-15,0.0290046619893774,29.4096517574274,1.03659716994962,94.3013257980347,0.311868910734236
43,24,45.292535,0.0342917325,42.6000642997359,0.0271515224516938,67.4614811054566,1.00720676316235,118.147551298141,0.570993476921242
108,129,4.509919155,0.02304578225,4.46567401529479,0.0258773471105281,37.64312425269,1.03401334870891,115.025839805603,0.32725798234821
200,200,3.452018405745e-10,0.016772742,1.43949037780969e-07,0.0257513752951767,1.35137809197553,2.10740608742552,307.452099561691,0.0043954101920334
36,55,13.40335655,0.030100005,9.53702526073715,0.0251635422507552,4.12677400766097,1.22928034243741,113.234162092209,0.0364446023303502
0,0,0.0360619694362135,0.369926216,1.19015248533799e-27,0.0247730504479539,17.104115425054,1.0527650325811,95.1953630447388,0.179673829459693
95,116,7.44292092,0.02260215205,7.13368961396562,0.0233698380000374,31.3302768879672,1.02278903738563,119.376132965088,0.262450090397298
0,0,0.00188852805,0.11783566,2.40263284060649e-11,0.0228147212731948,1.62045591902086,1.7541532776885,185.456471681595,0.00873766175063964
200,200,1.15412097402824,0.00767789985,7.35461842155098,0.0209305909524378,24.5188365508448,1.10671482335532,145.389814138412,0.168642051688041
37,44,0.048651402795578,0.0369316695,4.59838223757384e-05,0.0206520662047905,21.0123778566349,1.04114450266991,123.690324306488,0.169878913119906
0,0,7.73171545e-05,0.039534059,7.64951908209225e-09,0.019054390563178,2.64853760462617,1.39626749316655,290.970661640167,0.00910242149396326
0,0,0.063041276906,0.045408926,3.66750568616668e-05,0.0185229953807832,15.4366284198508,1.11418969847442,322.865661144257,0.0478113044451443
94,100,0.0268272334394498,0.0215482445,0.000169130101784587,0.0178638053456411,16.4067373055432,1.05354316952433,313.212295055389,0.0523821624008783
100,108,9.339140755,0.01684274405,9.18161620229576,0.0166430475909271,40.6952452944906,1.02062193424489,124.653608798981,0.326466643738463
168,170,0.174147968116241,0.0096759807,0.277867331989067,0.0158101357272934,32.5791406708251,1.00281491083019,129.677997112274,0.251231059981736
0,0,0.1324524706,0.104269631,3.08294807436956e-10,0.0155288432256011,7.38774957161543,1.13646143641569,226.336250066757,0.0326405936717447
128,135,3.90004649157841,0.01111922355,5.56341134805461,0.0151881534635456,3.21325997669322,1.24594294176581,142.55614900589,0.0225403113026044
9,11,0.000315453815963066,0.0369701365,1.06887358531135e-15,0.0148476758501331,22.7243993177679,1.03708913849234,91.2627081871033,0.248999835411187
108,91,8.27208003,0.01421153065,8.50573193210903,0.0137616534074808,39.9672275144188,1.09921771038656,129.634039640427,0.308308123586044
3,0,1.152632549235e-08,0.0193083495,2.93782197573767e-12,0.0136582382714949,7.10068598092016,1.04149525169774,288.186241388321,0.0246392261709407
130,139,2.29993918577778,0.01038148808,2.55861487902092,0.0130620017704761,4.28167173932365,1.18577522633401,138.382663726807,0.0309408102432287
35,34,0.0152788455173253,0.02437873035,4.95680530722052e-07,0.0122539207130331,1.72388278048791,1.64558863490446,186.154546022415,0.00926049251722454
103,107,0.104343227130423,0.0127425031,0.0062866835750568,0.0115944084705031,15.6238089069886,1.00636083317796,122.79434132576,0.127235577293748
140,154,0.32600802596805,0.007841676305,0.340959972177237,0.0112250972918546,30.7556360260197,1.06415213616795,136.19868350029,0.225814488331337
5,6,0.328474517005602,0.0269835628,0.000303928945886661,0.0112123607574303,9.86617751595744,1.17860678956145,129.184094429016,0.0763730052028866
84,71,12.20989235,0.01225968815,11.2255432651481,0.0111278738429632,15.9998439710506,1.04703389608787,144.366750717163,0.110827762566997
14,33,134.25628,0.01249887995,117.08335307749,0.0105684637087023,75.7102260639463,1.00051459653396,178.108375310898,0.425079538970528
124,78,4.44061944,0.0101799426,4.57558070604498,0.00918507741179407,31.8377079833727,1.00168268047669,147.553879261017,0.21577005052543
113,121,21.0696207,0.00721949905,23.7840295541192,0.00795232152383948,17.8813002049912,1.06619087870565,195.073812961578,0.0916642779136793
113,117,0.206982627418461,0.00723085275,0.0296835705350152,0.00764566903275085,18.5081377705654,1.00856034127666,131.485417842865,0.140761904051474
28,26,0.00943948315464547,0.01228951905,1.23461553468909e-07,0.00670032179103035,30.3849348163633,1.09087033814655,152.761067867279,0.198904964730688
36,39,12.467753305,0.0085027965,5.77137577449143,0.00639329792619655,41.3963378563184,1.0080217081442,192.42932510376,0.215124892393595
186,185,2.93782118634372,0.003102093245,11.691806092499,0.00604274424393755,5.13231335809894,1.18928859240991,330.722208976746,0.0155185022922359
133,137,4.99817902940845,0.00408856958,6.65171208450899,0.00520948476966185,11.8901426117448,1.06494035227031,295.649841308594,0.0402169761333784
13,13,0.505103065263815,0.01881746715,1.16544879078413e-06,0.0049633515577072,27.1729883285903,1.03762989144236,120.323433637619,0.225832886471872
194,200,0.376399599495657,0.00209577554,2.44197508371377,0.0048082146376456,10.5413516632379,1.12007567465267,308.742136716843,0.0341428992340808
131,116,68.0959552,0.0032299041,91.3576554285877,0.00353689324044501,23.7032165828401,1.00023632730922,432.763573169708,0.0547717461736201
143,117,0.0124548558104257,0.003393166625,0.000589936545370434,0.00343226262967458,15.8147528328487,1.06796257797551,135.832706689835,0.116428165338416
124,129,5.504811224596,0.00285373046,5.23589286906496,0.00325134588895776,27.3997391704664,1.07394719491394,448.890829563141,0.0610387590166004
157,144,0.170116948953003,0.001998510065,0.164497596516915,0.00259444465995236,14.2333448513666,1.07197786354685,308.592715978622,0.0461233986234226
62,43,10.057032757,0.002845951435,5.13598662908506,0.00203683035659267,17.872602222947,1.06436252981688,431.106157064438,0.0414575434149404
121,124,4.26979842371213,0.000532420835,2.89261986207867,0.000628631246581707,24.9327155629154,1.09765502473727,1571.66973209381,0.0158638389820612
49,25,18.548983302,0.000497933165,1.33839871125679,0.000266779934826146,43.645245909736,1.02252797925301,2085.27680373192,0.0209301929756406
