"rank_mu","rank_nu","mu_mean","nu_mean","mu_sim","nu_sim","ess_mean","rhat_max","time_sec","ess_per_sec"
0,0,0.476039815,0.00621999885,2.00486368410549e-06,0.00232077969550204,61.6567690701447,1.00386151276672,140.224040985107,0.439701841688424
200,200,1.418789974,0.00113638806,24.8406352815356,0.00269600221622007,14.4384602182467,1.02499982741184,511.689308404922,0.0282172403860761
122,104,0.85814323635,0.0027678115,0.808153405363628,0.00279513218274999,48.9003462510346,1.03261297446721,242.671709775925,0.201508228116857
0,0,1.1455018191,0.00716614495,0.000788602382316291,0.00281828440871771,33.2120060972789,1.0246779919306,117.305516719818,0.283123991317519
200,200,0.8894956875,0.00137551995,14.631801975516,0.00360427349119827,68.7637414006147,1.00035334377982,412.788697957993,0.166583391795316
17,11,0.8371341422,0.00716371015,0.0670119731851571,0.00411996948208143,46.5348063030925,0.997054833782042,120.50061750412,0.386178986190685
0,4,0.63624118955,0.00940700265,0.00535637395220936,0.0050820224597498,59.3879197146581,1.01161499599039,90.4789109230042,0.656373060957775
1,1,1.18734248695,0.01278565855,0.0090130197094376,0.00528470610677803,40.6231230671398,1.07862579155082,80.1071262359619,0.507109978548989
0,0,1.540279182,0.02279925715,9.88566223830041e-05,0.00551841468893524,39.7844548492181,1.04062722401611,52.6773517131805,0.755247816288068
13,20,1.08805001585,0.0107516347,0.0625927473751025,0.00611131554282176,58.350495855095,1.01400441408533,89.9708557128906,0.64854885943621
200,200,1.19448036305,0.00147081404,52.799519692476,0.00620862951311662,5.41514743521947,1.19329912010736,391.664393424988,0.0138259885915736
1,1,0.541454086535,0.02341284995,0.00070238028025905,0.00912727968236155,55.1410505914209,1.05097284170013,42.7129757404327,1.29096719756811
8,0,0.977995119,0.0212995985,0.137932112359699,0.010012450870629,75.5174120009033,1.0572960307442,51.7230565547943,1.46003382303793
104,78,1.1557406359,0.0118592724,0.841738936391267,0.0103554921523184,29.8931321689216,1.00227472193373,86.6058735847473,0.345162873274063
10,6,0.5346550606,0.0235991595,0.0122393085219759,0.010830826693282,49.3016697830437,1.00342859040695,44.3447008132935,1.11178266802658
0,0,0.25305102825,0.06093382,7.71672434377479e-06,0.0134904455106992,34.2096478072694,1.03860726051526,21.4440479278564,1.59529804831438
200,200,1.7973857325,0.00607093875,15.3482317525956,0.0139353628617745,37.0537231789456,1.01871826296423,155.160744667053,0.238808619141756
0,0,0.303205333765,0.109895112,1.73725524859113e-08,0.0150952035319918,69.3924187954159,1.02147889081691,17.1093645095825,4.05581509217078
0,2,0.5464599882,0.039982272,0.000193588101711521,0.0152060455211996,39.3228153095019,1.02253582540253,29.3227310180664,1.34103522912904
3,12,0.8778202675,0.0315833605,0.0390872928171181,0.0176251126341677,6.73182928443467,1.14080340497116,38.155282497406,0.17643243199398
200,200,1.7359150975,0.0013100566,135.493612979658,0.0186997495539865,7.08847880259209,1.23158040994937,459.970982789993,0.0154107086486115
200,200,1.2822361781,0.0040923705,25.9074767652923,0.0191960074514604,36.1315592703778,1.0039490544495,189.138951778412,0.191031825706152
0,0,0.23108112615,0.0864562375,6.73606757077255e-06,0.0212154081423665,20.4255444830619,1.05245440364817,17.420866727829,1.17247579022191
200,200,2.00945719,0.00805773695,12.4546813350231,0.0227815563583139,36.4014316725971,1.0625265596308,129.709686994553,0.280637726572618
1,5,0.72817237255,0.0730866985,0.00289792865263937,0.0230637911642877,43.6908845621294,1.03876405304068,22.3464047908783,1.95516392775467
165,189,0.34948105442,0.0175461992,0.637939595725031,0.0254976705115881,63.2867179229998,0.995371951359754,49.6423449516296,1.27485351436692
8,8,1.40205017,0.054482367,0.172645237109208,0.0259410301679674,31.7666653593536,1.03907137350213,28.5562331676483,1.11242491868089
84,77,1.0171746215,0.030964169,0.737705607393866,0.0277652261707135,71.2677006502254,1.00325236940387,40.5356867313385,1.75814711423472
0,0,0.135672315,0.3270249625,1.17356713280578e-14,0.0278986489899578,41.3935939859346,1.04912983951968,10.9675183296204,3.77419875142962
200,200,2.037365535,0.001727500005,119.227938840974,0.0287756262317263,51.51373965899,1.00613430019962,373.545284986496,0.137904938783667
183,172,0.79573809795,0.0232837974,1.65164727003946,0.0304984028361191,44.2640689009657,1.02458062627028,46.023432970047,0.961772428618562
200,200,0.8237601305,0.0162401863,3.68729940409298,0.0305298588741065,45.5949157878653,1.01545643644534,56.3414561748505,0.809260514076273
0,0,0.15198129805,0.2259389265,3.6146143463446e-09,0.0325766557080454,41.8390341338868,1.00624134434743,12.3960447311401,3.37519225215305
12,16,0.34063192454,0.10620341,7.46129422516325e-05,0.0334766075923831,20.5345971053081,1.07572390143114,17.4290888309479,1.17817961136591
200,200,2.693752527,0.00249412045,91.6426383334589,0.0347681522605298,47.357565070046,1.02429629690077,301.951215744019,0.156838464628649
200,200,2.87682848,0.00428693325,49.2864306862889,0.0348951415536284,57.2589497456188,0.99864772147336,219.505752563477,0.260853982535427
0,0,0.12639726215,0.235544255,1.57408696932429e-10,0.0349620079029269,10.6927578290082,1.11077433380012,11.7432687282562,0.910543569805202
200,200,2.33770572,0.001070009505,181.994336979607,0.035217305176335,68.7210361327232,1.00888432433214,563.074335575104,0.12204611681073
200,200,2.9094291165,0.00142314924,150.514092500688,0.035856192983385,61.3357959387462,1.00374815250272,447.592234373093,0.137034986821553
0,0,0.2591260655,0.692518065,1.8984991154412e-13,0.0363313822959745,29.8489607980586,1.03374062373677,10.8771855831146,2.74418052077691
0,0,0.3113054939,0.194047374,6.62742005478189e-05,0.0368780615847056,45.0944892898848,1.01307175765178,13.4641690254211,3.34922186469464
19,43,0.48711780415,0.047802896,0.0646615747768358,0.0369513853099383,31.7339037841028,1.03033320410719,25.9449489116669,1.22312454312958
0,0,0.7259976885,0.473868015,2.0094874137905e-06,0.0373707866816388,51.6003841797447,1.00931189129885,11.42720246315,4.51557451144701
1,4,0.14540032378,0.0847008215,0.000812986006633232,0.037883510822457,43.7043166019268,1.02326506459846,16.0351350307465,2.72553467857466
200,200,2.139296787,0.0018928578,105.273900595467,0.0400010248681802,25.9719933166165,1.01601628295485,357.366555213928,0.072676060301919
0,0,0.247828834,0.82983092,4.0059088560972e-13,0.0403442442702001,20.717544347704,1.08600770936239,10.8328309059143,1.91247740573455
0,0,0.38197878965,0.1402551555,0.000873437492556102,0.040626961053075,43.1548185895202,1.02095245001386,15.6597981452942,2.75577106352985
1,2,0.12229757145,0.07239132,0.00292160997108985,0.0416173315160281,47.8618526930334,1.01081115038081,18.1459829807281,2.63760043993565
0,0,0.14272903525,0.190071854,1.27714576650159e-06,0.043954980096093,46.7322707048116,1.00008883286732,13.2807025909424,3.51881012204006
200,200,1.8323274655,0.0145415119,14.732436112927,0.0454782166209261,53.213403367215,1.01250983190424,79.2873084545135,0.67114654797171
143,91,2.341735235,0.0487336515,3.21031095262433,0.0456011570718673,30.8897170836297,1.00353016381661,35.9832785129547,0.858446432903793
200,200,3.552857315,0.00510552,51.9742633655834,0.0460392919455624,18.398101028367,1.08348539159981,180.819426298141,0.101748475841482
19,21,0.37375290165,0.081930059,0.0308326340571622,0.0461295296856333,14.0425166782234,1.08679716376019,19.7665858268738,0.710416902606006
200,200,3.352012424,0.0025046651,96.8566997001219,0.0462838038838137,48.8901938664246,1.01181623059097,313.261960506439,0.156068083681101
0,0,0.598016206,0.1597986735,0.022347413774793,0.0469870819658019,64.500238207001,1.05070042798777,15.6622791290283,4.11818980338927
108,84,0.45070846425,0.0581558685,0.337707447888345,0.047294941180544,55.5145661715354,1.03027269115605,21.9197709560394,2.53262528531302
200,200,3.577540754,0.00456260155,57.7863301902893,0.0483827170964681,43.9836928724432,1.01467329374247,220.842715978622,0.199162977495263
0,0,0.15355818185,0.321120365,3.97143618001394e-08,0.0486266174961108,39.7987385668714,1.00621798621968,11.3082304000854,3.5194488579372
0,0,0.06324726525,0.1108476565,0.000185352842359146,0.0493283620930043,43.336997988805,1.0469936319659,15.0576775074005,2.87806655226252
0,0,0.1391973124565,0.2573083205,6.0720650851258e-07,0.0501741051563238,49.8083741896839,1.03466921835927,12.6319789886475,3.9430380809252
0,0,0.2949207927,0.1542466405,0.00312435004626799,0.0510522734594925,25.4619485323001,1.02318042397067,15.1303911209106,1.68283478786685
0,0,0.4109827565,0.1752643755,0.000797278305857081,0.0519212434042924,40.0463436006113,1.03654451035332,16.3679945468903,2.44662493538157
0,0,0.2922886428335,1.43693538,3.49200115961498e-15,0.0520312978791343,28.3331304524164,1.01601295022345,10.6602439880371,2.65783132958418
87,55,0.921169888,0.0704068295,0.782930716537374,0.0540385711232288,44.5451990534833,0.997854287912416,25.1273586750031,1.77277682185503
0,0,0.2784271939,0.2725396385,4.35252166036437e-05,0.0541379289014051,15.6015720575722,1.07108924974967,12.2049381732941,1.27829996646033
200,200,2.64397726,0.01921491845,16.1201118904849,0.0546768710237345,64.0514574035654,1.00063216475729,73.2746543884277,0.874128413680803
0,0,0.16873660545,0.208085651,5.05410034085488e-05,0.0573569944373804,62.4858887161151,1.01014865767167,13.6354036331177,4.58262112346636
71,71,0.5854420769,0.0701365785,0.297621815642004,0.0577655979391869,51.8917098989517,1.00245202299993,22.0685226917267,2.35139028669125
0,0,0.3203984545,0.709097645,6.76203416900671e-09,0.0583831596329823,41.5454616372632,1.00851705233533,10.5759170055389,3.92830821341587
200,200,2.0296102495,0.0159510604,13.1957069043079,0.0615877884166506,66.9847877752752,1.00712824386843,78.6274468898773,0.851926272883966
3,19,0.098765444455,0.124572007,0.000366738459388968,0.0618809048323499,33.9268012236088,1.07595784716112,14.6191596984863,2.3207080244921
34,45,0.300088442655,0.106046538,0.0269899917872869,0.0625035955540847,21.0560861624715,1.059106445961,16.7725481987,1.25538981394035
200,200,2.866081415,0.00394870735,66.976930161972,0.0651465963324674,72.4367903848996,1.04458935484071,232.890478372574,0.311033713748557
0,0,0.2858509065,0.62336372,4.0750730729609e-07,0.0665495975811394,32.1278499139061,1.00050696575432,10.5380711555481,3.04874103046755
0,0,0.2511295425,0.207049863,0.000880092552682755,0.0668504918062353,25.0910444030725,1.04694546027607,14.4522449970245,1.73613472565946
200,200,3.922262975,0.01166962685,26.059401192314,0.0683569668014704,20.0853203528307,1.00357068445162,111.234825372696,0.180566834941613
0,0,0.1282009506,0.328212731,2.11266040837484e-06,0.0699098180217691,4.0480989424393,1.25242649407495,11.1812772750854,0.362042622040993
0,0,0.2728685615,0.22412854,0.00126139095308053,0.0704470434011632,46.6213303981304,1.0233393692723,12.5958368778229,3.70132853023964
0,0,0.259746355525,0.367732885,4.23723214763581e-05,0.0704621275195208,32.8237457382874,1.08171663537352,11.9358587265015,2.75001124681613
0,0,0.31768951695,0.1982586685,0.00151234262264442,0.0710074567643117,52.1195451839924,1.00781212490294,14.4841649532318,3.59838108391351
0,0,0.16516556635,0.84535444,5.61757453098765e-10,0.072404428563148,31.4919639984658,1.0144461904688,10.5644629001617,2.98093374893519
6,9,1.033624325,0.14190092,0.195941780824704,0.0754235040088585,34.7416243365658,1.07306214832255,17.3559093475342,2.00171731949624
0,0,0.2402410155,2.526445445,2.1569102634888e-17,0.076191387353749,49.921516708768,1.02861580059571,9.06440997123718,5.50742043521607
200,200,2.7770606205,0.02212004255,12.985915280563,0.0763196259759222,63.2392726651106,1.02841789285875,64.1420078277588,0.985925991511331
9,5,0.20540270495,0.167823176,0.0103480038990117,0.0777281687680527,37.3092684958743,0.997872965457167,13.8399934768677,2.69575766478745
11,10,0.2514014169,0.159842562,0.0178446498853955,0.0777529058648377,46.175262859072,1.02711481285152,15.2368559837341,3.03049808361815
1,5,0.1451639179,0.1598834915,0.00347300503624646,0.0799096069990156,34.670146462418,1.043206475742,13.3832359313965,2.59056528930222
110,128,0.28326252452,0.075885405,0.229725655207328,0.0814363728096013,59.8777659320748,0.997298354704917,20.2733130455017,2.95352643140686
14,15,0.1764678565,0.1382547665,0.0075170649800296,0.0816100282577939,37.0183446997388,1.03645996008715,14.6880698204041,2.52030015872572
199,197,4.54536414,0.034882292,12.2863645189275,0.0825645252190874,26.246278266306,1.05617653343203,54.7278380393982,0.479578203827666
200,200,2.885085385,0.001480873205,164.825965799793,0.0846407936866597,87.4388307738074,1.01056145627158,439.696323156357,0.198861864811896
22,26,3.28434197,0.141627766,1.70087542480269,0.0849209147534597,30.4832652214746,1.03418464447507,20.9897773265839,1.45229102468215
0,0,0.289699228,0.243694833,0.00669626031280087,0.0858751561677036,60.6890207373074,1.01036785774357,12.3861970901489,4.8997299409659
0,0,0.3228956504,1.50758496,1.92644238613979e-10,0.0863722080630543,34.4776537147592,1.12929377630116,10.2316491603851,3.36970640551766
0,0,0.0899663379275,0.55359047,9.78029019585919e-08,0.0880815714823531,5.58115556229385,1.16300480416125,10.4744453430176,0.532835427511618
80,112,0.4846516115,0.092769719,0.304182062835313,0.0882921966724781,38.3947430016678,1.01989439561281,19.7443542480469,1.94459350350573
63,78,0.32161176885,0.1077511465,0.137736110565369,0.0893965562433365,59.3071968835479,1.0235619297219,16.5186374187469,3.59032015656693
0,0,0.1287507958,0.524203905,2.44476997449184e-07,0.0898937961759853,25.3593688591824,1.01141916215176,10.1976752281189,2.48677941706331
133,151,1.045360223145,0.073676566,1.28608734999362,0.0916727996948621,22.5306100048214,1.06733240784046,24.3206479549408,0.926398426824982
194,172,1.6213745615,0.067949515,3.64731077278923,0.0938062547552431,68.0492929202104,0.999234744448745,26.1964638233185,2.59765185786782
17,25,0.2452203035,0.2079782865,0.00613818893820398,0.0948559357668072,18.1680373594238,1.05049022672678,12.6873691082001,1.43197830885849
200,200,4.75908659,0.01372941215,28.9374259933169,0.0956405005850432,41.0823083238962,1.04196405478896,89.3375306129456,0.459854979671255
200,200,3.16116635,0.00244524365,110.97126123744,0.0979721462614545,40.9306419373611,1.05314982846557,279.462904691696,0.146461806737878
36,34,0.20905003191,0.191186056,0.00992100625593853,0.0983596158683141,34.5347121195375,1.15131298807497,13.2928185462952,2.59799770825598
0,0,0.3337776926,2.910007525,1.30160964253491e-10,0.0998051319176057,5.86566668230194,1.13754463316065,9.46054005622864,0.620013936565925
0,0,0.3570993765,0.363857535,0.00158795692654652,0.103238232831666,30.0917008942146,1.07455821141865,11.5531008243561,2.60464280124481
0,0,0.20198393945,0.521663495,4.05334590132955e-05,0.104321365634456,6.74170393105913,1.15133919061343,9.95287942886353,0.6773621623013
40,62,0.6277655226,0.140971719,0.182900333650357,0.106028459718441,30.2665294133929,1.00986844203587,14.7882535457611,2.04666016306357
116,130,0.9108760605,0.09506343,0.940467092152506,0.106289189376319,24.3019429637998,1.00060222083327,20.3941390514374,1.19161406630142
148,43,35.2854665,0.1241847925,36.7172703549138,0.106402713308791,72.0700813293213,1.02766637722384,25.2372019290924,2.85570807460402
189,187,6.08269675,0.063086241,10.0052650072255,0.10672700182371,44.0315137290537,1.03597557621846,36.9263138771057,1.19241562739229
122,122,0.4530284635,0.1036201125,0.454161553738379,0.106903583592436,45.9154221636635,1.00861844910076,16.5910727977753,2.76747759010619
0,0,0.3497058925,0.3175344,0.00498482676488542,0.107421901198607,18.6476601313517,1.07479704645637,11.8615996837616,1.57210331055769
200,200,3.363467025,0.0024726839,103.791269803014,0.108249872844646,24.4028295048585,1.04080885032231,270.831612586975,0.0901033275686079
0,0,0.595891244,0.556889345,0.00595056784065411,0.108287254995467,27.3069634155963,1.03860093760132,9.94815468788147,2.74492750387776
0,0,0.19910854305,2.46576313,2.66714125024265e-19,0.115856885467392,44.6929786894988,1.04999247977153,7.72049856185913,5.78887209568193
77,76,0.30665737345,0.1458561625,0.136168548745942,0.117774337478324,40.181582540861,1.00114009992502,14.4646093845367,2.77792379127892
199,174,18.6934393,0.08023409,26.1562809679948,0.118221182660215,27.0507442224977,1.06994012737491,39.6275541782379,0.682624622777075
200,200,6.630202065,0.0071051687,58.455321290293,0.120227225574934,47.3479889158273,1.0014503841668,147.549369096756,0.320895908980666
0,1,0.2543010795,0.359083395,0.00806958722216896,0.120274503542558,66.2961064483945,1.00018717511846,11.3670587539673,5.83230085137513
0,0,0.2601888015,2.07427621,1.20670763635128e-08,0.120864006596352,16.8789760550726,1.13734705831479,10.171422958374,1.65945080881494
0,0,0.2496864644,2.643018425,3.56840907409237e-14,0.121145594619432,16.588684526425,1.04487406903794,8.60299324989319,1.92824567503071
0,0,0.4518223595,0.47657293,0.00829114353112821,0.123824733221442,66.312768123535,0.997041856975833,10.5891575813293,6.26232706560687
30,59,0.9548468425,0.162135203,0.35189917797884,0.124617191888609,15.1253116109235,1.08222181433352,15.2683188915253,0.990633724536556
144,127,0.3942604087,0.114615497,0.544016143075883,0.124964624405832,24.8577826298529,1.05037559167872,15.8931493759155,1.5640564397842
0,0,0.1426697949,0.72311502,1.28624648638843e-06,0.125351779864255,30.6887829999309,1.07361462927459,9.77487325668335,3.13955815017326
198,189,14.9689408,0.087294558,20.4826363827783,0.127369915808473,22.8553508606841,0.996510127575981,38.2846055030823,0.596985408634916
200,200,10.560685205,0.0318501605,28.3263778660671,0.129213313379327,17.0815412602877,1.0794950307771,92.0518233776093,0.185564398764996
26,19,0.292112642,0.235908185,0.0614815573088014,0.130386011100379,19.664861311941,1.06453618196831,11.7212641239166,1.67770823215355
160,116,57.704443,0.1250257095,59.7055761951233,0.130900578814584,84.4226347254016,1.0127053639591,31.9570126533508,2.64175615040004
12,7,0.747215583,0.2799744275,0.198606874757232,0.131028424564652,40.1440907314255,1.082397825694,12.7832610607147,3.14036383523416
34,19,1.975786885,0.252363235,1.22426006504885,0.131794448624651,16.9198858857046,1.05736460017284,14.3936972618103,1.17550658305124
5,3,0.792842708,0.363621812,0.116146451580311,0.13284168587799,49.9845407402024,1.05463298927345,10.8188757896423,4.62012335773889
199,197,37.16718935,0.0892004646,44.0926262021218,0.132892026890844,42.9312635545992,1.02137062998063,70.3663010597229,0.610111131437214
0,0,0.1927065806,0.502781945,0.000570525577052396,0.1339577465436,37.271051079152,1.01511424988745,9.82748508453369,3.7925319406293
182,180,6.416798235,0.0911985675,8.83700109270702,0.13424726951142,35.8729801116667,1.04829032993728,27.0949892997742,1.32397100123475
8,11,0.040054398303,0.2963842595,0.00013551884988217,0.137539262021771,35.1363770639898,1.01008699948558,10.2468314170837,3.42899923242708
200,200,8.290581565,0.0366232375,21.8236855961199,0.137733780443394,15.120787754514,1.04328760803691,67.8763325214386,0.222769663486727
200,200,3.45970561,0.00334220875,90.2157281417776,0.13811661572986,30.3564495418037,1.01162492463817,222.243522167206,0.136590930731222
199,136,48.197154,0.131214237,52.9453423140257,0.140449092239557,104.621660050235,1.00021346176502,35.263955116272,2.96681582384272
0,0,0.18492837025,0.675215725,0.00027171634106227,0.140610449571535,22.1171222312474,1.05125817497389,9.74650645256042,2.26923588866421
0,0,0.101931922595,1.434392605,3.79002750458421e-09,0.141489545447666,49.5928130430094,1.0048518109311,8.42960619926453,5.88317079952516
68,54,1.281538525,0.2130090145,0.880417185860343,0.141662117605079,29.7447819987017,1.10864467835418,14.7771031856537,2.01289668380873
0,0,0.1364842583,0.650375535,2.1835997555873e-05,0.141747735725951,50.240740258165,1.01191506217507,9.84453129768372,5.10341617482449
189,154,0.602941952665,0.111253083,1.49265564104167,0.14222071417675,36.5688119250811,1.026610152514,16.8400228023529,2.17154171073757
130,129,3.643304865,0.1280675075,4.27035362013116,0.142875135375351,28.8734414832646,1.02242241630096,19.5879189968109,1.47404333701633
53,57,3.57809366,0.1662324605,3.03368869193205,0.143239752876268,20.3168692516732,1.07165377270856,17.4576020240784,1.16378350380833
194,172,24.2533685,0.1172098085,27.6520402775921,0.144027455670392,66.3839701895517,1.0284474301764,26.8804817199707,2.46959749014587
0,0,0.23904067143,2.19315806,1.20014855102086e-10,0.149027795424358,32.9730280986163,1.01240270977841,9.08294916152954,3.6302116759909
146,72,21.9590595,0.163899604,22.895711803646,0.151228204393778,81.7333526263628,1.03204637496263,18.9509961605072,4.31287896077413
0,0,0.3098074865,2.49938819,6.75344117077687e-08,0.15286461034484,9.08973928629716,1.08328531267968,8.9981575012207,1.01017783752552
0,0,0.2579134525,0.618069605,0.00222454379442137,0.154779248865683,17.9418624489414,1.1137420611933,10.1568315029144,1.76648223846119
36,62,0.08973844793,0.1953184315,0.0180545604879933,0.155572756122985,60.9544009229446,1.12092300461047,11.331619977951,5.37914270347479
189,152,49.5184835,0.1389000875,53.1472085344042,0.155917874317025,45.030018076792,1.02631679699985,38.5786526203156,1.16722630310523
200,200,3.52508361,0.0020701078,130.958942251494,0.156175084716765,36.2458923521082,1.03280468711075,325.048759698868,0.111509092930203
0,0,0.287427726,0.60435272,0.000961358728551587,0.158523578103854,61.013819696327,1.01942405724748,9.680251121521,6.30291703493951
5,4,0.11420327544,0.35699016,0.00781139218593377,0.15988743978735,60.622807780166,1.01439447221376,10.2557647228241,5.91109580012601
194,196,1.9741924485,0.0788816695,3.85021759842883,0.159978148495438,26.9493824392377,1.06257033596326,25.2204797267914,1.06855153950976
13,12,0.24866358731798,0.561138123,0.00338210812459348,0.16002826855032,27.113726152768,1.07226798579998,10.5112926959991,2.5794854103043
192,200,1.0538413895,0.0800745475,2.63475522908273,0.160086124879514,77.2124197315713,0.996545393628045,21.4704012870789,3.59622620458606
199,200,7.0072265,0.0706642665,12.3562150118619,0.160191281302374,6.27063874723859,1.16210061830448,32.5538160800934,0.19262376895571
92,71,0.07073917867,0.196960517,0.0313438583503286,0.160974741112659,36.9371215818304,1.13990533686387,11.455153465271,3.22449818710976
12,7,0.10453661485,0.293974545,0.0169210478426453,0.163047893144291,27.8570777789707,1.09188717571554,10.9143555164337,2.55233373487114
0,0,0.206785563,1.380503355,5.79626400007686e-06,0.165234747917414,48.2772440076388,0.998616826668696,9.84609460830688,4.90318709378524
1,6,0.2013920392,0.40237456,0.0044270224431337,0.166621943925879,41.1993923928839,1.00506667220688,10.4094386100769,3.95788802222251
184,200,0.596171059,0.085238739,1.2830945882772,0.167415336067995,68.2813698613584,1.06472370132207,19.3269772529602,3.53295649742125
0,0,0.31537153325,2.26898052,4.29594482580213e-08,0.168086616206096,50.4065545806613,1.00533277514435,10.2011177539825,4.94127759293657
0,0,0.17104644675,0.74829915,6.31846966509588e-05,0.169014753308237,20.9525063341707,1.07099465921536,9.28396034240723,2.25685004689905
56,64,0.4610382953,0.2140144155,0.227554203541198,0.16919651890719,23.2209350710644,1.0179248503209,12.8577916622162,1.80598159319234
50,63,0.1593505569,0.215613438,0.0512417591238928,0.169926779278156,40.0529446993976,1.01415903667111,11.651052236557,3.43771050770206
59,80,0.4274805705,0.202949648,0.245940519217734,0.170008697277981,81.1577409288395,0.997915514739202,13.0217516422272,6.23247495103959
0,0,0.16186856455,1.29611534,1.09957723392962e-06,0.170728323532601,35.23477354003,1.02523898655231,8.74328446388245,4.02992418759575
0,0,0.224940138,2.787856565,5.16783056759804e-09,0.171468826559511,49.9106815084,1.00627936468944,8.64481329917908,5.77348287130037
0,0,0.3350001215,0.54376559,0.00980290468917792,0.171630664186112,48.0920986477295,1.01216412289796,10.4620292186737,4.59682320155346
171,180,6.876202,0.1142855255,8.82522596280702,0.173617772434651,12.4322910845106,1.09649220960309,22.1768984794617,0.560596473669405
0,0,0.382185724,3.34180359,1.2277043300887e-06,0.178319634323299,18.5286019170395,1.11640049778622,10.2159464359283,1.81369411373149
200,200,3.58220396,0.00297367065,97.3490772689357,0.179192844370794,44.9977882820894,1.02152845938378,230.113315105438,0.195546217138593
0,0,0.12239704365,1.47523486,1.40008759541823e-09,0.179208008343971,37.4139681718397,0.9992249146796,8.19271898269653,4.56673398060645
2,8,1.0394398,0.35169131,0.304196124528988,0.180425455381763,69.525883887394,1.00586768574318,12.2560160160065,5.67279642883891
1,6,0.2354139124,0.494362555,0.00381642950123079,0.180965261294238,28.2082029802689,0.997296619346956,10.4504396915436,2.69923599512227
75,53,0.36767798685,0.26248501,0.210978618724383,0.183313112180675,44.860658358597,0.998744834598472,11.7667994499207,3.81247751774162
1,0,0.175700332075,0.940143035,0.000267926445968669,0.184061899622085,14.4288578056434,1.09642529171215,9.3046019077301,1.55072274437192
153,172,5.6563923,0.140601136,6.77732530119033,0.188981080390399,35.4197978102857,1.00243478915606,19.7834763526917,1.790372792872
200,200,4.1038251,0.00307517305,102.825667568633,0.18937669103195,33.5163279511736,1.03338140287066,242.32416009903,0.138311953448953
0,0,0.150400325895,5.08083376,5.36711466673352e-09,0.190295960628038,25.5654729820974,1.10705527246712,6.95712184906006,3.67471973852972
0,0,0.240071152,0.864764895,0.000429600839437283,0.192157309223723,7.19949430138577,1.13093094749053,10.4673764705658,0.687803130195107
0,0,0.20309579725,0.82020118,0.00126344771114738,0.193378885116006,39.1990543926752,1.00118194709057,10.2403752803802,3.8278923691183
195,177,10.0436351,0.1366528505,13.4968820827707,0.193450295528838,23.9384933871156,1.01820013879336,18.9878036975861,1.26072998059059
0,0,0.3133205783,2.00613288,2.23410130388675e-05,0.193494287958284,23.9293523892113,1.04151233922904,9.9664134979248,2.4009993559061
147,174,57.0619515,0.160743331,58.2566667086106,0.194180440549353,81.8551200487743,1.02662830679971,27.4178516864777,2.98546804413363
0,0,0.1801143808,1.01592537,1.83036653440242e-05,0.1948768515335,29.5668174916841,1.03248276012657,9.61613440513611,3.07470925904405
0,0,0.40764451,0.88247137,0.0113972445871899,0.200377111012616,20.600693102602,1.11451008476779,9.51409316062927,2.16528183556691
15,7,0.09759470295,0.39993678,0.00753898406457663,0.202082770850706,52.0991547090397,1.02268832614559,10.2812385559082,5.06740062743709
20,30,0.320389601,0.32330188,0.0838049249021712,0.203748924517389,61.7446234393864,1.0126470038282,12.062007188797,5.1189343923401
42,88,0.25016069415,0.251268875,0.0803551268616702,0.203895577293877,48.2199714438281,1.01462623871891,12.2158370018005,3.94733258447381
0,0,0.11459884063,0.722509915,8.30792428520608e-05,0.205945032355274,41.91839939012,1.00609992828238,9.47978258132935,4.4218735008416
0,0,0.3611168435,0.95084012,0.0111333243576097,0.207369921253516,27.890011509038,1.01895635414125,9.9647650718689,2.79886292430246
138,114,0.795006269,0.210047945,1.0280891457639,0.209189587000241,34.385489103572,1.06098978363441,14.0827887058258,2.44166761440846
4,8,0.2338583046,0.519358345,0.00321114089428424,0.209762810450926,28.098127223877,1.03263613296427,10.0862038135529,2.7857980805545
0,0,0.308240077,4.32341868,6.06700471091323e-10,0.209799971710543,5.34675507727996,1.20914057919507,7.71761703491211,0.692798703679244
15,15,0.07637274692,0.37998447,0.00645199883227533,0.210291357133773,34.5838596785942,1.02295559204306,9.71803855895996,3.55872838626557
0,0,0.18452960205,2.704411185,6.60200124597393e-11,0.210682558877352,36.2272387305859,1.00760390415971,7.79203128814697,4.64926761596732
102,168,18.000771,0.18003357,18.0920542362686,0.211012432128503,96.9447025631694,1.00061727131171,17.4460508823395,5.55682791578384
197,162,16.7796465,0.1795312775,18.982441668771,0.213268309143808,34.1596101537245,1.02114390751952,17.521023273468,1.94963556754429
167,123,18.0363115,0.20457428,19.1394264698537,0.214126711686831,92.3116325821482,1.02140524645797,16.9987578392029,5.43049283102659
0,0,0.292612018345,2.49478793,1.69864667095976e-06,0.214313882254738,25.4853575439992,1.06414297318523,8.96648859977722,2.84228962769578
164,170,6.79226535,0.1767368915,7.6623007195306,0.217559535161218,63.4243400558873,1.00132019545098,15.3410043716431,4.13430167408879
92,163,15.366595,0.179371545,15.4658408659344,0.218903414883713,19.4932663934332,1.09356512650514,16.7459447383881,1.16405892279981
136,55,5.93142465,0.262725455,6.28451835373137,0.219027515549003,66.2046007557569,0.997006837039573,12.186315536499,5.43270035618794
0,0,0.3176525703,2.46213482,2.49812698178956e-05,0.219762617645969,12.9387336323193,1.1568886395964,9.78209805488586,1.32269514778139
199,198,17.588799,0.143430888,20.9564263620267,0.220047081833944,9.45951880491352,1.10583861528454,19.1327583789825,0.49441479464377
0,0,0.19878707045,5.30431427,1.83454939985985e-11,0.220314857622188,64.5176981190413,1.02447928851265,6.56929445266724,9.82110005631519
73,67,0.36457134325,0.32367004,0.206689703097443,0.220750582644281,14.9251684711671,1.02695750014586,10.7563960552216,1.38756219039758
9,14,0.38906535,0.39157238,0.0892139294979686,0.221044550630045,50.9104998944635,1.0633059517029,10.9652869701385,4.64287893541743
194,195,30.0854485,0.1555676885,33.0864777622728,0.221673945258172,81.0789857176045,1.04371310379031,21.5316486358643,3.76557258056659
57,43,0.5207714385,0.3331825215,0.313794606270634,0.222571625775607,40.1479383377675,0.998024283879295,11.0707037448883,3.626502818875
0,0,0.160733364463,5.050755255,2.13190500475125e-17,0.22277891189008,42.6153869043663,1.01461744700341,7.47149467468262,5.70372981041796
66,122,9.41915795,0.21513363,9.11603660026368,0.223602624179091,54.8603592555585,1.00098457242844,14.1284275054932,3.88297701454947
200,200,3.352473275,0.0022914217,119.817347508292,0.225371476559156,57.8909592480062,1.08508111836785,291.800777673721,0.198392066359526
158,147,0.6652097312,0.182273846,1.07654630706452,0.225912485520677,46.5856338306604,1.01251102374894,14.0223124027252,3.32225046003158
87,113,5.79330395,0.221083695,5.74294208360144,0.229547886614982,42.1771536090791,1.02671619841482,13.4886617660522,3.12685975381405
100,122,0.8933084295,0.2104684965,0.790096908304797,0.231184902715825,4.92937925031609,1.18666539870549,14.2781338691711,0.34523974179563
35,43,0.2281464,0.34526531,0.0679353495847012,0.231631766884744,34.8319972935714,1.02191058813402,10.7383680343628,3.24369561390604
103,159,0.578878501,0.195999917,0.57821678380831,0.231791682266647,55.0761243704902,1.02071017325933,13.4290039539337,4.10128141740229
150,189,0.177711387885,0.143341902,0.279170086467136,0.234390368992378,41.0759365446484,1.00663360417731,14.021959066391,2.92940068860297
73,120,15.551179,0.22737453,15.3210370237826,0.235553266015347,116.256549251736,1.014188552032,14.5708298683167,7.97871846026616
150,143,33.6888065,0.21690898,34.562977816418,0.236513312001293,92.3511904877886,1.03925693692475,18.6278789043427,4.95768686075467
58,55,0.138127597705,0.31284412,0.0570528470443165,0.236629219601959,29.0911559031946,1.03804137655304,10.713259935379,2.71543452494092
11,5,0.443168417,0.68808432,0.0547695717877223,0.238102605751953,15.0931951482363,1.08334158853748,10.3791344165802,1.45418630710915
173,49,31.5709385,0.273165995,32.9598785854778,0.238315929801939,110.636875090101,1.018602731886,17.9858589172363,6.1513256386146
28,46,13.5464815,0.267493605,12.7182619870491,0.240315021090609,107.141524802294,1.00218548671275,13.1930856704712,8.12103608499253
0,0,0.202903426825,1.811963015,6.73368129598367e-06,0.243247863481417,33.0522277530007,1.00319107680353,9.09195828437805,3.63532549525568
8,8,0.4093748823,0.94637013,0.0256916129117679,0.243319556541887,13.0085274754804,1.08219034890181,9.38194465637207,1.38654915925614
200,200,4.862141025,0.0038580541,89.9564886418497,0.246839005846469,85.1655481885686,1.05728859337707,213.897984027863,0.398159658098857
0,0,0.2427948425,0.843800085,0.00495260579094183,0.247498394873618,13.8437363815491,1.12353198023245,9.90297508239746,1.3979371114602
0,0,0.15125233075,0.933869585,0.00146550660309367,0.249290309764531,21.3310906502779,0.998783352940232,8.8970673084259,2.39754178661506
0,0,0.273430443,0.915893235,0.00127207238069525,0.249657376948626,51.0843769951413,1.03343421722163,8.60050368309021,5.93969596171214
0,0,0.1832580434,1.028098265,0.000687636644481715,0.25146108838496,3.72244595593192,1.2316098354223,9.05118107795715,0.411266322468943
55,60,0.342205809,0.304180895,0.199819857116444,0.254503766965024,62.5337772863783,1.0048873885708,11.6861357688904,5.35110822970663
144,149,0.24605874375,0.220963501,0.314228737721764,0.254976400034676,29.7823855768437,1.0773795426346,12.0321836471558,2.47522697876073
93,67,6.25351365,0.284564895,6.28309634419286,0.255562949590237,44.9470593167052,1.04219475283571,11.8347430229187,3.79789060308809
0,0,0.17856453745,1.859935905,7.81113448953055e-05,0.259838242239027,22.5098888995011,1.06417416583667,8.96089267730713,2.51201411623933
52,38,0.251033594,0.380050015,0.127620343609746,0.260463234617215,60.0846837422978,1.01297209228788,10.7301957607269,5.59958877565038
0,0,0.260957813005,2.40395879,5.05855139144677e-05,0.260622355050183,18.79666521508,1.04942535787447,9.20495963096619,2.04201495374804
100,44,2.9999242,0.315906985,3.08909640307861,0.260655925609026,46.9362589632877,1.01095832624513,11.0629465579987,4.24265440651091
0,0,0.124434920065,4.417904185,5.5742303682949e-12,0.261505428096038,60.6648532023579,1.00105124171587,6.6287055015564,9.15184015764678
0,0,0.1767999644,5.9283253,1.29422137079276e-11,0.264374678151106,26.1917035057947,1.09093042222722,7.12845730781555,3.67424568525906
6,6,0.2458969857,0.558398155,0.0242302799813827,0.265754107086367,37.0804360506234,1.03792660508437,9.77440357208252,3.79362646295186
0,0,0.225818487,2.326849395,1.4945608567929e-05,0.267207008151597,48.2323262203374,1.01331605302681,8.79586791992188,5.48352097364893
0,0,0.1737113943,1.52090839,3.87603194503556e-05,0.267234665387953,24.6999445275197,1.01389880066207,9.76889204978943,2.5284284442525
0,0,0.280056547,1.756372885,0.0003274639207024,0.267945444266566,16.7654370991672,1.07665672902574,10.0063621997833,1.67547773750687
116,84,0.892570231,0.30508562,0.968308861823209,0.268418707929578,81.007597125083,1.02480425971408,12.2812159061432,6.59605675400284
0,0,0.21323199755,2.79081639,5.8067249744779e-06,0.268782168073102,16.8584383843807,1.05712689656865,8.12316489219666,2.07535346236482
0,0,0.25332197795,1.036693765,0.000917458567304591,0.270542915432209,30.7317453895798,1.06153902254883,9.59606885910034,3.20253489640558
107,117,0.478723277,0.2632160225,0.474803609393086,0.272174666121825,40.6732522334669,1.04742694155677,11.566330909729,3.51652157896111
120,184,6.1450853,0.208324265,6.46089257294878,0.276381462310184,40.4153116297545,1.04479911692712,14.1756367683411,2.85104029471292
105,107,0.3731303205,0.28782442,0.33849398115227,0.276429824897363,25.1269854415154,1.07706658760068,11.5375905036926,2.17783647577659
94,119,0.51315847425,0.260344003,0.492115655134808,0.276909824099492,25.2277528181234,1.02806337279192,11.8399977684021,2.13072276799323
19,33,0.1627796699,0.55938354,0.00792231534090827,0.278686519988221,26.5307333136176,1.02581721852275,9.46583461761475,2.80278859555048
0,0,0.15578613155,5.21001884,2.94540221968003e-15,0.278933165367887,36.9471149852987,1.07588074334883,7.00330829620361,5.27566593138948
5,5,0.1572367207,0.72808254,0.00471071826865915,0.279818274528497,28.2666289356331,1.04570149586024,9.57486057281494,2.95217133666553
200,198,2.49830723,0.139472796,5.13762780400947,0.280287949037195,4.88006417517282,1.19662205529092,18.4734468460083,0.264166412248469
166,179,0.9945306515,0.1899760655,1.49021705520209,0.283024995765825,12.7959789417682,1.09172592308124,14.4278085231781,0.886896920014679
2,3,0.175917229685,1.13433425,0.000536778216992153,0.28341089238962,36.6542885380722,1.01845903794338,8.72159314155579,4.20270562306162
1,1,0.30548531825,1.252691345,0.0054055442074501,0.283457771642294,15.4067612051638,1.04295454123918,9.04532265663147,1.7032848677729
139,135,0.40782231,0.2573716255,0.519726197349769,0.284478698610511,42.0381280934268,1.04201732520433,12.4416105747223,3.37883329822555
44,49,0.36039305,0.359776585,0.193992571657083,0.286470370949582,41.4826619578877,1.00932466858555,10.950119972229,3.7883294487269
0,0,0.320063751,1.76553574,0.000984653255241917,0.286921051698088,2.86640379513008,1.37741615539208,9.94638752937317,0.28818541271041
0,0,0.16175320065,5.43703955,1.52784066550489e-10,0.287287069876138,45.1110830003064,1.01145162012514,7.1401903629303,6.31791040677422
3,3,0.3712072,0.946707715,0.0323140089089089,0.287917928712877,38.5976808622731,1.10946720117608,9.79791069030762,3.93937871881758
5,3,0.464644068,0.73490202,0.0801395969654296,0.289405226205659,32.5828646293822,1.04087119854458,9.31299257278442,3.49864604473109
99,131,26.5223445,0.275503035,26.5936111225445,0.289457381911874,99.2754926981061,1.0144197743647,15.7551348209381,6.30115158177967
27,23,0.4444527925,0.61537806,0.108463488726996,0.289985751923547,17.5630174744131,1.18777783025893,9.79180335998535,1.79364483014284
20,42,0.115057292985,0.492418325,0.00844123274063513,0.290566321783282,21.2626370126319,1.0236537915823,10.5101680755615,2.02305394735525
157,116,0.38797707275,0.2950791605,0.642109250373093,0.29411134237185,34.543970386903,1.01768208848077,11.3560709953308,3.04189454267291
52,68,0.211035439555,0.39491542,0.0596621012421856,0.29439603204144,28.7341646639554,1.01473440377248,10.8384311199188,2.65113689850811
173,164,14.2421525,0.256052165,15.1039642141909,0.295279156177551,139.670683058284,1.00013129132921,13.4243927001953,10.4042459258698
182,185,31.3870145,0.24781815,32.926745157276,0.296465982197869,87.233754686888,1.05282184847507,17.0333497524261,5.12135052440069
185,170,4.5728123,0.229696085,5.61273652816368,0.297617179848635,57.7267466229349,1.00981112415399,14.4423761367798,3.99703941208986
186,150,49.537859,0.27113256,51.1407710905282,0.298863041795646,88.4788892434894,1.03238271470963,20.5439622402191,4.30680743124972
117,31,25.477387,0.35744607,25.6901802690848,0.302385205734022,102.787232991568,1.00736322419079,14.0340242385864,7.32414532311803
13,16,0.2154799557,0.693609915,0.0148017844607691,0.302849013741,32.7825398459753,1.01180799421205,9.69980239868164,3.37971213211837
0,5,0.119726579475,0.784259405,0.000248937627200041,0.302898171274811,58.0121994499147,1.00051266510392,9.74067950248718,5.95566248074396
0,0,0.153931738715,5.44953935,4.06499572972175e-17,0.303935334844917,35.3774210314992,1.0113884835387,6.81070613861084,5.19438371168881
51,75,0.3516433135,0.3849994,0.196992298252961,0.307842443446514,17.4088992876478,1.09940548004763,11.9023997783661,1.46263775472325
86,114,1.654651005,0.304623585,1.56834177028169,0.308015106967517,39.9351350300572,1.03968857552966,12.0440587997437,3.31575390771981
137,145,0.6901557505,0.260242519,0.837659795401464,0.309980626190887,45.3907094619535,0.995660221990857,12.064822435379,3.76223601342439
58,62,0.25780579275,0.406892775,0.135579299147322,0.30999116534835,40.9359124258104,1.03949330166455,10.663982629776,3.83870771802545
5,2,0.2878316916,1.260184915,0.0118801637736745,0.311168990074431,10.6642890343314,1.09451204133033,9.91238617897034,1.07585487911642
0,0,0.18741910725,2.848988,2.07828847056551e-07,0.31183066575499,53.6975786692021,1.00306502931189,7.84605598449707,6.84389440698645
176,197,1.79666275,0.182916792,2.59689929275126,0.313111643627696,50.2196165135313,1.02236314692284,15.0915575027466,3.32766293368936
119,81,25.879776,0.3325486,26.2149791296224,0.314274780477372,101.955375000926,1.0279451237951,14.2081651687622,7.17582979856423
200,107,59.5655035,0.31226099,64.041841655033,0.314802151819968,127.403316608025,0.997912326711889,24.2001600265503,5.26456504701826
0,0,0.22733615875,2.520900875,0.000203768194318144,0.316784105598768,31.8084445843206,1.03146133265258,9.04133129119873,3.5181151491799
176,187,2.27028298,0.195743194,3.24734635025224,0.317995535813341,41.4742448227141,1.0877014717149,14.1604266166687,2.92888384972056
89,134,0.3351832625,0.283316075,0.278446105688619,0.320282906819834,61.9969932974171,1.01882054799166,12.6314885616302,4.908130423024
199,199,5.34501395,0.1727068735,7.79630863923285,0.321222294629874,56.5344590973643,1.00261828836535,15.6778120994568,3.60601713674851
0,0,0.3195329975,1.27489244,0.00513163246415562,0.321491168101376,52.16259540932,0.997111224003615,9.01885461807251,5.78372727117627
181,192,29.6829365,0.251899125,31.2000252296078,0.325635742288883,133.235658313406,1.00770164155189,16.3784399032593,8.13481986687221
123,153,0.5448772785,0.272223045,0.602666063973554,0.327679639202062,46.9972527389835,1.03177779230431,12.1933500766754,3.85433473519999
0,0,0.1744199465,2.74670934,1.53206163837485e-05,0.328883787574226,21.3094938284144,1.04769949762359,7.20609974861145,2.95714666349443
139,80,1.310018385,0.35311615,1.59455336718507,0.329898474908435,35.3828061885481,1.12097495050451,10.7048144340515,3.30531709881837
13,1,0.2257915544,1.351736775,0.0138590486383771,0.332282748592779,14.1778855722317,1.05488510702062,9.44093561172485,1.50174581792762
9,14,0.353578566,0.587064425,0.0892138078017051,0.333055516548552,58.6513540464077,1.0803082775243,10.3072319030762,5.69031089995204
0,0,0.18857176815,2.87697332,5.02159356569416e-06,0.333542330204652,61.7304257837215,1.0093686223665,7.01771354675293,8.79637297425512
76,68,0.20983850845,0.428417065,0.138439115396875,0.333935503531541,54.3152529794017,1.00845119492765,10.0336425304413,5.41331354137976
23,25,0.1592413405,0.6916283,0.0162831692054855,0.334928704664264,39.6707012224087,0.999530581650629,9.44123339653015,4.2018557911076
200,200,2.70660145,0.00099165453,221.079054538762,0.339461357094912,67.046664278931,1.030702715741,587.239747285843,0.114172558292951
200,173,2.919719785,0.2589300195,4.43377262288131,0.342735201505685,48.1897236179605,0.997757793619483,11.074399471283,4.3514525318435
0,0,0.3705466853,2.822043985,0.00055718280289222,0.343292622456553,4.66562955888234,1.20127580503761,9.22192072868347,0.505928178754624
2,0,0.3303399658,2.316637705,0.0011224528044811,0.3462279316523,9.63477269696825,1.17246425045065,9.28684616088867,1.03746444487741
0,0,0.1623640867305,2.549481535,2.34053700518996e-05,0.347754520161852,24.1862929947403,1.01196256681046,6.94786739349365,3.4811103357254
0,0,0.14773259795,5.21348242,7.07638963137928e-12,0.351943332007773,44.4076591053955,1.00583368357321,6.86993551254272,6.46405763552199
200,200,4.6965501125,0.0038919714,87.8264675859638,0.352828779008698,23.814870077782,1.0508105081276,210.678515672684,0.113038911451139
112,121,0.5973867635,0.3190946085,0.672117858375008,0.355689986189068,32.9115620419237,1.11490572656863,11.2271430492401,2.93142804875469
11,11,0.30410381215,0.76846,0.0655114744347213,0.356611068173595,38.6684568337115,1.03349883619602,9.3601336479187,4.13118640056061
54,37,47.298446,0.40221234,46.5588814919339,0.358484617840791,148.60460067937,1.02302306301271,19.3315675258636,7.68714696728819
0,0,0.19270991747,2.008640565,7.18102574839174e-05,0.35918203596507,26.7307191635479,0.997672379717305,8.31133055686951,3.21617808131266
36,43,0.5681191475,0.515473515,0.329177305630312,0.360294124133996,24.1006139937344,1.08745651185291,9.65947484970093,2.49502321489875
1,0,0.35592812,2.035907755,0.0148673495518126,0.360909971043237,21.4517103470057,1.0934647281183,9.45960593223572,2.26771712275077
115,126,11.3505647,0.34041188,11.5313960414824,0.36169855408581,103.970436517055,1.02119989278432,10.8880999088287,9.54899728948573
191,172,7.9800964,0.30579413,9.00688767391256,0.362451336034326,62.6268344246794,1.01156412231534,11.104852437973,5.63959177075844
200,40,25.9645045,0.42289844,27.8543763229573,0.363765883681308,130.696135652579,1.00088242967603,12.8165216445923,10.1974731738329
55,58,0.424213118,0.480386795,0.266583674008537,0.366301967621166,32.5066089507129,1.03021819317922,10.7049281597137,3.03660225138607
0,0,0.27414048925,1.808598625,0.00277158445301094,0.366382600818889,18.2891802028356,1.0739033909969,9.58544564247131,1.90801564006577
0,0,0.15816292179,4.63719373,7.45954806203768e-08,0.366408837751432,36.251278894999,1.03213487019627,6.37501072883606,5.68646555072037
0,0,0.1354703444,4.81386585,2.03830523230761e-17,0.367786384633683,72.5515921531173,1.0243340617137,6.74750852584839,10.7523527943961
2,1,0.668717285,0.91204363,0.237496608148096,0.368618180790023,50.0172972439515,1.03369219689797,8.68528962135315,5.75885196976988
190,116,6.90613035,0.359837645,7.88012149774062,0.369021886086821,76.0281165028115,1.00331840325095,10.4334142208099,7.2869834259211
14,16,0.361314714,0.94129901,0.0475718890257566,0.37210603078578,12.0351325095527,1.10257452012598,9.6367871761322,1.24887395452299
0,0,0.186787659195,5.95224591,2.1406670968531e-15,0.372283080084367,40.4189232792853,1.00475579957274,6.96408629417419,5.80390902293927
0,0,0.179475327055,5.438060825,2.49990007794115e-07,0.372368275198257,52.7344425632684,1.0363846339963,7.08320236206055,7.44500013803468
0,0,0.33587753515,2.44623987,0.00539712940528589,0.375153453769456,3.92696274428449,1.25940716703314,9.82392501831055,0.39973460067795
40,83,0.12572574474,0.45231175,0.027177615123579,0.377598596222729,38.3722660094952,1.01044542805307,10.1828050613403,3.76833944854527
103,93,0.28330611925,0.40782714,0.257490142615163,0.378033536413246,26.7663035175337,1.03110190884906,10.7556164264679,2.4885885156397
0,0,0.163513062,2.641704545,3.20814083134468e-07,0.37814368249602,30.647099305554,1.00928807989501,6.95826172828674,4.40441887676736
157,185,3.1513184,0.282029185,3.56577373508043,0.379804621203609,57.8204506780435,0.99867044098285,12.5969436168671,4.59003806293322
0,0,0.2371227339,2.520975705,3.47933785378608e-05,0.38133990354839,44.4642409979049,0.998797642560436,8.86436939239502,5.01606363968226
186,145,11.1773897,0.3387775,12.1580003412532,0.381442403311527,89.4055161836105,1.02000913909888,11.1357779502869,8.0286726785269
45,28,0.4124625105,0.850395525,0.168892964371199,0.382888785624106,27.4382418594746,1.04103260076092,9.95704317092896,2.75566163452867
0,0,0.2343071572,3.010553615,0.000360117716460321,0.383123608701028,31.3864565940568,1.04002641343864,8.0103223323822,3.91825138760961
0,0,0.217000367,3.24336145,1.91155094752505e-05,0.383130806847052,34.1168559789849,1.05652180804623,7.11439800262451,4.7954663158287
94,33,1.58270745,0.527391825,1.62117584127332,0.38463687774246,52.2198440259569,1.00197759790058,8.50700926780701,6.1384491755019
15,8,0.096552397525,1.032262725,0.00416343531418256,0.384823184456627,31.4395532822073,1.02350727552833,7.8172173500061,4.02183435288297
26,35,0.12106639695,0.631024835,0.0189084269082224,0.384982115774033,53.8417095334398,1.07041911477478,9.81822490692139,5.4838537560373
16,15,0.26721875245,0.777950915,0.049116287739703,0.386023423291283,42.68256444335,1.10300302749904,9.26964116096497,4.60455412482297
0,0,0.140603632955,4.69039205,9.42750790754316e-14,0.386195296515535,35.8591669988372,1.02543914523995,6.75598216056824,5.30776519928246
141,163,0.95226919,0.29708091,1.1840482625508,0.386298463520686,46.0765619437794,1.01602228489157,12.0524840354919,3.82299298701363
0,0,0.1871410477,5.98467498,2.02304826930062e-10,0.390922971587175,47.0291944234355,1.02351979966681,6.54035806655884,7.19061463376111
46,54,0.6040435415,0.522193115,0.388924129762928,0.394781823517697,34.0698196379702,1.0072733879718,10.383590221405,3.2811213570175
30,26,0.2578577146,0.83391723,0.0544767205685902,0.396713894721269,24.1815137366691,1.00271136921676,9.75168752670288,2.47972606489423
0,0,0.1484981067,4.873951325,1.09049211487226e-07,0.398252189365397,52.8516073166427,1.03110985924853,6.69424772262573,7.8950779096523
145,157,0.14556254955,0.315350265,0.189361206807611,0.399098687234226,36.1964795628833,0.997441403428644,10.3030071258545,3.51319562538702
0,0,0.3053608595,2.58247819,9.93902646415059e-05,0.399334614728734,27.2968006114186,0.998635237003626,8.96245622634888,3.04568300497449
2,2,0.541633827,1.100843785,0.138580805383791,0.400619641706484,53.4846598549019,1.00424298390571,8.92913842201233,5.98990152544284
108,131,0.112599031445,0.37104697,0.0932247749903959,0.40305922665159,53.0200210855464,1.00729436218053,9.56515908241272,5.54303599435511
200,200,3.93219331,0.00302955265,97.7528409443783,0.403822383571645,41.0844300674547,1.03766825840178,234.149917840958,0.175462073385653
86,154,2.19268865,0.338866275,2.14678547368551,0.404517607521484,73.9337499517449,1.04406216874951,11.1861169338226,6.60942044403245
144,131,0.116581949305,0.35945065,0.162424027557059,0.405136599550246,35.3962695173783,0.997784735961784,10.2086563110352,3.46727996701351
165,167,0.0900789934,0.302990805,0.157640410124081,0.406739174141291,42.1043411498861,1.01117023187557,10.1202471256256,4.16040642360137
6,8,0.08721171075,1.19680591,0.000583671423212011,0.410385445348431,22.6360217963242,1.02809631213857,7.82725119590759,2.89195034498947
184,177,32.8595645,0.346154835,34.3113135129364,0.410637743667551,73.0744407675783,1.02423828595388,15.5912971496582,4.68687371333823
1,1,0.11856610083,1.4533576,0.000422851676176968,0.414454016633289,46.9509560789275,1.03418696602812,8.21363568305969,5.71622091490643
11,15,0.5025455805,0.909331595,0.108724472622891,0.41458655935176,19.3851634791378,1.11962786247628,9.01823949813843,2.1495507502478
52,50,0.6443955915,0.541255375,0.482331311672976,0.416688174520784,37.2610484281242,1.0948715651693,9.62043356895447,3.87311529787672
0,0,0.157451636625,5.118904,3.03914933831574e-07,0.417152996889258,26.0908883904045,1.09195496178238,7.18239831924438,3.63261507239121
143,157,29.745311,0.382950195,30.2148751423982,0.421058031581275,130.366498606686,0.999302908371716,14.3232307434082,9.10175231706599
0,0,0.1549425043085,2.43992625,7.28876883128165e-06,0.423056923073454,30.1367403931461,1.02306033393956,7.42399573326111,4.05936930406991
0,0,0.3809236183,6.09998361,3.84760937572884e-06,0.424631286970524,1.5012079719916,1.94130888850781,6.57901453971863,0.228181282003338
0,0,0.1491288626175,4.603207605,8.28289881394631e-17,0.424828949760152,44.281090036208,1.01911955597065,6.33171796798706,6.9935348131568
31,67,14.513576,0.45328801,13.9432921580842,0.424895538437784,89.3549863596394,1.03700058734533,11.2079601287842,7.97245755096493
158,166,0.25736628005,0.2994696425,0.435977198369831,0.425093903533412,20.5295048021376,1.06951548676256,11.3830709457397,1.80351197844559
31,30,0.876750805,0.70103687,0.539682722233471,0.425372682762565,35.4973677851931,1.08768899499682,8.4753839969635,4.18829020583738
0,0,0.16492614335,2.54406604,7.16359817003265e-07,0.429453224563804,58.8946028988331,1.0010978709716,8.01510143280029,7.34795478168474
173,184,0.19798161955,0.273814095,0.403007159737839,0.43055171304082,43.3896518433006,1.00472660789313,10.6535143852234,4.07280173230749
0,0,0.211120115,2.33446541,7.50109774747689e-05,0.430931203633695,42.7753308342223,1.02661820545494,8.76349449157715,4.88108149954735
74,62,22.377141,0.47903766,22.1668348834061,0.431528442337849,108.081217718613,1.01554095604804,12.1711299419403,8.88013013041439
0,0,0.2921427203,3.055178765,0.00117764200060578,0.431698177999585,44.8699430759404,1.0372969643913,8.21608829498291,5.46122941538248
0,0,0.19403808522,2.82837586,5.45293989661609e-06,0.43823258533505,22.1224166673443,1.02046426879482,7.20378494262695,3.07094351698915
0,0,0.1442220351,1.43498279,0.000222054842713834,0.438429252322197,33.2157517701736,1.07328077085589,8.10278034210205,4.09930300067306
195,163,61.263479,0.382728015,63.9622953452807,0.441365110367456,72.0106790247466,1.01186827103979,20.2076399326324,3.56353731879692
0,1,0.13172993675,1.270708815,0.00286143685898103,0.442943363449055,20.1164105981083,1.04892267984827,8.80140900611877,2.28558979410266
5,6,0.20124807925,1.030825845,0.0163258371154819,0.447511355675877,46.9815366961171,1.05091335697391,9.00748300552368,5.21583406455571
200,200,2.905251685,0.0016123554,154.475757699669,0.448767118516961,47.8140021365771,1.00509080984356,370.20639538765,0.129154986872958
0,1,0.13835072097,4.774334295,8.92599097185049e-13,0.449854792417814,42.8957327809884,1.01526969504216,6.83097338676453,6.2795930173146
0,0,0.17499094195,7.06605818,1.3853243535585e-06,0.449965973219254,39.3137193525432,1.03279534034077,6.79731726646423,5.78371110415933
154,110,0.3687311425,0.448621095,0.528503257733973,0.4507957949091,19.7758265086479,1.06342565091113,10.0912742614746,1.95969567333493
2,0,0.2086044862,2.097245265,0.00122085256417399,0.451164990894766,57.708167032778,1.01300637997282,8.61616349220276,6.69766388311936
0,0,0.141302229765,4.52164548,1.48211727415166e-14,0.453332564552651,26.5325110420062,1.00307315753163,7.27223563194275,3.64846690685655
0,0,0.3028280789,4.359723625,4.14856358515955e-08,0.45801858552976,17.8722552545868,1.0072949945524,7.01163339614868,2.54894319837138
0,0,0.1037809883,4.71370791,5.01673759256378e-08,0.461999482049457,32.5569062248764,1.03980628850183,6.49058890342712,5.01601729970695
117,147,1.39374205,0.4057539,1.51997206496255,0.463034841610334,33.0713249946912,1.06218233416463,10.4943053722382,3.15135912493825
0,0,0.29082451,2.088062,0.00844499808680341,0.46483495952801,10.3535152164514,1.12549515670692,9.62412643432617,1.07578753116997
196,191,5.95410025,0.317717375,7.36936824819416,0.465434132271873,48.0341501951242,1.0038715327189,11.071072101593,4.33870809930075
196,189,3.34801915,0.35263057,4.171203714953,0.466641777808409,68.2469201830174,1.01352419850376,10.3778772354126,6.57619266781624
0,0,0.1487081158,4.78535107,1.06472633328087e-09,0.466747504717978,42.7471599709744,1.02572694405417,6.83893728256226,6.25055592774187
6,4,0.09050252182,1.26005559,0.00215752911150255,0.469538170465181,11.8664275597272,1.10464599851159,8.33750915527344,1.42325811447196
196,158,12.0567205,0.41772589,13.212290600266,0.471293133927365,84.9737722917869,0.999802865879548,10.1909499168396,8.33816013082114
100,137,0.287714973,0.41465794,0.268664320622815,0.471568031937654,42.7759716471656,0.996118629411265,9.9435818195343,4.30186751851648
57,62,12.435589,0.513314525,12.1560972569904,0.474047980639202,135.371009879792,1.01379461588635,9.6188051700592,14.0735785252379
73,35,7.93311475,0.555756,7.82350989913831,0.478488840106989,103.623917420549,1.00166595214534,9.4964587688446,10.911848294494
16,21,0.529865242,0.769176115,0.214868748331519,0.478914677933343,46.4465338183754,0.996727347797468,9.37797403335571,4.95272578631308
110,177,5.3760889,0.387403195,5.48145344663332,0.479581549651807,50.3793600643712,1.00863606696243,9.77068638801575,5.15617409705874
163,122,0.238404097,0.46183099,0.400562576587115,0.48451783022592,58.6314284330153,1.02076261342356,9.74956083297729,6.0137507152833
0,0,0.1759465933,5.02985084,1.47340687219105e-06,0.485029710041388,76.582578209128,1.0098237959212,6.3107602596283,12.135238078849
188,199,0.299133799,0.26458683,0.613269648645829,0.486354093062276,35.5771975348442,1.00809515688966,11.5420105457306,3.08240903037507
0,0,0.12362137805,4.375756155,2.95574538368086e-10,0.48738754322007,75.6913107189671,1.00017075457656,6.78003787994385,11.1638477629854
191,185,13.363232,0.40135953,14.1622897305991,0.487490306661456,103.671025518823,1.01314377658087,11.0706856250763,9.36446296370269
86,8,18.6441085,0.67385554,18.4672594258898,0.489942328908189,162.272513761829,1.00005692438358,10.8175776004791,15.0008180902388
18,4,1.01887557,0.876236065,0.735936329388038,0.491365155781832,62.2995091998332,1.00040476323778,8.22882342338562,7.57088905599594
0,0,0.17119034475,5.82332718,2.22686011112178e-22,0.493100177717362,40.5335481128949,1.04629625671493,6.7472677230835,6.00740177749625
175,106,6.519364,0.49209317,6.98712206112753,0.495222013618739,84.3502909658933,1.00444336429121,9.19082140922546,9.17766619654094
152,122,0.682068183,0.484325665,0.891451269563623,0.49561845286634,66.5824510014101,1.04405626044016,10.4192235469818,6.39034671836918
136,18,5.0476088,0.637483015,5.21585194404177,0.496048326560615,86.976060380823,1.04645561268393,8.2248158454895,10.5748337731502
0,0,0.121285623295,4.19868525,2.40359300525207e-14,0.498354400503832,31.5199344232532,1.02763290383803,7.1037392616272,4.4370905606737
178,192,5.7883392,0.354785595,6.36427783589129,0.49999587608907,66.2970541353793,1.01065829785712,10.3833293914795,6.38495145784186
27,18,0.259835998,1.070744155,0.0815179674359994,0.503490924087212,32.5568893994867,1.09864723896967,9.67864656448364,3.36378533739998
200,92,59.1500625,0.510357155,61.91476407388,0.50360022951731,136.256246410435,0.997342415032397,20.9040944576263,6.51816067357681
179,196,45.902102,0.38342933,47.4969460079714,0.506277533342732,135.065154367184,1.00846624507907,18.2946975231171,7.38274870062849
200,200,2.639381885,0.000914346255,240.783193769845,0.508260186080083,33.0046163164508,1.05308555525458,602.75216460228,0.0547565288931456
163,178,10.39038435,0.429021705,10.8988724648994,0.509122292159784,61.8203835785327,1.04766613274414,9.85365724563599,6.27385163066351
0,0,0.17260470055,5.6692311,2.28890392116386e-14,0.509864111155993,48.9916155433644,1.01595242267721,6.65393972396851,7.36279821815774
91,55,0.306839026,0.744950245,0.24346062304235,0.510411505245305,61.9507366001934,1.01047473560285,8.49467611312866,7.29288977886368
0,2,0.288247965,2.20159153,0.0100745600952974,0.510837073283535,19.3185727243852,1.05686711867169,9.99283885955811,1.93324169396638
0,0,0.15272938032,4.9664655,1.72017499214515e-05,0.511448409742049,54.9421366371536,1.06248978987569,6.61793994903564,8.30199987613361
102,93,0.230259850935,0.60274241,0.202207839519634,0.513633085875105,5.91559277340101,1.20801742296356,9.66609215736389,0.611994245150492
75,130,0.2387935808,0.453959325,0.163172427693963,0.514753092593792,31.5067672595731,0.998069479356774,9.66990447044373,3.25822942262503
114,159,0.2775432915,0.392447975,0.282936205842218,0.5150758177281,40.0632428335135,1.00840966983655,10.2198476791382,3.92014089557272
0,0,0.13051316817,4.6360433,1.70657523523365e-12,0.515141682241996,45.4983680258507,1.0042004658648,6.97970080375671,6.51867025608918
6,5,0.190732257,1.349558025,0.0178236757480095,0.517987069989751,58.6980308157996,1.02404751569322,8.41632866859436,6.97430353864769
1,4,1.182118045,0.95745451,0.659010469532781,0.519080151821208,52.6056810908353,1.06908717668676,7.61879944801331,6.90472054682485
0,0,0.19598996173,6.13362525,9.3107604469963e-08,0.519286323509137,44.2342301494976,1.04153444566998,6.55558681488037,6.74756225470028
187,171,0.435488711,0.31956678,1.04093098023527,0.520243587053752,16.6688228679218,1.08438061863908,11.0736992359161,1.50526238005982
0,0,0.24374910455,3.001801005,0.000369296371826152,0.522896822284109,38.9882745707208,1.00739762617855,8.24554514884949,4.72840471635291
3,2,1.51254945,0.9240446,1.03275887886589,0.52409778419318,75.4452599046239,1.06718903080884,6.98171973228455,10.8061140804254
0,0,0.12075323739,4.128671455,7.1290179063073e-06,0.526412867366703,52.5563690019789,1.02719079362919,6.94669723510742,7.56566282122791
97,24,2.75923855,0.720117085,2.78279829147154,0.52735937998982,72.8309029476551,1.00285899687333,7.97150206565857,9.13640896631168
0,0,0.171554765245,5.05808746,7.2142916575667e-10,0.527610886166886,63.9330888245445,1.00679294222781,6.64470458030701,9.62166008313203
0,1,0.24339480315,2.523278185,0.00186685949737105,0.52767569068021,39.1532729085383,1.01713544253998,8.20580863952637,4.77140945256045
0,0,0.159844968836,5.0358787,1.34855794322384e-07,0.52856306104314,51.998082177113,1.01448244514499,7.48815679550171,6.94404291966073
0,0,0.15203590015,2.04751849,0.000185503165387233,0.528759571752063,46.0061780783707,1.01941061248061,7.1079432964325,6.4725021232881
0,0,0.16802152834,4.88396429,5.90670681451041e-06,0.530001913427591,42.0777714531562,1.08055397484555,6.77795076370239,6.20803734345388
197,160,19.1873795,0.47590878,20.2469999866993,0.53316974018463,114.474815517867,1.00359266272379,11.6799914836884,9.8009331323346
0,0,0.16326598132,4.702582005,2.6360728442716e-05,0.537201189789669,35.3690105266005,1.02313559270769,7.09126138687134,4.98768957975265
129,119,74.4839945,0.52256367,75.0664038323164,0.537277497732078,108.465760483268,1.00357340748614,149.753520727158,0.724295228296409
0,18,0.1325181184,1.087409195,0.0026741725240874,0.537383481754003,51.1524260821549,1.03819973097787,8.93804454803467,5.72299967932052
94,33,17.7405795,0.622715655,17.6997030860725,0.540210820625205,170.67376818234,1.02119352896122,10.5790905952454,16.1331228469721
64,54,1.098482235,0.704597725,0.964870618062437,0.542929602521137,51.5426828559473,1.0458587680251,8.30502796173096,6.20620220587489
196,170,9.37914965,0.454287385,10.4019761307945,0.543744683241927,112.225751377477,1.00430449301496,9.63469481468201,11.6480857501017
179,138,5.8229782,0.50212499,6.29129920447236,0.544778132092693,67.1704441601288,1.00482397285113,8.44614696502686,7.95279130688382
0,0,0.18172381145,5.928182555,2.07631751347318e-07,0.549286056424575,33.8077583320874,1.01439046332386,6.65081143379211,5.0832531742388
0,0,0.14697339905,5.139179445,7.70388190289037e-09,0.552401444039062,41.8196033151899,1.05786644315288,6.5892128944397,6.34667660388987
179,109,38.0446145,0.539974105,39.1069671748922,0.553384128435159,144.920863276455,1.01075890907581,14.7382946014404,9.8329465650857
0,0,0.1656627181,6.41855749,6.74997925125209e-17,0.55838732316601,26.1953133687577,1.299705138007,7.22740769386292,3.62444108293507
133,178,40.209918,0.475659615,40.757157470758,0.559186486608861,100.723642399129,1.00837686066971,15.2507438659668,6.60450685450834
111,136,13.9577575,0.535219955,14.0228038620953,0.559816644315047,142.43082234779,1.00169927788548,10.156081199646,14.0241909795635
123,33,31.167174,0.657137935,31.3662631372067,0.560159850728692,157.615680481931,1.00873092564644,13.1836051940918,11.955430867466
141,98,0.694137745,0.588612585,0.864699774752663,0.563921060086517,36.5889150524679,1.02970321594098,8.93311142921448,4.09587581464718
0,0,0.141953342555,5.222892555,8.57923201124559e-14,0.564336347081922,51.2432555884417,1.03003906678859,6.67173647880554,7.68064742233583
0,0,0.1668744504,2.511735775,0.000548766415237574,0.568589170319612,16.9470452382779,1.02694338604867,7.49425435066223,2.26133841277757
0,0,0.1930933545,5.899110265,2.08052257624608e-09,0.569194694427771,33.7797456593419,1.10773994578045,6.64370822906494,5.08447157741847
0,0,0.4589497585,2.39927861,0.057509983705205,0.569287795763823,29.8560577383167,1.05111768012198,10.6645743846893,2.79955454961051
0,0,0.14630470393,4.63872945,4.30585746613742e-06,0.571181923575051,50.5850320657265,1.0126745352197,6.26108360290527,8.07927752989178
32,30,0.556752735,0.82404271,0.376978083639486,0.573015681369357,60.8234098021303,1.01279299641243,8.48273205757141,7.17026182005139
190,190,1.048621014,0.3337781335,1.74670982416332,0.573620854678458,43.7083499242498,1.0510405305341,10.820967912674,4.03922738492338
20,4,0.336330451,2.09069651,0.0476829958536188,0.573716577403887,24.4585323625185,1.02997954552998,9.84044742584229,2.48551019116136
46,80,1.3211381,0.607099545,1.14774991246702,0.576768090776654,37.6850339215584,1.05195144388248,9.03223419189453,4.17228264025491
0,0,0.19001071315,5.446222265,5.35191918835177e-26,0.577048300648288,44.2004140193915,1.02565535641093,6.84833788871765,6.45418125355787
1,2,0.2236417631,2.47588518,0.00195839886631279,0.578405488606691,17.1009681403785,1.01815957023029,8.5228259563446,2.0064903622311
57,108,0.855718734,0.603123265,0.655394543421816,0.578986977052962,22.3658194805577,1.02509791756772,9.30514597892761,2.40359684106055
0,0,0.414155598,2.70106068,0.0221991834360756,0.583676253757599,33.0439697623544,1.00909265011136,9.49701261520386,3.47940674622818
0,0,0.166523990245,4.62872635,5.51253183001207e-05,0.58524583025408,81.4438039653721,0.999995507186979,6.62201952934265,12.2989374471774
3,3,0.29176897365,2.914416205,0.00794621742495288,0.589342121337502,29.9561376136667,1.02200520082068,8.69512319564819,3.44516540359766
16,105,4.3712405,0.600716535,3.89965282186473,0.589541859528567,110.89780166245,1.01640718261839,7.85659003257751,14.1152588085428
0,0,0.1777809332,5.41690645,2.93337247579655e-08,0.592811237682437,42.2063322916843,1.0503553046577,6.61850476264954,6.37701925212307
0,0,0.14785263925,4.90748735,1.0906360943583e-10,0.593356985834713,68.3862054361682,1.00032681420336,7.38513612747192,9.25997899778431
0,0,0.30859001365,4.75261726,0.000357622383985471,0.594776616987771,7.58991941838792,1.10378716108607,7.36533546447754,1.03049201967698
126,127,0.169334703,0.551775195,0.19272756603653,0.59538233080236,51.0615586289187,1.00237753386699,9.61676812171936,5.30963812193795
69,105,0.15753242825,0.64516572,0.0789819178634594,0.595854830448475,69.1064004684244,1.01224388979022,9.63166356086731,7.1749184376828
199,53,73.6543645,0.656815,76.15241834584,0.597556741246681,145.4756222405,1.00070373809053,90.9887843132019,1.59883026615394
0,0,0.1189931267435,5.392015735,5.22634072988725e-08,0.604099489691254,26.6222537859525,1.02227415350783,7.22591495513916,3.68427444153884
6,6,0.16732227235,1.54048499,0.00765063396041248,0.604246446558244,51.4603332451847,1.00677372862219,8.01231503486633,6.42265475349512
0,0,0.168503895975,5.025677645,0.000104699854118827,0.606173100315052,41.5460882619513,1.0043593002587,6.68820667266846,6.21184276971143
4,5,0.2009852813585,3.009580325,0.000781858300770069,0.606373479934336,13.8521483348479,1.10624815350971,7.43557333946228,1.86295631855737
200,200,3.020278985,0.00271993255,100.335761452622,0.606758283418876,57.0310799112758,1.02084847963609,244.441773414612,0.233311512654354
0,0,0.2083608565,3.109355175,5.3564433713164e-05,0.607877303288343,64.9922366264976,1.02036741629448,7.66698098182678,8.4769007227943
160,115,49.821396,0.596758725,50.8417894849482,0.609028142798933,109.754485561237,1.00354324200952,17.2624728679657,6.35798164033095
0,0,0.15328023847,5.02069895,2.18335444573354e-08,0.6105163050797,48.775515509388,1.00926791435591,6.66282248497009,7.32054855422235
71,58,0.24657881705,0.878291475,0.166612858378632,0.617733256401442,42.1056138089615,1.04080715868603,9.3030641078949,4.5259941585514
63,64,10.6989906,0.67277865,10.4880687248166,0.619274718265046,92.1302576697347,1.00403318836892,8.46176981925964,10.8878236630875
47,166,11.737797,0.542058535,11.3445912528223,0.620366132714462,84.90208709765,1.00206369432125,9.53835320472717,8.9011263553936
0,0,0.16713463675,4.78890605,3.20538222252709e-06,0.622422746863211,64.1843157749223,1.02894888821609,6.72822308540344,9.5395641553811
136,155,22.322946,0.56970058,22.569475480387,0.624125707601352,139.111389758904,1.00132724202699,11.630441904068,11.9609719825218
0,0,0.18867098855,5.89224175,4.57643371614363e-08,0.625205684576155,38.3563501244324,1.0197544787892,6.54259157180786,5.86256221307021
152,182,0.22535497505,0.39160269,0.330714606295166,0.625963122953078,34.6997543525553,1.02984132438683,10.4514379501343,3.32009380126583
0,0,0.1697503584,2.740399235,0.0020267443650753,0.628130463558715,38.0654028072329,1.03117354638997,8.09633326530457,4.70156076335884
0,0,0.227161372,2.822946465,0.000189345901101898,0.630855489500385,21.4819387009658,1.10006250297236,8.21264815330505,2.61571399382558
47,37,3.33995535,0.757352225,3.18063475071545,0.631522543011738,68.2562164044192,1.00878900029323,8.0429515838623,8.48646366855809
0,0,0.166702831004,5.183104975,1.03199216525969e-06,0.63317322817051,31.5115273001024,1.04707862639973,6.297114610672,5.00412160939527
0,0,0.1762461768,5.7273846,8.78785659480534e-16,0.635449231470558,49.8157008099673,1.02654997975123,6.62139940261841,7.52343995293016
0,1,0.185205190125,5.757319035,2.24031789363842e-08,0.635927558809505,38.7325012891763,1.05247081108142,7.00079703330994,5.5325845192892
0,0,0.151045430768,5.682755705,7.23611140917404e-11,0.63641064201888,25.1152749741523,1.06484762133504,7.43735432624817,3.37690983546589
0,1,0.18368966415,2.76899765,0.00296549254392462,0.638763319980619,54.6042104899594,1.00139767287826,8.21560168266296,6.64640431694593
0,0,0.148921117775,4.519840885,4.24046393146634e-07,0.640154986254574,45.5595967849196,1.03625518035721,6.17329573631287,7.38010922057836
3,3,0.4134624974,3.489058395,0.0168870349822322,0.642491413833136,2.74788088117673,1.35172758367571,8.77130484580994,0.31328074094807
49,55,0.5276639925,0.83110081,0.407830768020009,0.646208198903483,73.3042570951008,1.05357206194276,8.57674837112427,8.54685877714422
0,0,0.1375093358,4.64026,4.46798694076164e-05,0.647312428617033,32.8452272291949,1.06303326986325,6.98374247550964,4.70309828066763
169,124,6.92043755,0.62680686,7.33221178383602,0.647400204740046,135.528202868245,0.99849172348365,8.11177515983582,16.7075886840764
142,127,12.7400485,0.62409054,13.020342104336,0.647949401602689,141.721341207996,1.00050149988588,9.48847985267639,14.9361481932242
140,70,1.4718169,0.76653248,1.62024664325988,0.648519425479412,65.7225667954839,1.01170383893424,7.42306041717529,8.8538369758404
194,62,15.179025,0.71673753,16.0401646704973,0.649228054822729,123.333346382726,1.02774177873442,9.46374034881592,13.0321988808746
149,164,1.4017201,0.510810755,1.64523505006888,0.650108329289288,9.41963708264,1.2077504322703,8.25455021858215,1.14114480295184
0,0,0.15580724232,5.450645765,0.000154107853014597,0.650816257208385,58.2092198090809,1.01248571000493,7.09505796432495,8.2041922845121
0,0,0.1369405819115,5.126140355,7.52659558012813e-21,0.652043893324112,44.7314478255867,1.0124396653503,6.9766149520874,6.41162628764586
165,187,1.3598971,0.42621853,1.78537764443361,0.652656251952596,10.960799172659,1.12042045920811,9.65624809265137,1.1350991676571
149,148,2.3007772,0.56594405,2.505695816502,0.652705844177459,64.8492145868636,1.01173772057136,7.66489005088806,8.46055379220346
14,121,13.457999,0.6255576,12.7642611553591,0.652900512682762,92.4052659249057,1.00095001087238,9.45529317855835,9.77286099752591
199,200,4.01653935,0.32423331,5.3882941180252,0.654262799908965,62.8806075345296,1.03533203099282,10.6482398509979,5.9052583726912
0,0,0.1972867708,5.504809045,1.87774208362117e-12,0.656823753914826,32.7969214446867,1.03205700483959,6.9085431098938,4.74729923849182
0,0,0.15736688415,5.14734559,4.13730168332848e-08,0.660158711523465,45.8574912833958,1.0267422798469,6.89195156097412,6.65377446107794
129,35,4.07369545,0.774762135,4.18894315311277,0.662241428843874,92.689267687034,1.01544311698369,6.96229362487793,13.3130362896263
0,0,0.1525061387,4.74793115,4.24171913029992e-06,0.662525072359732,32.9712704243838,1.05675970646617,7.1524920463562,4.60975981667548
83,73,0.13808340525,0.984784845,0.0648448834169979,0.662743537675129,41.6055334327676,1.00343969201286,8.74961447715759,4.75512761635226
1,5,0.2090614254,2.134214825,0.00435657783296631,0.665871334617042,26.2810354647389,1.08973138830106,9.06931710243225,2.89779651189952
37,161,19.927812,0.59379367,19.3263567987769,0.667206974486088,133.882278147073,1.00502742925572,11.3365888595581,11.8097498114871
75,85,0.828333836,0.712693455,0.789222721236348,0.675802504999524,36.8508653110708,1.14352236864155,9.06658291816711,4.06447121740111
95,101,1.82173905,0.66920308,1.84899014872359,0.67843644592539,49.4505932770658,1.00459917763331,7.03390026092529,7.03032335442309
0,0,0.1344939874,5.53483411,3.18884421300443e-06,0.685698450237276,37.6593893032078,1.04547130035997,6.8307523727417,5.51321249083609
143,104,81.7502075,0.69278786,82.3852543448795,0.685809856781575,176.755206460704,1.00039315633548,29.1991560459137,6.05343545487301
0,3,0.157812313075,2.50012605,0.000141158229157753,0.687983464872789,32.7756505714894,1.0047799659794,7.91407918930054,4.14143576119386
0,2,0.17602271815,5.46598549,1.23091249478168e-06,0.688105190788604,50.4939725145108,1.02656785379661,7.16226506233215,7.05000053405858
75,49,2.1499381,0.81666466,2.07258998579383,0.68834390897783,50.1176003384858,0.998826906167999,7.09553551673889,7.06325832916412
0,0,0.1527454795,5.11628615,0.00015872972246609,0.692675967262693,72.0751744731948,1.02588151907939,7.253169298172,9.93705944398124
120,134,0.278983942315,0.557420295,0.332793160406586,0.692996906494244,6.83211274642362,1.12334585190981,9.83649754524231,0.694567625824109
95,90,22.9005365,0.70131124,22.8602738293739,0.693044691913993,182.764882079596,1.01381921344393,11.0088863372803,16.6015777146036
0,1,0.2043388665,2.30870959,0.00204616926154339,0.694006754904887,16.9313060073563,1.01875713630804,8.48103952407837,1.99637154847433
139,47,60.478618,0.76482833,60.8823474770834,0.694383114646659,105.769699007724,1.05436413110723,19.9534387588501,5.30082560134207
22,9,0.1832539171,2.163938405,0.0191854388783068,0.694448339318346,32.5450271580309,1.01395564506282,8.57259917259216,3.79640136005449
133,81,29.780872,0.73239523,30.0413493731161,0.696589105870446,131.256362339479,1.003846825981,12.2338161468506,10.7289794749179
200,200,6.00093121,0.00491935865,79.777325984035,0.702489946195711,64.405326067672,0.99928915308758,183.171423435211,0.351612303162849
0,1,0.113770194395,4.02641767,2.39140542596017e-33,0.705418607718698,50.0517342072645,1.0056416124254,6.98791718482971,7.16261124501066
0,0,0.159558299795,5.354889395,2.85001214278939e-05,0.706061232150017,47.1186971392621,1.01735006580773,6.69124937057495,7.04183845642766
0,0,0.151228125735,4.912911325,1.93867733897222e-08,0.709170557706489,31.938615694053,1.02081461805001,6.90224862098694,4.62727691334396
172,184,0.7163593395,0.48180499,1.04704493669058,0.709224574629186,60.5984222210356,1.00231225647238,10.1430504322052,5.9743784797352
179,115,5.5448259,0.68572625,5.92340012235937,0.71012662480328,57.1989815427805,1.08002307521071,7.73568439483643,7.39417207622391
0,0,0.1467343306,4.766596185,1.67108756638098e-06,0.710892486766797,48.047919024551,1.00573241858176,6.65144300460815,7.22368349112563
183,156,0.4408620915,0.536083865,0.773597675098262,0.711589609047394,32.0685114207487,1.06500302737551,10.2347681522369,3.13329143794428
53,40,0.2784081111,1.152593965,0.160589355239707,0.712388150491444,69.1243219100434,1.09057592844292,9.82446479797363,7.03593766495054
200,200,2.51071812,0.00090388112,236.827457619369,0.713436314403233,72.2594261742477,1.01530586680651,609.456877231598,0.118563640634395
147,66,63.816419,0.770426275,64.3351202489511,0.715478539173572,141.020647403576,0.999865859338237,19.6237173080444,7.1862351658402
192,123,17.9259265,0.69880985,18.9033399216423,0.717453025144498,138.102830609341,1.01265283615532,10.954553604126,12.6068880211902
0,1,0.1729602732,5.867195635,7.44479391499332e-07,0.717556049973977,35.6131791227785,1.06627979432519,7.44348740577698,4.78447496198338
196,188,9.33527605,0.549200755,10.2014439307014,0.717708228829859,134.855560720969,0.997669986163053,9.7899763584137,13.7748607130263
77,64,0.2118465437,1.023662265,0.130897668031598,0.718490587099309,41.4745002072646,1.10481950265185,9.55534267425537,4.34045137062514
120,165,69.2886555,0.64669261,69.5806759404849,0.723913649762038,127.936472932438,1.02628812563779,46.6956717967987,2.73979296173674
78,145,13.6050905,0.67794133,13.4803601965999,0.725786247983775,124.730080274226,1.00087214209034,9.36594295501709,13.3174076409905
200,22,17.86073,0.86670964,19.0972244058186,0.726418145779358,171.528147131771,1.01034794359444,10.264139175415,16.7114011414246
200,200,6.55950553,0.00533410205,76.8706030220375,0.726588543367208,27.133919109179,1.05876910520484,173.294625520706,0.15657680685508
5,0,0.14211368965,4.95232515,0.00372368358717826,0.727506385986816,49.4109125741147,1.03376457802071,7.06938123703003,6.98942537082257
198,74,33.194773,0.782703825,34.6286782059908,0.729102247209634,177.295899253491,1.00540213630212,13.0474073886871,13.5885922752145
6,8,0.198565811041,2.481500965,0.00688164453690364,0.731529493940219,13.6345799236256,1.09321723623348,8.24409055709839,1.65386100858461
192,172,3.54806325,0.60050834,4.13097134791111,0.73295044916227,66.2960702838921,1.00155872416173,8.28513646125793,8.00180788740157
17,23,2.50088905,0.95838743,2.21383002999554,0.733345193027207,118.40281389426,1.02315318305696,7.12345862388611,16.6215345867577
0,0,0.1676059491,5.39321905,3.02538233672828e-05,0.733530589582753,30.864819274553,1.01408769991021,7.00827741622925,4.404052157393
106,198,15.492117,0.52654692,15.5588183339894,0.734584062264038,111.378102854635,1.00625925912237,10.653712272644,10.4543937365969
200,200,5.169322385,0.00290691055,112.376478571186,0.743476279546134,53.7923489982358,1.02874095117317,274.548377037048,0.195930311367227
0,0,0.13189139486,4.799477265,2.31828228158015e-08,0.744403532299284,33.2912923015525,1.04637398958534,7.0275936126709,4.73722502131137
162,147,35.1211695,0.687054215,35.7307505377409,0.744456404664276,152.425361747809,1.00869277902999,13.5268912315369,11.268321681514
140,113,1.59853326,0.739126195,1.71837293667823,0.744626530926574,78.9392736955532,1.0036397501078,7.56066346168518,10.4407865917575
2,0,0.15225013935,5.0387942,0.00376950593222002,0.746800011322283,60.3256303228908,1.04477303999027,7.42251563072205,8.12738339993532
114,118,0.36218086765,0.75015446,0.383313625722459,0.749534823368202,43.0626725865095,1.01529456427541,9.31192660331726,4.62446434781487
10,15,0.74271624,1.28563054,0.415595762196541,0.751511607498775,37.4639113389524,1.0356985602329,7.31789684295654,5.11949158930976
13,0,0.1372855351,4.12668515,0.0118325517287643,0.754665161401777,48.0931226386835,0.999479578311282,6.53389167785645,7.36056320028575
166,94,18.134859,0.780975705,18.5428575969266,0.758738903349751,151.523875115745,0.998459535667267,11.89976978302,12.7333450880669
153,157,0.4731043605,0.59311333,0.649928289410805,0.762970600258528,41.4808208617382,1.09308967421075,9.55789875984192,4.33995189779811
25,17,0.25976352765,1.8933826,0.0533025508550238,0.766043145514991,26.7059019576238,1.00562438632821,8.94222259521484,2.98649487566041
0,0,0.17110138845,5.38962586,3.8543951905498e-13,0.769260928614021,46.2265246948242,1.00407265826933,6.40788269042969,7.21400920211359
0,0,0.1509212079,5.0466338,1.83475064718712e-09,0.771821306749023,51.0550845323144,1.04275736702181,6.86910820007324,7.43256373975446
113,82,0.3848610145,0.93707152,0.405756691398907,0.773656423767821,35.8610895879077,1.00974445483166,9.33883333206177,3.83999674400341
171,151,8.6362302,0.707528235,8.98865758734939,0.77389210555938,88.6736144250404,1.00911726908618,8.25421810150146,10.7428242547783
14,16,0.18637269041,1.7711576,0.00773768564063044,0.776879683921421,4.62988039063231,1.20462984820173,8.4061553478241,0.550772642077181
84,95,0.89454764,0.79819444,0.864642407586543,0.778835018514441,32.2319703066197,1.00525825088451,7.91125321388245,4.07419272714719
109,184,11.105413,0.653053575,11.1192764597779,0.779998047338968,128.390146265006,1.00990019881177,9.16500210762024,14.0087415973703
27,24,0.23951336325,1.82359145,0.0550123706765017,0.782347988281694,31.0794318901677,1.02363404974148,9.62850069999695,3.2278578834374
0,0,0.15229041505,4.46696895,5.64352987173513e-05,0.78279705817215,58.7476098160352,1.01436364079467,6.77215123176575,8.6748815561695
0,0,0.143352934095,5.56089835,4.72066999581107e-07,0.783989592155368,28.9656036130885,1.01770190023002,7.12103676795959,4.0676104557438
178,185,52.9979745,0.67582079,54.1322951263385,0.785902064751646,178.100398637832,1.02112682334431,17.4511904716492,10.2056303223078
28,2,10.33468465,1.116441285,9.96669998329556,0.791753497359995,113.274384532852,1.00622007486689,7.94892168045044,14.2502831310364
0,2,0.19968104555,3.063758415,0.000499189718968093,0.797794776125012,18.5851983863429,1.02990262369326,7.67437982559204,2.42171990554418
99,67,1.10029592,0.88499745,1.10196756929526,0.801093570167321,55.0763294852553,1.0148735855134,8.55197072029114,6.44019154024656
167,117,2.7193302,0.78706534,2.97042103261388,0.804396274782316,85.906067635009,1.01459216884077,7.56393432617188,11.357325953739
3,4,0.21286048023,3.04408704,0.00281035277663551,0.80632971717266,21.9434067782772,1.03221076317089,7.53256249427795,2.91313969116703
0,1,0.22162195675,5.36561985,0.000463648262310384,0.807708363285381,40.7736313383596,1.08262583790416,6.58599853515625,6.19095663637166
0,0,0.1619110278,6.62541208,8.41101274976499e-05,0.808857041272242,30.025451022507,1.06260787697922,6.76505255699158,4.43831748084147
12,34,0.25087758655,1.65650799,0.0368432358354131,0.809911212166936,32.4528631782672,0.995849442580688,8.83924221992493,3.67145309188539
73,89,0.3424288273,0.921033085,0.248710252066328,0.813585311512772,26.2618955006187,1.05070490568764,9.14282608032227,2.87240457927349
196,186,8.4113281,0.666720985,9.04295457807596,0.815885823438953,118.972534757149,1.00685789150088,8.57307600975037,13.8774617910583
166,101,3.82843275,0.82345035,4.07643452573907,0.816072264668206,75.8642678379595,1.01373380767385,6.85971355438232,11.0593929668526
58,60,0.247685004,1.22081474,0.126390948879425,0.816451905279881,37.1107679710148,1.12816980040247,9.11069440841675,4.07331936594545
0,2,0.156490352265,4.93299336,1.78334023562471e-08,0.819208221237309,44.5193265078306,1.07959583697679,6.62748384475708,6.71737986099344
124,155,1.93652395,0.67853545,2.07313007869698,0.819992325936218,61.9304509068548,0.99572317731885,8.1785843372345,7.57227025524517
200,200,3.302312725,0.001367464755,181.028571435716,0.822328358758969,60.8281271743258,0.999604002895039,453.930054187775,0.134003304282565
43,64,0.5202497325,1.194000225,0.29941661695766,0.822994999135791,22.3905077374489,1.02592790968156,8.71402955055237,2.56947805920966
1,0,0.18125812045,2.802056295,0.011118015687335,0.827193435051312,67.5803390997598,1.00625325953521,7.32050490379333,9.23165000063603
59,105,7.83923495,0.834384785,7.66435288899494,0.8346009323188,166.237377188439,0.996041865553023,7.99882292747498,20.7827299961141
0,0,0.15246887554,5.28778975,5.13853096658265e-09,0.836940380863064,24.0641443568688,1.00768810241127,6.6056079864502,3.64298705073485
188,199,0.11503920191,0.40334239,0.286818504297323,0.840930619768471,31.9951393338621,1.03695743008891,9.80151438713074,3.26430570523584
4,1,0.118213804385,4.207454945,0.00277843431659307,0.841331616738226,57.1275314967853,1.03722819829316,6.58624935150146,8.67375777137286
75,64,0.385121234,1.096829405,0.306059250609669,0.843196251291929,32.7025604779988,1.08994076766422,9.70156145095825,3.3708553662533
0,1,0.15019406885,4.35590874,2.64864816573356e-12,0.848110837360265,60.1817974930771,1.00602091083153,6.58257842063904,9.14258724277145
96,149,8.5904726,0.76229643,8.60014640911452,0.850061877754559,85.6812306151785,1.03161719783183,8.17493224143982,10.4809713505451
177,194,3.55553495,0.621873645,3.96195783352635,0.851033069531848,104.591328156535,1.02608416077018,7.60247945785522,13.7575285453045
0,0,0.1505056949,5.41308855,1.09094665895221e-06,0.852420550047104,44.6284453695839,1.00216812360157,6.56453824043274,6.79841349612459
148,192,2.7022955,0.65933282,2.87349718775333,0.856049024824227,100.176325315293,1.02056681993087,8.17892384529114,12.2481058890123
3,2,0.1717872472,2.30673953,0.0196334240967216,0.856628078017931,40.3990788109514,1.03069642836981,7.71642518043518,5.23546562900426
200,200,3.7258461,0.0027569948,108.778916768716,0.861576957499949,74.3198435956105,1.01858209570993,262.325105905533,0.283311974044811
0,3,0.141172709885,4.86830001,1.21203422667077e-07,0.872095676538851,45.1683639802664,1.02073287105462,6.54195022583008,6.90441877743502
3,18,0.18348385225,2.083496355,0.00892024663919023,0.874689442315988,30.6120614448058,1.02183332478847,8.48112225532532,3.60943522840794
45,54,2.5730679,0.9882722,2.43244690441981,0.874820888370022,54.4340079536246,1.0260386294743,6.13240838050842,8.87644862769423
145,127,0.6402293555,0.796270285,0.79184789732959,0.875901234894051,45.6550295479407,1.02563846953805,9.05756783485413,5.04053962171358
153,153,0.13134884445,0.705322525,0.195459819281315,0.877346448225978,48.3934345848061,1.01407491803735,9.28049612045288,5.21453098591937
200,200,3.330772615,0.00161978257,159.673565581908,0.882855401823097,77.9008356806196,1.02091799694889,383.359688520432,0.203205600414786
0,2,0.16639848485,5.283310105,5.71022788344526e-18,0.88347467249932,36.3536299893799,1.01182710885479,6.55826044082642,5.54318181130345
0,1,0.1321353403,4.50763282,0.000693115142406368,0.889909801649956,54.2276823169333,1.02517479256368,6.61870312690735,8.19309784366649
60,54,0.22423402465,1.36968727,0.117283235283597,0.898233154724426,48.5326114126577,1.00484160083429,8.69714689254761,5.58029110146964
165,42,49.252764,1.03487955,49.9008152970652,0.900799538012897,151.458606929841,0.997281609923162,16.7759428024292,9.02832160991329
8,0,0.18955331815,5.328918155,0.00571990982686069,0.901112145426181,38.0680302379653,1.0573523103623,6.45702314376831,5.89560071109623
0,0,0.1417984894295,5.138404015,3.3671786269354e-11,0.90802531069528,28.2024520355472,1.03541862151266,6.94324111938477,4.06185692684776
0,0,0.1586948846,4.5883722,1.68647752022672e-05,0.914267124713973,45.8199659099993,1.05901814452318,6.46506285667419,7.08731947790687
0,0,0.175991013135,5.25643108,0.000108847515407298,0.915460986928486,61.7469829972973,1.02698436613564,6.7235164642334,9.18373344153588
0,0,0.17770341085,5.394129575,6.33561655271636e-23,0.916167718289686,36.6863376960564,1.00416413209706,6.42400288581848,5.71082210704551
177,146,53.2795435,0.84345201,54.298808202334,0.918060159484807,145.274313888173,1.03565949040911,16.6556723117828,8.72221253929215
97,91,39.732349,0.948601315,39.7719805732252,0.920652047301035,97.5807231433882,1.01529394200268,13.9248385429382,7.00767357858341
0,4,0.13566064365,3.750218095,1.11725177222519e-05,0.922968028017413,54.7997449607021,1.04236880311339,6.82430481910706,8.03008458931535
0,1,0.17273662275,5.875448085,0.000203913230184589,0.923852555299895,41.8792424023948,1.01802400046976,6.37525224685669,6.56903300148528
81,83,0.3540530325,1.22255618,0.276707478534808,0.929293771096669,5.92435966927544,1.19851510680624,9.41338014602661,0.629355192011035
0,0,0.15680477545,5.1463029,7.36296470848091e-13,0.936202845614157,32.8136963667065,1.06113095433827,6.83898019790649,4.79803938849702
168,111,13.8225895,0.91054848,14.2339794686359,0.93653341925078,107.21146153084,1.00342407873248,9.13152742385864,11.7408026668923
177,189,1.67398522,0.660273835,2.00472411466374,0.938122310507473,42.3889457437701,1.00264967056294,8.18390011787415,5.17955316331269
81,56,0.17364026385,1.522940545,0.118886520251446,0.93948474788018,9.83601565111942,1.16067199934004,8.61705374717712,1.14145924346145
121,123,9.1008871,0.90375472,9.19463185643528,0.942070325417821,123.958903988084,1.00592140782434,7.88718771934509,15.7164896283686
17,13,0.264322271,2.36247307,0.0440807234319185,0.942178684530642,12.9992085867851,1.07351515838874,8.44338750839233,1.53957266249648
110,41,6.9034941,1.087630205,6.93274104956804,0.942643062314419,123.121480015217,0.997092152525028,6.92861604690552,17.7699960831581
200,200,4.49463961,0.0032620904,99.6738597857032,0.94439541108576,62.8274798783604,1.03912003706411,229.202160596848,0.274113820370437
0,2,0.15239301469,4.82746955,2.97789945919875e-10,0.947266618751612,50.3166180217796,1.059840860902,6.34918594360352,7.92489280810417
116,67,0.332631839,1.37426897,0.348529052772855,0.948407964814458,21.9683865186487,1.06267766926824,9.19946599006653,2.38800671064711
5,12,0.210014079025,2.614879645,0.00433020868474683,0.950909259762815,17.1365033067834,1.02737276249606,7.48081588745117,2.29072651494195
200,122,27.836413,0.933275525,29.735338751313,0.953719097988411,161.46532220036,1.00523214891495,11.4836716651917,14.0604265698209
172,195,13.047614,0.75723129,13.5301040498329,0.956242298017613,133.722289343585,1.01712915839438,9.01421403884888,14.8346033017717
53,63,0.592307135,1.305918245,0.456272839315298,0.957187616068403,36.5302434254875,1.02085914861155,7.62035799026489,4.79376998720472
200,200,3.147100565,0.001244909765,191.622870594685,0.960893145314632,68.2848825786743,1.0320333812294,466.69535446167,0.146315753790694
8,12,0.13400887006,2.30166679,0.00249735835138637,0.962163394099157,35.9078329337298,1.00447529720357,7.4714241027832,4.80602257879508
2,22,0.2943706935,2.30311312,0.0338838793538652,0.96378522822622,18.2774142498281,1.05196351651711,9.18075132369995,1.99084079345938
1,3,0.2594735895,3.737470735,0.00219375803311897,0.966326631074828,53.2194435921912,1.00281882280315,7.17391037940979,7.41847064955523
77,102,0.474853093,0.98448451,0.394775382193115,0.967831990123518,36.4603839505868,1.03855415112855,8.36164784431458,4.36043045933556
12,1,0.15345132689,4.618089065,0.0058356158456432,0.971113429881979,21.8823188528567,1.11258386984106,6.71995735168457,3.25631811448494
6,13,0.193261667325,2.85977587,0.00192195752987915,0.972594274834331,41.6454957942861,1.02090046717375,8.05344104766846,5.17114306142997
0,3,0.1742455572,4.839176525,0.000229715383284233,0.979410716859722,39.966501952607,1.03430925270058,6.63801836967468,6.020848350645
127,127,27.694284,0.928552725,27.8739097146084,0.982005059014934,186.868368579565,1.00264804991264,11.9491188526154,15.6386735193168
113,95,29.689949,1.00450712,29.8208237584284,0.983187541630914,101.654784043269,1.04298222523152,11.6628305912018,8.71613312465973
49,66,0.2729983428,1.682590245,0.0998017925162354,0.990723592729473,35.7622492480233,1.0849025148597,9.38632726669312,3.81003647453501
0,3,0.13087043985,4.3878341,2.12370451957862e-09,0.994162422977845,52.0880632575937,1.0258587296381,6.88637471199036,7.56393101393386
0,0,0.13743804875,5.5443082,0.000834542731258307,0.994968300435684,50.2303006040492,1.04358139923377,6.54040575027466,7.6799976212393
32,112,14.89977,0.97760453,14.5219974277438,0.995446853355523,173.76508039049,1.09777017886726,9.14349246025085,19.0042351044627
16,3,0.116694757163,5.075215175,0.00529535222673452,1.00466025936813,13.6416315552509,1.12276595818537,6.87759685516357,1.98348810529786
158,108,39.659706,1.002768745,40.2294876820544,1.00714060431712,110.987783354692,1.00829127274756,13.6758277416229,8.11561723733152
0,1,0.16226921555,4.85861217,2.45436168685347e-06,1.01282235881389,49.1608633771754,1.0718360321099,6.29877495765686,7.80482930532626
0,2,0.17614620389,5.55789429,7.55967964137929e-06,1.01336519666055,40.3608698721649,1.02914250325223,6.771817445755,5.9601237327308
0,0,0.150990092625,5.43790385,0.000893608857709231,1.01483403163171,54.9988448967447,1.07101929798828,7.05736589431763,7.79311229151773
35,129,4.65926105,0.980109635,4.44805734705229,1.01515400629863,118.993850155755,1.02557717031413,7.03938770294189,16.9040057427189
9,9,0.1955263526,2.89982683,0.0117876179173537,1.025925500658,55.5167307685106,1.04716192655356,7.88423371315002,7.04148719943638
196,80,14.635567,1.068417425,15.4544265846587,1.02694497928213,127.99270298566,0.998045783662687,8.96465706825256,14.2774789945879
0,0,0.15609983115,4.7215881,2.70873895201211e-14,1.02721940064035,58.6749233760645,1.00787922212286,6.50527358055115,9.01959351125296
145,130,2.49059515,0.96432584,2.57897257534155,1.02914065454946,136.863207459087,1.00084353032565,6.92908692359924,19.7519830488711
10,17,0.229472404975,3.296200795,0.00308410255071591,1.03286964999465,34.8043650904106,1.05228477458926,7.21330881118774,4.82502080549075
0,9,0.15967304065,4.9932993,1.46664597935157e-06,1.0335231652056,48.774097573496,1.0213741225056,6.40752792358398,7.61199922266038
194,70,43.414262,1.110641345,44.7231220546083,1.03666626140726,129.630882416497,1.01105890329198,14.2519364356995,9.09566801685883
33,13,0.20713226172,3.12089051,0.0346798888484954,1.04818953445653,23.9590268128527,1.00814732003333,7.28096175193787,3.29064038915957
0,8,0.142735318322,5.16740396,3.24995914432765e-10,1.0487158236832,45.1729054512844,1.01830387040118,6.99506688117981,6.45782323723335
16,19,0.31663293754,4.42160877,0.00982645787498671,1.04910832733254,2.70640815830262,1.36838875794464,7.70994400978088,0.351028250642191
0,2,0.2065946953,6.23132723,0.000274483189570607,1.0514430413247,30.9306134212642,1.01810085124541,6.77149415016174,4.56776787151554
200,172,12.057759,0.911478215,13.0825129490433,1.05241021664329,170.848706862462,1.00367909008476,8.56438612937927,19.9487393820769
102,190,2.18937705,0.77869898,2.22316581692579,1.05256029819003,68.8054957328924,1.0179765521465,7.11377787590027,9.67214564935863
0,6,0.140672319755,6.011691615,1.82807815236173e-07,1.05333316695837,23.5380870408448,1.09735997443043,6.38759899139404,3.68496630307529
24,28,0.571656423,1.873084595,0.340301670375995,1.05624928014884,45.0800854666324,1.02168281385152,8.59900164604187,5.24247899026543
84,112,0.4937162085,1.09126605,0.45282422212224,1.05961044619009,36.4463407407405,1.05848193154628,8.82288408279419,4.13088740583318
0,2,0.18088561405,5.275051025,0.000387691144470086,1.06041197391817,13.9416468426894,1.14284854735012,6.7080192565918,2.07835522072917
0,2,1.025181375,2.01171245,0.644090841200323,1.06253238962629,69.7683569622182,1.03673758577518,6.09176087379456,11.4529047360258
0,8,0.900637575,1.632715735,0.578189685124382,1.06364533968309,100.829948733869,1.00641275728895,6.29663944244385,16.0132956087978
4,0,0.17150187936,5.66654215,0.00419937123671765,1.06811791760678,44.3482093009824,1.01613229233587,6.72094535827637,6.59850764094827
131,43,3.3051314,1.212617465,3.39101159807302,1.06926121769173,97.8395225698699,1.02425390503987,6.26684093475342,15.6122556146735
0,1,0.1305294484345,5.202890515,1.33175643037958e-05,1.07015602104058,60.4288003190073,0.996954123804172,6.88111996650696,8.78182630344151
0,4,0.13675629812,4.62776639,1.43511782478511e-10,1.07332127286229,49.8343585464105,1.02942551800602,6.7925112247467,7.33666193511058
101,106,0.21247374058,1.15706558,0.190800404984886,1.08547236239081,52.5795055581698,1.0280660843221,8.61119985580444,6.10594417022249
0,1,0.18535738535,5.9871489,1.73708645056686e-05,1.08779071898158,39.9683569706497,1.03616490471351,6.49793171882629,6.1509352052516
167,163,5.09751,0.934580635,5.33833285391038,1.08793500851432,83.5171815727527,1.00651659848883,6.95728898048401,12.0042708887079
7,10,0.274116152,2.708602495,0.0509187076891972,1.09050236521301,33.6586714090967,1.00422130874555,8.14789342880249,4.13096608383641
73,67,0.31279137575,1.58428702,0.233501529653225,1.0940746789261,30.4197916672506,1.04246271513128,9.20567774772644,3.30445975851843
0,0,0.1689142542,5.49016865,2.41077442953175e-11,1.09621556204602,30.1823669417387,1.01948943819139,6.44404006004333,4.68376463530795
0,3,0.1504747751,4.59458397,8.04941726802322e-08,1.09797822013432,58.3599873623151,1.00763732499058,6.6044294834137,8.83649185881685
8,3,0.172389341665,5.63128975,0.00489078533310899,1.10771628081443,26.5898066788723,1.00493767703968,6.32716727256775,4.20248201658202
101,23,5.42688325,1.35730927,5.45491664232441,1.11035673280939,102.162956870349,1.0122799020081,6.00005555152893,17.027001832394
80,195,7.2574053,0.850284155,7.16495901340099,1.11108765634489,112.929439867988,1.03186790337736,6.97824573516846,16.1830700943727
18,2,0.226426998,2.68649414,0.0669789031222818,1.11115971277667,27.6228061916575,1.05268052836464,8.01156497001648,3.44786646492123
3,4,0.14667727291,5.215195445,0.00165742451536602,1.11445376604849,11.2333956427586,1.1671961851544,6.36085510253906,1.76601973503132
128,177,0.6062270675,0.830333485,0.687245906146459,1.11874695396458,44.5657357579083,1.01958689678922,9.10531663894653,4.89447402271388
0,0,0.14741439085,4.8857664,0.000410440564184356,1.123376945966,47.6510069946054,1.00313504620361,6.36881494522095,7.48192676415601
80,103,3.85601445,1.12172767,3.82265694202885,1.12418782799305,83.0039409723402,1.00185944689993,6.42423415184021,12.9204414114582
0,1,0.16008505115,5.4599822,3.37471214984889e-13,1.12624722610908,36.0194388598688,1.01099871314416,7.01679968833923,5.13331439683638
125,137,0.2495374449,1.01244478,0.265148942427529,1.12839651642392,18.08264047767,1.00330072694095,9.25805830955505,1.95317850385618
2,4,0.14283376755,5.48010447,0.00176765080245142,1.12933929533653,51.0475772754265,1.01553230647844,6.56395506858826,7.77695409886551
25,48,0.2795413519,2.235614485,0.0555652207005679,1.13035232460959,4.96903627808121,1.181261513017,8.91686964035034,0.557262411417958
12,31,0.384483202922,5.71136076,0.00371587320223095,1.14352939926378,1.66129037978663,1.69315061134475,7.39938688278198,0.224517302055441
36,7,0.16023201533,4.963498515,0.0298896564947752,1.14622070035799,23.5945329023673,1.07009743908206,6.86604976654053,3.43640575070511
118,162,0.60566187,0.88777269,0.697624799484721,1.14637410370161,36.4317370770569,1.01012489528322,8.60037875175476,4.23606193734475
59,29,0.868052295,1.78909747,0.793129905004809,1.15682199810112,40.8372829185529,1.01728335073717,6.39781546592712,6.38300418885794
1,0,0.178145244,4.99529105,0.00598849081175002,1.1614883398142,63.0387106852783,1.10412010279349,6.46506476402283,9.75066963537315
166,105,78.4992135,1.154182455,79.1731544288554,1.16230261393803,123.606379910113,1.00204806363737,21.1377937793732,5.84764811315038
126,108,0.283851591,1.26679572,0.327152486031179,1.16804800702667,37.094377690462,1.02751592695395,8.98375678062439,4.12904963883983
0,4,0.153903855345,4.53756515,4.35087668189431e-11,1.17758748983865,49.755048631847,1.03471764887753,6.30330729484558,7.89348294545839
109,157,40.926004,1.07529538,41.0282787999865,1.17769692671421,152.455043323459,1.0047038606422,14.7911138534546,10.3072050444566
137,16,4.2776599,1.478354175,4.35973903640199,1.18580094795621,155.617312952159,1.0177310291496,6.10165333747864,25.5041223001477
12,14,0.3341401173,3.138565355,0.0646120045493163,1.18779091676181,16.4004360583917,1.03025206609265,7.99457430839539,2.05144582134523
42,63,0.31836744495,1.885813575,0.129189594794925,1.19112623884581,15.6845129998363,1.01915201532632,9.75322771072388,1.6081356310989
0,4,1.03462754,2.33384645,0.73693037722796,1.1947919673712,73.078320467852,1.0065139383039,5.54913473129272,13.1693181021085
113,0,1.744641,1.9229966,1.75682010833825,1.1966503261713,128.376936957906,1.02086659132518,4.75116205215454,27.0201133004273
0,1,0.2002730848,6.246379405,2.00173777149625e-09,1.20050700209017,52.2204529363803,1.01723403108842,6.36392045021057,8.20570485519699
30,7,0.137672651955,4.271128755,0.0145625024787901,1.20186820502943,42.4508493108815,1.0268677359408,6.7756142616272,6.26523997260238
0,9,0.10813586685,3.885109435,0.000139504488167152,1.20809260367499,51.051745699342,1.00559234254528,6.22996377944946,8.19454935961977
159,4,34.458284,1.68341685,34.8333170543832,1.21009817994949,204.714158280892,1.00673115138861,11.4539749622345,17.8727611118294
51,51,0.2606447175,1.844949155,0.149631717606012,1.21234460998628,40.6229851739624,1.02098438724812,9.47521591186523,4.28728860131754
158,82,31.3885865,1.27022476,31.811740095833,1.21267880556511,180.392717451503,1.004021142847,11.5742678642273,15.5856698296265
0,3,0.16648647295,5.63002191,2.31475695126747e-06,1.21337067179666,60.5596775174422,1.02218649507831,6.65902209281921,9.09438002657282
62,68,0.175001408628,2.0924349,0.0470736044384667,1.21514444404459,5.40986846914771,1.1956718185676,8.16461110115051,0.662599651364335
0,8,0.167224723485,4.90260177,2.18097795970589e-08,1.21590901350934,27.0976636066334,1.022357714395,6.75632572174072,4.01071006974067
0,2,0.124578092195,5.6576218,1.89713845566778e-05,1.21769605549589,49.0533834285907,1.01842727989758,6.49939942359924,7.54737172337469
200,200,4.24692707,0.0028592501,107.267777738139,1.21774335551974,45.3910802695379,1.08843617875311,244.072058677673,0.18597409517278
3,1,0.15341872205,4.5769037,0.00476701861858612,1.21806998850925,83.4482232257231,0.997585060445352,6.7039201259613,12.4476756372089
82,197,11.122483,0.92646189,11.0562785823503,1.22126926568316,104.184372111924,1.03084724524293,8.4996817111969,12.2574439434219
0,2,0.14692187825,5.1738737,1.05928941963223e-09,1.22585720879861,50.7535788329665,1.00709032987002,6.73902320861816,7.53129604421908
0,5,0.176900415,5.4776643,1.3698218758388e-07,1.24083534084768,38.0686581809704,1.01438002548504,6.82238578796387,5.57996269400825
19,13,0.669396983,6.9696302,0.217649888389372,1.24592173802686,6.55854304332409,1.94474384651744,8.84798121452332,0.741247396926965
68,72,0.388791101,1.68895436,0.297719491237119,1.24763434951046,27.7719386857628,1.00746310198436,9.18719244003296,3.02289724168041
0,1,0.176058014824,5.606473395,6.80427906452408e-07,1.25011111584885,38.8129012369803,1.09088402946628,6.51032090187073,5.96174932418884
0,6,0.17522110286,5.5769444,3.14426253413629e-05,1.2599711446342,46.2772450560498,1.01448617898444,6.42005395889282,7.20823303859437
189,91,2.4556978,1.299943025,2.68899838461421,1.26128486086194,84.6647770045184,1.01339445266579,6.49364638328552,13.0380947786814
0,7,0.16030468424,4.98402088,0.000325650703811077,1.26599356521692,44.5680481390782,1.04325097040914,6.88863492012024,6.46979389325807
39,43,0.28624913805,3.03450091,0.0681988687286106,1.26802964837725,2.10604771483262,1.492743111214,8.18143177032471,0.257417989168054
181,114,2.5375232,1.265178065,2.77139433406839,1.26908294599575,55.1306645859618,1.0242949394337,5.83896613121033,9.44185380546711
0,4,0.1635931887,4.957346,0.000466291962696716,1.27077682972778,66.2408642668698,1.01501480375485,6.85322952270508,9.66564216876301
36,166,56.826919,1.13806089,56.1354431230489,1.27148521352383,157.274028689442,1.01379047059612,17.5441462993622,8.96447316420064
36,34,0.2922414837,2.951269015,0.0919588763723845,1.27722097592942,11.1204426472655,1.13290131802565,8.28134274482727,1.34283086570853
0,3,0.14229999021,4.249384335,1.77131483331201e-07,1.27955803385194,33.6105712833306,1.00959999219863,6.23412585258484,5.39138478723441
53,64,0.2269578559,2.197894575,0.0802342615009882,1.28239220112231,36.9808609987627,1.00772577760468,9.37622809410095,3.94410850798619
142,190,1.80540815,0.941499085,1.91410879898441,1.28446154341489,74.5815737773234,1.02073660650315,6.52788233757019,11.4250793627331
149,162,0.25863173595,0.853829595,0.397495491608983,1.2877993678977,20.7832842867433,0.995843364610278,8.55719971656799,2.42874830261397
0,18,0.24850462495,3.57057756,0.00207945797719475,1.29591438372549,33.05249379588,1.0167219476767,7.30195569992065,4.52652620122567
84,7,12.231481,1.76495325,12.181810858011,1.29743817549709,102.912664067959,1.03895711654515,7.61710572242737,13.5107306919673
120,117,0.3336620563,1.240910365,0.36399698321007,1.30002145891946,32.659264820027,1.05770728284187,8.5654628276825,3.81290135478452
2,3,0.1484314182,5.360017605,0.00340447254575973,1.30558046721957,38.7086753125839,1.06170535040164,6.59745049476624,5.8672172444934
0,3,0.16382539995,4.8978826,2.73417913954437e-08,1.31328101087654,42.8049699046195,1.00520419595923,6.63447046279907,6.45190451063672
168,194,0.81819586,0.78990727,1.0662421774223,1.32357046341784,35.7269251205266,1.02632437868474,7.45462584495544,4.79258461304307
200,200,2.7776004,0.00225320005,112.251853132675,1.32652783172595,49.7906872439292,1.06817078288243,283.426963329315,0.175673784381894
77,31,9.1144562,1.5714142,9.03466442046183,1.32863525422151,135.726015724035,0.998010301444197,7.0794370174408,19.1718656991597
124,123,0.185143326,1.30855509,0.217904962341746,1.33230307709657,42.954529207292,1.01636326332541,8.79106664657593,4.88615670136258
156,185,0.39020254935,0.826491865,0.557826909664491,1.33356746678509,70.6366115198368,1.00089119847867,8.50819039344788,8.30218980222091
83,81,20.204516,1.402237175,20.0989155574329,1.33654822610962,182.492759142926,1.02884252174289,9.52408885955811,19.1611777078058
1,5,0.168937527805,6.2311649,0.000391651614252453,1.33726901449851,30.5586205382704,1.01179406343474,6.34156847000122,4.81877956263153
74,77,0.44219940365,1.677757265,0.393658228669786,1.35002678790826,4.08387464057407,1.22234774776068,8.29376840591431,0.492402782511005
0,8,0.16750097544,5.115804425,2.6561996812777e-05,1.35023277141168,63.6490029803034,1.05214211746529,6.266037940979,10.1577749097317
174,148,17.56896,1.228467955,17.9768060944213,1.35216685671277,141.170855905992,1.01320466814682,8.71459531784058,16.1993587489928
200,200,2.8612409325,0.000804204175,266.640851817962,1.35640956404024,50.1584592630129,1.0298211924173,691.589375972748,0.0725263588563127
145,163,0.2042396245,0.976638585,0.28242993401859,1.36722668761342,61.0818333083623,1.00601619791341,8.62494707107544,7.08199514791295
111,154,12.081233,1.236561325,12.0860636061452,1.37087008927681,161.65730903091,0.998669818119181,8.09478330612183,19.9705542344357
189,160,18.840242,1.235976135,19.5053208412704,1.37449987595201,182.695786936752,0.995674208946333,9.27366876602173,19.7004865653753
179,113,4.6898223,1.36895533,4.90838918787748,1.3794827507312,87.0851873441182,1.00129714128253,5.89995431900024,14.7603155271336
0,9,0.18223488669,5.81789483,4.9785102952114e-05,1.38562858685983,31.3388234426442,1.05157899721635,6.72187542915344,4.66221425448092
17,6,0.1550706567,5.72093942,0.0129549145118979,1.38731000371951,49.0860452568428,1.04307515539492,6.45582604408264,7.60337173301543
0,8,0.14427754509,5.180276405,7.49207058807878e-05,1.39078808921157,27.3572951447315,1.07206571484496,6.16572117805481,4.43699842316943
0,9,0.1691662575,5.402251765,0.000167663580481875,1.3991520142972,24.1121503174044,1.18657714145234,7.08177042007446,3.40481954188384
48,36,0.22880350095,2.81918037,0.0930831569675414,1.40291718183079,34.101000661044,1.06272372878942,7.9131646156311,4.30940114574179
31,41,0.1855925105,2.377456955,0.0502735190086536,1.40473478803012,38.5384600004536,1.03854810279567,7.7784276008606,4.95453091267311
8,8,4.68573955,1.8011583,4.41561280957207,1.41231879838806,124.803621526673,1.01718433226055,6.04870104789734,20.6331277638621
0,9,0.1468512606,4.77787737,0.000194459429028598,1.41295301801342,51.6980659708398,1.03609230076526,6.56492733955383,7.87488776293955
110,90,0.3516731105,1.59550567,0.399965223948661,1.41377854683051,4.82645906958957,1.18005131270046,8.70945072174072,0.554163428187458
0,8,0.17505344035,5.449200165,4.00308890948402e-08,1.41637967047961,8.41442505221561,1.17862500568913,6.45596528053284,1.30335661463178
32,34,0.16828307385,2.617531385,0.0396588664944979,1.43192902469049,31.4002422962712,1.02647254987434,7.39019298553467,4.24890694434274
0,6,0.1691561061,5.419715645,3.04374889628621e-12,1.43876848388516,32.6015944115268,1.01565657236072,6.36322045326233,5.12344254783951
195,110,3.9269114,1.436663085,4.20448295564442,1.44422208577693,116.07968664108,1.00680631802546,6.06815218925476,19.1293301520402
169,183,0.7577621435,0.883943365,1.06093562830699,1.44816865383012,18.4407695354871,1.0527332464835,7.71201467514038,2.39117407218256
119,40,32.080911,1.6522567,32.2121268722871,1.44874566637124,123.18649318121,1.01908305442186,11.3944180011749,10.8111263926343
3,11,0.138502182935,4.567893475,0.000788943028336183,1.44977269757229,36.9303118202106,1.00103929141349,6.69926357269287,5.51259275284282
19,60,0.27877666935,2.23861639,0.0821421946281193,1.45056074908328,43.224677058803,1.03017833212541,8.58730340003967,5.03355652469474
200,200,5.66397164,0.00438267555,85.8653184016183,1.45120743248986,39.5630246351093,1.03826633470531,192.443882226944,0.205582137386179
8,39,0.1507173329,2.55759215,0.00822308578665812,1.4541772356683,66.295322180959,1.03393857092804,7.75841856002808,8.54495302979878
0,8,0.19217529635,6.09820555,0.000207812649877462,1.45484842089512,44.6449693002728,1.00620398426454,6.97914695739746,6.39690918858672
195,136,70.0839115,1.37377334,71.2231868489472,1.45636941671501,143.877925967667,1.04489532959452,37.4751093387604,3.83929302692801
0,2,0.2124905049,6.03581105,3.48102110807389e-10,1.45710773687935,34.4030161289642,1.01532582556866,6.49212980270386,5.29918796673411
50,9,0.115789503,4.08503725,0.0310530336793626,1.45838760740711,35.3900533540727,1.01681757481326,6.44937682151794,5.48736014865747
64,181,18.6365445,1.241471415,18.4522196305941,1.46288080007298,102.145191538949,1.0169851466565,9.30734610557556,10.9746849832692
7,15,0.138160834815,5.58788007,0.00270528253383414,1.4724988996749,5.59495124599289,1.19124707676306,6.61099195480347,0.846310400049371
55,45,0.25209637325,3.14405281,0.0832997218431738,1.47887937441494,2.08103814597344,1.53555930755945,7.28321647644043,0.285730645615866
170,182,0.2926458645,0.96632895,0.464863359648462,1.48779641140963,45.5278575134875,1.02963113081846,8.7197790145874,5.221216895213
20,9,0.15433276187,4.638827395,0.0195887326326405,1.48851103896536,49.8747296824156,1.04677647415041,6.49237656593323,7.68204511489954
0,12,0.15977856972,5.08928218,9.63652516840105e-07,1.48996140490757,43.4932328236984,1.01958013835704,6.93460750579834,6.27190980705566
144,108,0.73432305,1.47068099,0.84059109208782,1.49175582830654,49.4410887606952,1.0303453582006,7.61808371543884,6.48996396042455
152,113,1.37626094,1.424750105,1.49574845127529,1.49185760289602,35.0735016628105,1.00670701281428,5.97826504707336,5.86683617849639
0,10,0.1767343736,5.3120279,1.19567108230232e-14,1.49478503117157,44.58958803717,1.01889318311607,6.87452292442322,6.48620835618366
0,11,0.15391396375,4.792017195,9.3673740697469e-11,1.49974261965809,42.1603783752285,1.04457785557208,6.59098267555237,6.3966756477167
0,4,0.12780544705,4.610763295,0.000941221654052362,1.50344400596964,39.5627914740489,1.10427845354167,6.96602582931519,5.67939201539513
189,121,25.5145815,1.4404152,26.1634802419955,1.50417967645152,130.069629791296,1.04886844741041,10.3978748321533,12.5092513509667
183,193,0.3190998121,0.705899685,0.625688568555248,1.50691090570516,8.94844515869148,1.14202593701487,8.99561500549316,0.99475635109185
2,5,0.119726215121,5.41554359,0.000119619307565895,1.5158896960677,44.191540936599,1.04707723019852,6.45128512382507,6.85003686682463
0,16,0.1391048795,5.754323845,1.16403311813199e-05,1.52986306311029,42.6426693360561,1.05198967553706,6.6135413646698,6.44778145092695
13,51,5.2569509,1.72618,5.0096524756355,1.53294195690928,110.78202093063,1.01625274038964,6.43104791641235,17.226122767319
64,41,0.1821293734,2.882313825,0.0880452519704945,1.5357259273757,26.8303644604448,1.06592368079878,7.4006359577179,3.6254133582215
116,143,1.48240151,1.388845895,1.52016381608388,1.54119011116763,79.1444303153243,1.02522562911659,6.40337920188904,12.3597912633342
48,77,0.2532393215,2.14160308,0.101776637077598,1.54356143994651,38.2934535765687,1.00054526439429,8.69599485397339,4.40357362436474
0,9,0.139219257895,5.038916515,7.14993276862005e-06,1.55048036189297,62.7995200496702,1.03348812251907,6.45614051818848,9.72709932083248
163,130,6.4267669,1.48084781,6.6189566647509,1.55530233303307,116.393752629131,0.99847633167383,6.51070594787598,17.8772860517687
160,163,0.17210982255,1.080093225,0.288107169924111,1.56670155362487,34.4709345395025,0.999438002632313,8.19655561447144,4.2055390289358
35,51,0.183285376676,2.73422723,0.041938326763419,1.57086709962076,29.6427440055735,1.0343030875931,7.54083561897278,3.93096276107548
0,12,0.144080081295,5.08315401,3.69413219341157e-07,1.5780066671194,60.0233786654146,1.01904379306397,6.5249502658844,9.19905535207615
119,181,2.79410635,1.232738175,2.85294862445706,1.57923716215281,73.7995500286263,1.01802569258793,6.36267709732056,11.5988205750225
14,7,0.177661249855,5.68187991,0.0157090153771426,1.57987195551917,63.9006247066105,1.01370736023778,6.40865874290466,9.97098258311195
77,142,30.2844075,1.48898695,30.1766640394417,1.58504391693776,174.435167246853,1.00987174253327,10.8640623092651,16.0561641015341
0,20,0.16200818505,5.40299303,7.63132144174493e-06,1.61505294835976,18.743328237221,1.09194530953619,6.56830787658691,2.85360074305174
56,106,34.2872325,1.63074835,33.9900660894446,1.6338818587675,122.476435213023,1.02409338853997,12.8711354732513,9.5155890067005
0,20,0.160606228155,5.10799045,1.09200870415061e-09,1.64057476039388,33.8170154817261,1.03144356635392,6.51950001716614,5.18705658297176
48,50,0.330914057,2.47324238,0.211704957957743,1.64409013374103,34.5458334547256,1.01251474930456,8.17166519165039,4.22751454501877
15,43,0.22751265,3.29935391,0.023309828125796,1.64438300506802,20.8032550539387,1.0392805674369,7.60229849815369,2.73644280857835
200,195,57.370547,1.30495198,58.9639643682781,1.64559662216425,105.458467099134,0.996629471161587,17.2619740962982,6.10929355535003
0,14,0.172571083785,5.70721582,2.54971834522634e-05,1.65397126559648,39.730274514099,1.02862744311945,6.27662873268127,6.32987487490388
0,14,0.12781690674,5.14092998,9.82600404938557e-08,1.67002417898218,40.9028052280083,0.999041079445316,6.70637464523315,6.09909338379742
0,10,0.15897029482,5.0840678,7.69243581491559e-05,1.67401921982755,49.6663006988747,1.07329231650942,6.25679445266724,7.93797863660076
0,10,0.15261499805,5.31753389,3.95304186367648e-06,1.67731986995906,49.0553825029175,1.03961230312432,6.94009160995483,7.06840561478362
85,83,0.2960354267,3.320985275,0.145203997421657,1.67824090433497,2.64638004376311,1.3666989200452,8.62478351593018,0.306834373161389
54,71,0.2588146819,2.54448393,0.115166586819237,1.67921576949414,10.9233416089629,1.39482819631393,8.25205826759338,1.32371115844635
119,177,0.686906565,1.262242725,0.749933105558796,1.71083379211617,22.2303444483316,1.05149508801278,7.13028073310852,3.11773761516962
0,11,0.1559886702,5.1849925,4.81602609187661e-08,1.71351885959593,18.232535647532,1.0355128099005,7.04716539382935,2.5872155155457
154,168,1.13682515,1.38379545,1.26515928196463,1.71514856167025,26.1080121213343,1.00930280552862,6.03666043281555,4.32490984243706
34,16,4.3037692,2.11201595,4.18930133942789,1.71924370844624,109.523915924652,1.02669287194013,6.27966547012329,17.4410430692101
0,33,0.12758550265,4.078080355,9.40581617491656e-06,1.73303970610019,51.0552482479385,1.00016167211142,6.22901105880737,8.19636500335797
41,15,0.16442772215,4.67977234,0.0506152424011853,1.74130348290467,46.9456344064274,1.02016703562191,6.36803245544434,7.37207838290638
17,40,0.223935522405,3.357116695,0.027142629998594,1.74243870564089,33.2879943097965,0.995372101757484,7.20268583297729,4.62160853349848
0,15,0.16255676564,5.160079135,0.000151980474169539,1.74424697387427,29.0618320002908,1.04280599446686,6.53982090950012,4.44382688799229
0,5,0.2069430595,5.8503818,9.87039469306747e-08,1.74492273521766,56.0695493270303,1.03805041614767,6.16183614730835,9.09948722857924
93,89,0.29931797475,2.072436925,0.276786821805889,1.74931295525656,36.8600806698526,1.04181585231631,9.24036049842834,3.98903058772675
22,121,26.6436725,1.68145395,26.0954381365459,1.75039134370219,142.623241820196,1.02676234401634,10.8525624275208,13.1418955451959
0,16,0.128580749645,5.123309605,0.000181544187894735,1.7590449307597,53.037868423625,1.04525771848898,6.44995331764221,8.22298485146448
188,187,11.190486,1.405333105,11.5967634479474,1.76845539908793,92.5838996913327,1.01603076247018,7.45257949829102,12.4230677059619
11,20,0.15254646165,5.2532291,0.0123109636283984,1.78089635005283,52.6150065029449,1.05971122302553,6.64223074913025,7.92128555754172
184,24,2.62176735,2.1188701,2.80034235903132,1.78141033030457,134.666644096158,1.01676157202599,4.76171779632568,28.2811056547853
173,179,1.0794463,1.431589815,1.20956345772436,1.79254235763856,51.2230312929764,1.01967542795331,6.29724216461182,8.13420064752012
0,15,0.1732170051,5.75711637,4.75733631175326e-05,1.79305730285512,50.6258701870894,1.01544052823552,6.55133104324341,7.72757014611579
62,21,0.18856558679,5.1973741,0.0527274837483765,1.80241063923035,44.7037211079915,1.0637293643692,6.93484282493591,6.44624863699122
173,189,18.2802585,1.47507182,18.6552165899337,1.80414054343635,160.216253974608,1.01080088960629,8.92323684692383,17.954948044424
0,21,0.14655487235,4.9344124,0.000230466994160499,1.80415467136836,48.7580232087063,1.0567947553398,6.78943657875061,7.18145351873641
0,11,0.1585424163,5.1829001,7.62990264630345e-12,1.81758528226894,67.8949844385902,1.01253732965925,6.61210179328918,10.2682908644115
178,22,6.3781136,2.1464682,6.61713576218653,1.82792136088282,120.922688142101,1.01377905678648,6.71335434913635,18.0122606156873
0,21,0.14595547655,4.65415765,0.00158891198524006,1.83471262224264,60.2668131381957,1.01516908429287,6.49763011932373,9.27519911589986
7,12,0.21154972115,5.75684455,0.0147278929064278,1.85021170279979,30.9140593763401,1.07120509500731,6.49267411231995,4.76137548898076
109,15,11.0052545,2.29175325,11.0405784690139,1.86266594568178,146.0677387497,1.01332705895416,7.15743684768677,20.4078278101619
0,23,0.157311997705,4.5381827,4.48414148377466e-07,1.87444634176316,56.5427639508799,1.00343331642784,6.49842286109924,8.70099794357109
0,23,0.13863261525,5.3015049,1.08080523761918e-14,1.89043730970963,36.893193594915,1.04986501049419,6.4404890537262,5.72832176052999
0,21,0.1827807012585,7.15392274,2.04846465257361e-15,1.89427799398042,16.8616139092333,1.13066164340773,6.29288148880005,2.67947425026887
87,91,4.32225035,1.92527825,4.29966081417427,1.89466345707759,105.541770344704,1.02138900774067,5.79173946380615,18.2228104361837
89,102,0.3593509026,2.108109925,0.320169653364468,1.89964673098196,19.289371263985,1.08922290278746,9.60886096954346,2.00745658878042
0,8,0.1566846029,5.07300725,0.00168526074572781,1.91769185734569,59.8425111727529,1.10588105820862,6.36987042427063,9.39461985674615
0,28,0.16044721306,5.1849803,7.34874226858226e-05,1.92263486838197,37.3743135804171,1.03225567367946,6.17383694648743,6.05366061727319
143,178,1.463336685,1.54684597,1.54500375335017,1.9235517378214,59.3644571766674,1.00733587849766,5.76134061813354,10.3039311700858
109,134,0.5854583015,1.72691735,0.630957914681189,1.94095332066065,28.7270939309642,1.03553814878993,7.91534352302551,3.62929212704388
173,197,76.9508785,1.50578995,77.5540159288925,1.94148794876035,177.231428022614,1.00622500077808,19.8782577514648,8.91584314070754
0,35,0.12376363,4.10737535,3.74698444679168e-20,1.95317954358151,51.0673862596579,1.06454032192271,6.51308989524841,7.84073106328746
93,75,0.2165352679,2.693705935,0.178484478674604,1.95764729840478,21.811532571633,1.06109892014287,7.21748781204224,3.0220394047969
113,100,0.301812943685,3.266173485,0.298554425378926,1.96373648252316,2.47262168877385,1.37864878300214,8.59695935249329,0.287615840367646
100,81,0.1533286344,2.51222142,0.122035919827995,1.96876244617285,49.5170125549115,1.00048652662148,7.19470572471619,6.88242361112898
64,124,1.33688715,1.86071775,1.29345112779471,1.9721247662432,49.8150382273496,1.01209640327568,5.77109599113464,8.63181591570713
192,74,2.1643096,2.07746285,2.30505928560344,1.97264563107653,102.799488253385,1.02430442524991,5.77106857299805,17.8129036162157
194,181,1.5191028,1.637277865,1.69473760761873,1.99095081970224,50.2116322356446,1.0266841942595,5.69687485694885,8.81389068506537
181,99,1.96393055,1.99257545,2.07935337420489,1.99718967690787,135.445453592114,1.0401669602527,5.73554062843323,23.6151153599471
150,42,81.5858805,2.29304455,81.9720199006918,2.01453637026104,139.513466536485,1.01936964498952,51.8200454711914,2.69226831562789
11,11,0.161347504881,5.26174375,0.00718811770822188,2.02241866486034,41.3678080221248,1.07075857911966,6.74404358863831,6.13397696477187
0,15,0.1742297108,4.946560515,1.03135519882246e-05,2.02422381795584,86.3897649127367,1.00119382022575,6.68764066696167,12.9178239703458
187,194,7.0279494,1.5582865,7.33514998358022,2.02910494320638,90.5085579192312,1.00222898448301,6.3725368976593,14.2029084135199
200,73,32.6352505,2.1747122,33.5025470227042,2.07263383963161,221.651596971454,1.0001129096339,11.3276355266571,19.5673312801992
37,26,0.199920666955,6.047082045,0.0351685882969601,2.08410418897966,46.7532122631738,1.02588744853289,6.42656278610229,7.27499501977628
200,200,3.58581606,0.002022341765,136.012291424871,2.09286595523836,75.6393026801859,1.00674357767473,321.146294355392,0.235529115576469
0,34,0.138163448095,4.654139195,0.000138853958138456,2.10439220276498,54.7221746057366,0.996185747130887,6.62751245498657,8.25681958010707
200,200,2.641493895,0.00086907882,251.121930912779,2.10878698906328,39.8204694718432,1.00019403058696,627.317549228668,0.0634773720595021
132,56,5.74881065,2.40953175,5.805590627531,2.11079121321391,128.17795583657,1.0059804691196,6.02010440826416,21.2916499688298
0,14,0.1886197713,5.6404759,0.00288543384529597,2.1209693812964,53.1607916034248,1.02208109384228,6.78426384925842,7.83589683193641
0,28,0.14054057995,5.08157723,2.76023566061223e-07,2.12733224257724,30.5149416062091,1.03857407447749,6.65831732749939,4.58298097030911
32,29,0.152241839633,4.999864745,0.0131276633689106,2.15007876110201,42.5163554108486,1.01556687828139,6.50532531738281,6.53562325272821
0,34,0.12014365405,4.016044065,1.24174283930387e-07,2.15661344991958,55.3560987950061,1.07962358231581,6.49851989746094,8.51826256877886
0,40,0.1548147811,4.233750955,2.43422125593378e-05,2.16951875653782,51.6445008858697,1.01742446748596,6.59675097465515,7.82877830075576
0,21,0.16084827814,5.192219715,8.94070392986474e-06,2.18005443425134,50.4414470847997,1.00606535900412,6.28702306747437,8.02310513949858
0,34,0.18484747945,6.194656535,5.13999449769607e-05,2.19540008723104,47.3541669728824,1.07977223697803,6.33298468589783,7.47738535959668
5,34,0.16890997837,5.17801887,0.00181402357682384,2.23108704481653,48.5082809148445,1.01967466402555,6.74578547477722,7.19090180027501
149,34,32.6227875,2.5687364,32.8506617574741,2.24023276050323,229.809515893078,1.01044183369492,11.4081144332886,20.1443908401287
0,35,0.1406099217,4.27297995,0.000188091998072198,2.24203233916023,77.024749681673,1.0013592972212,6.02581596374512,12.782459694272
0,44,0.1398941191855,4.673375075,2.96173482123623e-06,2.24907862260853,45.9863161582674,1.00659763234222,6.7633969783783,6.79929276741846
84,86,1.95804215,2.3594833,1.93402736699405,2.26253579358087,119.107588748586,1.01786217163798,4.76261878013611,25.0088437154279
172,198,0.740292875,1.365485425,0.911877297016873,2.27302614028185,49.4086313415501,1.01403639571214,7.23147344589233,6.83244316821982
0,20,0.15451592903,4.90412785,2.29310452822842e-09,2.29986038778103,25.3133416749819,1.1023529271712,6.26804184913635,4.03847681369098
133,96,0.19134572125,2.9351716,0.214610201419944,2.31297174734434,25.1484358874543,1.03361358438958,6.35883140563965,3.95488326127819
141,124,2.3552741,2.245362,2.40310727442377,2.36066542661249,169.332320072152,1.00267158515633,5.10008692741394,33.201849788473
0,41,0.17137384495,5.6949319,4.77964044730396e-06,2.39258884418698,40.0422933782294,0.998646376432365,5.99362134933472,6.68081799706517
52,97,7.6244428,2.41021995,7.51412555423968,2.39412837562415,127.006926816926,1.01916383755519,6.37830495834351,19.9123321394013
182,179,0.74023905,1.602944035,0.965469511861964,2.42617953562362,30.1895732969918,0.999806171090913,6.02620697021484,5.00971397866135
150,178,63.915068,2.03246095,64.2661336099683,2.43883257982783,143.897011988373,1.01346669295851,18.5292665958405,7.76593133052958
76,105,0.2045360765,2.51098262,0.121245904736624,2.44403143097002,3.92511411333123,1.2534252735525,7.60425281524658,0.516173542450002
184,77,1.51244575,2.64914445,1.60558506182926,2.45866751767754,127.502780572762,0.996420293062395,4.53607630729675,28.1086057497887
109,148,6.17736975,2.25387975,6.21740983451916,2.47245561010319,159.425074120341,1.02272749967137,5.97398662567139,26.6865468756257
11,56,0.145517972145,5.0094655,0.00546656641620152,2.47516511563449,42.6120858623637,1.03898258952678,6.25758290290833,6.80967180515642
76,178,10.7610206,2.1289126,10.6941009575374,2.50573188383348,210.763761689536,1.00635258249155,6.70990681648254,31.4108328854591
98,182,38.019674,2.09031215,38.0113281960353,2.55355162461578,117.916447973644,1.01988135713083,12.8937120437622,9.14526767570325
162,121,2.4972902,2.45369,2.5962863733244,2.56262534233795,52.715487080065,1.0564808247456,4.49009871482849,11.7403848841837
132,82,22.283618,2.7146959,22.4118890285463,2.58040794019938,114.843719936472,1.00123566027707,9.60380005836487,11.9581539847286
166,122,3.92289155,2.47372355,4.05010957483699,2.58498769662567,147.499226782566,1.02294629569827,5.48962068557739,26.8687465365473
185,137,11.9547195,2.4035555,12.2718177090895,2.59383105259947,156.651826719357,1.00032914737951,7.146812915802,21.9191167538457
0,53,0.13007899845,4.64189675,8.77281325320334e-06,2.59914535975069,36.297386979988,1.03285376434089,6.16837906837463,5.88442872554399
193,138,8.10028745,2.4506617,8.40149003964644,2.60246111555594,167.113695826257,1.00143620018121,6.41705131530762,26.0421317541305
0,65,0.13240769022,4.302516255,8.93111979528737e-07,2.60606150170691,47.0853399160398,1.00598210985463,6.54347825050354,7.19576624441541
80,34,59.336758,2.993634,59.2213962158342,2.63310086987713,212.547504261125,0.999087789973816,16.6618347167969,12.7565485958671
133,48,1.8504348,2.9860458,1.87801979415271,2.65291684666889,124.730509867975,1.0010658112794,4.75363755226135,26.2389609002983
0,52,0.1747628018,4.78947035,0.000102579244786046,2.66578383640807,33.7226466700337,1.01240212391296,6.22904348373413,5.41377608907267
0,50,0.17520476665,4.99551195,5.61538096246774e-06,2.68976375879423,38.9770413846293,1.0042011828444,5.96963381767273,6.52921813549772
3,21,0.187540210375,5.7681261,0.00113000397270907,2.69086446766975,36.6816318302682,1.06200885039775,5.99001407623291,6.1237972671572
0,35,0.159339967845,5.5008109,8.62748514660085e-12,2.71076743071969,63.0969880536112,1.0668169433398,6.78588581085205,9.29826846669095
154,180,4.02637125,2.32734105,4.11907980835424,2.71591783438813,118.115359514269,1.01966482962846,5.23367214202881,22.5683528331376
0,44,0.16503559815,5.1156486,9.72441160646672e-05,2.73957662033512,71.1116497850866,0.997917456141465,6.1866250038147,11.4944173505326
0,56,0.15828636139,6.11268749,0.000106412131856535,2.74587550895833,34.1385171638511,1.030650885698,6.87173533439636,4.96796158504116
89,190,6.67955785,2.2018097,6.65302323544025,2.74594737947706,149.931942221223,0.99944664631875,6.00834155082703,24.9539645762291
6,41,0.1580147602,5.02776685,0.0104140522820673,2.76198961013832,73.3767663213192,1.01670218636713,6.91452217102051,10.6119793250283
37,116,30.288708,2.7302866,29.9926651496473,2.79930764907132,243.719765162519,1.06079930802572,11.1612820625305,21.8361800908795
198,190,0.2170951429,1.542324005,0.498532761767804,2.82682675559397,45.8461855945252,0.997273964649894,8.68428373336792,5.27921323187182
93,46,0.1567811187,5.08238055,0.101924311914649,2.84119393052399,40.1819941370577,1.01236035393934,6.37015247344971,6.30785437311478
0,65,0.11465554502,5.5709853,4.03403929224951e-06,2.86927763970013,41.4753474038216,0.997703137318433,6.13412761688232,6.76140928168389
0,55,0.17443480475,5.384555795,6.64051024893854e-07,2.87443603661461,45.2335712242764,1.00733769921474,6.13096165657043,7.3778917171665
29,59,0.1846020514,5.705844595,0.0316172499932513,2.8862189951946,4.14831914570329,1.2363595872006,5.96902418136597,0.694974424572356
0,54,0.19128593837,5.56324,1.35520230294996e-05,2.91898756507428,21.514875799753,1.04215163285848,6.25976610183716,3.43700953833381
105,191,4.9733012,2.28634075,4.99126518023564,2.91944962490829,168.463347453734,1.00058149858349,6.08060169219971,27.7050456486636
29,15,2.5527158,3.7082253,2.46634404730284,2.92101542295676,148.750565914507,1.00761855100655,4.6382155418396,32.070645396421
74,184,23.013962,2.379142,22.8753566348559,2.92863334302706,206.368402360394,1.03423364967028,9.63457894325256,21.4195559116697
16,41,0.1862303801,5.59793222,0.0198441416207249,2.94660207762274,59.2403896223976,1.04922254472848,6.51904654502869,9.08727821058025
116,137,6.0578046,2.82844845,6.08925439822353,2.97619881841988,165.130216881285,1.00675154440109,5.66144919395447,29.1674818980303
12,167,10.4306525,2.65895355,10.0837716131619,3.01105609009706,141.635099128588,0.996612345496379,6.82653379440308,20.7477328017788
33,68,0.1360086231,4.60778014,0.0252792760664777,3.01678394633526,23.4690933908865,1.08339006750224,6.74789571762085,3.47798697149416
0,47,0.2094275295,6.031366565,0.000421382646941014,3.02735621552028,39.6387721496822,1.03707973981093,6.28235173225403,6.30954359753117
130,129,0.2768638652,2.83033722,0.343936286715137,3.03199881112683,17.9990825865313,1.03752492269816,7.88688373565674,2.28215391399231
1,70,0.153870707516,4.81025193,0.000138526472098672,3.04987215971796,45.5639793974062,1.03067315681054,6.49125146865845,7.01929044305272
139,0,28.4225145,4.59822085,28.5639938555617,3.07041170547442,121.540078392469,1.04223944391237,10.6503841876984,11.4118022646406
102,159,72.2539485,2.7973886,72.2993526383612,3.08115396090079,187.073819834996,1.00912161559036,86.9931683540344,2.15044265399859
0,54,0.17703051895,5.44682861,4.66555254056748e-15,3.08965799452075,54.0767280023589,1.00574991814,6.54237174987793,8.26561529515163
81,163,8.55246535,2.7459089,8.49682704790755,3.0979916599116,127.862687335153,1.00451610831216,6.52391695976257,19.599067266455
182,180,34.642903,2.59760425,35.2007603359148,3.09861036352294,103.00735140343,1.0037140561664,12.142391204834,8.48328386606605
103,143,1.50204195,2.83613775,1.50839687312483,3.09886561036794,124.293724884659,1.02779921762087,4.13475704193115,30.0607081925683
0,81,0.1681942697,4.89393415,5.40469971936934e-05,3.11917142527341,48.2965880203644,1.00777254776928,6.25981187820435,7.71534176426695
143,14,19.9486205,3.8842759,20.0772186163224,3.14514474352506,187.079662995728,1.04399427090587,8.22502017021179,22.7451920024788
166,86,1.022147545,3.38566345,1.07740855044273,3.16181108444731,105.678423359964,1.03063867181204,5.88077402114868,17.9701554557136
95,57,0.1635832266305,5.814402305,0.121944397482551,3.18641601540286,25.7659214065309,1.13471635524572,6.85811448097229,3.75699785677506
0,81,0.140482783245,4.363611815,6.53163120965874e-05,3.21599168093965,59.26443780757,1.02888831749023,6.64740204811096,8.91542852059198
0,70,0.15837719262,5.358674375,4.31267717974958e-12,3.23794584911653,32.0787685566015,1.00295305997059,6.43218207359314,4.98722955749319
63,119,4.99052355,3.1830083,4.9110090727538,3.29397820343193,111.474055358326,1.00967125849925,5.48214387893677,20.3340258519347
37,138,2.48988255,3.08619845,2.41701871536056,3.36132729401738,131.819360090101,1.02366590476944,5.00819420814514,26.3207364993384
200,200,2.77991291,0.000829442365,260.624538584935,3.39109842446454,59.2987891180622,1.00266831227438,653.210023641586,0.0907805865982841
0,46,0.1989266269,6.37103385,9.40673423698041e-06,3.42805628777062,41.9257784117113,1.00143905136864,6.43645286560059,6.51380182332761
0,55,0.19932625175,6.23459061,2.8946881384518e-10,3.45512705943212,27.4073713330771,1.03789365730428,6.22011733055115,4.40624667937712
2,73,0.174875235075,4.74497285,0.00487352984387761,3.48720598714702,40.5835744793904,1.0480457227313,6.46155905723572,6.28077126896248
103,141,60.7445905,3.298484,60.7508546404465,3.49895751799732,294.99403110912,1.01019242012066,17.4957010746002,16.8609437170474
142,155,10.39118735,3.20126135,10.4985772662999,3.50032152364382,205.447147717991,1.00987998357329,6.3622841835022,32.291413239718
1,61,0.15594633721,5.62950485,0.00109156884684166,3.5703751439229,44.4821296410476,1.05020788899467,6.12332129478455,7.26437949270025
0,85,0.1329987779915,4.58536419,6.02787947668302e-07,3.57550970984299,45.922179936071,1.00184652889039,6.45210194587708,7.11739837982806
0,83,0.1637545026,4.6129811,4.95879001079122e-05,3.68878166932573,47.7021571156977,1.06347980760198,6.25334787368774,7.62825898690435
197,74,3.9515433,3.95507865,4.17976079485316,3.69469950921671,132.94074805183,1.00487466321275,5.15575790405273,25.784908935955
20,86,0.134356046735,4.99775688,0.0118717982854462,3.72243785187175,19.8209535036552,1.09688658902188,6.47049713134766,3.06328139883233
0,108,0.12825481035,4.52409234,5.22499320165921e-06,3.84223248481392,44.1964789636601,1.02830748683785,6.33109354972839,6.98086019682273
200,200,3.317515231,0.001108045095,214.81990339653,3.88191218365781,53.6677795962604,0.996130765814388,517.719666957855,0.10366185219815
13,78,0.184745551812,5.918900445,0.0061527235623767,3.90210422069743,32.8651231854806,1.05419062040457,6.43545198440552,5.10688655048937
0,71,0.18069368516,6.045225095,3.42918798555834e-19,3.99059693937144,40.4054458838672,1.06850373130463,6.35600590705872,6.35704976910022
56,140,77.6203725,3.763111,77.3809864982724,4.03278156218896,96.5030234403524,1.04097763456651,150.006036520004,0.64332759986951
57,100,0.1494320854,5.660091245,0.0429600097263211,4.06466446985797,46.5147230344453,0.998962116333485,7.14004039764404,6.51463023231542
0,95,0.13865688965,4.83270925,2.64600537653907e-06,4.10327351497554,64.6137753097722,1.00560093494288,6.47644543647766,9.97673429715694
160,178,0.24306072,2.613914505,0.377814543926577,4.11808139304749,21.6490463363759,1.05558651652948,8.22646236419678,2.6316350063907
69,157,25.5992875,3.74918785,25.457690401388,4.1418478410122,171.878584259035,1.01930425566828,10.0645644664764,17.0775978266657
179,180,4.4948788,3.5126119,4.65170662296837,4.14472882124543,132.397294391316,1.0178195122046,5.63117504119873,23.5114862213788
0,94,0.15627483544,5.365953345,2.71280839347076e-08,4.19340659366958,46.0160840545123,1.03623432166696,6.4350380897522,7.15086428591509
200,200,0.2467992907,1.78279676,0.661167737293298,4.31350010038718,5.43010600335612,1.1825656059894,8.87695169448853,0.611708409625292
143,157,45.112792,3.95940495,45.3313801885572,4.35883122585986,156.260204867738,1.0225646098963,13.4848055839539,11.5878722829848
189,22,4.65052835,5.4103525,4.79891854407254,4.59620644190696,198.391108922784,1.00442975122097,5.59715127944946,35.4450146186325
0,137,0.14266310002,4.73229196,1.05035672134474e-18,4.87146529128061,47.6984223272725,1.03226323322757,6.61667323112488,7.20882241893083
96,117,1.83498965,4.92386895,1.83496438534308,5.0363132986537,145.912095864406,1.00422134148932,5.55837798118591,26.2508408672982
0,150,0.12517506505,4.310562675,0.00012723547931834,5.39687881314316,12.8727011596958,1.13146146913346,6.26411390304565,2.05499155330445
35,120,0.17483542125,5.5385036,0.039667390176914,5.53039926245588,42.9553161779522,1.00618769834436,6.44971466064453,6.66003357327742
122,75,3.43741045,5.9470086,3.45742984061921,5.61555571806003,164.564601584271,1.02867264073444,5.52992463111877,29.7589230526234
18,147,0.17119044415,5.45605815,0.0275099892325576,6.49120747598939,53.8498061848874,1.03830932803814,6.31204533576965,8.5312768398108
54,102,4.10401465,7.23050215,4.06628069293392,7.33273074011777,116.268081597101,1.00371749560728,4.68863749504089,24.7978398244856
88,61,16.1209275,8.2963645,16.1038404287086,7.60832814665332,189.60187902648,1.06326223458137,7.53750085830688,25.154475281754
0,169,0.15527392879,5.02992245,2.03209667442569e-06,7.8773449099119,23.0629702291549,1.02613176920801,6.5691511631012,3.51079913622618
