"rank_mu","rank_nu","mu_mean","nu_mean","mu_sim","nu_sim","ess_mean","rhat_max","time_sec","ess_per_sec"
200,200,0.00109586132027174,1.411741115,0.0467325540411745,8.17869309496825,27.8166176597505,1.02013592393814,88.6901557445526,0.313638164531682
125,189,5.6969689,5.82978105,5.71693886135751,6.69759216079746,145.328262454362,1.00128913619922,80.6912188529968,1.80104185461768
162,199,0.0036274841186465,1.53699377,0.000972243726471723,6.55173942881605,26.4902835288291,1.04437109630304,90.1056635379791,0.293991326279547
176,200,0.00417639441925329,1.587344335,0.00470845893373767,6.27011049268793,39.5802593508819,1.06542765045982,89.2779603004456,0.443337406205106
115,23,86.6922125,6.8836257,86.721897931064,6.0853496940236,146.168183188126,1.0417722887069,97.1621854305267,1.50437315237871
200,200,0.0007605917467465,1.35881205,0.367267600908786,5.8151579654817,41.0429798452506,1.00610331560273,91.1094834804535,0.450479777487224
16,197,0.00933334906301171,1.948627395,1.37382842451417e-13,5.73898382729964,24.0904517777756,1.10498035955848,90.5488123893738,0.266049340041954
154,195,0.00476752005090376,1.612011555,0.000420369785627313,5.73161373217158,38.3805732811696,1.02653065382048,91.2065913677216,0.420809205843786
198,200,0.3847269557,1.94467313,0.757731591482273,5.67094552509184,15.5853100754214,1.22567037463148,92.3740808963776,0.168719514437221
117,199,0.0006788032501612,1.50025599,5.14641689852242e-08,5.55593014235564,20.5496044397576,1.14329872773327,89.8702547550201,0.228658575585152
200,200,0.2966950014165,1.639747715,0.749076460864366,5.54782546458807,12.4360692450947,1.06150772612291,95.1426327228546,0.130709744824071
53,199,0.00249842049445729,1.369142245,1.0385433435159e-11,5.2156730020778,11.5898542306992,1.19452999324717,90.5093824863434,0.128051412045021
200,195,0.00414276162372945,1.552763624,0.0887458329624906,5.13567510346438,46.3150324361261,1.02728887652066,90.3276734352112,0.512744662568401
200,198,0.000781193005545418,1.62915614,0.236255199018327,5.06874679641648,51.6033541090598,1.00218340737355,87.5105621814728,0.589681437562344
117,157,8.916132,4.6337627,8.93232349559504,5.00174608427677,162.491640794496,1.00817676249137,84.0478284358978,1.93332348757144
172,194,0.00411753244802672,1.8341560565,0.00566896252139078,4.91583430663977,29.5533766576232,1.03707307095684,91.3306722640991,0.323586544640384
200,198,0.00275792616276923,1.584523965,0.222846174373283,4.89395668270324,51.8947433480829,1.03853998444362,91.4563748836517,0.567426200897444
194,118,21.1519165,4.6948883,21.4320126881127,4.80475117426799,166.938157130858,1.00571569216966,88.8958520889282,1.87790715998604
186,171,40.1090945,4.1685491,40.4283694438544,4.679981204135,156.154646823646,1.01952406143674,94.0735034942627,1.65992166788143
164,197,2.3217718,3.50765045,2.38049658814758,4.27455166026903,153.744225611668,1.00494625741302,81.193502664566,1.89355330865365
11,194,0.00376185675967329,1.65576762,5.92328915855414e-13,4.18602081710732,43.6721507924944,1.0117207199842,89.8425848484039,0.486096330222295
200,200,0.0107932542580608,0.843396935,0.335187522773504,4.15342129777176,19.3696965381679,1.07861301569196,90.5493817329407,0.21391307336913
85,140,4.0738349,3.85878495,4.06103399721517,4.04479978316645,144.857303047161,0.998213971546088,82.4989008903503,1.75586949018498
44,145,3.08563585,3.79236825,3.03332169633084,4.00624003687015,168.620800970683,1.00239738568943,81.2808747291565,2.07454461498551
189,194,0.00533295634664181,1.503510025,0.0190196138682547,3.94331794484358,26.1944292390211,1.00399666093412,91.6089863777161,0.285937332949172
123,193,7.39502385,3.3690844,7.42727951978847,3.93962696626501,147.657441947921,1.00470577296642,83.8954312801361,1.76001767551414
47,149,26.5775005,3.6148248,26.4638360086264,3.84629055027141,129.805745091108,1.00843860698649,90.6946094036102,1.43123991541157
200,200,0.00751139881210481,0.439898365,0.477534348887655,3.83839490481507,34.7396156933259,1.04715842344854,92.0908496379852,0.377232003286857
199,184,0.00454431675036205,1.70397901,0.179739383045885,3.56283411886135,26.323260929904,1.09135945410128,92.153737783432,0.285645070542506
162,104,70.6930785,3.52966995,70.9823876566711,3.52990538027309,141.875829436621,1.00028328592923,96.4707198143005,1.47066207974526
18,112,2.04880705,3.47429475,1.98346025048715,3.48929633176014,138.106481700448,1.0112679192436,81.474860906601,1.69508091408425
190,184,0.00432104128871464,1.778704065,0.0243768238897022,3.44343167395791,55.5416260197057,1.04822428754275,90.6454362869263,0.612734940608548
199,189,0.00414500372263174,1.674475905,0.0598345646963265,3.4184070436425,33.4358191290602,1.07453374074819,88.6297421455383,0.377252808364888
132,182,0.0103041828410974,1.60898832,0.000218976193370606,3.39287408156459,26.3833449764889,1.11759397353441,90.8893642425537,0.290279783518789
175,78,55.138566,3.49928925,55.4843750463971,3.39090579899342,139.970924599406,1.04016765330054,96.0826930999756,1.45677561778752
183,191,0.00427512649321537,1.422543335,0.00801389900438835,3.3579320341887,35.1972975294424,1.04040587260932,92.2807171344757,0.381415518023676
155,179,0.00619764796267526,1.603778625,0.000502323145759621,3.31577095754886,32.7932037297025,1.01939507587304,91.759134054184,0.357383535358322
91,185,0.00152977547556507,1.766819115,4.697698871706e-07,3.28994520923718,35.7131171752437,1.0792838960178,89.8189132213593,0.397612439233466
183,179,0.00485333136731908,1.6205225,0.00935893435534517,3.28090553952331,32.2904514320012,1.11572584190196,90.6778981685638,0.356100572291337
122,184,0.00555121730809099,1.543299735,4.40774607199553e-05,3.20448329484771,42.7558194581421,1.05657967107957,89.4259243011475,0.478114369991404
109,105,69.4840315,3.17204275,69.5019839735921,3.16262749015921,167.337300354898,1.00835640206042,96.3270292282104,1.73717908354109
106,102,0.78056611,3.2245572,0.799660473759029,3.13792640602207,39.3134415592476,1.05194516642363,84.6859729290009,0.464226130958043
136,185,21.5346985,2.7273983,21.6379472617534,3.12627922916249,137.086265672008,0.999178483015794,90.3559215068817,1.51718076010731
29,170,2.2841534,2.7770015,2.21567431051927,3.09066543828419,114.324724124404,1.01378194695643,82.3016793727875,1.38909345466169
120,199,68.7534805,2.3852264,68.848887667107,3.06287183294172,185.712824080447,1.01413317182416,96.0600533485413,1.93329919781132
157,174,0.00253665861678309,1.59556882,0.000475549250027606,3.01982906196053,56.4293892622033,1.02584083888958,90.1509335041046,0.625943482433646
41,153,5.4857078,2.77616625,5.40647877555027,2.98402546022424,168.063531062434,1.01016332297609,83.172703742981,2.02065730100324
107,53,165.843685,3.1309525,165.968479637116,2.96078862447551,134.841217265002,1.0096079358287,101.713834524155,1.3256920053779
53,70,7.20088955,3.07190905,7.12275927421023,2.95183023962068,141.125082616149,1.0006246499974,84.2043190002441,1.67598389597736
89,186,0.00157578188305288,1.321466165,5.55319061603656e-08,2.93891318979925,23.3232032621563,1.16043286980812,92.748214006424,0.251467950213477
98,124,1.5291007,2.8397063,1.53006156325316,2.93632707655638,132.396185998871,1.00505278443942,81.7216534614563,1.62008697072331
179,177,0.666499355,2.184824205,0.803810649235972,2.90176485356881,40.6537224182722,1.00362802748462,85.663407087326,0.474575128407273
62,149,8.865839,2.70438965,8.79462716226883,2.89706725910912,109.012016918233,1.02014915978555,84.7140870094299,1.2868227796175
118,17,1.2860619,3.32913365,1.29199468590011,2.86874436342613,205.442824311364,1.01627952490656,81.0811982154846,2.5337911727127
136,191,0.00141042131196308,1.336121895,0.000150970090694247,2.7862711528661,37.8976784015059,1.04820712275786,92.5324552059174,0.409560929915565
63,167,0.00267573156669003,1.7495547,9.38113396377187e-09,2.72144022341316,28.4112072169863,1.02444111818944,90.3369851112366,0.314502495096578
141,176,0.00245095358698759,1.432269725,2.47392410200332e-05,2.71446263000233,28.2397092913003,1.19267705618992,90.3920879364014,0.31241350804032
200,200,0.0203290952531938,0.600170485,0.341684847742806,2.64648038137966,12.3891733024805,1.12059053364951,93.1547014713287,0.132995684670769
196,81,30.6222225,2.71553035,31.0553722274886,2.62838584187972,178.239331631932,1.00541322019891,92.172877073288,1.93375033189223
23,181,0.00392971712035945,1.369564375,2.45709140017062e-13,2.61386375427267,50.7193176397956,1.00180613107109,91.524106502533,0.55416348302064
196,200,0.00875635318327161,0.73307878,0.141185257956016,2.61128741715215,15.6488010774166,1.08356862775556,89.1958394050598,0.175443172930428
108,63,44.2897995,2.72880035,44.2986028046239,2.60559761230628,168.747815796304,1.02126830957517,95.2497355937958,1.77163552994992
83,147,1.632634,2.41784055,1.61492727749365,2.60383674278931,62.1316579899459,1.05352194354225,83.0577819347382,0.748053421878822
47,153,26.6905725,2.4007009,26.5309438308812,2.59353423392851,142.274804845151,1.00318382948233,91.5214545726776,1.55455139463687
176,109,178.45737,2.54311225,179.28391351677,2.58879003071251,148.916321380777,1.01318620068086,100.973699092865,1.47480306969659
45,154,0.0182341244952628,1.918005065,2.26014807366725e-09,2.56602118803584,3.68447680856545,1.3758742238737,90.3452732563019,0.0407821757106529
158,126,0.541183791,2.35525287,0.652646657018926,2.54355804756173,45.6263781561648,1.00152280069003,92.8288195133209,0.491510916495253
171,169,0.0058266618088957,1.57290095,0.00114746926789115,2.51938306484138,24.7601748765038,1.11666976002944,91.1766154766083,0.271562776783002
104,188,0.00183157886521655,1.255280435,2.40444080266648e-07,2.51823978622468,42.7257274042036,1.00927432651958,92.647509098053,0.461164340198127
186,55,2.4416239,2.71282245,2.53463579999192,2.51347285244596,138.439185036798,1.00110696763713,83.4956393241882,1.65804090078621
19,168,0.00569783565567519,1.44725608,7.58389693845871e-14,2.49008631719527,39.8691382421514,0.996344905030984,91.3372647762299,0.436504622071048
92,194,4.52590305,2.07970415,4.50948507061226,2.48787519507063,150.024123971691,1.00667595763171,84.1237671375275,1.78337382022405
50,129,4.69711565,2.38392535,4.62232440050284,2.48316620448535,99.3781001528847,1.01068306965558,84.0809860229492,1.18193309633358
45,87,34.0297265,2.4853946,33.8443808990766,2.47521123644586,158.969756993128,1.01699707673357,93.2862019538879,1.70410793518754
108,160,9.32354845,2.2883278,9.33409799029211,2.46851548780866,136.33409653438,1.02421794724081,86.8210263252258,1.57028893005344
68,169,0.00182160708369175,1.516539865,5.76344201804763e-11,2.42096108583218,46.9190715563379,1.02792193146531,91.8001582622528,0.511100116214402
12,117,4.9263168,2.38905315,4.75298534341872,2.41908401861465,163.39607345232,1.05957756273961,84.1294121742249,1.9421991575781
154,175,0.0010048840033273,1.29449343,1.66211987218794e-05,2.41408327768985,41.0238436011113,1.03852072477882,91.0495104789734,0.450566327982457
166,172,0.00472557988956472,1.45055172,0.00431011096854347,2.40101063700739,16.0599393986384,1.18197507532668,90.1798493862152,0.178087893336994
107,199,30.6487855,1.9004111,30.638621704418,2.39638054032367,191.753557092427,0.997893577910218,92.7750787734985,2.06686493428451
138,168,0.00662578224679451,1.463794775,0.000200454713842408,2.39609572290411,39.1483757324862,1.02637505160056,91.5231263637543,0.427742990082014
149,173,0.00298900071400511,1.375535665,0.000498336574162967,2.39108845983652,40.2015868001929,1.00519030453886,90.7823376655579,0.442834893151745
130,153,3.2269874,2.23226715,3.26668668059616,2.38925363651948,116.18020760469,1.00425603956796,83.9273524284363,1.38429491986842
18,185,7.58246955,2.0654199,7.42936435784363,2.37958976423952,172.634954650095,1.0069928788086,86.6445305347443,1.99245069001636
80,159,0.00663592684232261,1.6539734,2.28069728201569e-06,2.37437828832805,37.7389529348609,1.04195860630078,91.1253118515015,0.414143470876243
178,170,0.00434330990884067,1.556087525,0.00619899096310718,2.37114776676836,37.3286821615172,1.06034641243336,92.1168866157532,0.405231695652353
169,153,0.00501755034531714,1.735207775,0.000647542932015322,2.36578404152467,33.7629803692016,1.01790229077286,89.8208515644073,0.37589245460439
145,159,0.00267517034268867,1.56621601,0.000434161577475993,2.36573693646615,29.273453989872,1.18046107396888,90.5930936336517,0.32313118821453
200,200,0.0285104897791184,0.8458448265,0.23302704873076,2.35893736644914,2.38396175009338,1.47370105221761,93.1796431541443,0.0255845769461648
37,93,2.43468875,2.3872038,2.37548593462476,2.35580933916647,139.706954050523,0.999156928611008,84.0004417896271,1.66316927713796
196,139,0.00423594208423039,1.797531655,0.0610278541595159,2.35571592368582,41.0404615272276,1.02590124032651,92.2990403175354,0.444646676563879
19,92,1.6690726,2.3985385,1.58379268066643,2.35495885448194,172.07111527803,1.04332692536723,83.5497686862946,2.05950438862503
108,200,43.125256,1.8279302,43.1484822293655,2.35235877129808,128.974382587728,0.996788526786075,94.0433514118195,1.37143541410965
25,100,2.15360605,2.3045568,2.07505080690765,2.30360044222573,139.632616583864,1.00413241632155,84.0114195346832,1.66206710179701
200,200,0.00492809445054421,0.604981425,0.161308478069839,2.25960289031838,38.4701812871543,1.02285074705378,92.758371591568,0.41473541015301
84,170,0.00891448624124928,1.432053175,2.11846687255228e-06,2.23827469741371,45.0781562812221,1.01674819073946,91.2651743888855,0.493925055017611
200,200,0.0149442820329593,0.59105648,0.234283295009227,2.22679930669505,5.67639676767068,1.1776628646558,92.8096513748169,0.0611617076843252
42,88,0.70907587,2.183132315,0.648132257230078,2.19624844800642,49.3500299563461,1.07491034050535,87.1201965808868,0.566459120768018
89,174,0.0026781795007138,1.41736652,3.24925801882086e-07,2.18487217416633,54.3413330917534,1.02029519158896,92.0026862621307,0.590649417962928
200,200,0.08427597042887,0.86078412,0.293162158609678,2.18239385078469,3.17696350396397,1.24542945047148,93.6683955192566,0.0339171338032671
71,175,1.56743215,1.9093156,1.54168164484891,2.18148868801543,127.494152990213,1.00462085580633,84.501344203949,1.50878254294391
199,200,0.00745503972508895,0.7834502985,0.0681106599391686,2.15639903811504,3.21755176228685,1.28595013320693,90.5511426925659,0.035532978012336
200,200,0.0071394730564581,0.52098728,0.175521695056945,2.15354899114666,18.0459964740049,1.04252253346845,93.0097372531891,0.19402265834684
199,163,0.00252897667865369,1.430640755,0.0579456018555374,2.15197634062535,45.2617049969348,1.01173445544847,91.6674039363861,0.49376008322811
59,162,0.00275220932133679,1.42026589,3.83615795977165e-09,2.15046233619172,46.5002937921968,1.03644949223515,91.0332684516907,0.510805495431304
120,140,0.4927297115,1.85334704,0.581927447513143,2.14791125483264,14.1531343663582,1.08223513269821,91.3085997104645,0.155003301016959
8,136,0.00548246625215285,1.8582216,1.80935522518891e-14,2.13103314864964,27.254018824464,1.03567940270331,90.8855216503143,0.299871952425216
200,200,0.0146535424046554,0.4518287815,0.317067706494845,2.13013735440303,9.66342688524118,1.09635463888486,93.4238774776459,0.103436371366125
150,156,0.0147077594985045,1.595300775,0.00092966742500178,2.12948145488832,29.5826706896407,1.06443501171388,91.190792798996,0.324404139734229
178,124,9.1880143,2.0624994,9.38676831121259,2.1280316156268,87.3577204326915,1.02586222274342,86.5735852718353,1.00905744123215
152,169,0.00188711390379813,1.30770198,3.74330622481866e-05,2.12571353470144,29.6963181045718,1.05030762097872,90.7747623920441,0.327142889962272
79,166,0.00209810636861428,1.39368327,7.60207917934746e-07,2.11695431997164,47.6036810054431,1.02593782572915,91.1929335594177,0.522010633361481
58,192,2.82834805,1.7861574,2.78869814694246,2.10221615469017,96.2816727377189,1.00236486021045,84.7060580253601,1.13665627916357
24,159,0.00860827193629047,1.519377235,1.58112243578336e-15,2.09928851146202,31.5925869146656,1.06772059093231,90.928365945816,0.347444788939587
45,6,2.3708689,2.50630645,2.31777813324673,2.07357546866677,156.77946183691,1.00224827529243,85.0059199333191,1.84433580578732
149,37,46.244699,2.2924976,46.4426632195739,2.0724891236224,127.909261279243,0.999118292096654,93.4605696201324,1.36859064522211
26,121,0.0157609501853157,2.329372205,1.79745164352209e-14,2.07085781428234,26.7789626835888,1.00636898024066,92.4886744022369,0.289537749964131
155,144,0.00710251020270918,1.635940475,0.00185741985077084,2.06586016140157,25.8529215816201,1.00317777923564,91.8821573257446,0.281370424183285
119,153,0.00503396576509489,1.600569895,0.000153599718923998,2.06282990219917,42.9951527218654,1.00262836224689,91.2336091995239,0.471264406824429
64,30,31.981292,2.30904175,31.8645514436648,2.0625773296432,113.072905530914,1.00887407345643,92.1646499633789,1.22685764635186
192,152,0.0020115537889395,1.63251335,0.0182668653597964,2.04621084311289,52.0150961426688,1.00531570465737,90.9493174552917,0.571912990641606
173,140,0.00500941183720336,1.71528354,0.00657922513848866,2.04443256897695,30.4417501876989,1.02619678863805,90.9721636772156,0.334627087640911
198,197,0.0707448124843533,0.535249103,0.539413117717197,2.04117378936693,10.1392978236832,1.09645048579187,93.1190948486328,0.108885270418112
191,146,0.00451155732004741,1.85252684,0.0264703831439276,2.02610806180982,46.5378287127338,1.05794813933755,91.5060710906982,0.508576405456277
163,155,0.306640741573205,1.2003227975,0.630296260515157,2.02319974425971,8.02608736827536,1.23275138609689,90.1475689411163,0.0890327655260226
120,130,0.00464408577585895,1.656846115,5.36962665839454e-05,2.01281478988346,13.277339222131,1.10488655027094,90.2341558933258,0.147143164256198
42,168,75.6367855,1.8014104,75.2638399542779,2.01077439862981,207.666954083143,1.01537275846484,93.2852282524109,2.22615046319272
172,137,0.00800711858248094,1.911365695,0.00987692763879864,2.01031035474448,10.227810920814,1.12231672405397,90.3416042327881,0.113212633400437
158,129,0.00707936619099636,1.83051506,0.00282581851579948,2.00920916289742,24.6372038523566,1.16846763820412,90.9773435592651,0.270805926931767
89,157,0.00360384344252429,1.459551315,5.22714480787984e-08,2.00534462806625,29.4392291176515,1.05309339459448,90.4830422401428,0.325356314164587
130,152,0.00409745613132979,1.51052286,1.62495766686146e-05,1.98380581015676,51.833762776306,1.02988885946307,91.231317281723,0.56815756168732
132,121,0.0174427027116052,1.92636071,0.00102806636608135,1.97524405904116,37.0903645658649,1.02440842697917,90.6164083480835,0.409311792886232
183,151,0.00344203025387937,1.431443935,0.00873399729203654,1.96643260460965,46.3854249317489,1.01274833539409,91.012716293335,0.509658724856076
145,141,1.64035365,1.8612286,1.69057590481192,1.96138425100189,75.1858031014296,1.04272109947377,86.0945346355438,0.8732935652618
194,152,0.00182539411883314,1.429904395,0.0198494788750819,1.95840209933857,45.0249245382156,1.00509196313508,90.9255571365356,0.495184477897729
20,142,0.00311240932176854,1.598804785,6.1016510698233e-16,1.95537762398825,21.8281402176669,1.14491770183511,90.3932399749756,0.241479785697578
134,126,0.00429259663130383,1.93564056,9.46764076171054e-05,1.94634854266874,36.235243913618,1.02532795526517,90.8265464305878,0.398949925298657
152,174,1.054634315,1.652827,1.11044287658768,1.9238082131992,113.915388568397,0.997483723847494,86.3194694519043,1.31969518918173
171,134,0.00474296070832478,1.68273687,0.0035818357933576,1.91185473761651,35.1527424464522,1.07581254846925,89.6135110855103,0.39227056300594
89,66,26.713101,2.0256374,26.6832557933239,1.91175704336949,194.349225227544,1.00712504290594,90.9698221683502,2.13641425909219
200,200,0.0102463048995657,0.52675595,0.185636857116752,1.91042196861441,19.9117875201839,1.00774224869929,91.3812699317932,0.217897907689902
118,164,0.00132590395461627,1.171410085,2.03729080454414e-07,1.90470388836469,47.6643776260005,1.01400495323156,89.9747292995453,0.529752942821483
130,130,0.00544940408106598,1.661584575,0.000130286978726944,1.90128275360685,34.2992271701678,1.01096374787494,90.737580537796,0.378004647764228
200,200,0.0259997821135585,0.51901077,0.332971963890394,1.90082934087473,35.2903787027641,1.08165109370084,91.5328996181488,0.385548571606344
103,112,0.00800012951447114,1.843630785,1.94821954226215e-05,1.88798133969456,46.9172546586359,1.02415459787698,90.9650452136993,0.515772344733252
186,136,0.00369766412266517,1.48113786,0.0157575204811128,1.86446079401133,17.4079504159263,1.09897133329031,90.0146656036377,0.193390158139106
81,150,0.0021587102492012,1.439291275,5.37660384351325e-09,1.86131988915309,65.8363959102225,1.03660598534975,89.9945976734161,0.731559422590431
79,151,0.00227165280002784,1.46451914,7.88139648334897e-08,1.85652550354703,40.6116422475997,1.02707877198771,89.9982318878174,0.451249334522728
20,41,7.38255845,2.00580735,7.1826707101525,1.85017007782632,120.083789493437,1.02561590789797,85.7299358844757,1.40072179285488
89,61,4.90903395,1.96007555,4.8887260256418,1.8406521411278,106.832227228333,1.0154823708407,85.293226480484,1.25252885412626
155,136,0.0033881427375479,1.58014205,0.000510170118963512,1.83864591685098,38.6359622451531,1.01696167521502,88.8709790706635,0.434742169481814
27,141,9.9603487,1.73706615,9.78561116934989,1.8293118175944,175.291595804706,1.00114550772874,86.7923147678375,2.01966725134129
71,123,0.0108567541659187,1.8057562,8.82671286309597e-07,1.81612719945656,40.835885014308,1.04116597424339,92.0183701515198,0.443779703412119
200,200,0.0662617315323328,0.95929424,0.233081370219894,1.81574736614217,5.05209791979968,1.48836536658312,94.8125631809235,0.0532851106467732
200,200,0.00639409200262932,0.50998231,0.104691157765519,1.81101039448584,24.2933920276018,1.03683771911511,92.8533506393433,0.261631829765208
182,169,77.199252,1.62295005,77.8418942468773,1.80239576522048,228.686300567922,0.997233638863313,99.7035872936249,2.2936617104302
4,0,2.3919847,2.26830785,2.24708515141204,1.79771606169489,126.900584824492,1.01392086607805,83.7598431110382,1.51505279989915
173,134,0.00460307596090043,1.52906054,0.00159434900012996,1.79441337729106,32.494604754463,1.02379924780046,91.6649653911591,0.354493176491146
199,200,0.0170819731407528,0.791597625,0.0849274129220121,1.79169020337416,22.6259987496206,0.999212175360379,94.3425920009613,0.23982803810807
95,117,0.0061043383639518,1.881956375,5.10847049333949e-06,1.78839347660888,28.2403356211553,1.00018637689624,92.9735867977142,0.303745790539401
1,124,0.00583804852395119,1.722058785,1.44489707284796e-22,1.76642690609747,48.217128766004,1.11230933011844,94.3870029449463,0.510845002612572
165,125,1.344881,1.7077878,1.42205368701115,1.76611841782585,87.6037699946604,1.01222189512356,84.067444562912,1.042065337541
162,136,0.00801015760288294,1.773840075,7.86286642759943e-05,1.76351703488715,43.192793127876,1.03075973589567,92.2720062732697,0.468102893525016
17,143,3.6308001,1.64314305,3.46820192995622,1.76230119611936,147.205559458154,1.03343225783437,84.8969116210938,1.7339330329842
166,196,2.07992485,1.41814194,2.18386465442978,1.76012221139852,111.356595116567,1.01241467536855,84.1798663139343,1.32284119698268
120,22,11.966592,1.96657535,11.9986756281399,1.74685045691296,183.163966296398,0.996621994821444,86.9620168209076,2.10625251106598
183,185,0.0130674558494334,0.893861845,0.0409858042373804,1.74586157814871,42.4993282862308,1.00191360247266,90.2294895648956,0.4710137283406
114,141,0.00256824737788636,1.47010973,3.39301147607773e-06,1.74504359959778,54.7307083193461,1.01199929484898,92.0668179988861,0.594467252251601
20,64,3.362744,1.85540165,3.23296316256647,1.74402567459126,137.802859737142,1.00361922119924,84.3340482711792,1.63401215241123
120,125,0.330724769977298,1.347505999,0.445123462108641,1.74374426542706,22.9875398960812,1.26994569335194,94.4204704761505,0.24345928144774
182,128,0.0019262648403497,1.628563395,0.0031924204060551,1.73192048388133,43.5300291289277,1.07487340283915,91.5963547229767,0.475237570977356
200,93,2.8262425,1.7540332,3.06678774164405,1.72893571729401,99.1635674515576,0.999521476250427,83.9639649391174,1.18102530679038
141,144,0.00255796920389223,1.47890564,1.18478896617005e-05,1.72637086921819,23.0132856372359,1.11680809249072,92.7869040966034,0.248022992698151
29,126,0.00557799914526414,1.782744385,7.01137032791209e-09,1.72261471664705,32.9294900490737,1.08508985962455,91.8233690261841,0.358617750560684
44,61,0.57469107,2.284168345,0.449282693762593,1.72253566685054,36.3568870358195,1.0046009697889,88.2927644252777,0.411776517277227
4,1,3.69696335,2.28439785,3.51566964340647,1.72126868897634,9.24463733763934,1.13950610062181,85.238578081131,0.108456024792438
186,174,0.0137913729911699,0.94501874,0.0555326114158989,1.6984729218363,9.61920213766882,1.06837715480805,90.8077630996704,0.105929292929623
187,116,0.0067177084181053,1.696079255,0.026982203157134,1.69191248585811,27.0476425506008,1.02654987011848,92.3730449676514,0.292808822747727
123,142,0.00217604727456695,1.41185647,3.89726983540253e-06,1.68541498746427,59.440816685702,1.00133205800984,90.9988586902618,0.65320398015127
95,145,0.00194448220716704,1.51730922,8.96510268482392e-08,1.6847479108315,16.6018358953312,1.12022736303278,92.9892728328705,0.178534957738294
134,46,103.766615,1.8061637,104.07796503029,1.67982472072843,197.081914396616,1.02052134992934,99.6938056945801,1.97687221411119
140,109,0.00601256956156064,1.75130805,0.00035565082452321,1.67957509312866,32.5869764622609,1.03962599911212,91.653311252594,0.35554609011836
91,108,6.77307425,1.6528321,6.77290065428263,1.6743564084336,118.084340689947,1.02611093078657,86.4604887962341,1.36576073457372
180,188,0.00797151212819185,0.82768252,0.0229030320238091,1.65913525389971,21.1903742609749,1.02464151250227,91.640332698822,0.23123414807558
61,39,1.81917075,1.77175815,1.78186337196717,1.65066990380253,57.3235035051647,1.02047924561118,84.457893371582,0.67872286670665
192,85,0.00719001179422385,2.06339452,0.0512251455898053,1.64761182336031,31.3779261359053,1.04179388193601,93.2872428894043,0.336358168212829
136,111,64.355389,1.6432124,64.586161537401,1.64553701686575,142.020907667006,1.01933870813587,98.9230065345764,1.43567116126182
199,199,0.00145594244891744,0.56286862,0.0341707459395001,1.64269131579594,44.3500747681699,1.04508382249064,91.4662652015686,0.484879038959703
108,122,0.00442185995943665,1.64837266,1.00611223790268e-05,1.6386169999117,35.3015625579442,1.04981995240248,90.3497836589813,0.390721052428718
18,4,37.3288315,2.04836565,36.9231033004967,1.63097244596626,180.420940972701,0.997976018091329,97.0415825843811,1.85921268148959
172,142,3.17071925,1.53092605,3.2781996990882,1.62693016308365,101.671586744156,1.02105659384215,85.5515911579132,1.18842426386306
192,123,0.00214814372260641,1.71823513,0.0129691783762695,1.62552405935475,46.5957719606285,1.09606987438714,93.4590067863464,0.498569089944959
86,114,42.8712965,1.5906861,42.8390064481569,1.61774103214388,153.557256889995,1.00653417229932,97.3742344379425,1.57698037654774
200,200,0.0307861096418641,0.662726755,0.21237601412072,1.61755486757885,2.49156696780109,1.37989454556785,96.1049482822418,0.0259254805536531
171,131,22.7168705,1.55312845,22.9723949741739,1.61464105313184,176.743652388569,0.996053631536716,92.4569721221924,1.91163141439439
12,120,0.00209996721802459,1.595719225,1.06648041402624e-12,1.60910583241439,28.957761961367,1.0478637504635,94.5613038539886,0.306232684841999
5,62,100.337965,1.680689,99.2882634797781,1.6078291889956,208.680361485286,1.01636447426757,99.45006275177,2.09834318562631
175,132,0.00472852691109418,1.444790515,0.00497219614949806,1.60658082361291,52.8322913610325,1.00172526824352,92.8128492832184,0.569234667064415
83,67,0.4683367795,2.16573217,0.451417180962123,1.60360353112636,26.7729128389225,1.18109117269888,95.1917843818665,0.281252347697588
106,149,0.0021087134432807,1.24031931,1.06206661365778e-06,1.60336616486098,43.2390876554762,1.02269983413097,94.8001730442047,0.456107687011437
54,133,0.0101009986675401,1.639361815,4.90754646708981e-08,1.60156796426533,35.9766566165462,1.00205724743679,94.792505979538,0.379530599436966
92,45,2.35473805,1.7538196,2.34798339495979,1.5999100181057,154.422990464066,1.01010763155596,86.0252187252045,1.79508977428292
120,124,6.72564385,1.53000335,6.76489084112826,1.59816359334069,169.583261352747,1.00433353633918,87.3272969722748,1.94192729229427
35,174,7.5185743,1.43580185,7.35740891056245,1.59404936596119,176.802091340773,1.00262346218333,88.1325788497925,2.00609234006533
137,172,0.84748068,1.21404191,0.922125969519351,1.59173520660841,40.1710630477306,1.03160171188885,88.3987293243408,0.454430322186423
200,200,0.00495589008780669,0.509007295,0.102937771455305,1.59078508537286,12.7723446715742,1.0501462979079,96.6474223136902,0.132154012655597
18,123,0.005121283909782,1.650218075,1.16464333399063e-13,1.58982491053271,38.5541853892352,1.07857816301088,93.6925694942474,0.411496723778105
145,96,33.2847705,1.6022184,33.4891671785566,1.58684152303501,188.786979847028,1.0169276847726,95.8365073204041,1.9698858517023
17,28,0.780850125,2.135409075,0.646316414793073,1.58630525615686,53.5042967310704,1.02812830784396,86.9596834182739,0.615277041358535
22,190,45.1118295,1.384116405,44.5633003859836,1.58355327881943,169.679725420786,1.00789134856292,97.8889935016632,1.73338921313869
54,114,0.00729520855850114,1.79287285,4.3376319178435e-10,1.58095327141094,42.8847610155596,1.01411682206148,92.490953207016,0.463664385851594
190,200,0.0386231376889821,0.74402985,0.132171664239235,1.57287288896236,14.0722169539185,1.1407800032581,96.2527129650116,0.146200730560538
27,90,118.15544,1.6067142,117.505158246247,1.56797129281249,240.496538395889,1.02432581768031,99.260892868042,2.42287301118282
31,146,0.00262486421846028,1.35921549,3.55888997325708e-10,1.55714806907842,44.2901088068083,1.03324925707151,94.5611343383789,0.468375396685915
135,120,0.943795435,1.502499605,0.992200788518809,1.53821491923846,104.480328944293,0.999451273561682,87.4294600486755,1.1950242959996
28,113,0.00816882883677206,1.83830171,4.66503147449671e-11,1.53388353088243,26.9511432686288,1.0098128599396,92.9421629905701,0.289977577467863
200,200,0.0369007786167556,0.442163845,0.307091814287548,1.53241230154806,21.1965649510547,1.04833280903883,97.7336673736572,0.216880891924536
149,124,0.00307877105761191,1.420343415,0.000603147075314935,1.52162943520438,29.398624722389,1.11734636646736,94.4538888931274,0.311248431027048
152,117,0.00432828971001124,1.638092085,0.00044923297564288,1.51751844049328,47.3657756745936,1.05697295228484,93.1596240997314,0.508436741048745
163,141,3.18911005,1.4283579,3.28388072666092,1.51357645996744,153.333867938646,1.03771658906307,88.3186094760895,1.73614449829125
157,117,0.00683895943918416,1.639900385,0.00205140237280382,1.50984261804078,56.6399150777197,1.03211295545118,95.0634667873383,0.595811587688318
22,94,24.9920795,1.51438835,24.6432651726979,1.50208866302266,140.31914020169,1.0125469433832,94.1028959751129,1.49112456899095
176,116,0.00389435627534276,1.66707815,0.00454682717472146,1.49842570587918,40.3865713863371,1.02177160411177,93.9968121051788,0.429658947807146
148,136,0.00238462797932621,1.31818138,5.40363220727738e-05,1.49429848781627,56.7037910562982,1.04128921049761,95.3390228748322,0.594759515531673
113,121,0.00825516442930638,1.5240986,3.29581555377571e-06,1.49242756343744,54.2098376125213,1.04674330081998,93.4834299087524,0.57988712722067
125,114,0.00422464965559384,1.618836875,4.48893830350847e-05,1.49171126867155,36.8609463611327,1.03224032407645,94.8263821601868,0.388720370021761
86,115,5.8177377,1.48152485,5.77652697510865,1.48829738011809,138.893012622461,1.00243129162256,87.9867327213287,1.57856768090665
181,107,0.00258374652400539,1.595008575,0.00640573512473831,1.48565149308223,59.66245770842,1.03211314656967,94.5430302619934,0.631061407097764
169,200,0.0171052490117261,0.645808245,0.052273026763349,1.48480437508352,14.6412960059797,1.09478615978654,96.5312051773071,0.15167422782184
168,106,15.0320325,1.47591235,15.2566728903671,1.48241134688045,174.646831725422,1.00348545122562,91.371693611145,1.91138879912498
14,110,0.00789492872762291,1.663778815,1.98588986559343e-11,1.48003253701244,36.8664436306186,1.01593781969055,93.2714664936066,0.395259611717863
176,114,0.00340108152169857,1.63999948,0.00303174782213546,1.47427467205617,26.399149055162,1.14845430257733,95.3624923229218,0.276829478887441
106,46,25.3048205,1.57190075,25.3139158433687,1.46405503794954,194.450235443251,1.01971680836011,94.9489541053772,2.04794499608121
186,144,0.00251104123807206,1.34385985,0.00980100818929306,1.46066271763827,36.8126926604809,1.00864899518876,93.8138110637665,0.392401633011783
200,200,0.00257526013601701,0.52442494,0.0532749599854074,1.45668018415387,29.1765979945387,1.00951623576656,94.7797176837921,0.307835882059481
52,62,0.5036497375,1.78380941,0.41327396215969,1.45504974660082,29.5208405605512,1.00858056389404,92.3401629924774,0.319696647740985
102,135,0.00357587290462871,1.331116265,3.30720897339174e-07,1.4474422909629,43.2867250491596,1.05513336104627,93.9404194355011,0.460789139640578
200,199,0.0063431498575783,0.66374292,0.072815643463941,1.43205044214341,21.251711098199,1.09602919971818,94.7254755496979,0.224350534794088
197,154,0.593873285,1.21181853,0.803648375607139,1.43195958215774,46.3559720320412,1.03884851478094,91.1541521549225,0.508544821449891
200,200,0.0147842990085343,0.3763705745,0.243492195037193,1.42684918132325,18.4439706857201,1.01563719099021,96.7071936130524,0.190719738590685
46,68,60.184926,1.48061945,59.9148447770267,1.42306193863957,248.796442890308,1.02761577716576,97.6461119651794,2.54794008571513
104,141,0.00429176732063316,1.2712079,7.81007186027713e-08,1.40980513247217,40.7149273816219,1.06062549382351,93.0677561759949,0.437476189977422
99,106,0.00617639922375556,1.55330039,8.25309276027861e-07,1.40518815463126,36.2294625324375,1.17589843004549,94.8443534374237,0.381988607854667
191,109,0.00374334707122714,1.529325325,0.0103492122646768,1.40267179398069,35.0578272505758,1.11042857746909,93.1679899692535,0.376286182219293
116,86,28.051399,1.43083215,28.1053065947249,1.39628644530403,151.995010151789,0.999666225698674,95.3330829143524,1.59435744135477
200,190,2.1585297,1.135440015,2.43230373361112,1.39626161556029,75.1355520528099,1.00352003176463,89.6395313739777,0.838196618178905
77,93,0.00336321867003019,1.64666989,3.48027557594817e-07,1.39522300246966,30.731407473017,1.07772968178476,94.1538045406342,0.326395811862857
200,200,0.0626272819593942,0.62408881,0.249674944634901,1.38608042321047,13.0370370464064,1.11324152146906,96.9598302841187,0.134458125681577
43,92,0.00308114343496929,1.687393695,3.9173124778992e-10,1.3841293303216,36.6884035683736,1.02138162267796,93.4342999458313,0.392665258793011
195,200,0.0112191983664426,0.4904645565,0.0689259351527614,1.38402712407967,28.1886714004062,1.01620800659413,96.4158706665039,0.292365470596734
86,98,0.0089455395963129,1.920027934,2.88627569316111e-07,1.38308660082095,28.9397779119861,1.0413607983419,95.0261795520782,0.30454531633702
79,134,0.00234285823751797,1.23391572,1.73161229866369e-07,1.38264830180003,36.276373860127,1.04268080201279,93.4024288654327,0.388387907046735
172,171,0.32797467611305,0.878498415,0.573650287045198,1.35947144725505,14.9656680884178,1.00839445427648,94.2057445049286,0.158861523435387
25,117,10.0238967,1.32503777,9.77122720947486,1.35782032428984,91.8914474376654,1.02371344742172,90.0460598468781,1.02049381831837
151,126,0.005360318483739,1.54733559,0.00026919940984012,1.35485975473724,19.4326676018473,1.09342272816595,94.6790540218353,0.20524780061032
200,200,0.251140360972618,0.6908520865,0.542619698345948,1.3516995494301,20.5044531378801,0.997443660883173,95.7921838760376,0.214051421610916
95,114,0.0022712359031732,1.35220927,1.78068657710191e-07,1.35030860711369,36.16954648506,1.17373953025023,93.0821096897125,0.388576780281737
103,112,0.00108850926304177,1.49309896,2.28794266536835e-06,1.34620518207652,26.7679902230424,1.08631787955272,94.0154008865356,0.284719205264549
132,96,115.34475,1.354741425,115.600913163925,1.33776188454476,135.438047241191,1.0107795842452,97.8051249980927,1.38477454268201
200,200,0.00420787746093166,0.52503745,0.062676877815794,1.33740410836662,33.2048064690986,1.0092549504333,94.824657201767,0.350170593271387
147,101,0.00846148455796344,1.53660476,0.00102372549424491,1.33406644908593,23.9811454242923,1.00018702294516,93.4133939743042,0.256720630779018
162,95,0.0026183084695342,1.509344785,0.000112526403186726,1.31181035534188,19.1891043389764,1.11892228428119,93.7272243499756,0.204733517631171
176,101,0.0032608873975135,1.465238795,0.00924078499582395,1.30835433518854,46.9600263725608,1.02534415330256,94.4561860561371,0.497162000005501
129,111,1.7561739,1.28161754,1.78451401027129,1.30550499688084,45.8390795851529,0.999386943621649,88.8152141571045,0.516117424477168
169,178,0.0070406474735858,0.639418175,0.00790705153596582,1.3049345039216,21.4982935257365,1.06203700005063,93.7499957084656,0.229315141438403
2,6,0.78056376,1.928480925,0.539932837015978,1.30446096950058,92.6019538246331,1.00992462384556,88.5094907283783,1.04623756235152
80,157,21.226645,1.20725475,21.1451427207658,1.3044133103269,106.220961089859,1.09828880339019,93.2353119850159,1.13927822869226
168,18,2.74365775,1.49857645,2.85047134366655,1.28818215024983,116.660762526857,1.01490524660307,87.6981515884399,1.33025337950492
117,108,0.00240324093647666,1.3898948,1.1037420117372e-05,1.28447698366181,45.4818526559474,1.01675206453507,95.0044128894806,0.478734105844713
183,123,3.4712298,1.246489225,3.64883179238224,1.28427358324561,134.933852136079,1.01063042013588,87.8011770248413,1.53681142677509
163,79,0.00625396905133771,1.609185535,0.00137239462751029,1.27753379569039,35.557578504073,1.03038611617875,94.4028506278992,0.37665788975195
2,78,0.00782400717479569,2.000709855,8.66152660349018e-20,1.27678034695802,38.0458256746684,1.19851759422786,93.323723077774,0.407675823680564
166,97,0.00169816971428119,1.550003975,0.00024502008941027,1.27634198165045,67.6941101401765,1.04093669045953,94.0850465297699,0.719499140798715
62,157,30.569978,1.19444799,30.3917340230746,1.27428565450118,111.459004725008,1.01154473579614,95.0766236782074,1.17230713936843
192,9,95.518084,1.5019859,96.301656054337,1.26737681874907,156.347234116558,1.00497436130473,96.6580023765564,1.61753016069448
54,97,1.164933065,1.266719575,1.10647025334364,1.26594033836909,63.1136947474346,1.003226897835,88.6841914653778,0.711667927559266
199,89,0.00126771519024984,1.66334554,0.0340826308150519,1.25179250009885,48.5167999420541,1.0080661134969,92.9448091983795,0.521995799017682
196,193,0.0850403150763442,0.489608267,0.370662780623193,1.24771555089407,14.3104059635998,1.00192166631648,95.7596046924591,0.149440946519767
177,166,0.0209977152419716,0.70144585,0.0889474032031817,1.24722750620661,8.49679095756837,1.15018414241869,94.0523097515106,0.090341119532494
192,195,0.0390488911342242,0.464057715,0.226229334553675,1.24469896705744,15.1911424431979,1.10488513946975,95.4331171512604,0.159181035856978
169,144,0.37471617725,0.98320871,0.548113032432399,1.24303453333959,10.9892096072537,1.11727308606363,93.1097900867462,0.118024212029858
99,96,0.00304233594169726,1.53426894,2.20992654802701e-07,1.24201577188732,22.9851812589807,1.132482436423,93.8277750015259,0.244972037955785
169,93,0.00441988681095329,1.607084645,0.00327457373661691,1.23645304873997,35.0545338230332,1.04161966539283,93.7726306915283,0.373824788368661
189,110,0.00270024624245812,1.56350976,0.0138192887511989,1.22673214792627,16.6856803202038,1.08647989321412,93.5305111408234,0.178398258671773
9,71,0.00382804333811388,1.80410635,9.87984988801446e-13,1.22457193022919,34.7977678948039,1.02990515434633,93.4059073925018,0.372543545330382
113,119,0.0607763359056242,1.29620065,0.0053363521885333,1.20872638016462,2.58722527489582,1.64585320474678,93.3215634822845,0.0277237669232466
112,144,0.834264325,1.06982499,0.86662637233925,1.20766926958107,53.845994105125,0.997453410542091,90.7441966533661,0.593382233696017
161,157,0.00931511380794119,0.84252599,0.0161361011851522,1.20756706813203,31.7114051929679,1.07822000802008,93.0339493751526,0.340858422177629
132,116,42.6549125,1.194821865,42.8531302551502,1.20249647579049,147.76599515499,1.00239028956598,94.9470107555389,1.55629960310646
66,90,3.7196799,1.224110665,3.66031427599668,1.20108411906308,128.311075913635,1.01081718759399,88.4387483596802,1.4508468097241
73,51,39.6300315,1.28122134,39.4710320178077,1.19893426514462,141.836086437812,1.02833852870759,94.7626447677612,1.49675103291403
165,102,0.00420300109987273,1.451801715,0.000497964927274332,1.19232874788241,42.6509155460245,1.0480317853671,93.3872976303101,0.456710030467587
127,82,5.28127,1.220913215,5.33037177156467,1.19115460059958,122.397701932036,1.00560795312705,91.1725144386292,1.34248465873369
29,124,7.88741075,1.14377505,7.64897698664478,1.1800760661792,125.711731162905,1.00899773399418,91.1237783432007,1.37957110041503
71,110,0.43157819405,1.173095035,0.368850488497211,1.1774640347846,24.7022621095338,1.03614849612574,94.114230632782,0.262471062489136
152,81,0.00142044105406161,1.64348785,1.90589870695842e-05,1.17532746916545,32.2569804365779,1.052363600431,93.3437464237213,0.345571949621046
180,192,0.465941771,0.77752069,0.694584814000542,1.17462962021928,38.9199939133685,1.01738158570234,93.0976800918579,0.418055464700805
6,31,17.1864705,1.296508765,16.6265280052208,1.17051893944952,224.225896979057,1.00856990287322,92.3324913978577,2.4284614612301
34,41,2.67437825,1.286986535,2.57936201598975,1.16605859548992,115.377662508014,1.00143305528599,89.5815296173096,1.28796263025318
200,200,0.00348005493067023,0.451861174,0.0397463571009168,1.16428591115092,26.9491382736472,1.00904747683951,92.9661345481873,0.289881239062151
15,111,4.7130737,1.15701682,4.48654792135319,1.16409001676171,92.0508336040024,1.0370124392429,83.9085946083069,1.09703700835063
51,5,68.3879155,1.4169956,68.071607012104,1.16246249391965,136.452426422862,1.02711442399205,96.0935552120209,1.41999560867316
135,94,0.00311761354964197,1.404446195,4.39742134613865e-05,1.16226298054076,40.0264203078491,1.02603582890104,87.9183797836304,0.455267947457122
30,109,1.98414025,1.112762615,1.84758486087387,1.16006287005029,30.7057105559904,1.0582133623142,82.5944015979767,0.371765034456555
172,178,0.00654646598017755,0.641982995,0.0136445272506772,1.1594508884133,24.2635504115372,1.00190912490551,90.4485929012299,0.268257909086912
196,200,0.00990651931839664,0.4687570495,0.0611583209818201,1.15774944813943,4.45297981191165,1.2387309883474,91.9792540073395,0.0484128715759787
22,102,16.3367775,1.150151405,15.956022716416,1.15716918018532,127.888185172501,1.00824421712844,87.9641354084015,1.45386735831301
89,85,0.00572296439538796,1.641125705,2.37092066339619e-06,1.14817961017541,39.4742030229344,1.02275888045382,92.4628798961639,0.426919462894342
65,86,4.3786402,1.17590933,4.30923956724988,1.14446294857014,174.49357513082,1.02489833622301,82.6091511249542,2.11227900002122
28,94,0.00170746970641905,1.419700805,1.2171600351817e-11,1.14387220125825,52.2635960374751,1.0084096802902,87.705554485321,0.595898359507234
82,151,7.40127765,1.0565911,7.36464401498062,1.14244036243248,131.771310056015,1.01110312715673,84.4740958213806,1.55990198858883
64,80,0.00348601405683363,1.656631835,1.40453456014133e-06,1.14096864403477,21.9286851427003,1.0573060082999,88.5196495056152,0.247726750672564
141,81,0.00226022741044059,1.42413749,0.000333457539732993,1.13733674073754,69.6894781089199,1.03333078785459,88.5036761760712,0.787419021671802
142,77,2.7619693,1.173937375,2.8373537285192,1.13661251950241,131.342499670068,1.02593289413092,82.6826910972595,1.58851263701093
80,109,0.00137617095577994,1.25818748,7.51864529695405e-09,1.13646044589584,43.4487274353354,1.02693274341599,90.2010817527771,0.481687432024591
36,163,260.98999,1.04080547,260.083401057784,1.12678513766843,153.364078109029,1.01153021775191,135.812252759933,1.12923594883682
155,82,0.00417471378769854,1.688902775,0.000292984934170992,1.12585136175787,38.7169555031064,1.03664061388493,89.9418814182281,0.430466373313598
141,77,0.0022679363042386,1.501570125,0.000343211225005234,1.12563884683557,44.2674994105479,1.02105103619472,89.9542939662933,0.492111020593807
146,108,2.0036584,1.113689265,2.06682428219647,1.12534117252344,83.8261805295137,1.0119377657102,80.9844465255737,1.0350898737456
14,89,0.00303173864886697,1.53588669,2.26456305110379e-12,1.12488027028502,38.4763732176777,1.018428767912,86.8352603912354,0.443096192080531
9,29,10.5833967,1.276504105,10.2222161955717,1.12407547137863,117.17678705783,1.03282208763903,86.9129953384399,1.34820790149439
25,80,0.00106812103828171,1.5777832,2.0575918103352e-14,1.12373516480603,48.3873988940428,1.02814271835677,87.5112435817719,0.552927794344836
151,151,0.0885614875206859,0.781910977,0.152731704363425,1.11983040907655,15.2708810651005,1.01924999665693,94.5113251209259,0.161577261196598
12,152,82.860932,1.046662745,81.9237148270979,1.11599695608931,191.965179808418,0.999813178095416,96.1579418182373,1.99635283553885
186,193,0.0105306530555588,0.511733185,0.0442388677658534,1.11343221389892,17.7022894470594,1.08147311301779,92.4173765182495,0.191547197226095
83,134,38.5063865,1.05732764,38.4429726159857,1.11203130713376,94.0061496673945,1.00396838733664,94.9527978897095,0.990030328296228
24,59,0.00690590202248211,1.706593505,1.00314328162411e-12,1.10854468681072,30.1421078263577,1.0448924154155,88.8640449047089,0.339193515877877
167,94,4.8668986,1.12148272,5.02110561324948,1.1078238918332,156.648131316149,1.00877972080777,83.3030230998993,1.8804615425336
112,70,0.00590232372381332,1.97035701,0.000119901678638867,1.10771205898032,40.3456146613722,1.03260043633988,88.4929506778717,0.455918967017346
91,32,4.19870675,1.24342419,4.19061313296445,1.10526938139169,139.062136905609,1.01209167744015,81.8189141750336,1.69963312649342
162,83,0.00321027004656051,1.380599535,0.00102575394111347,1.10463275014441,27.7735553807444,1.06760165522888,89.8722429275513,0.309033740296584
78,151,2.6550196,1.01058943,2.61266854286473,1.10185409806423,123.524614325363,1.0192529935371,83.3207988739014,1.48251836269965
33,111,0.00126124466535571,1.29343599,3.86342968453987e-10,1.09993460403613,36.6201577278699,1.10640635878965,89.7271559238434,0.408127922375602
132,130,0.0168408778251844,0.8910682965,0.0124274554449514,1.09801999938415,7.78895397529704,1.27447156585581,89.2625007629395,0.0872589711101945
138,56,12.198237,1.167692025,12.2512069696476,1.09738869823565,192.316273914084,1.03706785562448,87.1363708972931,2.20707233883731
87,185,8.55972705,0.950870175,8.52451863665731,1.09432722622298,141.74573909886,1.0163184337658,85.6467690467834,1.65500392690159
159,73,0.00391728979560612,1.720497445,0.000339878822659779,1.08897581907264,40.0538043153352,1.01929288927292,89.0383331775665,0.449848990720177
80,47,1.18243463,1.252520745,1.1570179456851,1.08516373551441,81.5819261360474,0.995893568415769,82.5767817497253,0.987952356672204
127,145,0.0192945408630781,0.77103295,0.0123596355978339,1.08372540231265,14.659755844074,1.03210575373093,92.9478070735931,0.157720298150411
200,200,0.00710083445639433,0.317751172,0.0921470448996726,1.081466238638,25.9616755191555,1.04239215980836,93.6956832408905,0.277085076079848
145,136,0.0358887636606833,0.7841627395,0.0499956598134003,1.07842164836941,2.38966770567164,1.38815078859556,92.3759381771088,0.0258689411206848
3,3,0.330421957,2.081481805,0.114709669657909,1.07772754810886,1.47020478104757,2.12654860806974,92.5880899429321,0.0158789838083251
82,84,17.9697735,1.113678955,17.8825504064139,1.0776221330151,151.035628736594,1.01350808832744,88.1291611194611,1.71379855223928
137,107,3.152417,1.068333635,3.22950588705704,1.07459612980287,94.014140010592,1.03129702800921,82.5909175872803,1.13831087917433
67,75,0.00161966057782301,1.376127215,6.25089145927747e-08,1.07140983754121,32.14022126248,1.07970447796488,87.9903039932251,0.365270033218145
84,50,0.00534175219735394,1.82285206,1.18252949537816e-06,1.0713598162965,37.2013485064231,1.03516156489847,88.9175894260406,0.418380083699483
185,76,0.00373948197292983,1.542012255,0.0134307837019441,1.07133838103969,50.4119921691776,1.02216601081052,90.7527923583984,0.555486953724707
27,64,0.00233043129720921,1.654471905,9.52384136683204e-12,1.06593260320075,49.3007680408875,1.01743620169279,90.7107560634613,0.543494180628333
0,72,0.00571689367432772,1.65695205,1.91278674714351e-25,1.06394204811718,6.78624926042677,1.22229793954456,89.6357839107513,0.075709152799776
66,94,0.0031538885019297,1.431775165,3.00143535311727e-08,1.06391158193314,41.8193222051073,1.00439581209073,90.9311685562134,0.459900855439405
158,170,1.28668576,0.905571395,1.40851201702024,1.06302801732382,72.9904742816521,1.02765012854875,85.2779974937439,0.855912151161931
11,7,0.302507334,1.694514865,0.159326893637539,1.06289912290836,14.2837558879944,1.40464316784199,93.4301924705505,0.152881584745709
66,49,0.00173757260653147,1.76434982,2.41011268731196e-08,1.06023147448184,36.6534225115221,1.07549270185416,87.7049405574799,0.417917420370409
194,192,0.00277449722596292,0.49307459,0.0192094175227645,1.05255568782029,31.7683692921542,1.04599447072711,91.4984159469604,0.347201303578519
134,69,0.00389918800646631,1.639857405,0.000139704844986237,1.04865937671365,52.4363349974213,1.08447446799829,90.9583864212036,0.576487084485017
34,6,58.383292,1.326184665,57.9599466622803,1.04742083963227,142.555690783215,1.01160490663341,95.0053126811981,1.50050230624026
192,196,0.76852597,0.7046828,1.06973647090438,1.04609239577604,49.4423083921633,1.0349975627719,90.9806604385376,0.543437563036424
185,74,35.25006,1.09313419,35.8421883844649,1.04414082266077,152.816888198427,1.01955628954115,93.292578458786,1.63803906723338
35,76,0.00108231914940009,1.497495865,5.53991599213834e-10,1.04292658953318,42.3493154395518,1.00677473506051,89.168449640274,0.4749360969087
166,22,130.429485,1.17237576,131.052151736302,1.04263024708194,152.091478723275,1.00059222931825,96.1185448169708,1.5823323065584
53,77,0.00288715827855824,1.55513871,8.63039430795892e-09,1.04131334627911,36.9271105214396,1.01335543897361,92.1820023059845,0.400589156209316
40,150,5.68157375,0.97901319,5.52284944097248,1.03909821121946,100.463348341321,1.04017163802947,85.6305592060089,1.17321840792407
168,72,0.00263635893858578,1.5477953,0.00181124745744891,1.03903257710692,49.0007578994188,0.995297842910899,89.2063813209534,0.549296554504551
188,141,19.2679815,0.973122155,19.7428556341558,1.02923658878797,163.485774805426,0.999179533259913,89.358526468277,1.82954868737081
185,87,0.00159185546677053,1.40561515,0.00218943224947892,1.0206179308064,45.6243549632141,1.03736351207437,90.5196125507355,0.50402728952957
34,68,4.47802155,1.081007095,4.30796259039512,1.0186175246341,116.148409648729,1.00667287804705,85.3735041618347,1.36047372998252
72,45,1.37646927,1.18330363,1.34497536658374,1.01593262629666,59.2375886775815,0.996975248156935,85.7794404029846,0.690580264912994
6,55,0.00259136430478238,1.81874965,2.00394101684332e-15,1.00944076910462,45.8215857327523,1.02338079021655,93.0459270477295,0.492462025868659
82,92,2.63800205,1.019442555,2.61678543450204,1.00678458832319,77.7665625775153,1.03432264292887,84.4078161716461,0.921319447708188
167,171,0.00192859969093648,0.659989615,0.00339760478373495,1.0039856614781,16.7584662619937,1.04196576323384,91.514251947403,0.183124113516499
189,153,3.39626975,0.91721055,3.67004466204324,1.00397826096299,67.0554662736222,1.00635211691009,84.4560446739197,0.793968821681383
183,182,0.00463885816183178,0.604978305,0.0194406806776377,1.00373600336796,39.3673386472056,1.02991999107571,92.0550820827484,0.427649813095797
70,63,45.87755,1.057446095,45.6770670457005,0.993459801835312,228.813841846973,1.00377576768949,94.1326930522919,2.43075847962688
26,73,0.00122700211428514,1.49476197,4.30304103161078e-16,0.990856610834653,52.1063787732619,1.00954715874332,90.5770921707153,0.575271048391069
193,197,0.474006306,0.64202253,0.769793955596085,0.990487210323516,54.7802192677114,1.04557309174988,91.5516068935394,0.598353443773111
144,51,0.00817808619453269,1.7059420215,0.00127933989824859,0.986029747260661,40.7668085277415,1.04484309450968,91.2997539043427,0.446516083388944
96,93,2.0648847,1.004333195,2.06317850879116,0.984758290802489,52.2800467701149,1.00700395151154,85.2682926654816,0.613124118424842
79,67,0.00473979180161114,1.48843158,3.32440054507093e-07,0.984718050491811,29.2408460127675,1.11524013651798,90.8610453605652,0.321819388019703
121,53,0.00452735901392926,1.802807895,6.90671939033292e-05,0.983318499754801,29.515755158025,1.08592720747257,91.233809709549,0.323517731551396
12,35,10.935516,1.09862091,10.5496444010715,0.98269646844214,178.56866517066,1.01461672390658,87.1510517597198,2.04895593988909
120,80,0.00373066384044054,1.36474559,1.30683567705265e-06,0.980003223084082,42.8222309778136,1.02621589229393,89.8313939571381,0.476695608199575
69,74,2.3543579,1.028004295,2.31729137275236,0.979286690275446,82.5705292282613,0.998023407234185,86.1732337474823,0.958192302150593
191,93,0.00116514633608856,1.22755302,0.0106291608428248,0.978612100928148,37.915689275565,1.00577375994214,90.6182825565338,0.418411033688601
60,15,8.0506955,1.18118143,7.9513414859104,0.978204279360354,171.815868628498,1.01259388915619,85.9640119075775,1.99869532395978
128,61,6.71750045,1.031973755,6.78238313823988,0.978096418059822,138.594917954278,1.06533246707021,85.9508295059204,1.61249075489995
81,77,0.00647662178931083,1.532288726,6.76535150916102e-07,0.978051277533901,17.7461542546053,1.0504080607467,90.5085942745209,0.196071482458115
121,81,0.00211821730653679,1.46875915,1.09402071005446e-07,0.968749915774335,26.6396777850796,1.01530286791232,91.72940325737,0.290415906340688
111,66,0.00348352764459371,1.425426105,7.63475729273271e-06,0.96845610248352,59.7715842388089,1.01712650042883,91.0218505859375,0.65667291814042
77,153,14.441513,0.90167558,14.3883779748888,0.966605272282663,153.522114375006,1.01769737045753,88.8290531635284,1.72828718654
143,143,0.0133885029126896,0.74595894,0.013707894128484,0.964029335587659,23.7844021446645,1.04577840238083,91.9327340126038,0.258715270465074
152,90,0.641685405,0.99542054,0.755476835854287,0.962929669125083,42.4169040382989,1.04571251926167,88.3085808753967,0.480325961733538
123,186,1.50642295,0.783173045,1.55572031082253,0.960286351280007,59.3264982278419,0.996041575277748,85.9945662021637,0.689886592233884
112,122,52.3832675,0.93593909,52.4443777362498,0.955465050725555,222.801621627984,1.05996696979646,94.1438615322113,2.36660806134187
20,81,0.00767358734255515,1.480676035,3.55297253608345e-14,0.954976199241835,57.0112655781213,1.00299737685554,90.0986943244934,0.632764614465925
109,157,3.5637401,0.87135757,3.58755519775133,0.954091991331975,150.803723662927,1.00028815773164,85.8022694587708,1.75757266811445
59,156,13.0531795,0.884314445,12.9092513018998,0.952737950435649,151.733080109734,1.01838623810901,88.9627828598022,1.70557929093622
12,67,0.00526989969451934,1.752349545,3.7040640511551e-14,0.951221457761825,41.5464468852731,1.05116981768013,89.9008591175079,0.462136260911238
96,123,1.21401819,0.901479415,1.22943664773789,0.951099224291982,31.3073188633377,1.03628219872361,86.3550810813904,0.362541711168453
198,200,0.130519627542462,0.421391255,0.416403703359805,0.949439512617461,14.5894969756841,1.04709546506003,93.5566985607147,0.155942836805171
28,62,0.00994295076654915,2.1546003,2.42331810418473e-09,0.945597632306929,30.6101038207171,1.04257352397219,90.2237188816071,0.339268921744227
4,2,1.03136643,1.364845315,0.840913756478651,0.944124906888593,83.4621024523568,1.0230585839662,84.7512791156769,0.984788705530208
185,199,0.22224799845503,0.509325091,0.464674750456651,0.94118489386696,3.60617935100127,1.24204896779447,92.800327539444,0.0388595541267729
129,78,20.507812,0.97597934,20.6180485215755,0.934983349045135,190.808970081023,1.03574613188557,91.5773379802704,2.08358284144634
159,159,42.5351475,0.86720982,42.9146159429875,0.934187984428668,187.291240660881,1.00193328107971,93.435341835022,2.00450104834614
161,68,0.00165482094281492,1.480784765,0.000783624012423425,0.9299122803544,38.8846253242421,1.03748995487024,90.4812753200531,0.429753285270331
13,124,6.76078995,0.901714755,6.46932114162338,0.928938802415271,103.960966958147,1.03860110016683,86.90096616745,1.19631543287821
160,171,0.0120795970175884,0.488172469,0.0215397303882811,0.928127603175951,11.4706727683815,1.06172270321785,92.2512629032135,0.124341634004687
175,185,0.00461202197019864,0.424597375,0.00704529385400571,0.924639851066575,10.9729179773397,1.08023023848832,91.884726524353,0.119420478162184
64,63,0.110720356251413,1.08250438,0.0421171583266194,0.92362413260492,1.95418039163241,2.16768107411597,92.2514560222626,0.0211831929369312
142,69,0.00337489911913767,1.360466425,0.000121392388503948,0.923605223176647,24.0326564722521,1.01867064953344,90.5375261306763,0.265444147850526
101,73,1.116905955,1.01610377,1.11299565373544,0.918654574826893,73.0688368982339,0.999965057352969,85.9490735530853,0.850141064674814
47,67,0.00248479805234046,1.4473261,4.27493284627496e-10,0.917167219634172,37.4114162963489,1.00432014332757,91.5101110935211,0.408822761215046
135,140,0.00628549600781127,0.77019787,0.00177251730937587,0.914688747119155,23.9712827386908,1.02375799014899,90.4393582344055,0.265053658127038
68,106,1.05088341,0.905124645,0.999861525176786,0.914454349444437,26.7090788527922,1.00908114156381,86.7228534221649,0.30798201164776
15,81,2.5403236,0.940691285,2.36033857038881,0.909459869640808,91.9401404655208,1.02192340409398,85.9750421047211,1.06938174398954
138,187,3.60719755,0.73911231,3.7038216724147,0.90623586924669,110.402518600658,1.0108368327383,86.2661831378937,1.27978907359542
147,53,0.00456880347761708,1.5960142,0.000163633301856553,0.904062501582088,59.7975379624242,1.03292301586497,91.2093105316162,0.655607827905862
157,176,0.26445126545,0.53419638,0.475368220538881,0.901034310586893,15.3186591441011,1.1445729660066,92.1899566650391,0.166164077934862
200,200,0.076240236160613,0.248694147,0.535514104615751,0.900242261911249,31.3657438476113,1.02393370151012,93.0605516433716,0.337046614206755
80,68,0.055289515729041,1.564788435,0.0133674948650017,0.896395334274133,6.81673517221197,1.14877000023856,89.7229118347168,0.0759754117740787
125,49,0.00476848398673061,1.80559539,3.21698090879289e-05,0.895400726805359,16.0621722651938,1.12136135106945,90.2705276012421,0.177933736425539
200,195,0.159361920905985,0.4493146825,0.589584963596381,0.893327036746,23.9051450488912,1.03327694893123,92.7538573741913,0.257726694346006
61,33,15.2965875,0.98920193,15.1316392127152,0.886442476191383,192.238492719221,0.999371325009373,90.6646993160248,2.12032350153334
120,62,2.6191462,0.94644821,2.65660567343088,0.88097878635056,61.3083491481132,1.02520585864224,85.6899530887604,0.715467180669455
131,70,0.00387584528977356,1.597926215,1.26696815910389e-05,0.880552024192762,39.6979911800518,1.05695283995058,89.9021804332733,0.441568724904466
71,84,0.00203746532266966,1.14675277,4.37958556456222e-09,0.875603184990291,31.1313581494482,1.07943976850117,90.8688325881958,0.342596655671048
50,73,3.76226375,0.91602208,3.65815412655096,0.87467168382314,112.493514719111,1.01570664425014,87.434191942215,1.28660781577826
167,178,1.9693909,0.732996895,2.14155747186951,0.870261157800961,97.5238233072014,1.00565460888835,87.5097250938416,1.11443411806655
166,162,0.0257769113776034,0.48791847,0.0662436462858367,0.868928937020033,20.8969097947883,1.03776575113507,92.2301559448242,0.226573506037328
141,178,10.1047996,0.76966842,10.2461842343224,0.866735972739272,137.027037556769,1.03380642788066,88.9206380844116,1.54100375918007
59,113,13.7421555,0.85507782,13.5830753318664,0.865954341666661,143.544309674182,1.00963871041594,89.7047967910767,1.60018543945313
21,80,0.00164781904841719,1.230694345,5.36474252187315e-14,0.865281335949414,47.5720250120282,1.05029792953559,90.2024631500244,0.527391640435656
28,42,0.563292185,1.11664986,0.416792781539542,0.864252090575633,60.3337327831225,1.05829469324714,88.876213312149,0.678851298167032
140,29,0.0024933670442942,1.69967774,0.00020799119293263,0.863403939968066,36.1433829121111,1.07941871586405,89.7290449142456,0.402805835575911
200,200,0.00819957922983776,0.22421502,0.236605276818848,0.860613951918225,25.7927602848716,1.09125392322859,92.1610114574432,0.279866289193037
108,42,0.00555566957336556,1.86889344,0.000109449091516541,0.858089888592822,22.0341602922474,1.01648722603245,90.5239429473877,0.243406987972824
142,142,0.0155204999310522,0.63628084,0.0156295235641215,0.849245747664574,15.4936061130689,1.07418171329537,91.112203836441,0.17004973494969
34,56,0.00262916513836308,1.65728412,5.06087571982181e-11,0.845821247148498,60.8547706540731,1.0071486555431,91.0013794898987,0.668723606116632
188,200,0.097430737263,0.3535024565,0.350135993373029,0.840432968429496,42.5547662866723,1.00933354236201,92.0542845726013,0.462279039854036
9,53,0.00240506367700481,1.634914585,7.7410619770734e-19,0.833887087554229,26.6443001565921,1.06151570500527,89.8758053779602,0.296456872286631
23,193,13.207223,0.71272088,12.8903115992157,0.833463543279976,159.681452297066,1.02038500629998,89.6427979469299,1.781308213869
121,51,0.00627865044495285,1.669119065,3.29381234640661e-05,0.83172284924282,27.0626770958546,1.02903232733849,90.1671497821808,0.3001389881041
55,35,0.0108287789983418,1.926603555,5.20542451120252e-08,0.830496338999118,30.7934486618338,1.07317109959782,90.3290410041809,0.340903084096825
71,83,1.98901915,0.86535458,1.93721712386619,0.829660242037898,73.0285161451557,1.00013062538626,85.8861553668976,0.850294390675479
140,28,60.6160435,0.927849055,60.9493293535362,0.828549654365993,204.417663001922,1.00478559249333,91.9255409240723,2.22373086899499
41,55,18.0213675,0.87779879,17.7636703776704,0.824971190303879,261.019037750443,1.00069468474426,89.3641562461853,2.92084711269889
160,163,0.00438352398888564,0.5344598695,0.00446579304400808,0.819437125888563,25.7558164718429,1.13799021418399,90.1378290653229,0.28573814944198
131,138,0.0197742898619163,0.644785645,0.0153374391612037,0.819049509219802,36.5724670802538,1.00371014632747,90.9726023674011,0.402016278841322
13,44,0.00633710080911686,1.70975992,4.04506210951536e-16,0.816313704579452,35.1587778991508,1.10219054238829,89.8000664710999,0.391522849378578
190,179,115.42727,0.73244429,116.581935951513,0.816186528266659,218.561400415327,1.0154749976317,92.2720141410828,2.36866402505476
115,153,5.16649635,0.75417181,5.22062002630489,0.808652618034941,128.287115238698,1.02467103422486,92.7770972251892,1.38274551667982
58,24,1.7342587,0.958525835,1.65303175689679,0.806361945748049,103.417046695824,1.0152535956767,90.45237159729,1.14333151104379
145,86,7.86741755,0.82799745,8.0076825123047,0.806160530351252,76.2358733803009,0.997211935469725,94.2814123630524,0.808599186939808
134,38,26.171337,0.85825421,26.3149763517055,0.799436849445833,182.174886082264,1.00224234020995,99.4284782409668,1.83222039907681
110,21,47.006152,0.932156025,47.1162129020231,0.799256173570056,129.101938535178,1.01336513026389,105.874843597412,1.21938256670382
31,181,35.598712,0.70999652,35.0756474621267,0.796568223237003,188.222348883642,1.02308940483007,103.043387889862,1.82663199199956
92,128,4.49921055,0.767257915,4.47338091365986,0.788154279015516,56.5016124024687,1.01665561701165,92.2829494476318,0.612264917199378
8,40,0.0016399998302322,1.673781775,1.60250859903862e-11,0.788079072617259,63.3378720027123,1.00698452447663,97.1008486747742,0.652289582090613
55,7,45.965586,0.93906903,45.6635718842984,0.787677308463513,157.380603028189,1.01957946329694,105.097023487091,1.49747916550196
191,99,55.502024,0.79406819,56.3606867717244,0.787373424965376,198.965639046665,0.996485885899202,105.915426969528,1.87853313478033
162,126,0.232308678315,0.648391285,0.397881392318083,0.786450500001494,26.7945052015152,0.996644230131723,100.96845459938,0.265375015472205
172,133,2.0701895,0.74698591,2.23864972572517,0.784103937153077,77.8419480863469,1.02241127337504,91.9166488647461,0.846875392518825
27,53,0.00702697389291041,1.805953,2.06629629778824e-13,0.780057078844676,33.1425571603902,0.997627277767396,96.9554514884949,0.341832838190878
178,179,0.0169491198562276,0.4136193505,0.0548829542866348,0.774253794469817,11.8001015649536,1.14336600003465,102.046790838242,0.115634224927842
42,39,0.3753464385,1.18895798,0.235008978706538,0.773699397626727,28.7793185079024,1.0835655111134,98.5593461990356,0.291999892631024
58,55,5.31649855,0.834226815,5.23156559913367,0.773126230498666,123.598308163704,1.00077762278409,93.0152704715729,1.32879587982791
151,140,87.867243,0.738506975,88.3038082901007,0.770506188961533,162.908649272852,0.997749397964549,106.669985771179,1.52722106499865
27,151,137.5467,0.722103805,136.451271531149,0.769998845653452,145.693487565835,1.00661688459845,107.531535387039,1.35489079590875
38,55,0.000766500279040099,1.44239279,1.37405642903302e-09,0.766106071628104,31.5265191988411,1.08853259184088,98.9595441818237,0.318579874831635
163,30,0.0020045129771693,1.50270033,0.00120207241555078,0.758048542538637,64.480879670663,1.00198577192905,97.5611815452576,0.660927621512569
80,44,0.00269177491628853,1.60526168,3.43014737047908e-07,0.755077905802936,42.065080786516,1.01211978429315,97.7181007862091,0.43047378579888
53,30,0.00386404741164852,1.556065045,9.46464797684784e-08,0.754631675786468,38.3609086483509,1.00141122269599,99.1926529407501,0.386731350670344
185,128,1.76050665,0.698043355,2.04763180501341,0.753426406807717,48.1405658366173,0.9983289016407,92.2629625797272,0.521775634453723
136,40,0.0066146824184281,1.7078873,9.06585444400813e-05,0.751390808487431,23.4967549229357,1.02248341071672,101.878002405167,0.230636195922743
81,105,0.00639560894367737,0.76660049,0.000146833827961497,0.749680975808518,15.6033948107378,1.02570183796658,97.1054561138153,0.160685047320609
81,86,0.387224261683818,0.8187556465,0.341842192635128,0.746508744524772,11.6494379498619,1.17716762094769,100.914240598679,0.115438989390903
142,74,0.00286793890710294,1.13714045,5.54790603837674e-05,0.743525297383754,28.1437645865867,1.01237240882137,97.7818942070007,0.287821838744577
23,183,197.60272,0.65446261,196.093820137004,0.738227649519865,198.576958864502,1.00592582382331,108.266498327255,1.83414963938583
155,176,1.244816335,0.58721531,1.4011957788264,0.73673901997027,51.8460349839128,1.01079134537557,94.5831875801086,0.548152756429371
173,178,0.0512332420741669,0.382120005,0.136618748145312,0.735592171155617,29.6430860823622,1.00997199266683,105.17267036438,0.281851606312374
108,123,0.013666985750195,0.828110495,0.000261208924333836,0.735302510161695,18.9004758616116,1.05175078613996,96.6002569198608,0.195656579643378
188,193,0.5190428745,0.476829145,0.797939458084953,0.733111794035846,8.11244603999406,1.11844734110287,100.111865758896,0.0810338113119543
87,72,40.520835,0.76475383,40.4368878068935,0.732358055360515,165.868985958144,1.02237226386326,104.982652425766,1.57996566218815
74,50,0.00648223262607781,1.715752915,1.51659335589142e-07,0.731139412205333,33.7874785965569,1.04028670428911,97.924156665802,0.345037218057109
82,40,0.00252073133262779,1.645404145,4.47747749326777e-06,0.730692386031373,40.9276791982734,1.00885040724783,98.1049785614014,0.417182489598709
49,33,0.00180802043523061,1.44007861,1.61934198177652e-11,0.726736299184036,31.7056540701232,1.04436655040012,98.2415533065796,0.322731603918967
166,137,0.00240760784657437,0.593881035,0.00398811528555404,0.72630475055411,39.8483886150504,1.00939276075219,99.5410001277924,0.400321360684466
143,138,14.6529525,0.687820935,14.8342182543782,0.724710080820329,114.717792326157,0.998827758180475,96.6301112174988,1.18718472824631
113,120,0.0105944193568112,0.647440679,0.00152220844949736,0.723721450672606,16.7903893368357,1.09432180933194,99.6504609584808,0.168492841632026
98,46,0.00480516246967902,1.819983885,5.89296537121722e-07,0.722577900307542,33.7428479456533,1.03657900475265,99.4922225475311,0.339150609782922
58,34,5.53859765,0.793794805,5.43873703406088,0.721433466084663,158.616915012969,1.00889498755018,93.6685426235199,1.69338510635844
28,49,0.00356525745444279,1.40365501,5.18658286136924e-11,0.719831798008427,26.7832871797397,1.07321880874378,98.9125463962555,0.270777450945835
80,36,0.00392533667638913,1.803278315,9.96989502173161e-07,0.716577494189524,46.7691459375809,1.01686689503985,99.6533832550049,0.469318194826386
142,155,5.8137663,0.65485116,5.9702200211973,0.713529678837709,69.8272375912338,1.03885258766692,94.3832468986511,0.739826609972577
121,45,0.00233824731528982,1.515261915,1.46849006120683e-05,0.712486905567389,46.2014659493966,1.03977337717163,97.4126641750336,0.474286031910395
194,199,0.3258661065,0.39265517,0.707835296471142,0.712020574785065,24.1329461163424,1.00742182633165,102.955531835556,0.234401645895903
59,42,0.00347091503549438,1.773901935,3.82124747446108e-10,0.711526549813624,38.2996570654998,0.997778747941537,97.9556090831757,0.390989933337855
15,60,0.00624666643486985,1.37789319,2.23140144781839e-14,0.709291704380307,48.1209689553913,1.00880483192462,98.6326270103455,0.487880840387065
134,113,0.0047287913290621,0.667211385,0.00390042528369138,0.708476656971213,10.1558682298062,1.14177928967982,96.6936569213867,0.105031380063152
91,38,30.4977505,0.76852931,30.4699349982234,0.705043067909457,175.972774820053,0.996914108940603,101.989571094513,1.72539969461172
33,34,0.00525251056509428,1.85785883,3.078468812853e-12,0.70265019336899,5.46051357787716,1.42286675036438,98.3144087791443,0.0555413356565443
69,77,0.5088831795,0.815371125,0.445885126385454,0.701877734471014,31.2306456066326,1.01245752099235,98.2371211051941,0.317910839154074
153,41,0.00450028398773274,1.69458379,0.0004441333273487,0.701414840607251,34.2142783516123,1.06021026185241,98.2843110561371,0.348115360264062
98,118,0.876701265,0.6436663,0.870591271692373,0.69577848073793,34.5779206424615,1.00773505132259,95.6177296638489,0.361626664469264
200,200,0.00299731897738835,0.1897809685,0.19971124459991,0.691138872100408,20.2797433007332,1.07742885719527,104.699088335037,0.193695509896304
37,50,0.00102508159184121,1.28979366,5.58328943192847e-13,0.687857620150734,39.6047248422486,1.12403007002968,98.2893698215485,0.402940062736732
85,86,0.0140065000362141,0.779089315,0.00142996922867789,0.686850172478131,5.17977914788104,1.17660329798345,101.48509979248,0.0510397995220264
127,135,0.150150393728,0.54269702,0.186343908664266,0.685731828136402,27.2753335174814,0.997981009923673,104.424277305603,0.261197244752375
126,41,0.00160653563562579,1.29339135,6.63388365673788e-06,0.683176594865428,48.6920051912102,1.01805815464535,99.3118762969971,0.490293880316935
124,23,0.0102378219812847,1.978979205,0.000412693925966667,0.682948912631799,45.2870762208582,1.03888848452682,98.5938637256622,0.459329561795748
140,70,135.489725,0.711790025,136.008665319149,0.682710549035361,122.161247911319,1.01289128414063,106.777874946594,1.14406891851349
148,61,0.00212756639979505,1.36751245,0.000153089258336669,0.681225378323123,33.6152907985694,1.01196452897087,98.8610301017761,0.340025698335966
147,120,7.56805145,0.66441823,7.73111724547251,0.679543092222085,136.531675020419,1.00050000784151,94.8299896717072,1.43975208152061
45,57,0.3355445525,0.828046175,0.214151362682768,0.678538132846607,50.4479272034421,1.02395921781855,102.263814926147,0.493311610170953
137,53,0.00203807947710803,1.264125755,2.9797374805916e-05,0.67775289540923,32.9043303165655,1.02930225868916,99.4850435256958,0.330746503699993
173,198,0.15156134956234,0.407502836,0.310384929699892,0.675404283449867,12.8071883957308,1.1157707278481,103.109886646271,0.124209121087168
74,148,2.4282446,0.60593861,2.379468697608,0.674967074978504,70.5249675033409,1.00061845696717,96.5664916038513,0.730325461058049
182,182,8.66691635,0.5948625,9.05734691470818,0.673606278664304,133.358164691499,1.01004491895562,96.02849817276,1.38873529451206
93,35,0.00758987756936985,1.871321615,1.36239194687965e-06,0.673377237960484,28.2323158787039,1.0647574257655,99.5820174217224,0.283508173560515
114,49,0.00257497827420819,1.553001295,2.11022063555358e-06,0.67141258308881,16.0539656852841,1.19470409725597,99.6401557922363,0.161119435810186
104,120,0.00662943358802954,0.680628285,9.27410431881489e-05,0.669598118355919,2.19579572982074,1.44010514892025,97.8611154556274,0.022437877594154
168,153,0.00553785861644572,0.456788831,0.0115329801495591,0.666217206984815,22.3592073573801,1.03202862316769,101.70987200737,0.21983320710265
162,185,0.00858728394480309,0.3676050525,0.0187085109872261,0.665461823479859,14.1652331366456,1.0073086344397,102.687955379486,0.137944446204013
122,45,0.0022188206833845,1.41418166,7.65766881699237e-06,0.66534312709281,33.6937229651165,1.00058666165363,99.195417881012,0.339670154981687
158,179,0.553122005,0.51214852,0.701851391057255,0.663264703757225,38.1835383985675,1.05312157104266,100.306313514709,0.380669342343721
134,28,0.0070929297126291,1.97314193,0.000510658566458827,0.661034094383948,23.8191678504212,1.04251887994934,99.0332846641541,0.240516791210125
1,71,37.1510515,0.68566329,35.9362527947583,0.66084543848529,185.191978328177,1.00884398173318,103.687296867371,1.78606236176705
127,38,0.00137417891158094,1.3792945,2.10216907652501e-05,0.660739862175326,31.7371829237423,1.22751471821145,98.6487555503845,0.32171903990753
95,46,0.004918324200334,1.41651027,2.80257193741239e-06,0.656527448485068,37.4484075301896,1.00594540424205,98.7867870330811,0.379083161371056
82,121,0.00205642491309794,0.64991727,1.22199209548394e-05,0.653587856314132,20.5635061113132,1.02057661266832,97.4445023536682,0.21102787345231
116,51,20.248613,0.69958848,20.3064351651579,0.649839736994656,144.61165182651,1.01715885607697,99.4033005237579,1.45479728605135
45,47,0.139096000877195,1.570101986,0.00238687663547941,0.647060044929837,1.37495955963046,2.15506608617385,100.926003456116,0.0136234420520606
102,14,0.00131911060303121,1.598578865,5.49712421984327e-06,0.645001063513006,26.913896681672,1.17312777285242,102.025019884109,0.263797024614586
110,70,23.066911,0.675340025,23.0849180756687,0.64418886605807,165.548461604089,1.01536455416164,101.090039491653,1.63763376131391
85,43,0.00447875164896067,1.446278155,1.04262224497476e-08,0.643055988749645,37.715636796466,1.05319515940812,101.252428531647,0.372491182121898
105,126,3.19860325,0.614667635,3.20035144655433,0.640507417523878,107.748479350366,1.0096383925474,97.2097356319427,1.10841243060598
41,25,0.00393301478497489,1.800861705,1.4900632504634e-10,0.637767289113565,39.5603556073456,1.05297569240487,100.663097381592,0.392997599282892
17,147,100.4325185,0.603768065,99.1883616786865,0.631895310569022,151.464434150606,0.998718511427886,105.49800157547,1.43570903608305
182,177,0.0033297304894249,0.378355666,0.0133078359669477,0.629244538427745,27.1153134478626,1.00322321363898,102.747345924377,0.263902811346773
120,135,1.06007589,0.578454535,1.11110907547884,0.628819446139836,27.9701544887067,1.06846220248644,97.9669718742371,0.285505961382707
63,52,0.00176006432058712,1.42460209,4.12224557874314e-09,0.626173702769777,33.8288978904238,1.07296328430686,98.6442341804504,0.342938420795487
117,45,0.00466458706681762,1.387554255,5.21224015205194e-05,0.623710852099729,67.7564648558825,1.01017284550915,101.550340890884,0.667220456981889
32,43,0.00499518064245773,1.537263445,6.84418692678533e-14,0.623276845518724,31.0780669540609,1.03933393587847,100.589176654816,0.30896034730167
177,183,0.331692356395,0.3815990565,0.60811362946735,0.622139427487875,3.24234985601787,1.29748024385655,103.232337713242,0.0314082769783288
1,1,2.20554555,0.870410155,1.86740172181227,0.621657615247709,83.0152605168346,1.01948276871787,94.9145357608795,0.874631686825894
0,32,0.00463111773330303,1.48582585,1.58975669783576e-21,0.620830833132084,43.5555371540666,1.06357345507938,100.300103187561,0.434252166945609
79,137,23.408375,0.58788519,23.337491828876,0.618923401073567,135.390560879111,1.00125485267349,101.13553071022,1.33870421135219
66,85,0.0121115742062927,0.880648055,8.27056091405063e-05,0.617989119566512,20.8483111059578,1.00837036432722,97.9084026813507,0.212936893412611
107,117,0.0535742352276742,0.763085745,0.00991299406040641,0.616460754281953,2.23145270650081,1.40950242160076,102.25834107399,0.0218217182389672
199,163,22.132082,0.572060635,23.3226470393589,0.616377833518482,117.564994638431,1.028843130125,100.988827705383,1.16413862116912
158,15,4.613859,0.75468376,4.7909546797831,0.616297712806473,113.59537308757,1.00164077013376,94.8119025230408,1.19811300126547
54,47,0.37054366855,1.0382646,0.226493198307003,0.614575301824159,29.9963386656734,1.01926425651197,102.2602186203,0.293333410297625
56,28,0.00952604185500229,1.893255765,2.83983260713236e-12,0.613979732547287,30.5764744100734,1.02606650774392,98.8784520626068,0.309232939758334
29,38,0.00412909532965043,1.45874247,3.11083189256114e-11,0.611449360865237,38.2062315634652,1.0277030346271,100.353636264801,0.380715965913295
125,113,0.011893822021247,0.59641808,0.00497691155053327,0.611172694277373,14.3663476863017,1.09548447835469,101.338083267212,0.141766522743676
117,130,0.0380992897795644,0.546073915,0.0161869699669621,0.610516330788354,10.6581140315108,1.00224978441598,102.858917236328,0.103618765566264
175,19,24.164359,0.710307015,24.6492979025263,0.610317087211677,170.055276203912,1.00056755590006,101.209737062454,1.68022644006055
112,119,0.00922416805036637,0.5369058395,0.00131491325415585,0.607832948189879,14.9764596583131,1.07052251190706,102.32323217392,0.146364216025325
140,134,0.0754554270281218,0.4745183705,0.115629180610701,0.606649007834631,2.41906523566272,1.47293240454595,103.098698616028,0.0234635865256853
114,43,0.00489864631892319,1.597653795,1.806272774136e-06,0.604065477987104,27.1629681530247,1.05809975994198,99.2355442047119,0.273722166495006
127,130,0.0274116497187326,0.483097997,0.0169702322588477,0.603860382340381,19.2824094702751,1.03906159020655,103.107577800751,0.1870125346901
142,118,21.3271365,0.591212745,21.560566650634,0.602288890097447,125.02092528108,1.00466061785539,101.303872823715,1.23411792457961
57,131,13.3508145,0.57912691,13.1827592055062,0.601992915168021,73.2863775178901,1.03436010851192,98.4656059741974,0.744284024790287
67,55,0.0321486583489233,1.27508174,0.000130045649137512,0.600584848782571,2.66921221567914,1.37671523480284,98.6865532398224,0.0270473750278072
181,184,0.254876036113845,0.3781204865,0.533669740755453,0.599464448015259,23.3983138952656,1.00164107969099,103.042720794678,0.22707391375941
18,80,5.0065608,0.612324295,4.6788201616655,0.59769495290166,107.769757505448,1.01944081873171,96.4659359455109,1.11717941104436
17,49,14.772139,0.63569706,14.3140473140291,0.596043928494143,140.670141443476,1.00652444891345,98.8088421821594,1.42365944521588
121,24,0.00555623655076895,1.742252425,6.92980768834193e-05,0.592857678985339,36.8708270993912,1.01233876356819,101.075117349625,0.364786389234186
104,101,0.118814216983739,0.9993316915,0.0265295622339197,0.589382822428247,1.53700350520335,1.89320611127625,101.858940124512,0.0150895297292955
113,113,0.135235003376384,0.5405804035,0.135986313719898,0.588144892048364,24.9052881296095,1.03585138227717,102.805503845215,0.242256369533554
135,139,0.0467588726559871,0.437491695,0.0641832438748324,0.587936699794475,17.9012790606474,1.07385246912653,102.757080316544,0.174209689546476
97,157,8.1735618,0.54072601,8.15887726818499,0.586413297864862,132.01585637212,0.998596802116209,98.4622137546539,1.34077684563415
2,21,0.0214738867792971,2.212724595,7.13423680396382e-21,0.58209500659201,20.4225220591279,1.04078518502358,99.352264881134,0.20555668341896
65,60,0.10499026564203,0.744532315,0.0454988517835201,0.578004928903546,8.13782825311315,1.17837135557756,102.575188875198,0.0793352499990453
18,50,0.00354159386081544,1.424746785,1.65859137279779e-13,0.577453704574401,45.150183044216,1.00457502707459,98.3688468933105,0.458988637868097
162,158,0.109493187998629,0.390907192,0.211087791475086,0.574789884205613,17.1022409932879,1.00574991813193,102.597542762756,0.166692500938689
18,28,0.3402200935,0.875946365,0.140690153316037,0.570696235296747,28.5481602566981,1.00572209941932,100.260898590088,0.284738723252581
20,11,0.00585744988689506,1.73336786,1.21791179247537e-09,0.570056748842986,41.8158928904754,1.01265580274142,99.5438439846039,0.420075126865132
94,17,0.00730204888533553,1.755210305,3.27667959397115e-07,0.568632885585945,40.2405930633756,1.18846759148916,100.000588178635,0.402403563781968
82,183,6.7318065,0.493564235,6.66455456569141,0.568323404518489,81.0615340974341,0.998130782185677,97.9497590065002,0.827582782434969
128,126,0.4973744045,0.509505665,0.599275821031614,0.566219762819406,37.835637169307,1.07517835734802,100.566732883453,0.376224185518233
101,19,0.00533786655913617,1.63980745,4.85840203688054e-05,0.565077727017865,10.5042665945809,1.14429186320198,100.882338285446,0.104123940553986
87,23,0.00372162122864204,1.598789335,2.85000960042504e-06,0.559049843808875,46.3672736775364,1.00295928386221,99.187082529068,0.467472905697653
51,20,0.00205737369637166,1.547815765,1.59733366558231e-08,0.559030242741476,27.3037079252456,1.04574347354498,100.318814992905,0.272169362518654
88,152,5.02433805,0.507327455,5.02463990237367,0.549956932017167,92.1503257464883,1.01495327762076,96.9391696453094,0.950599495370725
50,74,198.354665,0.55958445,197.476727577134,0.545398599724648,144.13981384057,1.00235700122238,109.150958776474,1.32055472032773
90,28,0.0068238878756716,1.598459605,8.31752956791575e-07,0.542396729552167,22.1433151070218,1.11860582392977,99.1356585025787,0.223363776884034
105,129,15.0582245,0.518892295,15.068040823847,0.542079899383979,102.530873178667,0.999678581065276,100.332824230194,1.02190757576434
84,138,0.631725909,0.49180126,0.604775819515733,0.540648181010253,47.7720681573002,1.02134717281181,100.667862653732,0.474551330464043
138,124,0.2884620955,0.503072405,0.349502941838728,0.537207503104335,36.312678539445,1.02125792116441,100.682162046432,0.36066645571932
132,45,0.00189011059550805,1.329345555,3.77175638703964e-06,0.536748494385404,35.1980701771703,1.0098110361217,99.9437272548676,0.35217888249666
154,148,0.0372433542545938,0.4127815815,0.0612475250784234,0.536100226280254,44.7891919382616,1.01342494035297,101.546255350113,0.441071822725877
29,45,0.161239501442,0.815838805,0.0223279615658338,0.535288189781714,3.20002184986025,1.45661082272993,101.435706853867,0.0315472918670578
127,183,2.7829046,0.425450095,2.91250730113049,0.532205842766643,65.6570206741838,0.998402573531975,97.5532793998718,0.673037555252808
36,127,21.038225,0.51324765,20.6098840306253,0.529569728244978,175.832658460783,1.01273119243534,100.368083953857,1.75187820205494
97,84,0.00175017187702741,0.60735626,0.000105053858858428,0.529092126763224,33.1693999808389,1.01831417193533,99.1735043525696,0.33445828295952
59,16,0.00628306081690736,1.618093745,1.49206331595122e-07,0.528643451628874,32.5019268942521,1.00207952507199,98.9137907028198,0.3285884269859
93,89,0.043750595284224,0.645402305,0.0143339668657169,0.525924989575157,40.4382818933066,1.00561805645431,101.420765399933,0.398717971944366
162,182,9.99040935,0.457536255,10.3309270307074,0.524382003606061,131.51504897444,1.07981051033135,98.5875658988953,1.33399225120653
32,101,55.1184285,0.525458635,54.4950519738503,0.523029411561594,165.99079629327,1.00815072550195,101.619965076447,1.63344669690054
128,23,0.00317507811377718,1.73004093,2.0785638068939e-05,0.52188501045493,38.9657661250532,1.05755996059976,92.3049101829529,0.422141856243846
199,104,17.4059825,0.518926595,18.3221426448486,0.521235647999581,159.776989299851,1.00237733887667,95.3894836902618,1.67499584984296
33,31,0.0714888248651071,0.766053993,0.0141418096472525,0.52107639904942,1.57648971899708,1.84463257319659,98.928239107132,0.0159356896799695
66,78,111.543385,0.5402329,111.126949791457,0.519719472914777,143.96791323719,0.998743851962693,106.034276247025,1.35774881795574
92,135,2.52912685,0.48234251,2.53955984210417,0.5154839500485,54.0656798173182,1.02563996965759,89.8966016769409,0.601420730136303
62,17,0.00637118996148537,1.737358375,2.58552851082899e-10,0.514321430002345,24.7330865181242,1.03243515112071,91.7283933162689,0.269633922757672
118,127,60.36747,0.495309475,60.476726489216,0.513905993084791,152.90260552903,1.00251635188634,105.024125814438,1.45588077352043
6,34,0.00591848055775858,1.73247865,2.16572029387946e-18,0.507187895600476,6.47194601527612,1.17535778519186,93.9629468917847,0.0688776398502033
44,41,7.36509835,0.55562481,7.127611456914,0.49998420328273,128.249840023594,0.999127589479327,90.8816728591919,1.41117384824439
72,23,20.042651,0.56886113,19.8985097874778,0.499206562318125,137.20834046553,0.996594266747428,95.6107938289642,1.43507165844662
178,104,10.4569396,0.49646912,10.8614092642098,0.497860836445493,97.4990213795591,1.05551029385175,91.4686799049377,1.06592793818484
87,44,0.00272008402924034,1.30259502,6.01883993182363e-08,0.495039205922255,26.5451688401195,1.0232032104293,89.4473834037781,0.296768533969193
39,32,0.5967795305,0.736761425,0.426068052029237,0.493234500301156,20.1100494972894,1.07764547203936,91.6458129882812,0.219432277826602
154,179,0.40168409945,0.307898798,0.658197398073526,0.492825930204753,21.5690537115123,0.996415213461734,98.2133610248566,0.219614250916975
127,144,0.691193975,0.434164045,0.787042803272274,0.490276494070645,23.1577913484296,1.06762037355086,93.7288775444031,0.247072107925958
105,27,0.00149359932524606,1.24593755,4.32657142733504e-07,0.488702640489173,49.2095619751779,1.01210782616422,93.8028898239136,0.524606033647299
122,95,57.43478,0.48855282,57.6597861359835,0.487855899625935,216.759095174388,0.997767442293011,104.540226697922,2.07345155086312
7,102,37.634304,0.4935713,36.5180817828943,0.487696855489475,180.424221649484,0.998999775236703,101.490709781647,1.77774125373307
111,112,0.0081309870967711,0.570775175,0.000237543402398059,0.485857630451245,22.6089359036189,1.0472876682387,96.4618716239929,0.234382098574121
27,75,2.3100831,0.51718555,2.1209201734784,0.484152361840129,85.8877080448387,1.0184972590731,92.0672118663788,0.932880515264124
103,89,0.013490239556544,0.563192525,0.00284235105071605,0.481754357776074,33.5214842001851,1.01923518469043,98.0969161987305,0.341718022330848
79,118,0.00446712505578072,0.4985543285,3.48415900035722e-05,0.480370923433753,19.2070772852133,1.00083823402852,96.1969349384308,0.199664129605651
171,195,3.26046675,0.36216254,3.59479463926111,0.478291920999312,62.7910418654295,1.01505166676498,93.4933075904846,0.671610016627758
87,84,0.00700410750873174,0.52849048,0.000669052924791895,0.474979865372654,31.0867490418986,1.04549816031167,97.0816211700439,0.320212504357013
116,117,0.0042787845844639,0.496274895,0.000164590276457032,0.474231317812277,13.6691918488732,1.09416688377373,98.5601217746735,0.138688869319008
63,21,0.00339110348564274,1.29907819,1.2263906014626e-08,0.473331748628131,41.214742353829,1.00655413180281,98.5007584095001,0.418420558575658
95,95,0.0160542382574575,0.5395178605,0.00298807579458673,0.466218446922955,25.9095868175018,1.06107901722504,97.4887619018555,0.265769985299287
124,118,0.225433247196865,0.432889377,0.263347610505529,0.464500888607655,16.9201304634709,1.08189461250317,98.7205295562744,0.171394243320238
15,57,16.1301565,0.497235295,15.4654032481167,0.463713604845912,151.986296129992,1.0034780469869,94.7696464061737,1.60374446770217
112,78,2.4286657,0.49672163,2.48826485211644,0.462814668914926,57.6270711310433,1.00595579761469,89.4572920799255,0.644185284298081
33,11,0.00266663679176781,1.57264831,1.8887714101849e-11,0.461622389453755,51.981626588376,1.06219494475877,92.8178563117981,0.560039077112025
199,200,0.116048086629465,0.224665251,0.434976254762484,0.460298525645446,32.7820192244017,1.02159123595667,103.919770717621,0.315455076527061
180,140,3.16139235,0.423702315,3.48881611328611,0.458438986382718,75.1090600418152,1.01830469790029,91.4970211982727,0.820890768444307
176,178,0.0553491104583904,0.2604564235,0.144727300314889,0.457318477110135,19.5798860084888,1.09047277216137,103.539554595947,0.189105372192273
54,127,4.2292435,0.43924741,4.05570155898089,0.457000986268498,134.498219736963,1.00111028203449,89.9483728408813,1.49528241022092
125,30,0.000961289550035805,1.21733353,1.14532994148405e-06,0.45612148437739,38.0522895248618,1.21486928930182,93.5908670425415,0.406581226644318
190,160,2.85629315,0.40411477,3.26249338959435,0.455539034398281,89.2810971645323,1.01120887032929,90.564701795578,0.985826656461112
119,24,0.00318432358130489,1.49232429,6.34250554646584e-07,0.454297041467162,38.8897274389767,1.06876478655291,95.1853859424591,0.408568259233472
64,61,0.0091023329089974,0.69144212,0.000141552079571093,0.45346372293593,33.4336620071564,1.03686200166052,94.6206958293915,0.353344072500164
79,73,0.0135156642016756,0.593058155,0.00083125796038218,0.452761441656321,10.7024534187318,1.14583627755815,100.06108546257,0.106959197666662
181,194,0.00414404820618525,0.2584538545,0.0141066753146741,0.450856173020033,11.0922536192633,1.07020050145616,102.815214395523,0.107885332773729
69,86,20.0135525,0.459965645,19.8104370381051,0.450068634684244,182.755265299853,0.995686883799207,95.9681420326233,1.90433264028105
89,114,0.68881962,0.433027775,0.687449352570211,0.447220046946206,58.7785798897381,1.03629413253543,94.8954815864563,0.619403357326205
25,34,0.0419489600287246,0.7893874445,0.000907572677649191,0.444872499382738,18.0683643362827,1.0376937963224,99.1659531593323,0.182203304265646
55,6,0.0013897464832667,1.48110601,2.25216400061959e-08,0.442171848290453,62.0707182366269,1.04585926730416,93.3624761104584,0.664835818655775
2,14,0.00347830436579652,1.580510105,3.93580956800237e-17,0.441833229831949,48.1142392553174,1.02817089771217,93.5429949760437,0.514354273857059
172,150,57.695959,0.415630455,58.5176562828087,0.441114078766524,177.820252877736,1.00022820524179,104.097729206085,1.70820491699392
99,183,18.555353,0.390599175,18.563538298379,0.440802784644418,148.756032781071,0.998269401314731,97.1468636989594,1.53124894738794
52,68,33.129954,0.456405705,32.7467166447898,0.439692640832673,179.181929913354,1.03186554701001,102.531057357788,1.74758687300072
130,81,0.66233801,0.483347025,0.747048474882741,0.439532449470157,34.8770668517628,1.0496895600282,97.8413505554199,0.356465509253242
50,59,0.0101137662020887,0.752914645,6.12792869630096e-06,0.438990257270835,3.11987604434807,1.28046658133494,96.7359139919281,0.0322514763711066
89,97,0.00221410615930188,0.48271918,2.13323390551433e-05,0.436558044889647,35.3837589145792,1.00941426363167,95.3782444000244,0.370983541762173
28,82,4.71852645,0.450231675,4.42270623396831,0.435760063708637,86.3056925683116,0.998239445214114,91.6097357273102,0.942101752429602
80,80,0.0188533971601589,0.65131839,0.000461138747988051,0.434026775513796,27.2404999863097,1.01098043629989,96.6661736965179,0.281799712811959
40,129,5.82179285,0.411842925,5.55857502444906,0.430922470945897,123.511132658782,1.01072773255882,92.8554811477661,1.33014369353417
156,82,22.202769,0.44033464,22.6328641850174,0.430284679556015,129.218148465008,1.01411498193254,97.5155544281006,1.32510294611802
82,7,9.77515395,0.51759731,9.70739084994865,0.428891107818563,133.273398334136,1.00398281349472,92.1943299770355,1.44557044199283
134,117,0.13828691392215,0.3914924285,0.178537947575854,0.42794779660059,13.4599348649015,1.10894713010005,101.060508489609,0.133186890369599
43,14,0.00474434036744617,1.520003005,6.48140914208544e-11,0.427682301879803,45.7144075456474,1.02379774754729,95.673891544342,0.477814864721585
172,172,0.0076712613583193,0.2537323205,0.0209122919904222,0.424477304465849,17.3818419363706,1.09994654926844,102.319726467133,0.169877720909995
18,14,0.00351651263065742,1.404589735,4.48886656928806e-14,0.422801102936915,42.0016857826269,1.02381098479795,95.1130650043488,0.441597437541378
42,51,0.021127897080089,0.810258205,3.07839469339536e-05,0.42261185847168,19.0331502240363,1.03277926699247,97.3862857818604,0.195439738472719
35,15,0.00240708767045568,1.605616695,5.79987860290606e-16,0.420845117769524,16.6501733652937,1.24310809145404,96.4609916210175,0.172610431278895
144,99,2.88730925,0.426975945,3.0916897741287,0.420262472542514,23.5070522628635,1.08525856472214,92.4598801136017,0.254240566113446
5,36,242.041765,0.46749159,238.629295139746,0.419867359408984,141.76893991667,1.00488062224071,130.75631403923,1.08422251696493
185,194,0.0210555613930292,0.226875218,0.0745815031574038,0.419737511046471,37.4090663471608,1.01325001473792,103.171215772629,0.362592086048533
99,78,0.4031974895,0.473187645,0.389311023516073,0.419611006927654,47.1034037359132,1.02736832163213,101.243497371674,0.465248682223931
116,83,0.0320100065609771,0.565739499,0.0079049607416953,0.417869218437478,27.0692782696555,1.02273078050724,99.8488466739655,0.271102563237854
160,109,82.601883,0.40983747,83.5155422181638,0.415749595432421,121.441979822636,0.997196061212923,104.439740419388,1.16279473057837
13,6,0.00115624445671118,1.47997151,7.45282738763945e-13,0.412819556263106,57.9157453132795,1.01628095399813,95.8974733352661,0.603934006799125
164,169,0.0137116647871599,0.2656900475,0.0266622121487016,0.410942448738468,41.4912396755604,1.02250495866571,101.991709470749,0.406809924952381
53,46,0.0117865040163587,0.762701635,1.35147549753799e-05,0.410796557828827,13.30807544714,1.09612581937679,97.9217348098755,0.135905225463773
183,180,506.042835,0.365343565,509.841959113847,0.408140309857081,180.789989349393,1.02344839526055,287.406361341476,0.629039623568356
120,128,0.0192992034055209,0.326389313,0.00586533523502151,0.405488399031582,23.2342091410887,0.997526861605525,101.361703157425,0.229220784747506
105,79,0.0384095893503418,0.590706255,0.00564181016473466,0.405386791793581,24.8279211386599,1.013033911472,100.4925096035,0.24706240531379
105,116,0.00241774442029208,0.377752885,0.000457607303751718,0.403531202930297,22.3877120327764,1.03864376101334,98.197122335434,0.22798745523623
84,148,5.50079945,0.372915335,5.40659856767516,0.402487450528901,88.2519547981084,1.02301393145187,96.5135107040405,0.914400006323817
13,14,0.3834438461,1.27121729,0.0328716135299754,0.4015540318457,21.9889363706176,1.06560769402587,93.6150722503662,0.234886710462712
12,20,0.0146371720307576,0.987370305,3.08057756223418e-08,0.399004295959508,30.1672090918891,1.02174560190749,96.7256469726562,0.311884283394012
132,126,0.0101991969623806,0.326492491,0.00609189444268735,0.398909503393738,13.0210011185636,1.11500102439632,100.746326684952,0.129245418140972
68,78,0.00154796841932974,0.460467294,6.65115577105651e-06,0.396530598473557,24.7020629052279,1.07539414974263,96.4057879447937,0.256230081531759
104,67,3.90392195,0.425809435,3.95276419182945,0.394833461265651,122.1210738269,1.00441355278815,94.0207409858704,1.29887376494143
169,166,0.025898303027927,0.2378266405,0.0691928384391293,0.392250111426183,22.7538499675691,0.998080145700892,102.128860235214,0.222795494977271
134,137,0.32584097455,0.33782185,0.408702752873997,0.388950322186819,36.1815326629391,1.03164068460164,100.618028879166,0.3595929384225
106,150,46.516303,0.36343332,46.6056468439945,0.388821454997288,161.62229248936,1.00321690389653,103.157012224197,1.56676011649209
130,130,0.0196257944937056,0.41193671,0.00160895542106205,0.386369775128881,9.40564040054294,1.10186508235134,100.761475563049,0.0933456000717016
196,195,1.887226355,0.279282855,2.62814947832243,0.385705320540177,50.2151637506268,1.00713854024903,97.3598721027374,0.515768587880211
68,13,0.00268454866209101,1.378146915,5.79252475558897e-08,0.384139153831345,31.8047326383762,1.00233941279347,97.5182526111603,0.326141330333234
195,199,0.440532967105,0.1927249495,1.03173656136537,0.380107956429137,22.2113996590903,1.03014226028419,102.5627784729,0.216563942492637
6,2,0.00830058689931019,2.3770569,2.93425407997413e-16,0.378834510560844,28.5426770120419,1.09835114355146,97.5650594234467,0.292550193488455
79,5,0.00272458495606103,1.91160221,5.37052616235362e-07,0.376886283029106,31.3260412462739,1.00314209162092,95.0061545372009,0.329726441396044
15,151,21.881303,0.351906745,21.0109362742024,0.376146866891482,125.311455257515,1.01237856449217,99.5293521881104,1.25904019771651
38,65,15.5704595,0.397479405,15.2013645289185,0.37503997754697,188.285689603385,0.998893838968941,97.5747504234314,1.92965586677197
49,2,0.00576492782763035,1.513229855,1.88956730482077e-09,0.374396278258366,48.2540556686643,1.02360417277296,96.3319370746613,0.500914412540728
130,125,0.0118407896248178,0.3092634695,0.0114251006140763,0.373004479080923,24.2018070643374,1.00264142453051,100.952629804611,0.239734290341705
99,92,0.0206789806472449,0.508160115,0.00180165051588942,0.369674389456406,5.89603156015175,1.1459336183527,100.866863250732,0.0584536028001142
51,76,0.5804212085,0.438225905,0.401258766966388,0.369195137367227,56.5769847469114,1.0240742225494,98.9010670185089,0.57205636352056
38,14,0.0078529982546461,2.004455965,2.06263303767928e-09,0.367470560147,49.8226427794123,1.02895368834234,96.5828497409821,0.515853931759393
103,101,0.069305179019008,0.4062882455,0.0363832496228802,0.364874715869033,8.67233775957354,1.12354365418932,101.220550060272,0.0856776391198187
121,117,0.0156745756914384,0.3238427415,0.00932739315508803,0.364616418086127,13.3348009296942,1.06939846975701,102.031158208847,0.130693419184748
141,136,0.021055321730058,0.3281034945,0.0131619794610687,0.360998780482296,14.099119001034,1.12607346784137,101.994390249252,0.138234259419354
16,11,0.0362286751520745,1.22866203,4.88309432353386e-06,0.360237340239006,7.4102012816275,1.47871918043622,95.0091316699982,0.0779946216892694
63,62,0.1731616862951,0.565820802,0.048173559156082,0.359342123693144,2.38999663687224,1.42123415194892,100.762385368347,0.0237191351528188
104,116,0.1957721480245,0.350282261,0.154062499897985,0.35656991135118,15.9041003561137,1.11730230752439,101.387231826782,0.15686492341842
112,116,0.0187809181541056,0.4330405815,0.000848348165044497,0.354220688021072,13.3184803529869,1.01767040128552,101.01221203804,0.131850199933957
14,26,0.0168824924051963,0.932005555,2.20563155733215e-08,0.351722228916234,2.68075028853489,1.35074468293465,96.5065760612488,0.0277779027911375
87,100,0.0213443338234729,0.3729598435,0.00309166598109479,0.351230154987759,10.7575796620163,1.11954263439361,101.876278162003,0.105594549154119
95,176,29.323203,0.312331185,29.2239468840157,0.349822157991922,100.392426074136,1.01284176533773,101.375280857086,0.990304788557516
27,22,0.117681117576417,0.8977161495,0.00606522957856214,0.347972257849419,22.8265792019191,1.0168722547363,101.137726545334,0.225697966343818
163,170,0.0332028869762838,0.233595587,0.0679934075173463,0.346923088989487,8.62272534324095,1.36090349898548,101.680843830109,0.0848018664916673
76,81,0.169392099891258,0.5041389825,0.0387665726548091,0.34421675659553,11.3690459829325,1.02816792386527,101.119924545288,0.112431313947834
43,48,0.0296270919178753,0.7942487395,5.71792120719479e-06,0.343417076433213,14.5907967905936,1.00177186288223,99.1611297130585,0.147142300948112
47,33,0.0190977379438918,0.8938203,1.27827221931588e-05,0.33993428503544,7.48025340088915,1.05021246568028,96.8723177909851,0.0772176569268094
110,88,0.69899647,0.37071934,0.760522214089433,0.339205752184692,34.2005170455393,1.0138920162108,98.8767447471619,0.345890402571339
172,176,0.0112020020396716,0.1880860435,0.0303207071491265,0.337103879906156,20.8333924802176,0.999261433681548,101.415999650955,0.205425106017987
18,8,0.0158942089749968,1.39391693,7.90879701150704e-15,0.336722512341399,26.3285119602068,1.03889651259642,96.5970809459686,0.27256011985428
200,200,0.0214481887531727,0.1422034,0.183634877845079,0.336385107384836,30.1471846085589,1.01451480375219,102.439822435379,0.294291652326675
128,123,0.0479081024165426,0.2694112105,0.0563149360507396,0.335911730895153,4.31225712188692,1.21573478841537,101.862838506699,0.0423339579487895
24,49,0.0225761268678293,0.75157313,1.28222172120167e-06,0.334169249546721,12.7981390162268,1.04810169369545,98.9812252521515,0.129298652179986
65,47,48.068219,0.35724718,47.6374842174852,0.332550685715729,85.4448644449955,1.01116170653018,102.085467338562,0.836993420048922
15,23,0.0520958670604997,0.929795965,2.82834935612224e-05,0.332348250894264,18.5807776957567,1.07422808427124,100.444072961807,0.184986302803769
79,18,80.503904,0.379703155,80.3105394355841,0.329704843554097,96.7473680493485,1.05902535899381,103.093503952026,0.938442911925557
56,50,0.0390543921839487,0.64302464,0.00047315031171025,0.328935721076785,33.0586479802407,1.01797572277121,100.079339504242,0.330324402059422
18,2,0.0237078066569501,2.41526917,1.57395828911727e-10,0.327771180373663,22.2190529038969,1.07588892863871,97.4035081863403,0.228113476789667
133,133,0.0807511694037995,0.271201368,0.0733838127551604,0.325724254682512,15.8284973907065,1.03536321744016,101.599838018417,0.155792545533755
0,8,4.5611505,0.412959805,3.90175109580872,0.325595413390055,103.894327857415,1.00609381479979,96.7317457199097,1.07404582729484
27,57,5.50820805,0.354301605,5.06060084745059,0.324970276301225,62.7869129992194,0.998933454773122,96.9566133022308,0.647577414894862
103,87,0.0749308371023448,0.392189677,0.0375622894496063,0.324567068214421,2.62579230721311,1.33215529398368,100.769263267517,0.0260574725076861
62,67,0.181708380012319,0.42080854,0.0798886963290736,0.32367762716976,6.23571752364169,1.17072021149244,100.423076868057,0.0620944679063619
71,53,0.022465383202955,0.37092263,0.0113185243626451,0.322973134560892,2.27247100739514,1.40374273957457,99.8858807086945,0.0227506729807242
103,188,12.7687035,0.270285795,12.8017962188154,0.320397827006902,112.984167731766,1.00313761467915,98.6057214736938,1.14581756558526
77,73,0.0558819048880546,0.4132088565,0.014339089575978,0.319742467532438,24.9005091257763,1.01456917157467,100.490652322769,0.247789307266088
40,71,27.95932,0.335078445,27.2735450315677,0.317798259193278,161.715151277407,1.02143158294332,99.9491550922394,1.61797417024852
114,97,0.598563074,0.326603695,0.607858937845094,0.312266587281143,35.7259471152337,1.01813655152873,99.1857407093048,0.36019237099756
61,23,14.3188285,0.367693865,14.0664479834042,0.310446701421161,110.82146476084,1.05832738053155,97.690064907074,1.13441898995826
127,127,0.0131532682430265,0.2976086695,0.00309119424963964,0.309920829580331,15.3162818786581,1.0803115243775,100.529627084732,0.152355900671438
6,8,0.3215543254,0.859005145,0.0280588986315708,0.306720433657601,27.7080223294299,1.0186714653131,98.9884555339813,0.279911654141508
181,190,0.0480710111780482,0.154889044,0.162970320089282,0.30583399363665,7.47643671646982,1.48304353742634,101.39549612999,0.0737353926143325
112,123,0.0431307078508964,0.304959698,0.0112156332184391,0.30381999064872,14.4158822780873,1.13130848167924,100.912389755249,0.14285542452271
182,185,1.49989388,0.2083414335,2.2190298059043,0.30144370933982,62.4098823806384,0.999440665635461,99.5776379108429,0.626745961141569
28,16,0.0578746898537883,1.2648388,2.30731518735454e-06,0.300921352926943,1.64601899178536,1.74948865782046,96.774436712265,0.0170088201771651
79,46,15.2793445,0.324833685,15.1023973752494,0.298545266488772,97.2535466207636,1.00209972343199,97.5938785076141,0.996512774243069
44,2,0.0068836503413243,1.64379736,5.13343205445617e-12,0.297500896210915,17.6355029569219,1.152904198586,93.9824557304382,0.187646756193563
49,9,0.00710776694966591,1.56743408,8.1333828242011e-11,0.294403492954306,29.0671044198931,1.04439492880644,95.4063367843628,0.304666392187245
60,3,0.00348180868653173,1.55499648,5.13006288240834e-10,0.293468226045871,56.9544174169831,1.02901916822086,98.1974611282349,0.579998879427311
162,153,0.043577877615255,0.206546579,0.0929375831171079,0.292978630807387,40.2306675835349,1.04281495886942,100.765286684036,0.399251259113506
110,151,2.60976905,0.26554663,2.65681777203488,0.292661977702042,76.245778496943,1.01732051574499,97.835648059845,0.779325123397806
27,29,0.0154535661864596,0.71252352,3.13728647434622e-06,0.292649671975549,3.86336067464781,1.20447333187337,97.8022799491882,0.0395017445059049
68,72,0.0132789339757445,0.5154876965,2.5142802931701e-05,0.2925390687605,21.4742548809209,1.09814180993009,99.6296679973602,0.215540765241633
114,124,6.2073318,0.28226063,6.29154330686879,0.291933797442172,97.0306846791088,1.00026772365246,97.0968317985535,0.999318751001248
104,120,0.00148612709073176,0.290485126,4.13013978668147e-05,0.289027074169432,37.4676970944609,1.00436634145885,116.370220422745,0.321969804287985
64,5,0.00157549577645447,1.65030104,5.6681203640252e-08,0.28898728118875,53.4904135469212,1.01817371800923,110.288961648941,0.48500242224771
38,47,0.00775983118703259,0.5491645205,1.7814707567474e-07,0.288597011316629,12.3013418243992,1.03443911301224,117.253053188324,0.104912763377185
54,55,0.5049668935,0.36436621,0.325195216720089,0.286383742976208,17.3325054520703,1.07990091624425,113.493680000305,0.152717802894607
118,193,78.8783085,0.237482295,79.1282940608893,0.28569961493726,137.995116626717,1.01520235643413,128.093135356903,1.07730298147691
36,7,0.00177363486085155,1.51481606,4.22719470586068e-12,0.28096074402688,24.5349623063551,1.12680902321861,112.673989057541,0.217751785585806
8,7,0.27236072045,0.592763345,0.0385702979213308,0.278683575748214,34.9756992346601,1.01411938150264,114.067804336548,0.306622008182669
128,150,1.1201837005,0.230208424,1.30169142950577,0.277989273561213,35.8403111710713,1.02752131523523,114.108386993408,0.314090069235154
55,20,5.52566875,0.33093391,5.33336549054269,0.277987091547473,89.3533458301295,1.01924428812225,110.474340677261,0.808815379954749
39,23,5.3336233,0.324847255,5.02984009096324,0.275580399132346,98.0397842942879,1.01061852525247,109.247826814651,0.897407181019912
116,144,0.6704333297,0.233650559,0.722459496313102,0.274927991861949,11.3470266783036,1.11355367673073,117.519299030304,0.0965545810086699
20,18,0.0224497573226452,0.670095785,1.42166800928175e-05,0.273876988012971,36.4005182913494,1.04206936014322,119.183834791183,0.305414894185316
63,62,0.1880909346,0.354521576,0.0790079690037691,0.27010882653273,40.7834278425427,1.00903285737031,120.990766525269,0.337078845054058
116,112,0.114596104164603,0.2699601295,0.0958964705588055,0.26971838476182,20.307207575646,1.0035716147109,121.90970659256,0.166575805514123
5,44,86.236915,0.293914745,83.7097483819998,0.268801347831195,124.980461222174,1.01192870430836,128.132648468018,0.97539903152294
67,54,0.0134635574970227,0.4218806495,0.000393019850341799,0.268271299271068,21.4277914537109,1.15248755483307,114.982068777084,0.186357678911248
157,187,3.34147675,0.217885375,3.72148779807735,0.268001866486121,65.4389510723723,1.01590301916775,113.779632568359,0.575137655090038
188,129,9.3164555,0.25127034,10.1600755100012,0.265629615496173,73.1951003385377,1.00478892079074,112.407467842102,0.651158697403933
10,0,0.00475875429113422,1.58322663,1.14478027243507e-13,0.263969580074688,45.6536336505762,1.03574895834483,111.100030660629,0.410923681830761
55,54,0.2953716816565,0.437036918,0.0992803261248038,0.263192420073464,27.4223438632593,1.00297469644736,118.355647802353,0.231694425846522
48,41,0.028245766847319,0.632700455,9.75254832397201e-06,0.25833902763728,8.50734717008039,1.13672794579696,116.471389770508,0.0730423770751173
6,0,0.0042662528639583,1.521484735,6.79463898403985e-20,0.257939085536551,50.7708500877454,1.02208025658122,106.945841312408,0.474734215605771
74,71,0.00642611305863071,0.3822820215,4.53229223855381e-05,0.257721845590057,4.92619106849571,1.29943144173993,114.58906006813,0.042990064370602
84,75,0.00284572934442224,0.3496982055,4.00321415654719e-05,0.256678914386602,6.01587055067403,1.17395062773815,111.778622865677,0.0538195085647391
181,186,0.00213180769143245,0.116994174,0.00619059992636905,0.256359474453285,16.5090896528994,1.02057312038099,120.921100616455,0.136527781906848
121,188,6.69885575,0.19682824,6.94829488706559,0.255612983774306,52.6426257787989,1.02556396670356,118.2354991436,0.445235366367109
9,2,0.00642595362684677,1.571695575,5.81917467405461e-15,0.254322533551605,30.0159748915259,1.07245502221402,114.071885347366,0.263132101307194
138,88,65.482385,0.2558643,66.1036415403485,0.253655600973444,158.154748915521,0.999187298854054,126.617209434509,1.24907782774445
64,84,0.127672315066807,0.3715677745,0.011253876798283,0.251793485936848,17.709157009483,1.13236757651129,120.066810846329,0.147494189981847
180,83,69.8224705,0.257428355,71.3168314987351,0.24972544721256,190.497478005772,1.00215423237149,127.8020632267,1.49056653074419
56,59,0.0656532338326151,0.462791888,0.00197659522305642,0.248586078312653,1.56338851063244,1.83520647976553,121.406730175018,0.0128772804306539
97,34,4.98403195,0.288531755,4.98641825225715,0.24836001539587,112.356732354792,1.00557972776758,113.823726415634,0.987111702392478
174,4,48.690133,0.29756662,49.6602017338056,0.244668600830289,176.557908482095,1.01696487786954,124.482018470764,1.41834066197731
26,25,0.0283238514310903,0.5535008345,9.8160410435347e-05,0.241794087463903,22.8597005287247,1.01107280015696,118.557982683182,0.19281452004638
64,80,0.0281143864672738,0.329992798,0.00107847186611311,0.240389289296913,15.7097125862515,1.05642282712467,118.89688205719,0.132128886093876
157,169,0.0466725720727628,0.153945435,0.0788905028634243,0.237200955069761,27.2292907978329,1.04060810714048,124.054733276367,0.219494170667168
37,29,1.239658665,0.345939095,0.878099189401807,0.236197857254779,7.45692309273573,1.13182103168453,113.57967376709,0.0656536759211612
92,88,0.55092325365,0.24088379,0.518220043760538,0.23421644853844,21.2039632721966,1.0915133762523,117.617164134979,0.180279497708877
97,55,265.587505,0.248169745,265.496543884501,0.234180832954303,125.250076893344,1.01330035423367,149.019292354584,0.840495716456081
11,20,0.00303459713960303,0.568403795,6.46554282208627e-11,0.23041103272874,36.8792946055321,1.05425635549025,116.312160253525,0.317071701919615
29,27,0.0455112874391323,1.0104269825,6.99127767733633e-07,0.229944249396354,14.6146975344788,1.00459780389648,112.310747623444,0.130127328361121
143,54,46.2438375,0.242909535,46.7934000264367,0.228635781980386,119.193972667342,1.01404894432342,124.248468875885,0.959319448728237
9,31,1.162960605,0.300136385,0.605766421035521,0.228590300020873,11.877662751912,1.09106526931148,112.347103595734,0.105722910264355
58,65,0.408071741225,0.2977705155,0.218030297966438,0.228417139466668,12.786246417781,1.08125304962299,115.085974216461,0.111101691625183
129,128,0.10374677842718,0.197104496,0.113871812457123,0.227685323295255,10.693443929023,1.07301062136204,123.991573810577,0.0862433115443749
107,108,0.070548688017515,0.2449661735,0.029434875576319,0.22284493936097,31.8916807344314,1.00509510500662,123.297077417374,0.258657231805054
12,8,4.89312215,0.289097745,4.24637352367731,0.222324996716113,79.7194460375513,1.0245534270865,111.206506490707,0.716859548539211
162,133,1.210319545,0.2000809885,1.57710593868501,0.221524175050388,46.8117071917887,1.00213909153126,115.904404163361,0.403882039942246
106,113,0.000398826428494293,0.2019939805,0.000106685407151614,0.220107670763294,39.7478348290297,1.00179961800565,120.210866689682,0.330650929683725
7,0,0.00715880689724179,1.791772285,2.67090495165328e-13,0.219240864071259,31.4276573298219,1.05286764115453,109.560043096542,0.286853276446126
70,75,0.0150314471885526,0.271972568,0.00135274337816823,0.218997321221468,3.10590437405534,1.30900569617567,120.96155834198,0.0256767886974008
83,82,0.0887728712797659,0.3180927605,0.0100147815343798,0.218692989079831,5.16349040191853,1.1482470489611,123.007843255997,0.041976920050314
2,12,1.076176175,0.33347467,0.44135435405631,0.216735309326898,42.1385735921559,1.00206070081882,111.766983985901,0.377021657822238
129,102,7.5571285,0.217388665,7.72741504562589,0.216677134789821,82.1537330054053,1.01128784664181,114.520489692688,0.717371478465226
92,129,4.12307015,0.199148625,4.11155012775218,0.215713115439731,60.1803638307019,1.03898753597838,114.212929010391,0.526913759695512
165,176,0.00649670264949008,0.1241799085,0.0126270889787118,0.215535739653317,38.8753622995804,1.03185097114684,123.220578670502,0.315494073465887
151,163,0.2015330367535,0.1378937015,0.368643983898698,0.211589468325705,23.4575354987592,1.01592834199643,126.375751256943,0.185617377269364
26,113,46.793811,0.207333335,45.6232424180208,0.211294552921774,93.6380766313031,1.03890574009814,124.912069320679,0.74963193821497
45,199,154.17182,0.17664078,152.611633971997,0.211140978999111,181.522017750472,0.999002202659157,129.188527822495,1.40509394146734
40,1,4.0426121,0.302454845,3.70165533750033,0.210730277457349,49.4910918696651,1.04474504560338,110.907979011536,0.446235629850558
100,83,0.4909457381254,0.2257032445,0.459085551725304,0.209866704851154,7.44376149746322,1.17327121054794,121.120500087738,0.0614574864871847
63,54,0.078018444416885,0.3545390215,0.00825410574362608,0.208444415059193,20.7598068856922,1.06019513772284,119.201421022415,0.174157377551636
99,51,11.5941305,0.230220825,11.6778482717263,0.208351955836481,72.3777202490964,1.01202830825516,114.455879926682,0.632363494959458
50,149,6.99104485,0.192143695,6.63489588939859,0.208088054036923,61.0903034638561,1.0269922297269,117.456036329269,0.5201120808521
190,187,0.184440226650729,0.11940593,0.543365440061442,0.207109375230566,3.51299893830908,1.26436208988878,125.635450601578,0.0279618445390044
12,16,0.0157530958909457,0.6808258365,1.78413349288754e-09,0.205751846596872,17.3296220025755,1.00453388959344,114.372760534286,0.151518787529663
81,17,15.792022,0.23585787,15.6481001146557,0.203086375919491,136.341161927658,1.01594260333756,118.653321743011,1.14907159719435
18,12,0.3503533835,0.4524032,0.061894595882891,0.201534974266262,36.5761470651569,0.998613305222795,119.23185300827,0.306764896647374
85,108,4.70309375,0.198199755,4.6241014494277,0.200822942709465,63.5207822724684,1.01960762476672,117.283148050308,0.541601954998866
24,26,0.26476146085,0.3125860195,0.0745676507513561,0.19941755032644,97.9208892509463,1.02597308368843,123.491967439651,0.792933267492063
128,129,0.0323357769830797,0.1693651935,0.0206241225049878,0.198721071300878,31.9509818753708,1.03923178100036,124.19301533699,0.257268750490305
200,200,0.09252095129692,0.0940860455,0.521046302155491,0.19743881461945,31.2561017237039,1.01606850900244,125.887400150299,0.248286180240331
106,106,0.00616922122515281,0.2584990935,2.27611838165134e-05,0.195474636883132,16.3525803099306,1.05950818356963,119.349558115005,0.137014167192586
43,34,0.0426375324396443,0.6818611315,1.46714554744733e-06,0.189987519661245,3.26252437158635,1.28584777625854,120.455322980881,0.0270849331590285
71,78,0.0623622556816656,0.21229375,0.0204756708075339,0.189360397023136,8.45010089117885,1.12173909479505,123.069445133209,0.0686612414806335
138,112,1.3830583995,0.175233174,1.79112437756239,0.189266263694815,30.019404205439,0.999784021180924,118.982365131378,0.252301289962526
6,8,0.00166576366020199,0.5757947195,2.53993232054871e-12,0.188755480797137,28.3692539851506,1.02905166865759,110.760518312454,0.256131466495319
13,11,0.0866191251664264,0.547619906,0.000165412507239821,0.188256315576566,17.3704225666133,1.00926061406437,120.901723861694,0.14367390316522
88,94,66.5242935,0.18892139,66.3080852055367,0.187897255512836,90.2826987482677,1.03005688077135,127.08545589447,0.710409370709085
127,122,0.170650804097,0.1624769285,0.208379874860477,0.187642391084236,39.3381609503783,1.04319260238331,125.178429365158,0.314256706605776
168,4,25.570574,0.234495005,26.3752967296709,0.186656778016787,134.323749595869,1.00973681720517,120.541105031967,1.11433978940418
186,179,0.0279896662629856,0.09547621,0.160370257357412,0.186067119533023,12.7841227563728,1.01747558055139,124.691203355789,0.102526260171658
172,196,2.56570279,0.1269213375,3.38435647774101,0.180153335466131,50.0659460560669,1.05690683324253,124.328063011169,0.402692238932163
53,77,0.229385355965,0.213168162,0.0840505863599261,0.179872957256925,33.0824799674243,1.01325950034949,120.64604139328,0.274211068886899
132,139,5.2579058,0.16341151,5.54266033772963,0.176990449089999,66.365050780286,1.02211933438632,120.006829977036,0.553010614420742
2,0,0.00498679736854555,1.71025385,2.1096549956842e-20,0.176658377564678,44.5198475951278,1.04669100466965,111.335511922836,0.399871045870641
42,49,0.0110030685152445,0.285982204,6.11341388310268e-05,0.176585809103595,3.58928415123554,1.22181131158437,121.19503235817,0.0296157695690701
108,111,0.0318589248401932,0.2054073975,0.00145577588275148,0.175247759703551,15.3627050596315,1.04404621705526,122.403288125992,0.125508924595379
31,50,1.288932225,0.224843135,0.818271785381073,0.174179227454416,41.2642322430825,0.997823025213958,117.41107583046,0.35145093383411
40,34,2.89895785,0.203537165,2.56121322483531,0.173736555099533,53.1114628485375,1.05032899566537,120.032200813293,0.442476789467109
41,129,61.206275,0.16690709,60.0408141074066,0.172340738057872,235.116874646622,1.01640380530361,126.466239690781,1.85912758394256
105,121,0.0127171880580641,0.150350291,0.00258218467583463,0.171856293484967,38.0781438692779,1.00012804614317,123.015279054642,0.309539954401633
75,70,129.90979,0.17874961,129.370791614494,0.170091647487929,138.614591294777,1.02263896376715,127.940194129944,1.08343271039585
25,37,3.22252005,0.212685055,2.46627264570365,0.166685319878893,38.5776038420022,1.08437094610422,114.980484962463,0.335514360150736
40,56,0.0124469898555424,0.25957926,1.88977627655044e-05,0.166581411076299,15.783156333869,1.12476616413276,118.848444461823,0.132800697605588
23,21,0.0150291702696269,0.393927537,3.24280791862072e-06,0.166060775622722,11.3466898926387,1.09566220413934,120.333915710449,0.0942933654709735
27,26,0.0689465565312096,0.3929651,0.000434973558872293,0.165385944032201,24.5777110625445,1.05599412066652,121.77604341507,0.201827144102327
152,0,72.3859435,0.22254056,73.3014916095089,0.164011115573379,172.138725014438,1.0071965075921,126.524449825287,1.36051747509781
67,61,0.5893018191,0.2181363555,0.383666614547861,0.163725078540774,27.63611052836,1.04813217350966,122.134621858597,0.226275810313279
53,52,0.52776094051,0.221348264,0.274463146800005,0.163483107679657,4.19120289130836,1.20892231221853,119.096703052521,0.0351915945940172
3,1,0.01662201166334,0.77030493,5.60100211099959e-11,0.161937327434102,29.6738146447872,1.01930681809142,113.376727342606,0.26172756385107
4,4,0.122182608678217,0.6497663475,6.61929931711764e-05,0.161475155174376,7.23508579396867,1.20715316294178,119.056237220764,0.0607703213444648
39,17,3.04007015,0.22837676,2.5103914127579,0.160808321810755,44.6578748071895,1.08299443132945,113.853257656097,0.392240641388427
63,96,2.92076425,0.165724337,2.57554088714109,0.159091609223486,22.5635328485209,1.02316515249489,118.613096952438,0.19022800540794
149,164,0.000960679602084503,0.1129741505,0.000750463264311354,0.158786783673251,42.1307601728822,1.02629148694063,122.539748430252,0.343813013431005
65,55,0.0332018955229573,0.2863609325,0.000481867635700871,0.157825086732599,10.1015540860886,1.05447674567156,120.947914123535,0.0835198701795793
56,117,76.98084,0.150923015,76.1849379347136,0.15456535956051,210.374806714329,1.02484711798549,126.732689857483,1.65998849192664
41,38,0.0101697059747105,0.3592033765,1.65579696456486e-07,0.150690654226075,21.263441394318,1.00126619390961,121.039987325668,0.17567286534083
76,70,0.209266502995,0.1919839065,0.108725681576971,0.15048842022812,32.323887541769,1.06312172521007,121.626146316528,0.265764299212828
10,14,0.0505713734814025,0.461172168,3.72392324349512e-06,0.149082932406536,16.8424288236159,1.14022448007203,118.854172229767,0.141706668833269
0,0,0.124585967491332,1.658653865,3.21051157657309e-11,0.148971860832425,1.9537943529294,1.53694368893467,114.615538597107,0.017046505010087
151,158,0.7996901012,0.113153537,1.15937959159916,0.146962536483226,39.114544505846,1.00858893808279,124.542342424393,0.314066234378012
18,0,0.00516495225394181,1.5540615,1.39758656491771e-15,0.145708743787936,40.7455363791249,1.03439189266391,112.739700078964,0.361412495780867
0,0,0.0233476944137296,1.03366765,1.61487853021405e-19,0.144940678064619,10.1221895874681,1.13704401538589,114.80310344696,0.0881699996215224
64,53,74.7390185,0.15553097,74.0403100342851,0.144576245303644,174.52468654959,1.00161331581581,126.414046049118,1.38057986437503
104,168,8.3839327,0.1240365105,8.42048451900895,0.1424549087521,55.4266492795179,1.06304868176681,122.609440088272,0.452058579173135
10,15,53.423423,0.167307885,51.3816725221395,0.142083704254374,90.0223529476613,1.00746638054733,125.147440671921,0.719330355174091
191,192,0.3410226603815,0.071819504,1.14159722060705,0.1402423534165,22.4809865761584,1.03284700807585,126.021743535995,0.178389744066168
0,1,0.0258478803895406,0.743495485,9.47960794117169e-12,0.137863997401709,27.8501978816187,0.999544350036746,118.378306388855,0.235264371751823
0,0,0.0137155176682121,0.85945252,3.27920621688131e-15,0.136206034715684,20.2551065135034,1.00337983147909,110.88389134407,0.182669513740749
77,140,10.98956585,0.125935211,10.808070871402,0.136187189964513,61.1293088497064,1.0025845929739,122.184445619583,0.500303525049582
196,198,0.0043778097180987,0.053210956,0.0504243321396495,0.134056815524877,27.7231366769707,1.00979265354272,124.930085659027,0.221909210505432
0,1,0.0128114412932372,0.617467555,1.87167182477756e-12,0.133566143396977,16.4472513078754,1.03790812755369,118.157307863235,0.139197918480952
3,0,0.00253839901367222,1.55027532,4.37876373986618e-20,0.127948433032142,51.7913201279937,1.02709474316104,114.704176187515,0.451520788949538
134,103,3.34839425,0.1243813515,3.86835810082235,0.127087584076022,66.4144912066758,1.0049084067455,121.046814680099,0.548667814037031
67,59,0.6189510795,0.1607395515,0.362950391134798,0.127018589250211,31.5616973637412,1.09776078464305,123.028440237045,0.256539848045945
38,46,0.209345498246,0.2089669005,0.0203370892924572,0.126442065832721,45.6776726021812,1.01798715405777,123.843333244324,0.368834328062426
200,198,0.0183455665604467,0.04973818385,0.186170966170875,0.126111165044655,15.2322751051009,1.0414625393953,125.114357471466,0.121746819573243
16,18,0.0777106808579553,0.8094986605,9.52008317914986e-10,0.12560052044711,13.1286241970974,1.10821610584796,118.665578603745,0.110635487995532
183,120,2.88086336,0.1156674175,3.95012881497957,0.123706880706684,30.5710127506834,0.998178320630235,123.346900463104,0.247845812386894
15,15,0.00455319409480481,0.27836013,1.40860478864955e-07,0.123679207986317,22.5733080944598,1.05329470175321,119.1929500103,0.189384591056008
70,63,0.00323476991110265,0.191069303,1.59273067549081e-06,0.120382618974552,27.5982068850058,1.04014919220528,120.780519962311,0.228498824923239
0,0,0.0180122426418996,1.07888961,1.18330745851053e-15,0.118243165405911,26.9368382342697,1.02314966757902,110.017003297806,0.244842500948278
62,162,11.35183695,0.102541699,10.9258404406168,0.116950658076604,39.4073836489534,1.03636981192181,123.805893182755,0.318299740310283
76,94,0.53774193695,0.127714316,0.350599889026078,0.114956397389663,42.3353059901058,1.02721738257283,123.47142624855,0.342875329753493
123,116,0.0301686631177166,0.1008015755,0.0168473638780698,0.11471877727914,15.0232141391825,1.16128614407494,123.919800519943,0.121233362837481
103,107,0.697131677939,0.104142881,0.652708870456923,0.107042525877728,32.7371940494162,1.02282429596466,124.705235481262,0.262516597022386
181,103,21.4784815,0.1070397495,23.2310364030529,0.106640240843752,102.830139727996,1.00387957708295,123.993114948273,0.829321368133181
24,23,0.0689981490527098,0.378060593,3.71662593331309e-06,0.103711615664573,1.6211631703645,1.74632751037683,120.297752857208,0.0134762548082573
170,178,0.0635159303106967,0.058378541,0.171215507856372,0.0987975942122525,30.4477229758706,1.00583100573468,124.778126478195,0.244014907381955
175,51,15.890326,0.108026368,17.1903925600132,0.0982470389047599,64.8172491533278,1.01466311657946,122.525925636292,0.529008443043578
0,0,0.0492134296921509,0.56366068,2.96207111635882e-10,0.0971167341847827,9.43200846437844,1.09242694917778,118.19441986084,0.0798007932648896
0,0,0.13863832822692,0.689655405,1.73048560967603e-09,0.0952697426171168,22.1424122599316,1.06374228004468,118.897145748138,0.186231655273174
90,79,0.90143825285,0.105318912,0.738399204156134,0.0937893634654999,41.1141910214472,1.00880482918588,122.747217416763,0.334950085930276
190,186,1.1422295865,0.057309266,2.69496684430498,0.0916602679394064,4.06912504817395,1.23023941294974,124.67250752449,0.0326385113203456
83,79,0.00371861132721101,0.121029361,1.70410540780129e-05,0.0911771749168995,2.8544360244381,1.35041805458156,122.287165641785,0.0233420736301926
12,14,0.0040385068425883,0.3100312755,9.81233396334833e-13,0.0907429413027048,16.2013200060568,1.05252439424844,117.952057600021,0.137355128309808
184,186,0.306493102055648,0.0510655111,0.85561925389469,0.0903577680991136,27.642080155157,1.06378651065949,124.895143985748,0.221322297032711
112,107,3.54071555,0.0904000605,3.7101863466311,0.0902860190301006,40.9107540496731,1.01027614033989,123.374126195908,0.331599139228839
8,8,0.0217779387820341,0.4216761075,1.0452100728752e-11,0.0893511226775122,8.49581476236841,1.04089236422235,118.543503522873,0.0716683285873118
0,0,0.1285274646465,1.230611665,8.09621313577914e-14,0.0864068364489244,6.65022310772138,1.06335873722284,63.2398219108582,0.105158789300442
59,50,0.1158062725648,0.118279789,0.0187468548527965,0.0809550857096282,15.2763287675584,1.02506398961782,86.5888087749481,0.176423824090974
8,23,2.45832079,0.1027295425,1.34576766707754,0.0807583100199218,38.7280088919157,1.04709295693321,82.6045598983765,0.468836211215948
42,38,3.63691335,0.1063048685,2.64950843936373,0.0788066964424666,19.4815158934907,1.05986129960737,84.4404540061951,0.230713064286242
62,51,0.00596581750546875,0.1396543475,4.93897229762046e-06,0.0778122348404761,26.3093250787333,1.00001565829508,75.6126096248627,0.347948909702521
10,4,0.1092741042079,0.254661248,0.000209838945973436,0.0777284411274375,24.0544941237325,1.07934497602429,77.1871354579926,0.311638642644326
96,100,0.0475512031349863,0.0897625971,0.00456783819665033,0.0775845501516442,15.1861714981444,1.04155656105381,85.6613132953644,0.177281562865861
86,168,52.4068265,0.069126761,51.9566387645868,0.0770679989582952,129.372791216363,1.00160969046024,114.160216093063,1.13325636236443
0,0,0.107843359089615,0.421112893,3.26309925247734e-07,0.0769376902634148,10.9028064983684,1.10689308376544,71.0758326053619,0.153396817155905
4,4,0.0650663593687395,0.4284041955,1.46350612451282e-09,0.0765327050666677,19.1479481750786,1.04861357638994,67.8997249603271,0.282003324553471
114,48,25.5443095,0.084559723,25.844779840157,0.0751523763696381,101.375374312473,0.998047449028544,101.096462011337,1.00275887301679
173,179,0.7277915296863,0.0494852072,1.41400717611903,0.074735011036143,28.3779967652895,1.03694611735582,111.260127305984,0.255059898387903
69,89,1.4444294165,0.0822873245,0.947475781288021,0.0741657261199355,37.05732045008,1.09674930478783,100.368556499481,0.369212448026704
200,185,21.105317,0.0567901975,26.3841948141565,0.073312688196795,70.1188535268773,1.00902512653428,111.236344814301,0.630359201787282
1,1,0.0219269342199197,0.4573891405,1.06346230327978e-13,0.0727753194039297,33.6253411673118,1.00439987194607,68.2062253952026,0.492995191750883
143,145,24.9930375,0.066377849,26.1579846211516,0.072473167080146,76.4768446899375,1.00424121497867,105.847903251648,0.722516387576594
0,0,0.00821295837214401,0.410037899,5.27445182605656e-18,0.0703428305392592,17.8411886346154,1.02173459738113,65.0287058353424,0.274358660616599
1,1,0.00191296519329784,0.2037789705,2.29946121779831e-12,0.0702566022471766,27.2878509225853,1.00488748798599,70.7460415363312,0.385715586766389
14,23,18.5806915,0.085015476,15.8954224450651,0.0684996332108837,72.8096905714904,0.998760799552058,101.539002656937,0.717061313055121
28,92,29.2867215,0.0690169895,27.3014360197065,0.0678211816787581,129.455547148818,1.01132500613095,108.329514026642,1.19501641184304
38,4,53.189692,0.087737988,51.5677003724366,0.0677573935185111,152.003878111483,1.00586078216746,110.317170143127,1.37788050504079
94,89,0.0314908829465577,0.0854349485,0.00194065462366876,0.0666173172245027,16.7954121274522,1.06096113214636,85.1576316356659,0.197227327778546
123,159,12.41801145,0.058375156,13.109291648991,0.0660908217257202,71.4613156178459,0.995764571595234,108.025058031082,0.661525361988552
64,63,0.0119590565553179,0.11323695,7.83866895069526e-06,0.0658287153711387,16.5699017475841,1.03508730088546,79.7820889949799,0.207689494676264
1,1,0.0086979524943497,0.3264725915,9.8227470092813e-14,0.0647559880061219,2.45862617249615,1.41898402501978,67.0057611465454,0.0366927579125472
186,169,0.0542781478330675,0.040794059,0.224825704376911,0.0627628268474175,18.7567702078387,1.00512234955985,102.004057168961,0.183882589853949
37,11,22.610455,0.078802782,21.1562744369775,0.0620919218294636,84.8178327301648,1.00849653757306,104.400716304779,0.812425773809391
117,2,21.793223,0.088865498,22.1745247984735,0.0616478715604124,92.6304042081592,1.05299582326268,98.2905833721161,0.942413820635003
199,200,0.784551125963,0.02945853215,3.41056103199585,0.0612901632149402,32.3037737061389,1.03896686215328,186.831539154053,0.17290321458789
0,0,0.0121806357818041,0.3478137895,1.52801729208509e-13,0.0607207487821408,8.92520688552968,1.13369787908093,70.2578949928284,0.127034931610757
70,72,2.479962238,0.0683623085,2.00945955959149,0.0606365628180314,20.4873112961046,1.0033764559473,96.4372560977936,0.212441872831068
65,60,0.00458392518121123,0.0841172705,7.58566942282824e-06,0.0578627953762311,27.2285434281615,1.02907800586357,82.7527143955231,0.32903504890511
7,12,0.00293781990808007,0.156096574,4.3619699504058e-10,0.0569409604381228,15.4878027782882,1.02304481044243,73.499133348465,0.210720889794161
0,0,0.11128917785455,0.2870975835,1.87908288746174e-08,0.0566464260138173,23.8970053545685,1.01196105372199,70.1385293006897,0.34071152607321
7,8,0.0392792186462275,0.3447673665,4.4958029962419e-11,0.0557071805581531,15.4084251416477,1.05648069939854,72.1887590885162,0.213446322338832
23,34,0.0109366536411576,0.1493587325,4.67915982181645e-10,0.055705774418598,20.0749706510184,1.0741375469358,77.3629059791565,0.259490907133544
162,165,0.281832583982868,0.0360743314,0.626201856744448,0.0547285708997258,34.549378899019,1.10908637428709,117.37197136879,0.294358001285186
2,5,0.045393782673655,0.2087710425,1.54499385359649e-08,0.054707480494862,15.0567878285061,1.10112726644342,77.0732378959656,0.195356887027763
124,112,0.0953364770684272,0.05397041635,0.0408322000084233,0.0545378430970505,11.5242714513307,1.04467601319708,91.1104323863983,0.126486848426495
49,57,0.7794018795,0.0786985535,0.221772629928635,0.0543813220129604,48.3540167435785,1.05043382670839,91.1376149654388,0.530560480016021
34,21,17.292884,0.0669210305,15.7698807808655,0.0536514439050146,45.3313165811763,1.04344527138239,106.344406604767,0.426268931563574
55,52,5.1035537,0.065204399,4.17921590313114,0.0535436975324624,42.7051237076063,1.02522121869083,99.8662416934967,0.427623218651546
97,94,0.00422354003909067,0.0514504592,0.000522301820659667,0.0530153242034117,22.1094906865146,0.999415843521107,89.7257635593414,0.246411842144895
105,107,0.000751220478181988,0.0567068515,5.76643269075039e-06,0.0526595028067891,21.8195692457274,1.0946103838023,85.1889169216156,0.256131548964334
164,171,24.818501,0.041951551,27.7980446564618,0.0515434546202534,11.4926018189832,1.10183975996752,126.64307308197,0.0907479701755545
133,129,0.0722407820493917,0.04460213415,0.0262303190508379,0.0494472930686105,10.9911139750395,1.18646956319999,99.5091097354889,0.110453344465202
6,8,0.00654329224778361,0.133913768,3.3121044303962e-09,0.0487145144618288,34.393271296952,1.05504486883708,77.9940984249115,0.44097274013705
24,14,133.19802,0.0542308645,128.905752642588,0.0473977813678993,125.056142674481,1.01130118230534,164.939858198166,0.758192374121196
4,4,0.0574595464159325,0.2326464365,7.49607426900574e-10,0.0440239530230697,14.45132047291,1.05340173028029,76.8413717746735,0.188066924615642
61,79,1.97923658858856,0.05101737485,1.0927555668588,0.0432606674361849,7.4314049507669,1.17866796905815,115.831472158432,0.0641570448194111
171,169,4.474830145,0.0334850315,6.64430889662,0.042424556760349,56.3325594424967,1.00914159669385,167.289257764816,0.336737458191678
59,71,10.39457405,0.047366182,9.14440183985574,0.0422143775146478,41.5276436768427,1.04107687629934,115.441822290421,0.359727894561213
1,2,0.084880470714975,0.1521230365,2.11747366725882e-06,0.0406015655926065,7.02145660201733,1.13126937857852,84.9718599319458,0.0826327281483638
28,34,0.00177293197361432,0.0809875555,2.07011322416413e-09,0.0399616460351396,25.7480485792267,1.04813996792663,82.137006521225,0.313476831817254
4,4,0.0402710031481695,0.2342824955,2.80817585012602e-12,0.0393311919132656,26.98509865699,1.01167101534322,74.8476779460907,0.36053354489402
123,91,2.27499364835,0.04002836055,2.66523234223345,0.0392910521165386,32.8011277966411,1.05370982675575,118.76891875267,0.2761760243431
35,98,61.3289925,0.038467674,58.5465240646111,0.0386132355589615,118.309202224548,1.01081969810069,147.387318849564,0.802709508172168
123,107,39.3084345,0.0367269525,40.4093409271346,0.0370054880870412,103.012501295779,1.00529749025458,140.953273296356,0.73082730813348
60,78,1.4959700805,0.0387630675,0.766995889777483,0.0349201984843068,12.7198491690332,1.06171994585697,159.1224193573,0.0799375048494675
167,160,0.334920429189555,0.02433808605,0.646230131019659,0.0335858264388054,26.0045379562602,1.04120028274986,169.264557361603,0.153632505006386
82,78,0.088814809901753,0.043014935,0.00598765628226367,0.0330593201405704,22.4851333929719,1.04831972780384,104.201802968979,0.21578449462785
39,27,0.00497659891213879,0.0551061395,1.54980401124577e-06,0.0327820337135474,36.9682569718534,0.999885019806804,91.167396068573,0.405498660332989
108,85,3.526488955,0.0344987275,3.63120116014013,0.0320954959112319,45.0098325765947,1.04552360398544,159.540960550308,0.282120857373186
31,63,90.2978185,0.033856039,85.3919028640693,0.0317219642952778,115.129207391179,1.01890133693161,180.705659866333,0.637109028440723
147,148,23.58878,0.023936484,27.0520601713025,0.0279267700747645,46.4894045050973,1.01062954281562,189.985177755356,0.244700165846421
10,10,32.2079175,0.035302922,26.5057411803419,0.0265620896186155,57.5574623354813,1.03308111751754,150.804170370102,0.381670229637711
82,141,38.920691,0.0241288315,38.2754010255321,0.0265590799025857,69.2666739705707,1.02050635130313,191.839344739914,0.361066047553899
146,162,65.2126905,0.023444854,68.3140352638545,0.0263496933220713,67.8926324275561,1.00283553207174,219.213973999023,0.309709418560418
75,68,0.686476008511,0.0301505441,0.3329444351606,0.0252639778812942,9.40429028521108,1.14582893898725,160.307799577713,0.0586639596450335
91,119,8.97796933,0.02363581585,9.15987631509365,0.0250195265370111,35.3678976272887,1.09724753334897,186.962813138962,0.189170760930952
94,109,4.081098847,0.0237945082,3.61769326151444,0.0246721800650913,47.619094869669,1.01548227943754,188.219647407532,0.252997471441249
151,170,0.029665244229401,0.01456442155,0.0354283912691633,0.0242251948143169,7.65554318397908,1.20555563707422,167.95120549202,0.0455819484090743
95,95,1.90423922935,0.02677181115,1.36985002022844,0.0240309371233852,22.2571322733716,1.17464480762942,186.041980028152,0.119634999960781
198,191,10.45285145,0.01536864895,21.0976983702568,0.0239760501349883,41.0080302386078,1.01548326603097,267.392122268677,0.153362895999617
53,46,2.78253916175031,0.03086325125,1.43475234753225,0.0225970350647972,23.1359548384057,1.00302842066966,161.365278720856,0.143376289012138
38,42,0.210617461308296,0.0421083921,0.00155606419635781,0.0222340556527562,4.52903990539616,1.25252446216452,103.823330879211,0.0436225640907752
143,138,0.00976949269948588,0.01764571925,0.00669180397582336,0.0218835990956969,8.21778512039904,1.12021057372478,132.240431547165,0.062142757886177
116,121,0.203420739752896,0.02030956295,0.0480853247625819,0.0209816786518806,31.5646603074452,1.07705504448922,186.801719427109,0.168974142230858
160,178,1.25465892487408,0.0130895611,2.13270837058612,0.0206482285100136,23.6194488173436,1.01582431622948,281.223662137985,0.0839881275913206
28,42,1.0998647930085,0.02741520755,0.143189614317353,0.0191456205562757,33.7047879297462,1.05684876862777,165.493729114532,0.203662024598046
39,39,0.462677886031683,0.0298671565,0.0553495872745377,0.0190727173609565,41.0058313546436,1.03276134553311,151.410747289658,0.270825103823027
85,82,0.701615660219298,0.02247486275,0.116912669770866,0.0160215496097464,28.4741879980601,1.02800534889454,186.923823356628,0.152330438607254
106,129,10.964091985,0.01334355345,11.2826270356065,0.0143851408845969,69.2852281220514,0.998454790414424,332.875850200653,0.208141347833696
0,0,0.039907157882101,0.1080376505,3.99456909102256e-18,0.0135759301671079,1.49124853391743,2.09600272035197,89.1658983230591,0.0167244267367156
54,57,0.0486040197732081,0.0166974836,0.000279267301705418,0.012288626191245,3.10845080318984,1.28509834504179,157.551362752914,0.0197297614496981
49,46,0.7095936143253,0.0198261492,0.0475240080492146,0.0122689700524181,28.8866345758534,1.08769154667496,243.830013990402,0.118470380668519
133,118,0.716511534347041,0.01087255865,0.527960636279629,0.0110460002720332,3.63204896162438,1.22814254178644,316.24171257019,0.0114850407686754
105,136,2.421861363985,0.0092351428,1.64343729538773,0.0104562790483557,32.8177826018511,1.01387781661133,403.842333316803,0.0812638495135338
9,10,0.0437072593251057,0.02364509625,5.79348390094173e-08,0.00895256590557405,31.1280610626118,1.02071135512501,112.86435508728,0.275800637309625
43,36,4.4715340365,0.01268448695,1.68478057404782,0.00861552511328817,35.3063290525268,1.02635105249114,345.845307350159,0.102087055403589
92,94,7.6961569743285,0.00881918715,5.66469893168068,0.00828370562091832,15.9185974844736,1.03903097305766,358.160631656647,0.0444454138101198
82,57,0.641945479070333,0.01295929325,0.0359767704613752,0.00762478865238591,4.62830205630351,1.19028409682937,288.458409309387,0.0160449545131458
13,16,0.0144208468056383,0.0193275143,1.21416024854069e-09,0.00759951567911631,9.30219613948023,1.11118011205336,117.946330070496,0.0788680422181884
123,132,17.58752311001,0.00509416757,20.6475225142252,0.00581503230264311,19.8038340710152,1.02071294943169,743.964252710342,0.0266193355377865
182,187,0.0304393572149948,0.002136320715,0.115157105762786,0.0042373325670433,22.3655801955794,1.04469504521939,654.92947769165,0.0341496007698548
190,185,7.5768504505825,0.002061324325,27.1951180172542,0.00418664219608937,6.22865055978048,1.15746611052698,1620.96909594536,0.00384254738437681
9,8,13.27185242,0.0090449728,1.66671704975543,0.00410497314471009,10.7588542098573,1.12764247798805,507.783598423004,0.0211878726356474
55,53,0.0793515774381142,0.0052596159,1.71923014124821e-05,0.00302014265403454,19.2171154079447,1.13684910735728,378.429555654526,0.0507812223458792
27,23,24.1808196985,0.00399635113,9.57717059563478,0.00243371505667086,26.4594321573518,1.03866809166271,869.148079395294,0.0304429507291333
30,25,0.806236474143798,0.001511801445,0.000202000911000503,0.000717155841789636,11.6896421670794,1.08644926997093,1421.74004030228,0.00822206721039805
